procedure,discordance,a,b,pattern,maximum_tested_rho_prefix_le_0.055,nonmonotone,rho_0.0_status,rho_0.0_scenario,rho_0.0_phat,rho_0.0_mcse,rho_0.0_ci_low,rho_0.0_ci_high,rho_0.05_status,rho_0.05_scenario,rho_0.05_phat,rho_0.05_mcse,rho_0.05_ci_low,rho_0.05_ci_high,rho_0.1_status,rho_0.1_scenario,rho_0.1_phat,rho_0.1_mcse,rho_0.1_ci_low,rho_0.1_ci_high,rho_0.2_status,rho_0.2_scenario,rho_0.2_phat,rho_0.2_mcse,rho_0.2_ci_low,rho_0.2_ci_high,rho_0.4_status,rho_0.4_scenario,rho_0.4_phat,rho_0.4_mcse,rho_0.4_ci_low,rho_0.4_ci_high
Tango H3,0.15,0.0,0.0,fault_time,0.0,False,COMPLETE,0,0.03946,0.000615653379751951,0.038261714859047065,0.04068508990821188,COMPLETE,1,0.05632,0.0007290271435275919,0.05489901694315169,0.05776678465137037,COMPLETE,2,0.07126,0.0008135232780935037,0.0696729748012545,0.0728719460508292,COMPLETE,3,0.10695,0.0009773008620685853,0.1050409439907723,0.10888188653365435,COMPLETE,4,0.19808,0.001260334533368026,0.19561357236162064,0.20056395126434642
Tango H3,0.15,0.0,0.0,interaction_fault,0.05,False,COMPLETE,10,0.04084,0.0006258761411014164,0.0396216384829005,0.04208508358781447,COMPLETE,11,0.05419,0.0007159151060007045,0.05279477781454574,0.055611149833621455,COMPLETE,12,0.07196,0.000817201067057551,0.07036574620202643,0.07357913349951802,COMPLETE,13,0.10936,0.0009869163611978472,0.10743202825261948,0.11131066152456391,COMPLETE,14,0.19672,0.0012570650007060096,0.19426001987192487,0.1991975828116856
Tango H3,0.15,0.0,0.0,time_interaction,0.05,False,COMPLETE,5,0.03985,0.0006185626686116775,0.038646001414153974,0.04108077996818255,COMPLETE,6,0.05474,0.0007193297741648123,0.053338069241455774,0.0561678258431782,COMPLETE,7,0.07164,0.000815522595640366,0.07004904520960208,0.07325585330256025,COMPLETE,8,0.10714,0.0009780645193441994,0.10522944175445723,0.10907337767237868,COMPLETE,9,0.19734,0.001258558399121789,0.19487707492860518,0.19982049171369842
Tango H3,0.15,0.0,0.5,fault_time,0.0,False,COMPLETE,15,0.04102,0.0006271950223016761,0.03979904828992591,0.042267663004337847,COMPLETE,16,0.05515,0.0007218620193638116,0.05374309424544452,0.05658277657122398,COMPLETE,17,0.07079,0.000811041157402015,0.06920785327556558,0.07239709521099491,COMPLETE,18,0.11133,0.000994663918617741,0.10938678634034776,0.11329578841264608,COMPLETE,19,0.20377,0.0012737652338637604,0.20127708405997308,0.20628010883018266
Tango H3,0.15,0.0,0.5,interaction_fault,0.0,False,COMPLETE,25,0.04047,0.0006231547087200737,0.03925698315065631,0.04170976107878918,COMPLETE,26,0.05669,0.0007312745305287201,0.055264601420687766,0.05814117829215589,COMPLETE,27,0.07041,0.0008090267727337582,0.06883181239875653,0.07201315843346037,COMPLETE,28,0.10788,0.0009810295897678114,0.10596360891954722,0.10981916728729543,COMPLETE,29,0.19644,0.0012563889779841275,0.1939813529523121,0.19891626600819523
Tango H3,0.15,0.0,0.5,time_interaction,0.0,False,COMPLETE,20,0.04101,0.0006271218374446866,0.03978919202034242,0.042257519872554244,COMPLETE,21,0.05521,0.0007222316518957059,0.05380236803954138,0.05664349922618804,COMPLETE,22,0.07272,0.000821168689125444,0.07111794780418355,0.0743468872291633,COMPLETE,23,0.11275,0.0010001871699836986,0.11079591989608391,0.11472657196021001,COMPLETE,24,0.20472,0.0012759691281531854,0.20222273702230967,0.20723440065250212
Tango H3,0.15,0.0,1.0,fault_time,0.0,False,COMPLETE,30,0.03983,0.000618413867082555,0.03862629364147421,0.041060488939812054,COMPLETE,31,0.05651,0.0007301823053183363,0.05508674736021477,0.05795904299723512,COMPLETE,32,0.07317,0.0008235056229316227,0.07156335447130191,0.07480145411834649,COMPLETE,33,0.11421,0.0010058134812180636,0.11224485030164506,0.11619755633474457,COMPLETE,34,0.20992,0.001287841580319567,0.2073993170004773,0.21245751846309904
Tango H3,0.15,0.0,1.0,interaction_fault,0.05,False,COMPLETE,40,0.04161,0.00063149511399535,0.04038060311340454,0.04286607287361743,COMPLETE,41,0.05496,0.0007206899361028986,0.0535553969947787,0.05639048506731991,COMPLETE,42,0.0713,0.000813734047462683,0.06971256054284317,0.07291235795755091,COMPLETE,43,0.11006,0.000989680738420224,0.10812658992647099,0.11201605897651072,COMPLETE,44,0.19587,0.0012550097334283906,0.19341407271161468,0.19834357938435052
Tango H3,0.15,0.0,1.0,time_interaction,0.05,False,COMPLETE,35,0.0406,0.000624112489860602,0.039385102154029725,0.04184163428881235,COMPLETE,36,0.0548,0.00071970104904745,0.05339733981651228,0.056228551716359085,COMPLETE,37,0.07372,0.0008263495725175877,0.07210776451131018,0.07535701176279272,COMPLETE,38,0.11527,0.0010098654717337354,0.11329687788838252,0.1172654668833757,COMPLETE,39,0.21254,0.0012937030122868232,0.21000775300264676,0.21508893020539238
Tango H3,0.15,0.5,0.0,fault_time,0.05,False,COMPLETE,45,0.04077,0.000625362351760961,0.03955264752676256,0.04201407873540452,COMPLETE,46,0.05436,0.000716972735883311,0.05296269996903399,0.05578321761293368,COMPLETE,47,0.07092,0.0008117287330136836,0.06933650188841403,0.07252843895417448,COMPLETE,48,0.10894,0.0009852516247132,0.10701530322403685,0.11088741107910126,COMPLETE,49,0.19614,0.0012556635711845749,0.1936827834022833,0.19861485299788126
Tango H3,0.15,0.5,0.0,interaction_fault,0.0,False,COMPLETE,55,0.04164,0.0006317128334931942,0.04041017551899137,0.0428964986733744,COMPLETE,56,0.05702,0.000733271570429401,0.05559067772936311,0.05847508247097192,COMPLETE,57,0.07381,0.0008268136664327701,0.07219685229870017,0.07544791868787341,COMPLETE,58,0.1094,0.0009870746678949875,0.10747171682025689,0.11135097062117631,COMPLETE,59,0.20317,0.0012723676791713942,0.20067984057520633,0.20567738718839826
Tango H3,0.15,0.5,0.0,time_interaction,0.0,False,COMPLETE,50,0.04192,0.0006337405904626908,0.04068619304970056,0.04318046439541653,COMPLETE,51,0.05536,0.0007231546888460312,0.0539505545717874,0.05679530381711482,COMPLETE,52,0.0735,0.0008252136087098903,0.07188999732790077,0.07513479187182776,COMPLETE,53,0.1115,0.0009953278354391582,0.10955548017037775,0.11346708465774985,COMPLETE,54,0.20325,0.0012725542719271348,0.20075947254568047,0.2057577505681045
Tango H3,0.15,0.5,0.5,fault_time,0.05,False,COMPLETE,60,0.04009,0.0006203449999798499,0.03888250112897446,0.04132426586827158,COMPLETE,61,0.0545,0.000717842252866185,0.05310099168794353,0.05592491760495919,COMPLETE,62,0.07174,0.000816047623610289,0.07014801327865763,0.07335687935499632,COMPLETE,63,0.11007,0.0009897201377157081,0.10813651241603772,0.11202613590304746,COMPLETE,64,0.19978,0.0012643889891959673,0.19730557659367298,0.2022718482138552
Tango H3,0.15,0.5,0.5,interaction_fault,0.0,False,COMPLETE,70,0.04067,0.0006246274977936851,0.03945409072166223,0.041912641528890356,COMPLETE,71,0.05569,0.0007251801424473784,0.0542765751891009,0.05712926367337984,COMPLETE,72,0.07293,0.0008222603912386878,0.07132580202815518,0.07455902066438015,COMPLETE,73,0.11214,0.0009978207273854357,0.11019057568126803,0.11411195178415925,COMPLETE,74,0.20626,0.0012795187079523301,0.20375573541997793,0.20878131275030284
Tango H3,0.15,0.5,0.5,time_interaction,0.05,False,COMPLETE,65,0.0402,0.0006211598827999117,0.03899090078906225,0.041435859616429156,COMPLETE,66,0.05491,0.0007203810928945872,0.0535060037659337,0.056339881255689214,COMPLETE,67,0.07125,0.0008134705741451254,0.06966307838860539,0.07286184305140501,COMPLETE,68,0.11305,0.0010013475795147258,0.11109363685837421,0.11502883748600673,COMPLETE,69,0.20433,0.0012750656888960664,0.20183451901373675,0.20684264132828475
Tango H3,0.15,0.5,1.0,fault_time,0.05,False,COMPLETE,75,0.04009,0.0006203449999798499,0.03888250112897446,0.04132426586827158,COMPLETE,76,0.05457,0.0007182765143035097,0.05317013852163502,0.05599576662698691,COMPLETE,77,0.07098,0.0008120458090526666,0.06939587869370703,0.07258905862099635,COMPLETE,78,0.11273,0.0010001097294797207,0.11077607225513877,0.11470642076863437,COMPLETE,79,0.20687,0.001280916871229355,0.2043629774222614,0.20939403529575532
Tango H3,0.15,0.5,1.0,interaction_fault,0.05,False,COMPLETE,85,0.04024,0.0006214558906310246,0.03903031946115399,0.041476438547554145,COMPLETE,86,0.05469,0.0007190201937358922,0.05328867745757768,0.05611722058695068,COMPLETE,87,0.07226,0.0008187703731816388,0.07066266173364048,0.07388220033454855,COMPLETE,88,0.11161,0.000995757038137316,0.10966463576701896,0.11357792263922604,COMPLETE,89,0.20324,0.0012725309520793592,0.20074951854104778,0.2057477051539637
Tango H3,0.15,0.5,1.0,time_interaction,0.0,False,COMPLETE,80,0.04106,0.0006274876604364423,0.039838473566800085,0.04230823533300203,COMPLETE,81,0.05586,0.0007262207680863995,0.054444530672243995,0.057301298132551345,COMPLETE,82,0.07239,0.0008194491314291571,0.0707913276285066,0.07401352679903853,COMPLETE,83,0.11217,0.0009979373281925074,0.11022034628019936,0.11414217943390992,COMPLETE,84,0.20377,0.0012737652338637604,0.20127708405997308,0.20628010883018266
Tango H3,0.15,1.0,0.0,fault_time,0.0,False,COMPLETE,90,0.04118,0.0006283646043500541,0.039956751299633574,0.04242995041744315,COMPLETE,91,0.05563,0.0007248124109036765,0.05421729766903067,0.05706854474344446,COMPLETE,92,0.07012,0.000807484895214765,0.06854484281942735,0.07172014506781425,COMPLETE,93,0.10754,0.0009796690686144991,0.10562628532610861,0.10947651073813545,COMPLETE,94,0.19593,0.0012551551103349738,0.19347378604236332,0.19840386256563639
Tango H3,0.15,1.0,0.0,interaction_fault,0.0,False,COMPLETE,100,0.04043,0.0006228596559418502,0.03921756260660961,0.04166918401895604,COMPLETE,101,0.0576,0.0007367648200070359,0.05616381427558996,0.059061911638071236,COMPLETE,102,0.07304,0.0008228314432494664,0.07143467960246153,0.07467013662613226,COMPLETE,103,0.11542,0.0010104366561046764,0.11344575404923464,0.11741658196858455,COMPLETE,104,0.21383,0.0012965597984666963,0.2112921164816154,0.21638449176386174
Tango H3,0.15,1.0,0.0,time_interaction,0.0,False,COMPLETE,95,0.04103,0.0006272681970258017,0.039808904579370516,0.04227780611626762,COMPLETE,96,0.05582,0.0007259760850055599,0.05440501140180987,0.0572608197694158,COMPLETE,97,0.07477,0.0008317418295360646,0.0731471654878675,0.07641754910644931,COMPLETE,98,0.11633,0.0010138901868545725,0.1143489589340754,0.11833332397908122,COMPLETE,99,0.21172,0.0012918770901289333,0.20919135546884168,0.2142653753908243
Tango H3,0.15,1.0,0.5,fault_time,0.05,False,COMPLETE,105,0.04055,0.0006237443186114003,0.03933582521027909,0.04179091422726791,COMPLETE,106,0.05493,0.0007205046502278802,0.05352576101817313,0.056360122819629835,COMPLETE,107,0.07013,0.0008075381297499208,0.06855473819212657,0.07173024910698436,COMPLETE,108,0.10846,0.000983343421191193,0.10653905711753696,0.11040368521659799,COMPLETE,109,0.19622,0.0012558571240391958,0.19376240173132164,0.19869523001825465
Tango H3,0.15,1.0,0.5,interaction_fault,0.0,False,COMPLETE,115,0.04141,0.0006300413629278637,0.04018345822692719,0.04266322972600854,COMPLETE,116,0.05632,0.0007290271435275919,0.05489901694315169,0.05776678465137037,COMPLETE,117,0.07356,0.0008255236301887428,0.07194938796011363,0.07519539771436624,COMPLETE,118,0.11604,0.001012791777217805,0.11406112016485163,0.11804117967129406,COMPLETE,119,0.21111,0.0012905137267770535,0.20858404526055324,0.2136527210477847
Tango H3,0.15,1.0,0.5,time_interaction,0.0,False,COMPLETE,110,0.04063,0.0006243332691760067,0.03941466856221738,0.041872066083886626,COMPLETE,111,0.05599,0.0007270152673775152,0.05457296971378285,0.05743285140046869,COMPLETE,112,0.07425,0.0008290774240081562,0.07263240267876442,0.07589234245953941,COMPLETE,113,0.11527,0.0010098654717337354,0.11329687788838252,0.1172654668833757,COMPLETE,114,0.21264,0.0012939251539405207,0.21010731471976274,0.2151893626771582
Tango H3,0.15,1.0,1.0,fault_time,0.0,False,COMPLETE,120,0.04028,0.0006217517318029762,0.039069738459906564,0.04151701715213417,COMPLETE,121,0.05522,0.0007222932340815605,0.0538122470507673,0.05665361962315024,COMPLETE,122,0.07235,0.0008192403646061392,0.07075173796193207,0.0739731188165505,COMPLETE,123,0.10792,0.0009811894495967636,0.10600329444308867,0.10985947942763695,COMPLETE,124,0.19712,0.0012580290362308813,0.19465811882527626,0.1995994606058165
Tango H3,0.15,1.0,1.0,interaction_fault,0.0,False,COMPLETE,130,0.04099,0.0006269754373179224,0.03976947954078599,0.04223723354939696,COMPLETE,131,0.05549,0.0007239534508516413,0.05407898525832599,0.05692686543792477,COMPLETE,132,0.07437,0.0008296933355162015,0.07275119204081455,0.07601354604849789,COMPLETE,133,0.11684,0.0010158169835162237,0.11485516773170143,0.11884708542140593,COMPLETE,134,0.21138,0.0012911177157796264,0.20885285365217401,0.2139238969657127
Tango H3,0.15,1.0,1.0,time_interaction,0.0,False,COMPLETE,125,0.04227,0.0006362644662402577,0.04103123617166583,0.043535400346600674,COMPLETE,126,0.05576,0.0007256088643339467,0.05434573288042071,0.05720010184054713,COMPLETE,127,0.07607,0.0008383516869428963,0.07443417277692735,0.07773046547576222,COMPLETE,128,0.1157,0.0010115014087978325,0.11372365907405471,0.1176986606034004,COMPLETE,129,0.21207,0.0012926573989267226,0.20953981596539673,0.21461689455506447
Tango H3,0.3,0.0,0.0,fault_time,0.0,False,COMPLETE,135,0.04679,0.0006678375244024553,0.045489222827266335,0.04811714408910657,COMPLETE,136,0.06882,0.0008005236261347943,0.0672585242963191,0.0704065400636484,COMPLETE,137,0.08922,0.0009014421312541365,0.08746013725239116,0.09100373004034296,COMPLETE,138,0.12845,0.0010580670938083276,0.12638202325705122,0.1305395527561167,COMPLETE,139,0.19766,0.0012593272982032908,0.19519555865667035,0.2001419893838792
Tango H3,0.3,0.0,0.0,interaction_fault,0.0,False,COMPLETE,145,0.0454,0.0006583224134115442,0.04411791246094902,0.046708537243042914,COMPLETE,146,0.06972,0.0008053516101678819,0.06814903556257701,0.07131597585136809,COMPLETE,147,0.08965,0.0009033984585995263,0.08788629048063269,0.09143755163548263,COMPLETE,148,0.12873,0.0010590495130068283,0.12666008965283543,0.1308214700370269,COMPLETE,149,0.19451,0.0012517022804964446,0.19206059454371247,0.19697713661417848
Tango H3,0.3,0.0,0.0,time_interaction,0.0,False,COMPLETE,140,0.04662,0.0006666826501417298,0.045321491274546634,0.04794488576161264,COMPLETE,141,0.06877,0.0008002542539718236,0.06720905370381686,0.07035601359804768,COMPLETE,142,0.09032,0.0009064342094162157,0.08855032113438595,0.09211348175671584,COMPLETE,143,0.13099,0.0010669190217631327,0.12890460033696516,0.13309682761207908,COMPLETE,144,0.19609,0.0012555425596131736,0.1936330220270649,0.19856461727972163
Tango H3,0.3,0.0,0.5,fault_time,0.0,False,COMPLETE,150,0.0433,0.0006436234147387741,0.042046782967394655,0.04457979201114163,COMPLETE,151,0.0653,0.0007812548239851067,0.06377639238858078,0.0668488792033953,COMPLETE,152,0.08946,0.0009025348104089947,0.08769798869698427,0.0912458645434544,COMPLETE,153,0.12796,0.0010563438758283213,0.12589541487367822,0.13004618970604806,COMPLETE,154,0.19871,0.0012618412574488124,0.196240601011019,0.20119688599353075
Tango H3,0.3,0.0,0.5,interaction_fault,0.0,False,COMPLETE,160,0.04491,0.0006549281785050938,0.04363457926932682,0.046211899643150825,COMPLETE,161,0.0661,0.0007856894424643874,0.0645676775270701,0.06765754694418108,COMPLETE,162,0.08599,0.0008865422714118036,0.08425943389451152,0.08774462257694046,COMPLETE,163,0.12848,0.0010581724320733365,0.12641181593020542,0.1305697583340207,COMPLETE,164,0.19269,0.0012472392068083812,0.19024939465768034,0.1951484423078966
Tango H3,0.3,0.0,0.5,time_interaction,0.0,False,COMPLETE,155,0.04441,0.0006514426444438528,0.043141425312864135,0.04570508341785792,COMPLETE,156,0.06781,0.0007950585129410287,0.06625926496699397,0.06938585882871644,COMPLETE,157,0.08675,0.0008900811058549664,0.08501247591671678,0.08851153603209051,COMPLETE,158,0.12958,0.0010620217681384877,0.12750423955671453,0.13167727058221085,COMPLETE,159,0.19959,0.0012639376246476723,0.19711646674860864,0.2020809691031362
Tango H3,0.3,0.0,1.0,fault_time,0.0,False,COMPLETE,165,0.03738,0.0005998561127470486,0.03621273745864523,0.038574192230903685,COMPLETE,166,0.05991,0.0007504717976046802,0.058446882151807135,0.06139870730343168,COMPLETE,167,0.08081,0.0008618569713125259,0.07912796608407245,0.08251639402225779,COMPLETE,168,0.12211,0.001035370213498534,0.12008669168695783,0.12415525402213662,COMPLETE,169,0.19097,0.0012429821362352719,0.1885377881195252,0.19342014884467268
Tango H3,0.3,0.0,1.0,interaction_fault,0.0,False,COMPLETE,175,0.038,0.0006046155803483731,0.03682339102750721,0.039203501388441996,COMPLETE,176,0.05939,0.0007474143957671674,0.057932889616947224,0.060872730543109994,COMPLETE,177,0.07977,0.0008567773754015683,0.0780979520059987,0.08146646910185107,COMPLETE,178,0.1198,0.0010268785712049893,0.11779340180918013,0.12182867864514205,COMPLETE,179,0.18697,0.001232932354592092,0.18455760104109398,0.1894005684956839
Tango H3,0.3,0.0,1.0,time_interaction,0.0,False,COMPLETE,170,0.03741,0.0006000874261305598,0.03624228321944772,0.03860464466578056,COMPLETE,171,0.05982,0.0007499437818930164,0.058357919651392226,0.06130767511761434,COMPLETE,172,0.08241,0.0008695895117812772,0.08071276428245475,0.08413150200249016,COMPLETE,173,0.12316,0.001039190138521339,0.12112917440382935,0.12521271006571497,COMPLETE,174,0.1929,0.0012477563464074225,0.19045837500769006,0.19535944974905717
Tango H3,0.3,0.5,0.0,fault_time,0.0,False,COMPLETE,180,0.04636,0.0006649116512740621,0.04506496991702736,0.04768142259926993,COMPLETE,181,0.0682,0.000797174761266311,0.06664510590339741,0.06977999493951093,COMPLETE,182,0.08848,0.0008980606304699033,0.08672678628187189,0.09025712434245396,COMPLETE,183,0.12824,0.0010573291937707953,0.1261734755880257,0.1303281126678311,COMPLETE,184,0.19231,0.0012463019854754304,0.18987124257057647,0.19476661648733481
Tango H3,0.3,0.5,0.0,interaction_fault,0.0,False,COMPLETE,190,0.04558,0.0006595639741526216,0.04429547381959081,0.04689096515801242,COMPLETE,191,0.06805,0.0007963617111589431,0.06649670379579058,0.06962840587476342,COMPLETE,192,0.09031,0.0009063890108557142,0.08854041001124721,0.09210339346527045,COMPLETE,193,0.13323,0.0010746151269175397,0.13112945146435648,0.13535184592943766,COMPLETE,194,0.20249,0.0012707785011558859,0.20000297497961558,0.2049942923077996
Tango H3,0.3,0.5,0.0,time_interaction,0.0,False,COMPLETE,185,0.04659,0.0006664785960554172,0.045291892084164245,0.047914486737990036,COMPLETE,186,0.06949,0.000804121507609391,0.06792145317865483,0.07108357176448905,COMPLETE,187,0.0903,0.0009063438089378667,0.0885304988946895,0.09209330516724434,COMPLETE,188,0.13106,0.0010671610768764011,0.12897412389317087,0.13316729997572896,COMPLETE,189,0.19951,0.001263747442727383,0.19703684181271092,0.20200059868924472
Tango H3,0.3,0.5,0.5,fault_time,0.0,False,COMPLETE,195,0.04698,0.0006691253963197033,0.045676693128950605,0.048309662478777986,COMPLETE,196,0.06819,0.0007971205925078088,0.0666352123617762,0.06976988906962805,COMPLETE,197,0.09132,0.0009109371965179598,0.08954146651105731,0.09312227784341122,COMPLETE,198,0.12937,0.0010612888537057195,0.12729568211607986,0.13146584026457012,COMPLETE,199,0.19909,0.0012627476861986325,0.19661881345001808,0.20157865146569034
Tango H3,0.3,0.5,0.5,interaction_fault,0.0,False,COMPLETE,205,0.04559,0.0006596328668282077,0.04430533850204394,0.04690109987969934,COMPLETE,206,0.06857,0.0007991755445457525,0.06701117372652722,0.07015390534340665,COMPLETE,207,0.08927,0.0009016699346213115,0.08750968931940595,0.091054175045719,COMPLETE,208,0.1313,0.001067990215310983,0.12921249187059233,0.13340891800938612,COMPLETE,209,0.19753,0.0012590150876776657,0.1950661743388885,0.20001138125860726
Tango H3,0.3,0.5,0.5,time_interaction,0.0,False,COMPLETE,200,0.04652,0.0006660021741706254,0.04522282788615596,0.04784355510349758,COMPLETE,201,0.06781,0.0007950585129410287,0.06625926496699397,0.06938585882871644,COMPLETE,202,0.09005,0.0009052126683824084,0.08828272312223757,0.09184109557542565,COMPLETE,203,0.1302,0.0010641802478903656,0.12811999108293623,0.13230148291478652,COMPLETE,204,0.19972,0.001264246501280506,0.19724585760064858,0.202211570694522
Tango H3,0.3,0.5,1.0,fault_time,0.0,False,COMPLETE,210,0.04514,0.0006565240315479701,0.0438614447751525,0.046445020425590365,COMPLETE,211,0.0674,0.0007928255798093298,0.06585365330805357,0.06897149462079129,COMPLETE,212,0.08949,0.0009026712574353966,0.08772772039777736,0.09127613108616538,COMPLETE,213,0.13017,0.001064075989297757,0.1280901962936619,0.13227127945279366,COMPLETE,214,0.19758,0.0012591351936944658,0.19511593748894804,0.2000616152020268
Tango H3,0.3,0.5,1.0,interaction_fault,0.0,False,COMPLETE,220,0.04385,0.0006475119883060081,0.042589145524415326,0.04513739661960804,COMPLETE,221,0.06721,0.0007917879507797526,0.06566569252560056,0.068779466588041,COMPLETE,222,0.08784,0.000895120854410174,0.08609256665390098,0.08961138145094738,COMPLETE,223,0.13036,0.0010647359785411594,0.12827889724346903,0.13246256742774065,COMPLETE,224,0.19938,0.0012634382280111679,0.19690745162329573,0.20186999643527098
Tango H3,0.3,0.5,1.0,time_interaction,0.0,False,COMPLETE,215,0.04443,0.0006515824974629076,0.043161150625057605,0.045725356912664744,COMPLETE,216,0.06654,0.000788114385099016,0.06500291198445676,0.06810228657620729,COMPLETE,217,0.08756,0.0008938302210151545,0.08581510435007711,0.0893288601538479,COMPLETE,218,0.12731,0.001054050112186323,0.1252499293666761,0.1293917131090036,COMPLETE,219,0.19545,0.0012539908193443842,0.19299608189675,0.1979215946151144
Tango H3,0.3,1.0,0.0,fault_time,0.0,False,COMPLETE,225,0.04649,0.0006657978664730009,0.04519322919286099,0.04781315558293896,COMPLETE,226,0.06807,0.0007964701821160666,0.06651649061749014,0.06964861787601873,COMPLETE,227,0.09098,0.0009094099163743488,0.0892044697615309,0.09277929449430894,COMPLETE,228,0.12859,0.001058558509955874,0.12652105605011554,0.13068051180135837,COMPLETE,229,0.19636,0.0012561956471823965,0.19390173418806075,0.19883588942300898
Tango H3,0.3,1.0,0.0,interaction_fault,0.0,False,COMPLETE,235,0.04552,0.0006591504350298193,0.04423628608369455,0.046830156469179145,COMPLETE,236,0.06772,0.0007945690756630288,0.06617022685257153,0.06929490224036786,COMPLETE,237,0.08969,0.0009035801231766888,0.08792593326734319,0.09147790650685493,COMPLETE,238,0.13362,0.001075944680734098,0.13151683430745525,0.13574444035768313,COMPLETE,239,0.20091,0.0012670642126585377,0.1984303005611273,0.20340705856338684
Tango H3,0.3,1.0,0.0,time_interaction,0.0,False,COMPLETE,230,0.04634,0.000664775183050631,0.045045237970500425,0.04766115573671919,COMPLETE,231,0.06907,0.0008018686619390983,0.06750588083585198,0.07065916881534898,COMPLETE,232,0.0923,0.0009153180321614996,0.09051285187938948,0.09411083511843597,COMPLETE,233,0.13258,0.0010723923890069342,0.13048382674944806,0.1346975085267083,COMPLETE,234,0.20231,0.0012703568943411138,0.19982380652126233,0.2048134712284409
Tango H3,0.3,1.0,0.5,fault_time,0.0,False,COMPLETE,240,0.04736,0.0006716921199478225,0.046051651412243974,0.04869468158352486,COMPLETE,241,0.06973,0.0008054050353704029,0.06815893056156845,0.07132608026417313,COMPLETE,242,0.09012,0.000905529599737082,0.08835209992300981,0.09191171467658718,COMPLETE,243,0.13226,0.0010712949752519144,0.13016598689569617,0.13437536703082734,COMPLETE,244,0.19769,0.001259399316737944,0.1952254166350519,0.2001721296615921
Tango H3,0.3,1.0,0.5,interaction_fault,0.0,False,COMPLETE,250,0.04723,0.0006708153777307136,0.04592337356902473,0.0485629671616213,COMPLETE,251,0.06787,0.0007953845805646475,0.066318624148777,0.06944649611553727,COMPLETE,252,0.09098,0.0009094099163743488,0.0892044697615309,0.09277929449430894,COMPLETE,253,0.13348,0.0010754677568388556,0.13137777311009483,0.13560350971398288,COMPLETE,254,0.20084,0.0012668989478249637,0.19836062649935546,0.20333673669396538
Tango H3,0.3,1.0,0.5,time_interaction,0.0,False,COMPLETE,245,0.04745,0.0006722982782961741,0.046140460751270165,0.04878586689006359,COMPLETE,246,0.06914,0.0008022447282469359,0.06757514173260777,0.07072990380035207,COMPLETE,247,0.09145,0.0009115201451421685,0.0896703201917916,0.0932534165536203,COMPLETE,248,0.13255,0.0010722895947457478,0.13045402909013643,0.13466730793447615,COMPLETE,249,0.19954,0.0012638187702356694,0.19706670114546732,0.20203073761265705
Tango H3,0.3,1.0,1.0,fault_time,0.0,False,COMPLETE,255,0.0457,0.0006603901119792754,0.04441385113464171,0.04701258069299467,COMPLETE,256,0.06862,0.0007994454052654252,0.06706064336145766,0.07020443276638647,COMPLETE,257,0.09023,0.0009060273014650276,0.08846112126311637,0.09202268689675912,COMPLETE,258,0.13203,0.0010705049233889587,0.1299375420207888,0.1341438253109265,COMPLETE,259,0.19525,0.0012535048364485874,0.19279704019153263,0.19772064794703725
Tango H3,0.3,1.0,1.0,interaction_fault,0.0,False,COMPLETE,265,0.04705,0.0006695991151427845,0.045745762625057834,0.048380588816778404,COMPLETE,266,0.0687,0.0007998769280333069,0.06713979527593851,0.07028527614466248,COMPLETE,267,0.09015,0.0009056653769466955,0.08838183293663236,0.09194197990666515,COMPLETE,268,0.13434,0.0010783912295637423,0.13223201833652237,0.1364692143695047,COMPLETE,269,0.20299,0.001271947561419102,0.20050066919836734,0.20549656902736257
Tango H3,0.3,1.0,1.0,time_interaction,0.0,False,COMPLETE,260,0.04694,0.0006688545163187582,0.04563722520518716,0.04826913278315999,COMPLETE,261,0.06906,0.0008018149187936078,0.06749598646002877,0.07064906377949999,COMPLETE,262,0.08993,0.0009046689731609015,0.08816379221704768,0.09172003350598427,COMPLETE,263,0.13365,0.001076046827512632,0.1315466332358094,0.13577463968099512,COMPLETE,264,0.20041,0.0012658824270049727,0.1979326312834795,0.20290475690410134
Tango H3,0.6,0.0,0.0,fault_time,0.0,False,COMPLETE,270,0.04964,0.0006868469290897353,0.0483018823641812,0.051004315101936384,COMPLETE,271,0.07789,0.0008474853857147036,0.07623621837998437,0.07956831303674507,COMPLETE,272,0.10361,0.0009637165968270962,0.10172766526916747,0.10551536037824426,COMPLETE,273,0.14339,0.0011082838440580102,0.14122316814942515,0.14557753730846584,COMPLETE,274,0.20193,0.001269465537539322,0.19944556454202506,0.20443173529486874
Tango H3,0.6,0.0,0.0,interaction_fault,0.0,False,COMPLETE,280,0.05011,0.000689920197559109,0.048765845232194606,0.05148032432450684,COMPLETE,281,0.07748,0.0008454398239969536,0.07583023947357148,0.07915431600641515,COMPLETE,282,0.10257,0.0009594237598683909,0.10069610915714647,0.10446697726274841,COMPLETE,283,0.14391,0.0011099545571779054,0.1417398785725896,0.14610079659856176,COMPLETE,284,0.20259,0.001271012556586283,0.20010251334635773,0.20509474812869444
Tango H3,0.6,0.0,0.0,time_interaction,0.0,False,COMPLETE,275,0.05023,0.0006907021579523261,0.04888430913651062,0.05160185329588103,COMPLETE,276,0.07664,0.0008412271417399702,0.07499852049112783,0.07830608429674467,COMPLETE,277,0.10424,0.0009663023460594515,0.10235257907112658,0.10615040976587131,COMPLETE,278,0.14186,0.0011033392062280757,0.13970290371161115,0.1440378908641131,COMPLETE,279,0.20272,0.001271316646630571,0.20023191357986467,0.20522534033913545
Tango H3,0.6,0.0,0.5,fault_time,0.0,False,COMPLETE,285,0.04269,0.0006392774350780731,0.041445318655680144,0.043961292760725544,COMPLETE,286,0.06798,0.000795981906829546,0.06642745022556225,0.06955766356471113,COMPLETE,287,0.09233,0.0009154516431794745,0.09054258913870919,0.09414109610344258,COMPLETE,288,0.13163,0.0010691283510411646,0.1295402516215277,0.13374113902405066,COMPLETE,289,0.19125,0.0012436777617212587,0.18881641661871154,0.19370150406633557
Tango H3,0.6,0.0,0.5,interaction_fault,0.0,False,COMPLETE,295,0.04262,0.0006387764522898445,0.04137630259806687,0.04389031300120827,COMPLETE,296,0.0675,0.0007933709724964735,0.06595258146225774,0.06907256058014571,COMPLETE,297,0.09111,0.0009099943291032092,0.08933332057264606,0.09291043607371459,COMPLETE,298,0.13049,0.0010651871192424362,0.12840800926417437,0.13259344782931679,COMPLETE,299,0.18629,0.0012312028098570927,0.18388101055715228,0.18871719851948965
Tango H3,0.6,0.0,0.5,time_interaction,0.0,False,COMPLETE,290,0.04209,0.0006349679669085678,0.040853782495060595,0.043352864784594436,COMPLETE,291,0.06886,0.000800739036140989,0.06729810094226008,0.0704469610642245,COMPLETE,292,0.09341,0.0009202422067043002,0.09161316856278907,0.09523045348062725,COMPLETE,293,0.13148,0.0010686112932212536,0.12939126937442577,0.13359013001401004,COMPLETE,294,0.19156,0.0012444467300772662,0.18912490050065117,0.1940130021611912
Tango H3,0.6,0.0,1.0,fault_time,0.05,False,COMPLETE,300,0.01773,0.0004173205854016789,0.016921076865638693,0.018567065194301947,COMPLETE,301,0.03638,0.0005920852607521995,0.03522799716465413,0.03755899271470787,COMPLETE,302,0.05502,0.0007210603275732204,0.053614669301341435,0.05645120920943873,COMPLETE,303,0.08673,0.0008899882420571634,0.08499265850508762,0.0884913546152875,COMPLETE,304,0.14136,0.0011017138938944175,0.13920610372604408,0.14353471997477507
Tango H3,0.6,0.0,1.0,interaction_fault,0.1,False,COMPLETE,310,0.01773,0.0004173205854016789,0.016921076865638693,0.018567065194301947,COMPLETE,311,0.03584,0.0005878392161127054,0.034696334986960856,0.03701068743321024,COMPLETE,312,0.05292,0.0007079510830558846,0.0515404238391113,0.05432557904173402,COMPLETE,313,0.08608,0.0008869624208499478,0.08434860781267296,0.08783544338602947,COMPLETE,314,0.14283,0.0011064790603531546,0.14066672165662714,0.14501401641869624
Tango H3,0.6,0.0,1.0,time_interaction,0.1,False,COMPLETE,305,0.01864,0.0004276979120828158,0.017810710631305446,0.019497372879537494,COMPLETE,306,0.03605,0.0005894946776689336,0.034903084225150045,0.03722392553697206,COMPLETE,307,0.05388,0.000713981411522737,0.05248857677460754,0.055297369232156134,COMPLETE,308,0.08484,0.0008811479694126294,0.0831200398069658,0.08658408404648062,COMPLETE,309,0.14233,0.0011048627566354113,0.1401699040145249,0.14451086318434245
Tango H3,0.6,0.5,0.0,fault_time,0.0,False,COMPLETE,315,0.04978,0.0006877641427117294,0.04844008059647206,0.051146108555217354,COMPLETE,316,0.07868,0.000851407408941219,0.07701850849193999,0.08036597656567251,COMPLETE,317,0.10125,0.0009539310116565034,0.09938691292753131,0.10313625063784981,COMPLETE,318,0.14397,0.001110147013237436,0.14179949963033978,0.146161172046242,COMPLETE,319,0.20163,0.0012687605885272446,0.19914695489578557,0.20413036237849955
Tango H3,0.6,0.5,0.0,interaction_fault,0.0,False,COMPLETE,325,0.05049,0.000692392662439457,0.04914098826564434,0.051865158732804686,COMPLETE,326,0.07892,0.0008525938869121687,0.07725617609203109,0.08060829488351286,COMPLETE,327,0.10138,0.0009544741777544326,0.09951584458119474,0.10326731138596026,COMPLETE,328,0.14324,0.0011078009857370592,0.141074118872597,0.14542659532200866,COMPLETE,329,0.19962,0.001264008922436863,0.19714632613961314,0.20211110796830414
Tango H3,0.6,0.5,0.0,time_interaction,0.0,False,COMPLETE,320,0.05077,0.0006942075129239095,0.04941742310123943,0.05214870727916155,COMPLETE,321,0.07643,0.000840169358522435,0.07479059978628569,0.07809401733016948,COMPLETE,322,0.10198,0.0009569748147156225,0.10011092606744086,0.10387219483258289,COMPLETE,323,0.14392,0.0011099866377574101,0.14174981540659154,0.14611085918213035,COMPLETE,324,0.20138,0.001268172289556904,0.1988981151731377,0.20387921663239766
Tango H3,0.6,0.5,0.5,fault_time,0.0,False,COMPLETE,330,0.04757,0.0006731054531052323,0.04625887523453229,0.04890744526816138,COMPLETE,331,0.07598,0.0008378964112585757,0.07434506770584995,0.07763957583120107,COMPLETE,332,0.0989,0.0009440274890065437,0.09705639145185066,0.10076690948803059,COMPLETE,333,0.14152,0.0011022345013652947,0.13936507872669787,0.14369573565400276,COMPLETE,334,0.19739,0.0012586786241928479,0.19492683784532425,0.19987072589044566
Tango H3,0.6,0.5,0.5,interaction_fault,0.0,False,COMPLETE,340,0.04837,0.0006784566537369945,0.04704836385489509,0.04971790907427486,COMPLETE,341,0.07508,0.0008333246282211992,0.07345405428630303,0.07673064210111416,COMPLETE,342,0.0973,0.0009371910690995727,0.09546983687187352,0.09915355762419527,COMPLETE,343,0.13873,0.0010930873117002136,0.13659308758001515,0.14088788933229882,COMPLETE,344,0.19601,0.0012553488754127276,0.1935534039554566,0.198484240001932
Tango H3,0.6,0.5,0.5,time_interaction,0.0,False,COMPLETE,335,0.04849,0.0006792548851498972,0.04716679586751336,0.04983946992819347,COMPLETE,336,0.07527,0.0008342926770624324,0.07364215144583161,0.0769225337832545,COMPLETE,337,0.09716,0.0009365892077106162,0.09533102054835381,0.09901238213486233,COMPLETE,338,0.14014,0.0010977284746238479,0.13799395028855724,0.14230694448090372,COMPLETE,339,0.19374,0.0012498192365298273,0.19129430751726242,0.19620346840482356
Tango H3,0.6,0.5,1.0,fault_time,0.0,False,COMPLETE,345,0.03963,0.0006169235211920518,0.03842922048278063,0.04085757408964432,COMPLETE,346,0.06338,0.0007704737218101602,0.06187757857191167,0.06490780616770442,COMPLETE,347,0.08903,0.0009005756997609918,0.08727184092397001,0.09081203749391027,COMPLETE,348,0.12932,0.0010611142143991852,0.12724602584889555,0.13141549944647632,COMPLETE,349,0.187,0.0012330085157856777,0.184587450900072,0.18943071689231789
Tango H3,0.6,0.5,1.0,interaction_fault,0.0,False,COMPLETE,355,0.03986,0.0006186370535297736,0.038655855331553794,0.041090925451318955,COMPLETE,356,0.0628,0.0007671776847640968,0.06130405548676282,0.0643213634496382,COMPLETE,357,0.08637,0.000888314263647725,0.08463594985862329,0.08812808435071619,COMPLETE,358,0.12603,0.0010495067369960043,0.12397887123777296,0.1281028458689888,COMPLETE,359,0.18128,0.001218267464886098,0.1788965082914601,0.1836819921245843
Tango H3,0.6,0.5,1.0,time_interaction,0.0,False,COMPLETE,350,0.03988,0.0006187857916920847,0.038675563228435864,0.0411112163555317,COMPLETE,351,0.06376,0.0007726232095918424,0.062253354646191264,0.06529200769293722,COMPLETE,352,0.08472,0.0008805823164247622,0.08300115193866613,0.08646297894680778,COMPLETE,353,0.12359,0.0010407473848153548,0.12155610982091916,0.12564574957102642,COMPLETE,354,0.17836,0.0012105689174929282,0.17599168163180479,0.18074698860681687
Tango H3,0.6,1.0,0.0,fault_time,0.0,False,COMPLETE,360,0.0508,0.0006944016129013526,0.04944704180199467,0.0521790867980916,COMPLETE,361,0.07818,0.0008489280746918433,0.0765233823684347,0.07986113202937786,COMPLETE,362,0.10433,0.0009666708390139841,0.10244185423497819,0.10624112934361243,COMPLETE,363,0.14699,0.0011197497037284717,0.14480059135884749,0.14919990443854875,COMPLETE,364,0.20412,0.0012745784620806992,0.20162548003620784,0.2066316925113164
Tango H3,0.6,1.0,0.0,interaction_fault,0.0,False,COMPLETE,370,0.05127,0.0006974337753507498,0.04991108523897006,0.05265501547426251,COMPLETE,371,0.07586,0.0008372888414400373,0.07422626199413254,0.07751838858892258,COMPLETE,372,0.10066,0.0009514597437621836,0.09880177358986983,0.10254142446134643,COMPLETE,373,0.13898,0.0010939129746008135,0.13684146208010378,0.14113950026738697,COMPLETE,374,0.19543,0.0012539422438852595,0.1929761776814815,0.19790149999305076
Tango H3,0.6,1.0,0.0,time_interaction,0.0,False,COMPLETE,365,0.04935,0.0006849421690916686,0.04801562403972842,0.05071059065182556,COMPLETE,366,0.07668,0.0008414284140674119,0.07503812484687897,0.07834647759276651,COMPLETE,367,0.10126,0.0009539728109333095,0.09939683071319727,0.10314633226770066,COMPLETE,368,0.141,0.0011005407761641545,0.13884841340630738,0.14317243126508067,COMPLETE,369,0.19366,0.001249623160796886,0.1912146941329368,0.196123086440024
Tango H3,0.6,1.0,0.5,fault_time,0.0,False,COMPLETE,375,0.04947,0.0006857311360876069,0.04813407421089538,0.05083213335244912,COMPLETE,376,0.07853,0.000850664676003418,0.07686996856291642,0.08021452529639143,COMPLETE,377,0.10286,0.000960623861873106,0.10098374861211261,0.10475932086083908,COMPLETE,378,0.14695,0.0011196235863003244,0.14476083970134263,0.14915965842540083,COMPLETE,379,0.20259,0.001271012556586283,0.20010251334635773,0.20509474812869444
Tango H3,0.6,1.0,0.5,interaction_fault,0.0,False,COMPLETE,385,0.04922,0.0006840861904760247,0.04788730549916787,0.0505789169153237,COMPLETE,386,0.07549,0.0008354116344653096,0.07385995196171492,0.07714472034789221,COMPLETE,387,0.09988,0.0009481771226938562,0.09802822997132495,0.10175501367535006,COMPLETE,388,0.13798,0.0010906031340501457,0.13584797816981214,0.14013304243824612,COMPLETE,389,0.19555,0.0012542336205827046,0.19309560312215834,0.19802206757637245
Tango H3,0.6,1.0,0.5,time_interaction,0.0,False,COMPLETE,380,0.05128,0.0006974981118254013,0.04992095885172685,0.05266514126826494,COMPLETE,381,0.07603,0.0008381493846564584,0.07439457043988955,0.07769007016139003,COMPLETE,382,0.09909,0.0009448342283173276,0.09724480477579545,0.10095848505563698,COMPLETE,383,0.13899,0.0010939459762712234,0.1368513971088042,0.14114956465609801,COMPLETE,384,0.19536,0.0012537721898335439,0.1929065130063324,0.19783116873754206
Tango H3,0.6,1.0,1.0,fault_time,0.0,False,COMPLETE,390,0.04838,0.0006785232169940834,0.047058233103092165,0.04972803923159762,COMPLETE,391,0.07636,0.00083981635135308,0.07472129369368537,0.07802332753244197,COMPLETE,392,0.10339,0.0009628110297457129,0.101509446511535,0.10529359199095822,COMPLETE,393,0.14526,0.0011142689639400355,0.1430813834463189,0.14745921309969312,COMPLETE,394,0.20233,0.0012704037590467055,0.19984371408951931,0.20483356249770604
Tango H3,0.6,1.0,1.0,interaction_fault,0.0,False,COMPLETE,400,0.05043,0.0006920029992709569,0.04908175373207357,0.05180439682780512,COMPLETE,401,0.07541,0.0008350049814222668,0.07378075130262854,0.07706392570488517,COMPLETE,402,0.10151,0.0009550168579663922,0.09964477718718272,0.1033983711818696,COMPLETE,403,0.13806,0.001090868628204148,0.1359274554971189,0.1402135604499676,COMPLETE,404,0.19428,0.0012511406060071745,0.19183170205912395,0.19674604246979935
Tango H3,0.6,1.0,1.0,time_interaction,0.0,False,COMPLETE,395,0.04845,0.0006789889358450548,0.047127318279417546,0.049798949894037145,COMPLETE,396,0.07358,0.0008256269351226376,0.0719691849072133,0.07521559959219627,COMPLETE,397,0.09904,0.0009446220323494471,0.09719522211858057,0.10090807063610031,COMPLETE,398,0.13753,0.0010891074285854449,0.13540092271328638,0.13968012411314396,COMPLETE,399,0.1949,0.0012526531443300655,0.19244871960256155,0.197368988882886
Tango H3,0.9,0.0,0.0,fault_time,0.0,False,COMPLETE,405,0.05032,0.0006912879110761304,0.048973158470423515,0.051692998619131125,COMPLETE,406,0.07875,0.0008517537055980444,0.0770878277370946,0.08043665321316609,COMPLETE,407,0.10496,0.000969244027064392,0.10306679265653945,0.10687615411475565,COMPLETE,408,0.14289,0.001106672706359021,0.1407263403821293,0.1450743941984213,COMPLETE,409,0.20196,0.0012695359719204493,0.19947542562526463,0.20446187246789657
Tango H3,0.9,0.0,0.0,interaction_fault,0.0,False,COMPLETE,415,0.04957,0.0006863877555726063,0.048232784358796785,0.050933417264851406,COMPLETE,416,0.07956,0.0008557464951724898,0.07788997857151281,0.08125445485568566,COMPLETE,417,0.10442,0.0009670391077924408,0.1025311298382096,0.1063318484820303,COMPLETE,418,0.14625,0.001117411909279653,0.14406519475400073,0.1484553441370869,COMPLETE,419,0.20637,0.0012797711635288552,0.20386523743371143,0.2088918043435055
Tango H3,0.9,0.0,0.0,time_interaction,0.0,False,COMPLETE,410,0.04971,0.0006873057245505817,0.04837098111056724,0.051075212198231044,COMPLETE,411,0.07836,0.0008498218072043104,0.07670162547542801,0.08004287835951182,COMPLETE,412,0.10565,0.0009720497801038792,0.10375127352375024,0.10757163293786905,COMPLETE,413,0.14455,0.0011120040355142601,0.1423758431589404,0.1467447947373748,COMPLETE,414,0.20052,0.0012661426839025687,0.19804211800702973,0.2030152637866464
Tango H3,0.9,0.0,0.5,fault_time,0.0,False,COMPLETE,420,0.0351,0.000581962112168825,0.03396787545802281,0.03625919160107602,COMPLETE,421,0.05935,0.0007471785429199636,0.05789335303911614,0.06083226948315783,COMPLETE,422,0.08173,0.0008663152261157598,0.08003920144196724,0.08344510471313128,COMPLETE,423,0.12291,0.0010382828704163427,0.12088095984702833,0.12496093920290238,COMPLETE,424,0.17662,0.0012059244404190505,0.17426083497064046,0.17899793647094175
Tango H3,0.9,0.0,0.5,interaction_fault,0.0,False,COMPLETE,430,0.034,0.0005730968504537431,0.032885283112903806,0.03514185040522982,COMPLETE,431,0.05882,0.0007440444045888659,0.05736951119566225,0.06029614263019097,COMPLETE,432,0.08116,0.0008635569141637394,0.07947462412879683,0.08286971545133746,COMPLETE,433,0.1184,0.0010216723545246782,0.11640364629700904,0.12041851583367982,COMPLETE,434,0.17691,0.0012067015036868066,0.17454930356614906,0.1792894510078859
Tango H3,0.9,0.0,0.5,time_interaction,0.0,False,COMPLETE,425,0.03476,0.0005792386589308418,0.0336332232362654,0.035913864351115196,COMPLETE,426,0.06058,0.0007543875900357853,0.05910918792671482,0.062076361977306115,COMPLETE,427,0.08411,0.0008776987404571115,0.08239682129433183,0.08584734533985369,COMPLETE,428,0.12301,0.0010386459449687367,0.12098024534182583,0.1250616478759152,COMPLETE,429,0.17756,0.0012084388540592364,0.17519587962019093,0.17994283714783757
Tango H3,0.9,0.0,1.0,fault_time,0.4,False,COMPLETE,435,0.00068,8.243407062616766e-05,0.0005280840948787707,0.0008619835490850979,COMPLETE,436,0.00343,0.00018488469650027823,0.003077100741003131,0.0038121655570666213,COMPLETE,437,0.00688,0.0002613936801072283,0.006377021872644753,0.007411890209740811,COMPLETE,438,0.01847,0.00042577997956691206,0.017644474757885577,0.019323619658332625,COMPLETE,439,0.05081,0.0006944662979583674,0.049456914731520314,0.05218921327513581
Tango H3,0.9,0.0,1.0,interaction_fault,0.4,False,COMPLETE,445,0.0005,7.06929982388638e-05,0.00037113170178349413,0.0006591351958693718,COMPLETE,446,0.00407,0.00020133144563132705,0.003684840345384955,0.004484345961684534,COMPLETE,447,0.00861,0.00029216207659448206,0.008046660942082371,0.009202111322544957,COMPLETE,448,0.01928,0.0004348365394030267,0.018436700193905198,0.020151342385843502,COMPLETE,449,0.04522,0.0006570780136330845,0.04394035666693242,0.046526103765189376
Tango H3,0.9,0.0,1.0,time_interaction,0.4,False,COMPLETE,440,0.00053,7.278180404469238e-05,0.00039703078829902516,0.0006931964573413398,COMPLETE,441,0.0033,0.00018135903616859017,0.002954016303714105,0.0036752677221319648,COMPLETE,442,0.00727,0.0002686474846336738,0.0067527918595193795,0.007816087492773386,COMPLETE,443,0.01861,0.00042736012799511375,0.01778137356660335,0.019466711867679457,COMPLETE,444,0.05115,0.0006966611622589564,0.04979260301368328,0.052533504818754184
Tango H3,0.9,0.5,0.0,fault_time,0.0,False,COMPLETE,450,0.0486,0.0006799855880825711,0.04727536052380344,0.049950898733473456,COMPLETE,451,0.07976,0.0008567283256668942,0.07808804843111053,0.08145637326336146,COMPLETE,452,0.10339,0.0009628110297457129,0.101509446511535,0.10529359199095822,COMPLETE,453,0.14492,0.0011131854903833414,0.1427435168488846,0.14711709949848797,COMPLETE,454,0.20104,0.0012673709733144437,0.1985596955603719,0.20353765600779825
Tango H3,0.9,0.5,0.0,interaction_fault,0.0,False,COMPLETE,460,0.0494,0.000685271041267614,0.048064978011292434,0.050761233710098004,COMPLETE,461,0.07809,0.0008484807122144852,0.0764342617875273,0.07977025789189159,COMPLETE,462,0.10251,0.0009591751659629226,0.10063659812776776,0.10440649179846637,COMPLETE,463,0.14349,0.0011086055200115145,0.14132253478397175,0.14567816484948082,COMPLETE,464,0.20177,0.0012690897017153674,0.19928630579555207,0.2042710033412691
Tango H3,0.9,0.5,0.0,time_interaction,0.0,False,COMPLETE,455,0.05087,0.0006948542516240367,0.04951615261576402,0.05224997183039632,COMPLETE,456,0.07726,0.0008443393417341158,0.0756124027465333,0.07893216564643618,COMPLETE,457,0.10362,0.0009637577268172743,0.10173758436661874,0.10552544069647966,COMPLETE,458,0.14459,0.0011121318802192481,0.14241559143105204,0.1467850441356281,COMPLETE,459,0.20044,0.0012659534209440726,0.19796249127001472,0.20293489517377178
Tango H3,0.9,0.5,0.5,fault_time,0.0,False,COMPLETE,465,0.03673,0.0005948185193821726,0.035572629884222294,0.03791433891843484,COMPLETE,466,0.06179,0.000761393432464452,0.06030542167175714,0.06330005683365769,COMPLETE,467,0.08438,0.0008789767664733807,0.08266430859675915,0.08611984221369419,COMPLETE,468,0.12453,0.0010441373429774456,0.12248943843881065,0.12659236613523742,COMPLETE,469,0.17987,0.001214564873113001,0.17749380602420997,0.18226477639330993
Tango H3,0.9,0.5,0.5,interaction_fault,0.0,False,COMPLETE,475,0.03663,0.0005940390820476377,0.035474160465160595,0.037812814358264495,COMPLETE,476,0.06035,0.0007530463299160285,0.058881823412251184,0.06184374006770573,COMPLETE,477,0.08407,0.0008775091743110154,0.08235719399457954,0.08580697498393472,COMPLETE,478,0.12195,0.001034785956128126,0.11992784143782129,0.12399411360346237,COMPLETE,479,0.1793,0.0012130602210937427,0.17692677157593065,0.1816918439921211
Tango H3,0.9,0.5,0.5,time_interaction,0.0,False,COMPLETE,470,0.03714,0.0005980018428065251,0.03597637874769406,0.0383305653792509,COMPLETE,471,0.06408,0.0007744272309261858,0.06256980956048737,0.06561553391767116,COMPLETE,472,0.08469,0.0008804408208391975,0.08297143013297402,0.0864327025105332,COMPLETE,473,0.12445,0.0010438495940507905,0.12241000473006099,0.12651180450918645,COMPLETE,474,0.18046,0.0012161175453055514,0.17808074577609737,0.18285780232832308
Tango H3,0.9,0.5,1.0,fault_time,0.2,False,COMPLETE,480,0.00347,0.00018595588455329936,0.0031149996098255753,0.0038542613484000344,COMPLETE,481,0.01054,0.00032293820461506257,0.009916280330836857,0.01119234793489619,COMPLETE,482,0.0201,0.0004438016448820351,0.01923910462632653,0.020988885778352794,COMPLETE,483,0.04148,0.0006305506292122783,0.04025245804848635,0.042734225716073986,COMPLETE,484,0.08327,0.0008737053685310627,0.08156467246578376,0.08499954340327084
Tango H3,0.9,0.5,1.0,interaction_fault,0.2,False,COMPLETE,490,0.00365,0.00019070074724552075,0.003285692566131346,0.004043544978041202,COMPLETE,491,0.01073,0.0003258046515935584,0.010100656317584035,0.011387958246239425,COMPLETE,492,0.01847,0.00042577997956691206,0.017644474757885577,0.019323619658332625,COMPLETE,493,0.03657,0.0005935708474984262,0.035415079935172615,0.03775189850115201,COMPLETE,494,0.07202,0.0008175152573499776,0.07042512866337766,0.07363974751137273
Tango H3,0.9,0.5,1.0,time_interaction,0.2,False,COMPLETE,485,0.00345,0.0001854210748539658,0.0030960486370861704,0.003833214984549111,COMPLETE,486,0.01141,0.0003358543121652601,0.010760938387623587,0.012087627689914912,COMPLETE,487,0.02131,0.0004566824268570009,0.020423822998639558,0.022224090907869212,COMPLETE,488,0.04024,0.0006214558906310246,0.03903031946115399,0.041476438547554145,COMPLETE,489,0.08275,0.0008712200497004187,0.0810495586482537,0.08447468770375349
Tango H3,0.9,1.0,0.0,fault_time,0.0,False,COMPLETE,495,0.0484,0.0006786563195019994,0.047077971646539145,0.04974829949920318,COMPLETE,496,0.078,0.0008480330182251161,0.0763451418563807,0.07967938310475801,COMPLETE,497,0.10388,0.0009648261273410873,0.10199548281958815,0.1057875270515943,COMPLETE,498,0.14385,0.0011097620353030643,0.14168025764383385,0.14604042102189865,COMPLETE,499,0.20206,0.0012697706737832622,0.19957496272503317,0.20456232955569387
Tango H3,0.9,1.0,0.0,interaction_fault,0.0,False,COMPLETE,505,0.04873,0.0006808479059231951,0.04740366663928413,0.05008258489146481,COMPLETE,506,0.07855,0.0008507637598064459,0.07688977378340738,0.08023471890232342,COMPLETE,507,0.10299,0.0009611610681878454,0.10111269194680826,0.10489036992943154,COMPLETE,508,0.14417,0.0011107880585422224,0.141998237420282,0.14636242260781523,COMPLETE,509,0.19875,0.0012619367555468063,0.1962804126809985,0.2012370719984017
Tango H3,0.9,1.0,0.0,time_interaction,0.0,False,COMPLETE,500,0.04894,0.0006822380552270593,0.04761093590269351,0.050295303148348985,COMPLETE,501,0.07789,0.0008474853857147036,0.07623621837998437,0.07956831303674507,COMPLETE,502,0.10383,0.0009646208120292658,0.10194588667644994,0.10573712611621804,COMPLETE,503,0.14346,0.0011085090364990264,0.14129272475583282,0.14564797662494824,COMPLETE,504,0.20086,0.0012669461724951064,0.19838053336210154,0.20335682866870294
Tango H3,0.9,1.0,0.5,fault_time,0.0,False,COMPLETE,510,0.03751,0.0006008577194311479,0.036340770561407255,0.03870615130998327,COMPLETE,511,0.06342,0.0007707003542233519,0.06191713322188753,0.06494824915962315,COMPLETE,512,0.08767,0.0008943375822361487,0.08592410675773438,0.08943985130359802,COMPLETE,513,0.12683,0.0010523504696630301,0.1247732744870605,0.12890839597446005,COMPLETE,514,0.1818,0.00121962600825007,0.1794138305535821,0.18420463962166092
Tango H3,0.9,1.0,0.5,interaction_fault,0.0,False,COMPLETE,520,0.03885,0.0006110701882762733,0.03766071549471788,0.04006612587227293,COMPLETE,521,0.06463,0.0007775150358674745,0.06311374164370283,0.06617156942262581,COMPLETE,522,0.08502,0.0008819954625733626,0.08329837354259068,0.08676573976312235,COMPLETE,523,0.12492,0.0010455381083442153,0.12287668170977377,0.1269851001218325,COMPLETE,524,0.18263,0.001221786737119044,0.18023957159367282,0.18503885031356337
Tango H3,0.9,1.0,0.5,time_interaction,0.0,False,COMPLETE,515,0.0383,0.0006069028752609432,0.0371188992814266,0.039507975110520226,COMPLETE,516,0.06332,0.0007701336091873929,0.06181824691839461,0.06484714135844963,COMPLETE,517,0.08657,0.0008892448206202833,0.08483412021371374,0.08832990227936041,COMPLETE,518,0.12681,0.0010522795441326417,0.12475341407697267,0.12888825755064542,COMPLETE,519,0.18275,0.001222098349151982,0.18035895737410046,0.18515945755472754
Tango H3,0.9,1.0,1.0,fault_time,0.1,False,COMPLETE,525,0.008,0.00028170906978654416,0.0074571679600427135,0.008571652142687094,COMPLETE,526,0.01944,0.0004366014933552106,0.01859323620597199,0.020314796170451888,COMPLETE,527,0.03195,0.0005561402475994702,0.03086857724403908,0.03305868049394571,COMPLETE,528,0.05902,0.000745229089609363,0.05756718346000774,0.06049845855224951,COMPLETE,529,0.10575,0.0009724553331644595,0.10385047576192238,0.10767242485798016
Tango H3,0.9,1.0,1.0,interaction_fault,0.2,False,COMPLETE,535,0.00776,0.0002774848176026934,0.007225455079051659,0.008323384240671278,COMPLETE,536,0.01867,0.0004280354085820471,0.01784004825973806,0.019528033328106202,COMPLETE,537,0.02989,0.0005384847992283534,0.028843241454575997,0.030964141654766686,COMPLETE,538,0.05283,0.0007073824361687248,0.05145154097652762,0.054234467237976716,COMPLETE,539,0.09816,0.0009408752010761044,0.09632259122851712,0.10002075297855818
Tango H3,0.9,1.0,1.0,time_interaction,0.1,False,COMPLETE,530,0.00784,0.0002789002402293695,0.007302678318357336,0.008406154568876549,COMPLETE,531,0.01921,0.00043406192991323253,0.018368220475673616,0.0200798265716426,COMPLETE,532,0.03349,0.0005689325082995346,0.032383459944352384,0.03462370443117725,COMPLETE,533,0.05849,0.00074208436110728,0.057043362373433874,0.05996231094733257,COMPLETE,534,0.10829,0.000982666148292491,0.10637038946504926,0.11023236279707402
Hoeffding H3,0.15,0.0,0.0,fault_time,0.4,False,COMPLETE,0,0.0,0.0,0.0,3.68881141579242e-05,COMPLETE,1,0.0,0.0,0.0,3.68881141579242e-05,COMPLETE,2,2e-05,1.4141994201667599e-05,2.4221019627031544e-06,7.22449893650479e-05,COMPLETE,3,6e-05,2.4494162569885914e-05,2.201925059919836e-05,0.0001305901306201627,COMPLETE,4,0.00026,5.098356597963701e-05,0.00016984743995762097,0.00038093719982381307
Hoeffding H3,0.15,0.0,0.0,interaction_fault,0.4,False,COMPLETE,10,0.0,0.0,0.0,3.68881141579242e-05,COMPLETE,11,0.0,0.0,0.0,3.68881141579242e-05,COMPLETE,12,1e-05,9.999949999874999e-06,2.531780477933314e-07,5.571516034774275e-05,COMPLETE,13,2e-05,1.4141994201667599e-05,2.4221019627031544e-06,7.22449893650479e-05,COMPLETE,14,0.00034,5.829960548751595e-05,0.00023547101538208486,0.0004750838219411014
Hoeffding H3,0.15,0.0,0.0,time_interaction,0.4,False,COMPLETE,5,0.0,0.0,0.0,3.68881141579242e-05,COMPLETE,6,0.0,0.0,0.0,3.68881141579242e-05,COMPLETE,7,0.0,0.0,0.0,3.68881141579242e-05,COMPLETE,8,5e-05,2.2360120751015635e-05,1.6235056817057864e-05,0.00011667943042027703,COMPLETE,9,0.00034,5.829960548751595e-05,0.00023547101538208486,0.0004750838219411014
Hoeffding H3,0.15,0.0,0.5,fault_time,0.4,False,COMPLETE,15,0.0,0.0,0.0,3.68881141579242e-05,COMPLETE,16,0.0,0.0,0.0,3.68881141579242e-05,COMPLETE,17,0.0,0.0,0.0,3.68881141579242e-05,COMPLETE,18,3e-05,1.732024826611905e-05,6.18676395892203e-06,8.7670202566362e-05,COMPLETE,19,0.00019,4.358484828469637e-05,0.00011439616441690684,0.0002966927049072434
Hoeffding H3,0.15,0.0,0.5,interaction_fault,0.4,False,COMPLETE,25,0.0,0.0,0.0,3.68881141579242e-05,COMPLETE,26,0.0,0.0,0.0,3.68881141579242e-05,COMPLETE,27,2e-05,1.4141994201667599e-05,2.4221019627031544e-06,7.22449893650479e-05,COMPLETE,28,3e-05,1.732024826611905e-05,6.18676395892203e-06,8.7670202566362e-05,COMPLETE,29,0.00046,6.78076986779525e-05,0.00033679688244125043,0.000613528419237637
Hoeffding H3,0.15,0.0,0.5,time_interaction,0.4,False,COMPLETE,20,0.0,0.0,0.0,3.68881141579242e-05,COMPLETE,21,0.0,0.0,0.0,3.68881141579242e-05,COMPLETE,22,1e-05,9.999949999874999e-06,2.531780477933314e-07,5.571516034774275e-05,COMPLETE,23,2e-05,1.4141994201667599e-05,2.4221019627031544e-06,7.22449893650479e-05,COMPLETE,24,0.00012,3.4638937628050894e-05,6.20072391173597e-05,0.00020960645805016376
Hoeffding H3,0.15,0.0,1.0,fault_time,0.4,False,COMPLETE,30,0.0,0.0,0.0,3.68881141579242e-05,COMPLETE,31,0.0,0.0,0.0,3.68881141579242e-05,COMPLETE,32,0.0,0.0,0.0,3.68881141579242e-05,COMPLETE,33,0.0,0.0,0.0,3.68881141579242e-05,COMPLETE,34,3e-05,1.732024826611905e-05,6.18676395892203e-06,8.7670202566362e-05
Hoeffding H3,0.15,0.0,1.0,interaction_fault,0.4,True,COMPLETE,40,0.0,0.0,0.0,3.68881141579242e-05,COMPLETE,41,2e-05,1.4141994201667599e-05,2.4221019627031544e-06,7.22449893650479e-05,COMPLETE,42,0.0,0.0,0.0,3.68881141579242e-05,COMPLETE,43,4e-05,1.9999599995999918e-05,1.0898757827458587e-05,0.00010241269060279138,COMPLETE,44,0.00022,4.689899785709712e-05,0.0001378778013156194,0.0003330638106733444
Hoeffding H3,0.15,0.0,1.0,time_interaction,0.4,False,COMPLETE,35,0.0,0.0,0.0,3.68881141579242e-05,COMPLETE,36,0.0,0.0,0.0,3.68881141579242e-05,COMPLETE,37,0.0,0.0,0.0,3.68881141579242e-05,COMPLETE,38,0.0,0.0,0.0,3.68881141579242e-05,COMPLETE,39,1e-05,9.999949999874999e-06,2.531780477933314e-07,5.571516034774275e-05
Hoeffding H3,0.15,0.5,0.0,fault_time,0.4,True,COMPLETE,45,0.0,0.0,0.0,3.68881141579242e-05,COMPLETE,46,1e-05,9.999949999874999e-06,2.531780477933314e-07,5.571516034774275e-05,COMPLETE,47,0.0,0.0,0.0,3.68881141579242e-05,COMPLETE,48,0.00014,3.741395461589165e-05,7.654134879650306e-05,0.00023488506582797472,COMPLETE,49,0.00034,5.829960548751595e-05,0.00023547101538208486,0.0004750838219411014
Hoeffding H3,0.15,0.5,0.0,interaction_fault,0.4,False,COMPLETE,55,0.0,0.0,0.0,3.68881141579242e-05,COMPLETE,56,0.0,0.0,0.0,3.68881141579242e-05,COMPLETE,57,0.0,0.0,0.0,3.68881141579242e-05,COMPLETE,58,3e-05,1.732024826611905e-05,6.18676395892203e-06,8.7670202566362e-05,COMPLETE,59,0.00013,3.605316907013862e-05,6.922128249962018e-05,0.00022229369942010544
Hoeffding H3,0.15,0.5,0.0,time_interaction,0.4,True,COMPLETE,50,0.0,0.0,0.0,3.68881141579242e-05,COMPLETE,51,0.0,0.0,0.0,3.68881141579242e-05,COMPLETE,52,2e-05,1.4141994201667599e-05,2.4221019627031544e-06,7.22449893650479e-05,COMPLETE,53,0.0,0.0,0.0,3.68881141579242e-05,COMPLETE,54,0.00015,3.872692861562868e-05,8.395621410881062e-05,0.0002473901399277955
Hoeffding H3,0.15,0.5,0.5,fault_time,0.4,False,COMPLETE,60,0.0,0.0,0.0,3.68881141579242e-05,COMPLETE,61,0.0,0.0,0.0,3.68881141579242e-05,COMPLETE,62,0.0,0.0,0.0,3.68881141579242e-05,COMPLETE,63,0.0,0.0,0.0,3.68881141579242e-05,COMPLETE,64,0.00026,5.098356597963701e-05,0.00016984743995762097,0.00038093719982381307
Hoeffding H3,0.15,0.5,0.5,interaction_fault,0.4,True,COMPLETE,70,0.0,0.0,0.0,3.68881141579242e-05,COMPLETE,71,0.0,0.0,0.0,3.68881141579242e-05,COMPLETE,72,2e-05,1.4141994201667599e-05,2.4221019627031544e-06,7.22449893650479e-05,COMPLETE,73,1e-05,9.999949999874999e-06,2.531780477933314e-07,5.571516034774275e-05,COMPLETE,74,6e-05,2.4494162569885914e-05,2.201925059919836e-05,0.0001305901306201627
Hoeffding H3,0.15,0.5,0.5,time_interaction,0.4,False,COMPLETE,65,0.0,0.0,0.0,3.68881141579242e-05,COMPLETE,66,0.0,0.0,0.0,3.68881141579242e-05,COMPLETE,67,0.0,0.0,0.0,3.68881141579242e-05,COMPLETE,68,2e-05,1.4141994201667599e-05,2.4221019627031544e-06,7.22449893650479e-05,COMPLETE,69,0.00017,4.122755146743498e-05,9.903428379688564e-05,0.000272172561193328
Hoeffding H3,0.15,0.5,1.0,fault_time,0.4,False,COMPLETE,75,0.0,0.0,0.0,3.68881141579242e-05,COMPLETE,76,0.0,0.0,0.0,3.68881141579242e-05,COMPLETE,77,0.0,0.0,0.0,3.68881141579242e-05,COMPLETE,78,0.0,0.0,0.0,3.68881141579242e-05,COMPLETE,79,8e-05,2.8283139853983683e-05,3.453893418088291e-05,0.0001576257736173694
Hoeffding H3,0.15,0.5,1.0,interaction_fault,0.4,False,COMPLETE,85,0.0,0.0,0.0,3.68881141579242e-05,COMPLETE,86,0.0,0.0,0.0,3.68881141579242e-05,COMPLETE,87,0.0,0.0,0.0,3.68881141579242e-05,COMPLETE,88,2e-05,1.4141994201667599e-05,2.4221019627031544e-06,7.22449893650479e-05,COMPLETE,89,5e-05,2.2360120751015635e-05,1.6235056817057864e-05,0.00011667943042027703
Hoeffding H3,0.15,0.5,1.0,time_interaction,0.4,False,COMPLETE,80,0.0,0.0,0.0,3.68881141579242e-05,COMPLETE,81,0.0,0.0,0.0,3.68881141579242e-05,COMPLETE,82,0.0,0.0,0.0,3.68881141579242e-05,COMPLETE,83,2e-05,1.4141994201667599e-05,2.4221019627031544e-06,7.22449893650479e-05,COMPLETE,84,0.00011,3.3164423709752596e-05,5.4912841664576154e-05,0.00019681184115254098
Hoeffding H3,0.15,1.0,0.0,fault_time,0.4,False,COMPLETE,90,0.0,0.0,0.0,3.68881141579242e-05,COMPLETE,91,0.0,0.0,0.0,3.68881141579242e-05,COMPLETE,92,0.0,0.0,0.0,3.68881141579242e-05,COMPLETE,93,0.0001,3.162119542332326e-05,4.795489513901142e-05,0.0001838958453766498,COMPLETE,94,0.00027,5.1954508947732345e-05,0.00017793900330662129,0.0003928116967430179
Hoeffding H3,0.15,1.0,0.0,interaction_fault,0.4,False,COMPLETE,100,0.0,0.0,0.0,3.68881141579242e-05,COMPLETE,101,0.0,0.0,0.0,3.68881141579242e-05,COMPLETE,102,0.0,0.0,0.0,3.68881141579242e-05,COMPLETE,103,0.0,0.0,0.0,3.68881141579242e-05,COMPLETE,104,2e-05,1.4141994201667599e-05,2.4221019627031544e-06,7.22449893650479e-05
Hoeffding H3,0.15,1.0,0.0,time_interaction,0.4,True,COMPLETE,95,0.0,0.0,0.0,3.68881141579242e-05,COMPLETE,96,0.0,0.0,0.0,3.68881141579242e-05,COMPLETE,97,0.0,0.0,0.0,3.68881141579242e-05,COMPLETE,98,1e-05,9.999949999874999e-06,2.531780477933314e-07,5.571516034774275e-05,COMPLETE,99,0.0,0.0,0.0,3.68881141579242e-05
Hoeffding H3,0.15,1.0,0.5,fault_time,0.4,False,COMPLETE,105,0.0,0.0,0.0,3.68881141579242e-05,COMPLETE,106,0.0,0.0,0.0,3.68881141579242e-05,COMPLETE,107,2e-05,1.4141994201667599e-05,2.4221019627031544e-06,7.22449893650479e-05,COMPLETE,108,7e-05,2.6456587081481237e-05,2.8144078805036797e-05,0.00014422140092234864,COMPLETE,109,0.00029,5.3843839016177145e-05,0.00019422588247080047,0.00041646203321855853
Hoeffding H3,0.15,1.0,0.5,interaction_fault,0.4,False,COMPLETE,115,0.0,0.0,0.0,3.68881141579242e-05,COMPLETE,116,0.0,0.0,0.0,3.68881141579242e-05,COMPLETE,117,0.0,0.0,0.0,3.68881141579242e-05,COMPLETE,118,0.0,0.0,0.0,3.68881141579242e-05,COMPLETE,119,0.0,0.0,0.0,3.68881141579242e-05
Hoeffding H3,0.15,1.0,0.5,time_interaction,0.4,False,COMPLETE,110,0.0,0.0,0.0,3.68881141579242e-05,COMPLETE,111,0.0,0.0,0.0,3.68881141579242e-05,COMPLETE,112,0.0,0.0,0.0,3.68881141579242e-05,COMPLETE,113,0.0,0.0,0.0,3.68881141579242e-05,COMPLETE,114,2e-05,1.4141994201667599e-05,2.4221019627031544e-06,7.22449893650479e-05
Hoeffding H3,0.15,1.0,1.0,fault_time,0.4,False,COMPLETE,120,0.0,0.0,0.0,3.68881141579242e-05,COMPLETE,121,0.0,0.0,0.0,3.68881141579242e-05,COMPLETE,122,0.0,0.0,0.0,3.68881141579242e-05,COMPLETE,123,3e-05,1.732024826611905e-05,6.18676395892203e-06,8.7670202566362e-05,COMPLETE,124,0.00028,5.290761759898096e-05,0.00018606577638819084,0.00040465273159839127
Hoeffding H3,0.15,1.0,1.0,interaction_fault,0.4,False,COMPLETE,130,0.0,0.0,0.0,3.68881141579242e-05,COMPLETE,131,0.0,0.0,0.0,3.68881141579242e-05,COMPLETE,132,0.0,0.0,0.0,3.68881141579242e-05,COMPLETE,133,0.0,0.0,0.0,3.68881141579242e-05,COMPLETE,134,0.0,0.0,0.0,3.68881141579242e-05
Hoeffding H3,0.15,1.0,1.0,time_interaction,0.4,False,COMPLETE,125,0.0,0.0,0.0,3.68881141579242e-05,COMPLETE,126,0.0,0.0,0.0,3.68881141579242e-05,COMPLETE,127,0.0,0.0,0.0,3.68881141579242e-05,COMPLETE,128,0.0,0.0,0.0,3.68881141579242e-05,COMPLETE,129,0.0,0.0,0.0,3.68881141579242e-05
Hoeffding H3,0.3,0.0,0.0,fault_time,0.4,False,COMPLETE,135,0.0,0.0,0.0,3.68881141579242e-05,COMPLETE,136,0.00025,4.9993749609326164e-05,0.00016179314598619202,0.00036902734901631185,COMPLETE,137,0.00089,9.429782075954883e-05,0.0007148021563209019,0.001095109185870645,COMPLETE,138,0.00358,0.00018886989172443551,0.003219283790503264,0.003969962743666452,COMPLETE,139,0.01182,0.00034176435741604185,0.011159342336478953,0.01250919488591408
Hoeffding H3,0.3,0.0,0.0,interaction_fault,0.4,False,COMPLETE,145,0.0,0.0,0.0,3.68881141579242e-05,COMPLETE,146,0.00037,6.081637115119579e-05,0.00026052710608173105,0.0005099605611549961,COMPLETE,147,0.00079,8.884682886856457e-05,0.0006254987834672297,0.0009844799123245014,COMPLETE,148,0.0036,0.0001893948256948959,0.003238254132571253,0.003990989818481282,COMPLETE,149,0.01206,0.00034517468620975087,0.01139265087288052,0.01275586957886787
Hoeffding H3,0.3,0.0,0.0,time_interaction,0.4,False,COMPLETE,140,0.0,0.0,0.0,3.68881141579242e-05,COMPLETE,141,0.00042,6.479379599930846e-05,0.0003027152996212548,0.0005676760545655553,COMPLETE,142,0.00092,9.587249866358965e-05,0.0007417122943717655,0.0011281808006754785,COMPLETE,143,0.00305,0.00017437595877872617,0.002717713554434803,0.0034116063483572937,COMPLETE,144,0.01127,0.00033381113073113663,0.010624947253678177,0.01194362873958217
Hoeffding H3,0.3,0.0,0.5,fault_time,0.4,False,COMPLETE,150,0.0,0.0,0.0,3.68881141579242e-05,COMPLETE,151,0.00013,3.605316907013862e-05,6.922128249962018e-05,0.00022229369942010544,COMPLETE,152,0.00056,7.481219151983184e-05,0.00042304484468992973,0.000727145778428027,COMPLETE,153,0.00239,0.00015441139530488027,0.002096874054954813,0.002712555744429252,COMPLETE,154,0.00884,0.0002960042972661039,0.008269123029645978,0.009439631533811358
Hoeffding H3,0.3,0.0,0.5,interaction_fault,0.4,False,COMPLETE,160,0.0,0.0,0.0,3.68881141579242e-05,COMPLETE,161,0.00023,4.795279970971455e-05,0.00014580567999884314,0.0003450930651544078,COMPLETE,162,0.00076,8.714484494219953e-05,0.0005988388406346359,0.000951162353563685,COMPLETE,163,0.00292,0.00017063040760661622,0.002595060423583081,0.003274279195842989,COMPLETE,164,0.01019,0.00031758721479303913,0.0095767789416322,0.01083187475821699
Hoeffding H3,0.3,0.0,0.5,time_interaction,0.4,False,COMPLETE,155,0.0,0.0,0.0,3.68881141579242e-05,COMPLETE,156,0.0001,3.162119542332326e-05,4.795489513901142e-05,0.0001838958453766498,COMPLETE,157,0.00057,7.547682425751629e-05,0.00043174013056199146,0.0007384388898770035,COMPLETE,158,0.00224,0.00014949857524404706,0.0019565106748600306,0.002552948334902498,COMPLETE,159,0.00852,0.00029064427742517144,0.007959638637361795,0.009109140601380648
Hoeffding H3,0.3,0.0,1.0,fault_time,0.4,False,COMPLETE,165,0.0,0.0,0.0,3.68881141579242e-05,COMPLETE,166,2e-05,1.4141994201667599e-05,2.4221019627031544e-06,7.22449893650479e-05,COMPLETE,167,8e-05,2.8283139853983683e-05,3.453893418088291e-05,0.0001576257736173694,COMPLETE,168,0.00062,7.871566553107457e-05,0.00047538245428523887,0.0007947425410992276,COMPLETE,169,0.00383,0.00019532872548603804,0.003456614763412851,0.004232600285398997
Hoeffding H3,0.3,0.0,1.0,interaction_fault,0.4,False,COMPLETE,175,0.0,0.0,0.0,3.68881141579242e-05,COMPLETE,176,0.00013,3.605316907013862e-05,6.922128249962018e-05,0.00022229369942010544,COMPLETE,177,0.00034,5.829960548751595e-05,0.00023547101538208486,0.0004750838219411014,COMPLETE,178,0.0012,0.00010947876506428085,0.0009950163372436382,0.0014347372838498414,COMPLETE,179,0.00649,0.00025392675912553996,0.0060016697321896755,0.007007275972043604
Hoeffding H3,0.3,0.0,1.0,time_interaction,0.4,False,COMPLETE,170,0.0,0.0,0.0,3.68881141579242e-05,COMPLETE,171,0.0,0.0,0.0,3.68881141579242e-05,COMPLETE,172,8e-05,2.8283139853983683e-05,3.453893418088291e-05,0.0001576257736173694,COMPLETE,173,0.00054,7.346484873733832e-05,0.00040568984352502255,0.0007045248784734504,COMPLETE,174,0.00355,0.00018807970384919262,0.003190833743349357,0.003938416687824189
Hoeffding H3,0.3,0.5,0.0,fault_time,0.4,False,COMPLETE,180,0.0,0.0,0.0,3.68881141579242e-05,COMPLETE,181,0.00025,4.9993749609326164e-05,0.00016179314598619202,0.00036902734901631185,COMPLETE,182,0.00092,9.587249866358965e-05,0.0007417122943717655,0.0011281808006754785,COMPLETE,183,0.00339,0.00018380717885871595,0.0030392142866734343,0.0037700574041019566,COMPLETE,184,0.01086,0.00032775082608591546,0.010226837868722825,0.011521767360564697
Hoeffding H3,0.3,0.5,0.0,interaction_fault,0.4,False,COMPLETE,190,0.0,0.0,0.0,3.68881141579242e-05,COMPLETE,191,0.0002,4.4716887190411634e-05,0.000122169339689991,0.0003088669626311431,COMPLETE,192,0.00068,8.243407062616766e-05,0.0005280840948787707,0.0008619835490850979,COMPLETE,193,0.00232,0.00015213867358433226,0.002031332046370967,0.0026381111391268327,COMPLETE,194,0.0096,0.000308347855513866,0.009004906166112322,0.010223791031821333
Hoeffding H3,0.3,0.5,0.0,time_interaction,0.4,False,COMPLETE,185,0.0,0.0,0.0,3.68881141579242e-05,COMPLETE,186,0.0002,4.4716887190411634e-05,0.000122169339689991,0.0003088669626311431,COMPLETE,187,0.00068,8.243407062616766e-05,0.0005280840948787707,0.0008619835490850979,COMPLETE,188,0.00223,0.00014916524729306085,0.0019471645088691687,0.002542296520695387,COMPLETE,189,0.00855,0.0002911511205542579,0.00798864428806303,0.009140132622917714
Hoeffding H3,0.3,0.5,0.5,fault_time,0.4,False,COMPLETE,195,0.0,0.0,0.0,3.68881141579242e-05,COMPLETE,196,0.00028,5.290761759898096e-05,0.00018606577638819084,0.00040465273159839127,COMPLETE,197,0.00075,8.657005833427629e-05,0.0005899668548163777,0.0009400421096751639,COMPLETE,198,0.00278,0.0001665013993935186,0.0024631594494037906,0.00312620233890781,COMPLETE,199,0.01052,0.0003226349268135736,0.009896875364068998,0.011171754348163915
Hoeffding H3,0.3,0.5,0.5,interaction_fault,0.4,False,COMPLETE,205,1e-05,9.999949999874999e-06,2.531780477933314e-07,5.571516034774275e-05,COMPLETE,206,0.00013,3.605316907013862e-05,6.922128249962018e-05,0.00022229369942010544,COMPLETE,207,0.00065,8.059637088603929e-05,0.0005016909852130988,0.0008284044182606964,COMPLETE,208,0.00199,0.00014092692787398724,0.0017233243956584618,0.002286188269314,COMPLETE,209,0.00813,0.0002839701234285044,0.007582732201451707,0.008706077589880562
Hoeffding H3,0.3,0.5,0.5,time_interaction,0.4,False,COMPLETE,200,0.0,0.0,0.0,3.68881141579242e-05,COMPLETE,201,0.00021,4.582094499243768e-05,0.00012999786039684025,0.00032098949005102703,COMPLETE,202,0.00054,7.346484873733832e-05,0.00040568984352502255,0.0007045248784734504,COMPLETE,203,0.00234,0.00015279150499945997,0.0020500515022906043,0.002659387816334452,COMPLETE,204,0.00881,0.00029550607269563853,0.00824010048224973,0.009408656380416595
Hoeffding H3,0.3,0.5,1.0,fault_time,0.4,False,COMPLETE,210,1e-05,9.999949999874999e-06,2.531780477933314e-07,5.571516034774275e-05,COMPLETE,211,0.00013,3.605316907013862e-05,6.922128249962018e-05,0.00022229369942010544,COMPLETE,212,0.00059,7.6788794755485e-05,0.0004491647300213356,0.0007609919160385235,COMPLETE,213,0.00227,0.00015049408958494017,0.001984557942250751,0.0025848950648131425,COMPLETE,214,0.00851,0.0002904751263017197,0.007949970485922993,0.00909880952942588
Hoeffding H3,0.3,0.5,1.0,interaction_fault,0.4,False,COMPLETE,220,0.0,0.0,0.0,3.68881141579242e-05,COMPLETE,221,0.00016,3.9996799871989764e-05,9.145650183632773e-05,0.0002598170065129076,COMPLETE,222,0.0004,6.323290282756281e-05,0.0002857807597596746,0.0005446470633997487,COMPLETE,223,0.0018,0.00013404327659379263,0.0015468273039122404,0.002082731391632049,COMPLETE,224,0.00792,0.0002803082874265404,0.007379916017643848,0.0084889104641506
Hoeffding H3,0.3,0.5,1.0,time_interaction,0.4,False,COMPLETE,215,0.0,0.0,0.0,3.68881141579242e-05,COMPLETE,216,0.00018,4.242258832273203e-05,0.00010668278553560073,0.00028446274179775715,COMPLETE,217,0.00072,8.482226122899577e-05,0.0005633969730498993,0.0009066361791796037,COMPLETE,218,0.00188,0.00013698414506796032,0.0016210584869429693,0.002168480187538608,COMPLETE,219,0.0079,0.0002799569609779332,0.007360605249152788,0.008468222831502932
Hoeffding H3,0.3,1.0,0.0,fault_time,0.4,False,COMPLETE,225,0.0,0.0,0.0,3.68881141579242e-05,COMPLETE,226,0.00032,5.65594908039314e-05,0.00021888973643324452,0.0004517147624079499,COMPLETE,227,0.00079,8.884682886856457e-05,0.0006254987834672297,0.0009844799123245014,COMPLETE,228,0.00304,0.00017409073496312203,0.0027082730185762818,0.0034010483732940682,COMPLETE,229,0.01108,0.00033101712342415156,0.010440429257179109,0.01174816024704173
Hoeffding H3,0.3,1.0,0.0,interaction_fault,0.4,False,COMPLETE,235,0.0,0.0,0.0,3.68881141579242e-05,COMPLETE,236,1e-05,9.999949999874999e-06,2.531780477933314e-07,5.571516034774275e-05,COMPLETE,237,8e-05,2.8283139853983683e-05,3.453893418088291e-05,0.0001576257736173694,COMPLETE,238,0.00083,9.106651964360997e-05,0.0006611429077998434,0.0010288075340603214,COMPLETE,239,0.00442,0.00020977281997437133,0.004018282350257744,0.0048508642299754405
Hoeffding H3,0.3,1.0,0.0,time_interaction,0.4,False,COMPLETE,230,0.0,0.0,0.0,3.68881141579242e-05,COMPLETE,231,6e-05,2.4494162569885914e-05,2.201925059919836e-05,0.0001305901306201627,COMPLETE,232,0.00018,4.242258832273203e-05,0.00010668278553560073,0.00028446274179775715,COMPLETE,233,0.00071,8.423157958865547e-05,0.0005545562365121253,0.0008954852873952301,COMPLETE,234,0.0049,0.00022081643960538807,0.004476619710533058,0.005352475827769147
Hoeffding H3,0.3,1.0,0.5,fault_time,0.4,False,COMPLETE,240,0.0,0.0,0.0,3.68881141579242e-05,COMPLETE,241,0.00027,5.1954508947732345e-05,0.00017793900330662129,0.0003928116967430179,COMPLETE,242,0.0009,9.482562944689584e-05,0.0007237664724843088,0.0011061386970276526,COMPLETE,243,0.00282,0.00016769160980800442,0.0025008248571569153,0.0031685304915243934,COMPLETE,244,0.01167,0.00033961465074404553,0.011013560279926981,0.012354987468351617
Hoeffding H3,0.3,1.0,0.5,interaction_fault,0.4,False,COMPLETE,250,0.0,0.0,0.0,3.68881141579242e-05,COMPLETE,251,2e-05,1.4141994201667599e-05,2.4221019627031544e-06,7.22449893650479e-05,COMPLETE,252,8e-05,2.8283139853983683e-05,3.453893418088291e-05,0.0001576257736173694,COMPLETE,253,0.00074,8.59914181764669e-05,0.0005811024445553794,0.0009289144331278223,COMPLETE,254,0.00452,0.00021212188948809596,0.004113674554205046,0.00495546109126652
Hoeffding H3,0.3,1.0,0.5,time_interaction,0.4,False,COMPLETE,245,0.0,0.0,0.0,3.68881141579242e-05,COMPLETE,246,6e-05,2.4494162569885914e-05,2.201925059919836e-05,0.0001305901306201627,COMPLETE,247,0.00018,4.242258832273203e-05,0.00010668278553560073,0.00028446274179775715,COMPLETE,248,0.00079,8.884682886856457e-05,0.0006254987834672297,0.0009844799123245014,COMPLETE,249,0.00451,0.00021188817569652157,0.004104132994000507,0.004945003737307939
Hoeffding H3,0.3,1.0,1.0,fault_time,0.4,False,COMPLETE,255,0.0,0.0,0.0,3.68881141579242e-05,COMPLETE,256,0.00024,4.898391572751203e-05,0.00015377838990783484,0.00035708006713410726,COMPLETE,257,0.00086,9.269629981827753e-05,0.0006879447649858632,0.001061985667946516,COMPLETE,258,0.00296,0.00017179168780822896,0.00263278258109486,0.0033165508870677493,COMPLETE,259,0.0107,0.00032535380741586535,0.010071540883662515,0.011357075838894596
Hoeffding H3,0.3,1.0,1.0,interaction_fault,0.4,False,COMPLETE,265,0.0,0.0,0.0,3.68881141579242e-05,COMPLETE,266,7e-05,2.6456587081481237e-05,2.8144078805036797e-05,0.00014422140092234864,COMPLETE,267,0.00022,4.689899785709712e-05,0.0001378778013156194,0.0003330638106733444,COMPLETE,268,0.00092,9.587249866358965e-05,0.0007417122943717655,0.0011281808006754785,COMPLETE,269,0.00524,0.00022830992970083452,0.004801920635262731,0.005707140701270412
Hoeffding H3,0.3,1.0,1.0,time_interaction,0.4,False,COMPLETE,260,0.0,0.0,0.0,3.68881141579242e-05,COMPLETE,261,5e-05,2.2360120751015635e-05,1.6235056817057864e-05,0.00011667943042027703,COMPLETE,262,0.00012,3.4638937628050894e-05,6.20072391173597e-05,0.00020960645805016376,COMPLETE,263,0.00079,8.884682886856457e-05,0.0006254987834672297,0.0009844799123245014,COMPLETE,264,0.00463,0.00021467564137554125,0.004218665249259613,0.005070458559818914
Hoeffding H3,0.6,0.0,0.0,fault_time,0.4,False,COMPLETE,270,0.00088,9.376703045313956e-05,0.0007058436990496559,0.0010840739094869693,COMPLETE,271,0.00482,0.000219015241478761,0.00440015287821525,0.005268950926735692,COMPLETE,272,0.01029,0.00031912561633312984,0.009673760621907189,0.010934885784515666,COMPLETE,273,0.02329,0.00047694418855878727,0.02236405232285099,0.02424373748600088,COMPLETE,274,0.05376,0.0007132311154177164,0.05237005080748357,0.05517590230673816
Hoeffding H3,0.6,0.0,0.0,interaction_fault,0.2,False,COMPLETE,280,0.00068,8.243407062616766e-05,0.0005280840948787707,0.0008619835490850979,COMPLETE,281,0.00448,0.0002111854540445435,0.004075511412334112,0.004913628586557592,COMPLETE,282,0.00927,0.00030305225786982684,0.008685295706847465,0.009883426200153015,COMPLETE,283,0.02295,0.0004735324434502878,0.022030749227798147,0.023897061805206447,COMPLETE,284,0.05514,0.0007218003906898361,0.05373321532533599,0.056572656083167285
Hoeffding H3,0.6,0.0,0.0,time_interaction,0.4,False,COMPLETE,275,0.00083,9.106651964360997e-05,0.0006611429077998434,0.0010288075340603214,COMPLETE,276,0.00436,0.0002083504355646995,0.0039610724089368405,0.0047880808159547145,COMPLETE,277,0.01006,0.0003155756074223735,0.009450725665484392,0.01069793754880763,COMPLETE,278,0.02269,0.00047090512738767244,0.021775906328753168,0.02363192095721194,COMPLETE,279,0.05409,0.000715292051542585,0.05269600187832779,0.05550993169160094
Hoeffding H3,0.6,0.0,0.5,fault_time,0.4,False,COMPLETE,285,0.00043,6.556028523427884e-05,0.00031121006459582904,0.0005791639648804427,COMPLETE,286,0.00301,0.00017323221120796211,0.0026799570058627475,0.0033693688801448643,COMPLETE,287,0.00687,0.0002612049597538301,0.006367392088223189,0.007401520844583484,COMPLETE,288,0.01717,0.00041079424411741706,0.01637388493886115,0.017994293376287312,COMPLETE,289,0.04424,0.0006502524309835373,0.042973763026364846,0.045532755845773334
Hoeffding H3,0.6,0.0,0.5,interaction_fault,0.4,False,COMPLETE,295,0.00046,6.78076986779525e-05,0.00033679688244125043,0.000613528419237637,COMPLETE,296,0.0035,0.00018675518734428772,0.003143431779840436,0.0038858252072867185,COMPLETE,297,0.0071,0.000265510640088114,0.006588945532337761,0.007639947985126839,COMPLETE,298,0.01743,0.00041383807340552903,0.016627911395623387,0.018260250064208214,COMPLETE,299,0.04277,0.0006398494127527195,0.04152419527532552,0.04404241136103362
Hoeffding H3,0.6,0.0,0.5,time_interaction,0.4,False,COMPLETE,290,0.00034,5.829960548751595e-05,0.00023547101538208486,0.0004750838219411014,COMPLETE,291,0.0029,0.0001700467582754814,0.0025762052476631502,0.0032531374768010714,COMPLETE,292,0.00724,0.0002680966691326097,0.006723872419300578,0.0077850094217700545,COMPLETE,293,0.01764,0.0004162791179004779,0.01683312078317923,0.01847502709138744,COMPLETE,294,0.04451,0.0006521415482853397,0.04324005258190489,0.04580645018404572
Hoeffding H3,0.6,0.0,1.0,fault_time,0.4,False,COMPLETE,300,2e-05,1.4141994201667599e-05,2.4221019627031544e-06,7.22449893650479e-05,COMPLETE,301,0.00027,5.1954508947732345e-05,0.00017793900330662129,0.0003928116967430179,COMPLETE,302,0.00077,8.771585375517927e-05,0.0006077182528172749,0.0009622753093935229,COMPLETE,303,0.00369,0.00019173898664590883,0.0033236560569428904,0.004085576412796022,COMPLETE,304,0.01754,0.0004151186384637529,0.016735398258287387,0.018372756082316505
Hoeffding H3,0.6,0.0,1.0,interaction_fault,0.4,False,COMPLETE,310,0.0,0.0,0.0,3.68881141579242e-05,COMPLETE,311,0.00023,4.795279970971455e-05,0.00014580567999884314,0.0003450930651544078,COMPLETE,312,0.00062,7.871566553107457e-05,0.00047538245428523887,0.0007947425410992276,COMPLETE,313,0.00316,0.00017748279916656712,0.002821619512996584,0.0035276842941657925,COMPLETE,314,0.01517,0.0003865212943681111,0.014421518872142053,0.015946790584938263
Hoeffding H3,0.6,0.0,1.0,time_interaction,0.4,False,COMPLETE,305,0.0,0.0,0.0,3.68881141579242e-05,COMPLETE,306,0.00023,4.795279970971455e-05,0.00014580567999884314,0.0003450930651544078,COMPLETE,307,0.00094,9.69080182441061e-05,0.0007596804166094382,0.0011502009492637387,COMPLETE,308,0.00375,0.00019328573408298916,0.003380622105222051,0.004148602835152144,COMPLETE,309,0.01677,0.0004060636292503922,0.01598316870512305,0.01758503562117944
Hoeffding H3,0.6,0.5,0.0,fault_time,0.4,False,COMPLETE,315,0.00075,8.657005833427629e-05,0.0005899668548163777,0.0009400421096751639,COMPLETE,316,0.00448,0.0002111854540445435,0.004075511412334112,0.004913628586557592,COMPLETE,317,0.00954,0.00030739206886320277,0.00894678135371828,0.01016192031537332,COMPLETE,318,0.02262,0.0004701950191144096,0.021707300177162717,0.023560531488047022,COMPLETE,319,0.05352,0.0007117275433759747,0.05213300471377125,0.054932962616897084
Hoeffding H3,0.6,0.5,0.0,interaction_fault,0.4,False,COMPLETE,325,0.0005,7.06929982388638e-05,0.00037113170178349413,0.0006591351958693718,COMPLETE,326,0.00397,0.00019885268668036647,0.0035897024730200513,0.004379495647541171,COMPLETE,327,0.00884,0.0002960042972661039,0.008269123029645978,0.009439631533811358,COMPLETE,328,0.02143,0.00045793837030762123,0.020541357852775992,0.022346548496420218,COMPLETE,329,0.05193,0.0007016642722841173,0.05056277447368402,0.053323287094071
Hoeffding H3,0.6,0.5,0.0,time_interaction,0.4,False,COMPLETE,320,0.00071,8.423157958865547e-05,0.0005545562365121253,0.0008954852873952301,COMPLETE,321,0.0041,0.0002020690476050204,0.0037133935243208334,0.004515789281416887,COMPLETE,322,0.00862,0.0002923302173912235,0.008056331074275443,0.00921244041713691,COMPLETE,323,0.02086,0.000451938717084518,0.019983133788052863,0.021764808504019573,COMPLETE,324,0.0506,0.0006931063410473172,0.0492495862901244,0.051976554179421874
Hoeffding H3,0.6,0.5,0.5,fault_time,0.4,False,COMPLETE,330,0.00062,7.871566553107457e-05,0.00047538245428523887,0.0007947425410992276,COMPLETE,331,0.00384,0.00019558257591104582,0.003466116833586652,0.004243096990254847,COMPLETE,332,0.00872,0.00029400614959554844,0.008153043131456629,0.009315720646005868,COMPLETE,333,0.02113,0.00045479141482662137,0.020247534628440894,0.022040390623543692,COMPLETE,334,0.05056,0.0006928469268171722,0.04921009589308451,0.05193604695055032
Hoeffding H3,0.6,0.5,0.5,interaction_fault,0.4,False,COMPLETE,340,0.00068,8.243407062616766e-05,0.0005280840948787707,0.0008619835490850979,COMPLETE,341,0.00328,0.00018081044217633008,0.0029350923670138514,0.003654194439275012,COMPLETE,342,0.00822,0.0002855246329128189,0.0076696825347856235,0.00879912015627189,COMPLETE,343,0.02004,0.0004431523259557598,0.01918037904343709,0.020927615169319947,COMPLETE,344,0.0475,0.0006726347448652946,0.04618979983757647,0.048836524829240086
Hoeffding H3,0.6,0.5,0.5,time_interaction,0.4,False,COMPLETE,335,0.00057,7.547682425751629e-05,0.00043174013056199146,0.0007384388898770035,COMPLETE,336,0.00405,0.00020083818113097917,0.00366580789299202,0.00446338075907206,COMPLETE,337,0.00765,0.000275526359900464,0.007119297145087541,0.008209551064763692,COMPLETE,338,0.02068,0.00045002597258380543,0.019806888017154963,0.021581065649925887,COMPLETE,339,0.04802,0.0006761218795453968,0.04670295008614666,0.0493633436527505
Hoeffding H3,0.6,0.5,1.0,fault_time,0.4,False,COMPLETE,345,0.00031,5.5669012924606445e-05,0.00021063937283451517,0.00043999164839591035,COMPLETE,346,0.00233,0.0001524654419860448,0.00204069108235196,0.0026487501653925973,COMPLETE,347,0.00547,0.00023323977147990862,0.0050222502612493345,0.005946788708711682,COMPLETE,348,0.01493,0.0003834983063847871,0.014187451030118824,0.015700874364893758,COMPLETE,349,0.04122,0.0006286565962431317,0.039996177843174496,0.042470521479880056
Hoeffding H3,0.6,0.5,1.0,interaction_fault,0.4,False,COMPLETE,355,0.00025,4.9993749609326164e-05,0.00016179314598619202,0.00036902734901631185,COMPLETE,356,0.00179,0.0001336710851306295,0.0015375574000792943,0.0020720038695317086,COMPLETE,357,0.0047,0.00021628476599150484,0.004285508866399469,0.0051436075098779425,COMPLETE,358,0.01318,0.00036064231032977814,0.01248230078952971,0.01390614244003019,COMPLETE,359,0.03727,0.0005990070709098516,0.03610440475224368,0.038462531553817944
Hoeffding H3,0.6,0.5,1.0,time_interaction,0.4,False,COMPLETE,350,0.00041,6.401811462390937e-05,0.00029423864189358006,0.0005561706314736625,COMPLETE,351,0.0025,0.00015791611697353757,0.0021999994964278695,0.0028294100598733967,COMPLETE,352,0.00496,0.0002221575657050644,0.004533988997957732,0.00541510039771456,COMPLETE,353,0.01443,0.0003771176885270697,0.013699971858016404,0.015188386900816841,COMPLETE,354,0.03835,0.0006072831094308486,0.03716815258117107,0.039558718807496104
Hoeffding H3,0.6,1.0,0.0,fault_time,0.2,False,COMPLETE,360,0.00078,8.828315807672492e-05,0.000616604947007356,0.0009733811171331557,COMPLETE,361,0.00437,0.00020858818518794395,0.003970606054753701,0.004798546058206171,COMPLETE,362,0.00863,0.0002924982581144715,0.008066001402663116,0.009222769315868025,COMPLETE,363,0.02297,0.00047373388204771677,0.022050353826594118,0.023917455957007956,COMPLETE,364,0.05567,0.0007250575915056679,0.0542568159643141,0.05710902408148508
Hoeffding H3,0.6,1.0,0.0,interaction_fault,0.4,False,COMPLETE,370,0.00072,8.482226122899577e-05,0.0005633969730498993,0.0009066361791796037,COMPLETE,371,0.00273,0.00016500142726655426,0.0024161016398614368,0.003073268323675071,COMPLETE,372,0.00729,0.0002690140498189639,0.006772072751217004,0.007836804944443188,COMPLETE,373,0.01757,0.00041546714791906235,0.01676471429905296,0.018403438101144913,COMPLETE,374,0.04555,0.0006593572438367535,0.04426587987471988,0.046860560890494625
Hoeffding H3,0.6,1.0,0.0,time_interaction,0.4,False,COMPLETE,365,0.00066,8.121357029462502e-05,0.0005104795776805884,0.0008396063791740994,COMPLETE,366,0.00321,0.00017887693814463618,0.0028688849206410737,0.003580411734991203,COMPLETE,367,0.007,0.0002636474919281425,0.006492600524219302,0.007536301398141956,COMPLETE,368,0.01778,0.000417897973194415,0.016969943718466128,0.01861819511307258,COMPLETE,369,0.04591,0.000661832848232845,0.044621017325785446,0.047225401991238126
Hoeffding H3,0.6,1.0,0.5,fault_time,0.4,False,COMPLETE,375,0.00075,8.657005833427629e-05,0.0005899668548163777,0.0009400421096751639,COMPLETE,376,0.00397,0.00019885268668036647,0.0035897024730200513,0.004379495647541171,COMPLETE,377,0.00905,0.0002994678196401076,0.008472328010392632,0.00965641053629255,COMPLETE,378,0.02248,0.0004687712619177929,0.021570094814192236,0.023417745613970347,COMPLETE,379,0.05467,0.0007188963144988295,0.053268920836276046,0.05609697839223392
Hoeffding H3,0.6,1.0,0.5,interaction_fault,0.4,False,COMPLETE,385,0.00076,8.714484494219953e-05,0.0005988388406346359,0.000951162353563685,COMPLETE,386,0.0029,0.0001700467582754814,0.0025762052476631502,0.0032531374768010714,COMPLETE,387,0.0064,0.000252171370302023,0.005915113245656574,0.006913840358251537,COMPLETE,388,0.01722,0.00041138147260176897,0.016422732501806005,0.018045442568826505,COMPLETE,389,0.04537,0.0006581152110383105,0.04408831944132882,0.04667813205056342
Hoeffding H3,0.6,1.0,0.5,time_interaction,0.4,False,COMPLETE,380,0.00066,8.121357029462502e-05,0.0005104795776805884,0.0008396063791740994,COMPLETE,381,0.00312,0.00017635945112184944,0.0027838229508465907,0.003485486650263143,COMPLETE,382,0.00673,0.000258548005213732,0.006232604260431152,0.0072563206408964576,COMPLETE,383,0.01761,0.0004159313392857047,0.016803803309809653,0.018444346503974477,COMPLETE,384,0.04625,0.0006641606545106387,0.044956445037351765,0.04756995402927036
Hoeffding H3,0.6,1.0,1.0,fault_time,0.4,False,COMPLETE,390,0.00059,7.6788794755485e-05,0.0004491647300213356,0.0007609919160385235,COMPLETE,391,0.00355,0.00018807970384919262,0.003190833743349357,0.003938416687824189,COMPLETE,392,0.00917,0.00030142845088013836,0.0085884814589686,0.009780247994322653,COMPLETE,393,0.02181,0.0004618909384259449,0.020913599750376866,0.022734282699913816,COMPLETE,394,0.05323,0.0007099053958098924,0.05184658446676623,0.05463940004485805
Hoeffding H3,0.6,1.0,1.0,interaction_fault,0.4,False,COMPLETE,400,0.00086,9.269629981827753e-05,0.0006879447649858632,0.001061985667946516,COMPLETE,401,0.00325,0.00017998437432177272,0.0029067126930896817,0.0036225783116236553,COMPLETE,402,0.00705,0.0002645807532682602,0.0065407697201849396,0.007588127992846941,COMPLETE,403,0.01762,0.0004160473001955427,0.016813575732903794,0.018454573434418173,COMPLETE,404,0.04445,0.0006517223143333364,0.04318087600810403,0.04574563033664161
Hoeffding H3,0.6,1.0,1.0,time_interaction,0.4,False,COMPLETE,395,0.00061,7.807867186370423e-05,0.00046663279383976094,0.000783502510737735,COMPLETE,396,0.00291,0.00017033883585371835,0.0025856323395132474,0.0032637088299465183,COMPLETE,397,0.00677,0.00025930999016621014,0.006271109470532309,0.0072978119991286075,COMPLETE,398,0.01679,0.0004063015616509491,0.01600270176924563,0.01760550125412664,COMPLETE,399,0.04546,0.0006587365816470192,0.044177098963759896,0.04676934716457655
Hoeffding H3,0.9,0.0,0.0,fault_time,0.2,False,COMPLETE,405,0.00499,0.00022282504123190462,0.004562679696054198,0.005446406646217135,COMPLETE,406,0.01527,0.00038777347897967445,0.014519061633256754,0.016049241197030113,COMPLETE,407,0.02696,0.0005121831547405674,0.025964877469922345,0.027982685099997937,COMPLETE,408,0.0502,0.0006905067704229989,0.04885469295939346,0.0515714712540188,COMPLETE,409,0.09567,0.0009301464997515177,0.09385369112628933,0.09750979870162745
Hoeffding H3,0.9,0.0,0.0,interaction_fault,0.2,False,COMPLETE,415,0.0049,0.00022081643960538807,0.004476619710533058,0.005352475827769147,COMPLETE,416,0.01533,0.0003885227290648515,0.014577591329392155,0.016110707528689133,COMPLETE,417,0.02619,0.0005050156819347296,0.025208948028270006,0.027198661965847856,COMPLETE,418,0.05143,0.0006984622760035075,0.05006906477366341,0.052817026448186546,COMPLETE,419,0.09651,0.0009337870201496699,0.09468653153797249,0.09835690915911217
Hoeffding H3,0.9,0.0,0.0,time_interaction,0.2,False,COMPLETE,410,0.00491,0.00022104053700622428,0.004486180128191097,0.005362914382977282,COMPLETE,411,0.01502,0.000384634886613266,0.014275220669021964,0.01579309874362585,COMPLETE,412,0.02631,0.0005061401377089155,0.025326740616926757,0.027320861978424957,COMPLETE,413,0.05001,0.0006892677266490866,0.0486671269529637,0.0513790485411256,COMPLETE,414,0.09337,0.0009200654493023853,0.09157351615810244,0.09519010822581774
Hoeffding H3,0.9,0.0,0.5,fault_time,0.2,False,COMPLETE,420,0.00217,0.00014714928134381086,0.0018911189028122696,0.002478354451574729,COMPLETE,421,0.00878,0.00029500697618869965,0.008211079644278708,0.009377679520441922,COMPLETE,422,0.0171,0.00040997060870262396,0.016305501321525636,0.017922681538471978,COMPLETE,423,0.03611,0.0005899666761775618,0.034962157377524006,0.03728484876878666,COMPLETE,424,0.07448,0.0008302573673265417,0.07286008337468607,0.0761246482532516
Hoeffding H3,0.9,0.0,0.5,interaction_fault,0.2,False,COMPLETE,430,0.00221,0.00014849632655389156,0.001928476620658587,0.0025209884774993817,COMPLETE,431,0.00917,0.00030142845088013836,0.0085884814589686,0.009780247994322653,COMPLETE,432,0.01727,0.0004119678033536116,0.016471581824504356,0.018096590003104006,COMPLETE,433,0.0358,0.0005875232761346567,0.03465695538310503,0.03697006944860396,COMPLETE,434,0.07387,0.0008271228633038746,0.07225624454714101,0.07550852291448537
Hoeffding H3,0.9,0.0,0.5,time_interaction,0.2,False,COMPLETE,425,0.00253,0.00015885839921137316,0.0022281512019739786,0.0028612529899144008,COMPLETE,426,0.00878,0.00029500697618869965,0.008211079644278708,0.009377679520441922,COMPLETE,427,0.01674,0.0004057064505279649,0.01595386965804146,0.01755433662313475,COMPLETE,428,0.03532,0.0005837165202390625,0.034184430471192455,0.03648262331118444,COMPLETE,429,0.07423,0.0008289747107119734,0.07261260457205714,0.0758721417411009
Hoeffding H3,0.9,0.0,1.0,fault_time,0.4,False,COMPLETE,435,0.0,0.0,0.0,3.68881141579242e-05,COMPLETE,436,1e-05,9.999949999874999e-06,2.531780477933314e-07,5.571516034774275e-05,COMPLETE,437,4e-05,1.9999599995999918e-05,1.0898757827458587e-05,0.00010241269060279138,COMPLETE,438,0.00028,5.290761759898096e-05,0.00018606577638819084,0.00040465273159839127,COMPLETE,439,0.00339,0.00018380717885871595,0.0030392142866734343,0.0037700574041019566
Hoeffding H3,0.9,0.0,1.0,interaction_fault,0.4,True,COMPLETE,445,0.0,0.0,0.0,3.68881141579242e-05,COMPLETE,446,3e-05,1.732024826611905e-05,6.18676395892203e-06,8.7670202566362e-05,COMPLETE,447,2e-05,1.4141994201667599e-05,2.4221019627031544e-06,7.22449893650479e-05,COMPLETE,448,0.00051,7.139607132048654e-05,0.0003797513375703946,0.0006705019792502633,COMPLETE,449,0.00252,0.00015854493369389007,0.0022187660669914628,0.002850639905904479
Hoeffding H3,0.9,0.0,1.0,time_interaction,0.4,False,COMPLETE,440,0.0,0.0,0.0,3.68881141579242e-05,COMPLETE,441,0.0,0.0,0.0,3.68881141579242e-05,COMPLETE,442,6e-05,2.4494162569885914e-05,2.201925059919836e-05,0.0001305901306201627,COMPLETE,443,0.00037,6.081637115119579e-05,0.00026052710608173105,0.0005099605611549961,COMPLETE,444,0.00328,0.00018081044217633008,0.0029350923670138514,0.003654194439275012
Hoeffding H3,0.9,0.5,0.0,fault_time,0.2,False,COMPLETE,450,0.00501,0.0002232688939373329,0.004581809045869517,0.005467275267315015,COMPLETE,451,0.01494,0.00038362476979465234,0.014197202865805678,0.015711121864161213,COMPLETE,452,0.02609,0.0005040765011384681,0.025110791721244016,0.027096824440825916,COMPLETE,453,0.05025,0.000690832378366851,0.048904053328949114,0.05162210791611617,COMPLETE,454,0.09373,0.0009216544205937494,0.09193039141708532,0.09555321190281392
Hoeffding H3,0.9,0.5,0.0,interaction_fault,0.2,False,COMPLETE,460,0.00481,0.0002187890285183423,0.004390596609037114,0.00525850823554882,COMPLETE,461,0.01476,0.0003813416106327764,0.014021683188110949,0.015526653525814609,COMPLETE,462,0.0263,0.0005060465393617469,0.025316924359509888,0.027310678852290857,COMPLETE,463,0.04963,0.0006867813560369851,0.048292011175152756,0.050994186884884864,COMPLETE,464,0.09514,0.0009278382423677093,0.09332823055959946,0.096975290270612
Hoeffding H3,0.9,0.5,0.0,time_interaction,0.2,False,COMPLETE,455,0.00505,0.0002241539091784928,0.004620073020671922,0.005509007249740848,COMPLETE,456,0.01454,0.0003785312193201507,0.01380719807528843,0.015301153324312828,COMPLETE,457,0.026,0.0005032295698784005,0.025022454315468776,0.02700516739957377,COMPLETE,458,0.04947,0.0006857311360876069,0.04813407421089538,0.05083213335244912,COMPLETE,459,0.09498,0.0009271396852686222,0.09316960433490198,0.09681392585496756
Hoeffding H3,0.9,0.5,0.5,fault_time,0.2,False,COMPLETE,465,0.00255,0.0001594834630925727,0.0022469251349620397,0.002882475515953625,COMPLETE,466,0.01,0.0003146426544510455,0.009392556089098503,0.010636111529354255,COMPLETE,467,0.01711,0.0004100883794988588,0.016315270196847812,0.01793291201370416,COMPLETE,468,0.0384,0.0006076630645349444,0.037217406427901105,0.03960946195769045,COMPLETE,469,0.07641,0.0008400685204196144,0.07477079800420973,0.07807382028643024
Hoeffding H3,0.9,0.5,0.5,interaction_fault,0.2,False,COMPLETE,475,0.00243,0.00015569505772502863,0.0021343561304264518,0.0027550662000068622,COMPLETE,476,0.00934,0.00030418356957600455,0.008753076175102735,0.009955640466112668,COMPLETE,477,0.0186,0.00042724746927278573,0.017771594670540482,0.019456491404987186,COMPLETE,478,0.03775,0.0006027017297137947,0.03657714938193717,0.038949758059751385,COMPLETE,479,0.07539,0.0008349032752361198,0.07376095122199026,0.07704372696001527
Hoeffding H3,0.9,0.5,0.5,time_interaction,0.2,False,COMPLETE,470,0.00268,0.00016348754080968984,0.002369071125933057,0.003020307158493862,COMPLETE,471,0.01012,0.0003165056966311981,0.009508900856058914,0.010759757962253416,COMPLETE,472,0.01727,0.0004119678033536116,0.016471581824504356,0.018096590003104006,COMPLETE,473,0.03725,0.0005988525486294602,0.036084708192577,0.03844222931660065,COMPLETE,474,0.07734,0.0008447397492719282,0.07569161564676964,0.07901294805048947
Hoeffding H3,0.9,0.5,1.0,fault_time,0.4,False,COMPLETE,480,1e-05,9.999949999874999e-06,2.531780477933314e-07,5.571516034774275e-05,COMPLETE,481,0.00024,4.898391572751203e-05,0.00015377838990783484,0.00035708006713410726,COMPLETE,482,0.00111,0.00010529804841496352,0.0009132186254430121,0.001336574759002705,COMPLETE,483,0.00343,0.00018488469650027823,0.003077100741003131,0.0038121655570666213,COMPLETE,484,0.01466,0.000380066894112076,0.013924184595480796,0.015424158788402852
Hoeffding H3,0.9,0.5,1.0,interaction_fault,0.4,False,COMPLETE,490,0.0,0.0,0.0,3.68881141579242e-05,COMPLETE,491,0.00056,7.481219151983184e-05,0.00042304484468992973,0.000727145778428027,COMPLETE,492,0.00121,0.0001099334298564363,0.0010041243341250884,0.001445625105664211,COMPLETE,493,0.00398,0.00019910197387268665,0.0035992134924975267,0.004389983436611219,COMPLETE,494,0.01214,0.0003463036297817278,0.011470435739793467,0.012838079140473063
Hoeffding H3,0.9,0.5,1.0,time_interaction,0.4,False,COMPLETE,485,0.0,0.0,0.0,3.68881141579242e-05,COMPLETE,486,0.00029,5.3843839016177145e-05,0.00019422588247080047,0.00041646203321855853,COMPLETE,487,0.00102,0.00010094352876732615,0.0008317622757224017,0.001238075287314316,COMPLETE,488,0.00349,0.00018648913909394293,0.0031339536327396516,0.0038753046749152764,COMPLETE,489,0.01456,0.0003787876238738536,0.013826694929369046,0.015321655133377592
Hoeffding H3,0.9,1.0,0.0,fault_time,0.2,False,COMPLETE,495,0.00499,0.00022282504123190462,0.004562679696054198,0.005446406646217135,COMPLETE,496,0.01459,0.00037917188582488554,0.013855940886547869,0.015352407171595826,COMPLETE,497,0.02624,0.0005054845437795304,0.025258027609835993,0.027249579301096494,COMPLETE,498,0.05136,0.0006980125385693298,0.04999994827329013,0.0527461471009149,COMPLETE,499,0.09522,0.0009281872203386557,0.09340754426107654,0.09705597188938957
Hoeffding H3,0.9,1.0,0.0,interaction_fault,0.2,False,COMPLETE,505,0.00479,0.00021833588573571684,0.004371485476409696,0.005237621451728734,COMPLETE,506,0.01495,0.0003837511889232397,0.014206954788295527,0.015721369276710633,COMPLETE,507,0.02663,0.0005091251624109734,0.025640880695394268,0.027646702184470896,COMPLETE,508,0.05077,0.0006942075129239095,0.04941742310123943,0.05214870727916155,COMPLETE,509,0.0947,0.0009259152769017261,0.09289201223119237,0.09653153433861303
Hoeffding H3,0.9,1.0,0.0,time_interaction,0.2,False,COMPLETE,500,0.00467,0.0002155966395842013,0.004256858663526474,0.0051122608890183845,COMPLETE,501,0.01503,0.0003847609530604685,0.014284973282860155,0.015803345465501488,COMPLETE,502,0.02636,0.0005066078404446579,0.025375822470486076,0.027371777042932657,COMPLETE,503,0.05102,0.0006958229631163375,0.04966424962484301,0.05240186592071599,COMPLETE,504,0.0953,0.0009285359982251631,0.09348685835471506,0.09713665311605955
Hoeffding H3,0.9,1.0,0.5,fault_time,0.2,False,COMPLETE,510,0.00269,0.0001637914497157895,0.0023784750088193508,0.003030901599454021,COMPLETE,511,0.00985,0.0003122975744382271,0.009247157040838744,0.010481521624619862,COMPLETE,512,0.01903,0.00043206317940782687,0.018192143292128336,0.01989591525349701,COMPLETE,513,0.03912,0.0006131037889297374,0.037926721855672356,0.040340103307874325,COMPLETE,514,0.08,0.0008579044235810887,0.07832573637601949,0.08169867123988458
Hoeffding H3,0.9,1.0,0.5,interaction_fault,0.2,False,COMPLETE,520,0.00281,0.00016739485953875646,0.002491406931322354,0.0031579500190852426,COMPLETE,521,0.01077,0.0003264047655902101,0.01013947887922829,0.01142913280899142,COMPLETE,522,0.01876,0.0004290461793327147,0.01792806451411956,0.019620011307356734,COMPLETE,523,0.03883,0.000610919234432834,0.037641011940696315,0.04004583062677758,COMPLETE,524,0.07852,0.0008506151280103124,0.07686006596461063,0.08020442848148827
Hoeffding H3,0.9,1.0,0.5,time_interaction,0.2,False,COMPLETE,515,0.00273,0.00016500142726655426,0.0024161016398614368,0.003073268323675071,COMPLETE,516,0.01012,0.0003165056966311981,0.009508900856058914,0.010759757962253416,COMPLETE,517,0.01813,0.0004219159051280243,0.017312058307171124,0.01897605796359827,COMPLETE,518,0.03916,0.0006134043886377077,0.03796613152742976,0.0403806912360911,COMPLETE,519,0.08134,0.0008644293169484709,0.07965290904185744,0.08305141998255773
Hoeffding H3,0.9,1.0,1.0,fault_time,0.4,False,COMPLETE,525,4e-05,1.9999599995999918e-05,1.0898757827458587e-05,0.00010241269060279138,COMPLETE,526,0.00102,0.00010094352876732615,0.0008317622757224017,0.001238075287314316,COMPLETE,527,0.00253,0.00015885839921137316,0.0022281512019739786,0.0028612529899144008,COMPLETE,528,0.0083,0.00028689911118719066,0.0077469860474152635,0.008881810357859697,COMPLETE,529,0.02568,0.0005002053338380149,0.02470839109598342,0.02667925037712298
Hoeffding H3,0.9,1.0,1.0,interaction_fault,0.4,False,COMPLETE,535,5e-05,2.2360120751015635e-05,1.6235056817057864e-05,0.00011667943042027703,COMPLETE,536,0.00125,0.00011173349990043273,0.001040592825409,0.0014891403187252516,COMPLETE,537,0.00285,0.00016857869082419642,0.002529084852627346,0.0032002657229332075,COMPLETE,538,0.00807,0.00028292887975602633,0.0075247749270743545,0.008644039615096723,COMPLETE,539,0.02363,0.00048032929433879004,0.022697407634848038,0.024590360982418513
Hoeffding H3,0.9,1.0,1.0,time_interaction,0.4,False,COMPLETE,530,8e-05,2.8283139853983683e-05,3.453893418088291e-05,0.0001576257736173694,COMPLETE,531,0.00079,8.884682886856457e-05,0.0006254987834672297,0.0009844799123245014,COMPLETE,532,0.00278,0.0001665013993935186,0.0024631594494037906,0.00312620233890781,COMPLETE,533,0.00839,0.00028843730514619635,0.007833968367821277,0.008974820993976259,COMPLETE,534,0.02584,0.000501719985649366,0.024865417739182123,0.026842213852107152
Hoeffding H1/H2,0.15,0.0,0.0,fault_time,0.4,False,COMPLETE,540,0.0,0.0,0.0,3.68881141579242e-05,COMPLETE,541,4e-05,1.9999599995999918e-05,1.0898757827458587e-05,0.00010241269060279138,COMPLETE,542,0.00017,4.122755146743498e-05,9.903428379688564e-05,0.000272172561193328,COMPLETE,543,0.00062,7.871566553107457e-05,0.00047538245428523887,0.0007947425410992276,COMPLETE,544,0.0023,0.00015148300234679797,0.002012618162149922,0.0026168289251277377
Hoeffding H1/H2,0.15,0.0,0.0,interaction_fault,0.4,False,COMPLETE,550,0.0,0.0,0.0,3.68881141579242e-05,COMPLETE,551,2e-05,1.4141994201667599e-05,2.4221019627031544e-06,7.22449893650479e-05,COMPLETE,552,0.00011,3.3164423709752596e-05,5.4912841664576154e-05,0.00019681184115254098,COMPLETE,553,0.00063,7.934753304293713e-05,0.00048414219777174507,0.0008059727168342744,COMPLETE,554,0.0021,0.00014476152803835694,0.0018258025929320872,0.0024036856112226346
Hoeffding H1/H2,0.15,0.0,0.0,time_interaction,0.4,False,COMPLETE,545,0.0,0.0,0.0,3.68881141579242e-05,COMPLETE,546,5e-05,2.2360120751015635e-05,1.6235056817057864e-05,0.00011667943042027703,COMPLETE,547,0.0002,4.4716887190411634e-05,0.000122169339689991,0.0003088669626311431,COMPLETE,548,0.00047,6.854043332223689e-05,0.0003453581233731223,0.0006249519228199004,COMPLETE,549,0.00221,0.00014849632655389156,0.001928476620658587,0.0025209884774993817
Hoeffding H1/H2,0.15,0.0,0.5,fault_time,0.4,False,COMPLETE,555,0.0,0.0,0.0,3.68881141579242e-05,COMPLETE,556,1e-05,9.999949999874999e-06,2.531780477933314e-07,5.571516034774275e-05,COMPLETE,557,0.00013,3.605316907013862e-05,6.922128249962018e-05,0.00022229369942010544,COMPLETE,558,0.00032,5.65594908039314e-05,0.00021888973643324452,0.0004517147624079499,COMPLETE,559,0.00208,0.00014407198200899437,0.0018071551744387431,0.0023823373711607796
Hoeffding H1/H2,0.15,0.0,0.5,interaction_fault,0.4,False,COMPLETE,565,0.0,0.0,0.0,3.68881141579242e-05,COMPLETE,566,1e-05,9.999949999874999e-06,2.531780477933314e-07,5.571516034774275e-05,COMPLETE,567,7e-05,2.6456587081481237e-05,2.8144078805036797e-05,0.00014422140092234864,COMPLETE,568,0.00038,6.163242653019594e-05,0.0002689242102547145,0.0005215427650470837,COMPLETE,569,0.00189,0.00013734729338432558,0.0016303461379454302,0.002179190102197492
Hoeffding H1/H2,0.15,0.0,0.5,time_interaction,0.4,False,COMPLETE,560,0.0,0.0,0.0,3.68881141579242e-05,COMPLETE,561,1e-05,9.999949999874999e-06,2.531780477933314e-07,5.571516034774275e-05,COMPLETE,562,0.0001,3.162119542332326e-05,4.795489513901142e-05,0.0001838958453766498,COMPLETE,563,0.00046,6.78076986779525e-05,0.00033679688244125043,0.000613528419237637,COMPLETE,564,0.00199,0.00014092692787398724,0.0017233243956584618,0.002286188269314
Hoeffding H1/H2,0.15,0.0,1.0,fault_time,0.4,False,COMPLETE,570,0.0,0.0,0.0,3.68881141579242e-05,COMPLETE,571,0.0,0.0,0.0,3.68881141579242e-05,COMPLETE,572,0.0,0.0,0.0,3.68881141579242e-05,COMPLETE,573,1e-05,9.999949999874999e-06,2.531780477933314e-07,5.571516034774275e-05,COMPLETE,574,0.00047,6.854043332223689e-05,0.0003453581233731223,0.0006249519228199004
Hoeffding H1/H2,0.15,0.0,1.0,interaction_fault,0.4,False,COMPLETE,580,0.0,0.0,0.0,3.68881141579242e-05,COMPLETE,581,0.0,0.0,0.0,3.68881141579242e-05,COMPLETE,582,2e-05,1.4141994201667599e-05,2.4221019627031544e-06,7.22449893650479e-05,COMPLETE,583,0.00011,3.3164423709752596e-05,5.4912841664576154e-05,0.00019681184115254098,COMPLETE,584,0.00077,8.771585375517927e-05,0.0006077182528172749,0.0009622753093935229
Hoeffding H1/H2,0.15,0.0,1.0,time_interaction,0.4,False,COMPLETE,575,0.0,0.0,0.0,3.68881141579242e-05,COMPLETE,576,0.0,0.0,0.0,3.68881141579242e-05,COMPLETE,577,0.0,0.0,0.0,3.68881141579242e-05,COMPLETE,578,1e-05,9.999949999874999e-06,2.531780477933314e-07,5.571516034774275e-05,COMPLETE,579,0.00038,6.163242653019594e-05,0.0002689242102547145,0.0005215427650470837
Hoeffding H1/H2,0.15,0.5,0.0,fault_time,0.4,False,COMPLETE,585,0.0,0.0,0.0,3.68881141579242e-05,COMPLETE,586,1e-05,9.999949999874999e-06,2.531780477933314e-07,5.571516034774275e-05,COMPLETE,587,0.00016,3.9996799871989764e-05,9.145650183632773e-05,0.0002598170065129076,COMPLETE,588,0.00056,7.481219151983184e-05,0.00042304484468992973,0.000727145778428027,COMPLETE,589,0.00177,0.00013292355321762957,0.0015190237725233834,0.0020505426952811645
Hoeffding H1/H2,0.15,0.5,0.0,interaction_fault,0.4,False,COMPLETE,595,0.0,0.0,0.0,3.68881141579242e-05,COMPLETE,596,2e-05,1.4141994201667599e-05,2.4221019627031544e-06,7.22449893650479e-05,COMPLETE,597,9e-05,2.9998649969623634e-05,4.115453033731778e-05,0.0001708411281938357,COMPLETE,598,0.00031,5.5669012924606445e-05,0.00021063937283451517,0.00043999164839591035,COMPLETE,599,0.00195,0.0001395061826586908,0.0016861112934436905,0.002243410638972344
Hoeffding H1/H2,0.15,0.5,0.0,time_interaction,0.4,False,COMPLETE,590,0.0,0.0,0.0,3.68881141579242e-05,COMPLETE,591,2e-05,1.4141994201667599e-05,2.4221019627031544e-06,7.22449893650479e-05,COMPLETE,592,5e-05,2.2360120751015635e-05,1.6235056817057864e-05,0.00011667943042027703,COMPLETE,593,0.00038,6.163242653019594e-05,0.0002689242102547145,0.0005215427650470837,COMPLETE,594,0.00189,0.00013734729338432558,0.0016303461379454302,0.002179190102197492
Hoeffding H1/H2,0.15,0.5,0.5,fault_time,0.4,False,COMPLETE,600,0.0,0.0,0.0,3.68881141579242e-05,COMPLETE,601,3e-05,1.732024826611905e-05,6.18676395892203e-06,8.7670202566362e-05,COMPLETE,602,0.0001,3.162119542332326e-05,4.795489513901142e-05,0.0001838958453766498,COMPLETE,603,0.0003,5.476403929587371e-05,0.00020241760578305193,0.00042824118644745957,COMPLETE,604,0.00217,0.00014714928134381086,0.0018911189028122696,0.002478354451574729
Hoeffding H1/H2,0.15,0.5,0.5,interaction_fault,0.4,False,COMPLETE,610,0.0,0.0,0.0,3.68881141579242e-05,COMPLETE,611,4e-05,1.9999599995999918e-05,1.0898757827458587e-05,0.00010241269060279138,COMPLETE,612,8e-05,2.8283139853983683e-05,3.453893418088291e-05,0.0001576257736173694,COMPLETE,613,0.00031,5.5669012924606445e-05,0.00021063937283451517,0.00043999164839591035,COMPLETE,614,0.00151,0.00012278924627181324,0.0012789038769207535,0.0017707371837823057
Hoeffding H1/H2,0.15,0.5,0.5,time_interaction,0.4,False,COMPLETE,605,0.0,0.0,0.0,3.68881141579242e-05,COMPLETE,606,2e-05,1.4141994201667599e-05,2.4221019627031544e-06,7.22449893650479e-05,COMPLETE,607,0.00015,3.872692861562868e-05,8.395621410881062e-05,0.0002473901399277955,COMPLETE,608,0.00025,4.9993749609326164e-05,0.00016179314598619202,0.00036902734901631185,COMPLETE,609,0.00149,0.00012197458341802196,0.0012605020147075537,0.0017491454119759552
Hoeffding H1/H2,0.15,0.5,1.0,fault_time,0.4,False,COMPLETE,615,0.0,0.0,0.0,3.68881141579242e-05,COMPLETE,616,2e-05,1.4141994201667599e-05,2.4221019627031544e-06,7.22449893650479e-05,COMPLETE,617,8e-05,2.8283139853983683e-05,3.453893418088291e-05,0.0001576257736173694,COMPLETE,618,0.00028,5.290761759898096e-05,0.00018606577638819084,0.00040465273159839127,COMPLETE,619,0.00162,0.00012717608265707826,0.0013802982642046823,0.0018893095104842955
Hoeffding H1/H2,0.15,0.5,1.0,interaction_fault,0.4,False,COMPLETE,625,0.0,0.0,0.0,3.68881141579242e-05,COMPLETE,626,0.0,0.0,0.0,3.68881141579242e-05,COMPLETE,627,6e-05,2.4494162569885914e-05,2.201925059919836e-05,0.0001305901306201627,COMPLETE,628,0.00023,4.795279970971455e-05,0.00014580567999884314,0.0003450930651544078,COMPLETE,629,0.00128,0.00011306465407013813,0.0010679813034614343,0.0015217400465655847
Hoeffding H1/H2,0.15,0.5,1.0,time_interaction,0.4,False,COMPLETE,620,0.0,0.0,0.0,3.68881141579242e-05,COMPLETE,621,0.0,0.0,0.0,3.68881141579242e-05,COMPLETE,622,0.00013,3.605316907013862e-05,6.922128249962018e-05,0.00022229369942010544,COMPLETE,623,0.00034,5.829960548751595e-05,0.00023547101538208486,0.0004750838219411014,COMPLETE,624,0.00158,0.00012559871018446008,0.001343392557995857,0.0018462269985354545
Hoeffding H1/H2,0.15,1.0,0.0,fault_time,0.0,False,COMPLETE,630,0.0,0.0,0.0,3.68881141579242e-05,INFEASIBLE,631,,,,,INFEASIBLE,632,,,,,INFEASIBLE,633,,,,,INFEASIBLE,634,,,,
Hoeffding H1/H2,0.15,1.0,0.0,interaction_fault,0.4,True,COMPLETE,640,0.0,0.0,0.0,3.68881141579242e-05,COMPLETE,641,0.0,0.0,0.0,3.68881141579242e-05,COMPLETE,642,1e-05,9.999949999874999e-06,2.531780477933314e-07,5.571516034774275e-05,COMPLETE,643,0.0,0.0,0.0,3.68881141579242e-05,COMPLETE,644,2e-05,1.4141994201667599e-05,2.4221019627031544e-06,7.22449893650479e-05
Hoeffding H1/H2,0.15,1.0,0.0,time_interaction,0.4,False,COMPLETE,635,0.0,0.0,0.0,3.68881141579242e-05,COMPLETE,636,0.0,0.0,0.0,3.68881141579242e-05,COMPLETE,637,0.0,0.0,0.0,3.68881141579242e-05,COMPLETE,638,0.0,0.0,0.0,3.68881141579242e-05,COMPLETE,639,5e-05,2.2360120751015635e-05,1.6235056817057864e-05,0.00011667943042027703
Hoeffding H1/H2,0.15,1.0,0.5,fault_time,0.0,False,COMPLETE,645,0.0,0.0,0.0,3.68881141579242e-05,INFEASIBLE,646,,,,,INFEASIBLE,647,,,,,INFEASIBLE,648,,,,,INFEASIBLE,649,,,,
Hoeffding H1/H2,0.15,1.0,0.5,interaction_fault,0.4,False,COMPLETE,655,0.0,0.0,0.0,3.68881141579242e-05,COMPLETE,656,0.0,0.0,0.0,3.68881141579242e-05,COMPLETE,657,0.0,0.0,0.0,3.68881141579242e-05,COMPLETE,658,1e-05,9.999949999874999e-06,2.531780477933314e-07,5.571516034774275e-05,COMPLETE,659,3e-05,1.732024826611905e-05,6.18676395892203e-06,8.7670202566362e-05
Hoeffding H1/H2,0.15,1.0,0.5,time_interaction,0.4,False,COMPLETE,650,0.0,0.0,0.0,3.68881141579242e-05,COMPLETE,651,0.0,0.0,0.0,3.68881141579242e-05,COMPLETE,652,0.0,0.0,0.0,3.68881141579242e-05,COMPLETE,653,1e-05,9.999949999874999e-06,2.531780477933314e-07,5.571516034774275e-05,COMPLETE,654,2e-05,1.4141994201667599e-05,2.4221019627031544e-06,7.22449893650479e-05
Hoeffding H1/H2,0.15,1.0,1.0,fault_time,0.0,False,COMPLETE,660,0.0,0.0,0.0,3.68881141579242e-05,INFEASIBLE,661,,,,,INFEASIBLE,662,,,,,INFEASIBLE,663,,,,,INFEASIBLE,664,,,,
Hoeffding H1/H2,0.15,1.0,1.0,interaction_fault,0.4,False,COMPLETE,670,0.0,0.0,0.0,3.68881141579242e-05,COMPLETE,671,0.0,0.0,0.0,3.68881141579242e-05,COMPLETE,672,0.0,0.0,0.0,3.68881141579242e-05,COMPLETE,673,0.0,0.0,0.0,3.68881141579242e-05,COMPLETE,674,5e-05,2.2360120751015635e-05,1.6235056817057864e-05,0.00011667943042027703
Hoeffding H1/H2,0.15,1.0,1.0,time_interaction,0.4,True,COMPLETE,665,0.0,0.0,0.0,3.68881141579242e-05,COMPLETE,666,1e-05,9.999949999874999e-06,2.531780477933314e-07,5.571516034774275e-05,COMPLETE,667,0.0,0.0,0.0,3.68881141579242e-05,COMPLETE,668,1e-05,9.999949999874999e-06,2.531780477933314e-07,5.571516034774275e-05,COMPLETE,669,1e-05,9.999949999874999e-06,2.531780477933314e-07,5.571516034774275e-05
Hoeffding H1/H2,0.3,0.0,0.0,fault_time,0.4,False,COMPLETE,675,1e-05,9.999949999874999e-06,2.531780477933314e-07,5.571516034774275e-05,COMPLETE,676,0.00023,4.795279970971455e-05,0.00014580567999884314,0.0003450930651544078,COMPLETE,677,0.00105,0.00010241569703907697,0.0008588738075350435,0.0012709484813453226,COMPLETE,678,0.00381,0.00019482001693871192,0.0034376125993619117,0.004211604906940757,COMPLETE,679,0.01249,0.0003511979484564225,0.011810832374186134,0.013197658236053247
Hoeffding H1/H2,0.3,0.0,0.0,interaction_fault,0.4,False,COMPLETE,685,0.0,0.0,0.0,3.68881141579242e-05,COMPLETE,686,0.00046,6.78076986779525e-05,0.00033679688244125043,0.000613528419237637,COMPLETE,687,0.00121,0.0001099334298564363,0.0010041243341250884,0.001445625105664211,COMPLETE,688,0.00418,0.00020402273402736276,0.0037895613238387053,0.004599612237368302,COMPLETE,689,0.01315,0.00036023710941545154,0.012453095878801626,0.01387534939875492
Hoeffding H1/H2,0.3,0.0,0.0,time_interaction,0.4,False,COMPLETE,680,2e-05,1.4141994201667599e-05,2.4221019627031544e-06,7.22449893650479e-05,COMPLETE,681,0.00045,6.706694416774929e-05,0.0003282514335037746,0.0006020895993077508,COMPLETE,682,0.00146,0.00012074222128153847,0.0012329195742510632,0.0017167375988295383,COMPLETE,683,0.00395,0.00019835315727257787,0.003570682307015589,0.0043585182033554016,COMPLETE,684,0.01254,0.00035189129571502615,0.011859471915356431,0.0132490152412718
Hoeffding H1/H2,0.3,0.0,0.5,fault_time,0.4,False,COMPLETE,690,0.0,0.0,0.0,3.68881141579242e-05,COMPLETE,691,0.00023,4.795279970971455e-05,0.00014580567999884314,0.0003450930651544078,COMPLETE,692,0.00068,8.243407062616766e-05,0.0005280840948787707,0.0008619835490850979,COMPLETE,693,0.0028,0.0001670975762840383,0.002481990051014678,0.0031473685065411426,COMPLETE,694,0.01053,0.00032278660288184203,0.009906577774589627,0.011182051214291956
Hoeffding H1/H2,0.3,0.0,0.5,interaction_fault,0.4,False,COMPLETE,700,0.0,0.0,0.0,3.68881141579242e-05,COMPLETE,701,0.00028,5.290761759898096e-05,0.00018606577638819084,0.00040465273159839127,COMPLETE,702,0.00082,9.051671668813446e-05,0.0006522218141672244,0.0010177355156200034,COMPLETE,703,0.00328,0.00018081044217633008,0.0029350923670138514,0.003654194439275012,COMPLETE,704,0.01023,0.0003182035056375086,0.009615569790107893,0.010873080989759377
Hoeffding H1/H2,0.3,0.0,0.5,time_interaction,0.4,False,COMPLETE,695,0.0,0.0,0.0,3.68881141579242e-05,COMPLETE,696,0.00023,4.795279970971455e-05,0.00014580567999884314,0.0003450930651544078,COMPLETE,697,0.00075,8.657005833427629e-05,0.0005899668548163777,0.0009400421096751639,COMPLETE,698,0.00304,0.00017409073496312203,0.0027082730185762818,0.0034010483732940682,COMPLETE,699,0.01118,0.0003324907156598512,0.010537537989364168,0.011851044395954708
Hoeffding H1/H2,0.3,0.0,1.0,fault_time,0.4,True,COMPLETE,705,0.0,0.0,0.0,3.68881141579242e-05,COMPLETE,706,2e-05,1.4141994201667599e-05,2.4221019627031544e-06,7.22449893650479e-05,COMPLETE,707,1e-05,9.999949999874999e-06,2.531780477933314e-07,5.571516034774275e-05,COMPLETE,708,0.00026,5.098356597963701e-05,0.00016984743995762097,0.00038093719982381307,COMPLETE,709,0.00307,0.00017494499421246668,0.0027365973961922824,0.00343271954167646
Hoeffding H1/H2,0.3,0.0,1.0,interaction_fault,0.4,False,COMPLETE,715,0.0,0.0,0.0,3.68881141579242e-05,COMPLETE,716,0.0,0.0,0.0,3.68881141579242e-05,COMPLETE,717,0.0001,3.162119542332326e-05,4.795489513901142e-05,0.0001838958453766498,COMPLETE,718,0.00055,7.414158752009562e-05,0.00041436130817219515,0.0007158412110354705,COMPLETE,719,0.00325,0.00017998437432177272,0.0029067126930896817,0.0036225783116236553
Hoeffding H1/H2,0.3,0.0,1.0,time_interaction,0.4,False,COMPLETE,710,0.0,0.0,0.0,3.68881141579242e-05,COMPLETE,711,0.0,0.0,0.0,3.68881141579242e-05,COMPLETE,712,3e-05,1.732024826611905e-05,6.18676395892203e-06,8.7670202566362e-05,COMPLETE,713,0.00035,5.9150443785317456e-05,0.00024379955314601237,0.0004867319861444924,COMPLETE,714,0.00311,0.0001760774801046403,0.002774376034631699,0.0034749350253337782
Hoeffding H1/H2,0.3,0.5,0.0,fault_time,0.4,False,COMPLETE,720,0.0,0.0,0.0,3.68881141579242e-05,COMPLETE,721,0.00039,6.243780105032527e-05,0.0002773423637216229,0.0005331046791417923,COMPLETE,722,0.00112,0.00010577077100976432,0.0009222911585606056,0.0013474976057756929,COMPLETE,723,0.00369,0.00019173898664590883,0.0033236560569428904,0.004085576412796022,COMPLETE,724,0.01217,0.00034672598835391616,0.011499607015949067,0.012868905777368923
Hoeffding H1/H2,0.3,0.5,0.0,interaction_fault,0.4,False,COMPLETE,730,1e-05,9.999949999874999e-06,2.531780477933314e-07,5.571516034774275e-05,COMPLETE,731,0.00016,3.9996799871989764e-05,9.145650183632773e-05,0.0002598170065129076,COMPLETE,732,0.00092,9.587249866358965e-05,0.0007417122943717655,0.0011281808006754785,COMPLETE,733,0.00301,0.00017323221120796211,0.0026799570058627475,0.0033693688801448643,COMPLETE,734,0.01128,0.00033395750627886775,0.010634660055269625,0.011953915228623619
Hoeffding H1/H2,0.3,0.5,0.0,time_interaction,0.4,False,COMPLETE,725,0.0,0.0,0.0,3.68881141579242e-05,COMPLETE,726,0.0003,5.476403929587371e-05,0.00020241760578305193,0.00042824118644745957,COMPLETE,727,0.0009,9.482562944689584e-05,0.0007237664724843088,0.0011061386970276526,COMPLETE,728,0.00307,0.00017494499421246668,0.0027365973961922824,0.00343271954167646,COMPLETE,729,0.01093,0.00032879378187550935,0.01029479155208353,0.01159380866412607
Hoeffding H1/H2,0.3,0.5,0.5,fault_time,0.4,False,COMPLETE,735,0.0,0.0,0.0,3.68881141579242e-05,COMPLETE,736,0.00031,5.5669012924606445e-05,0.00021063937283451517,0.00043999164839591035,COMPLETE,737,0.00097,9.844079946851306e-05,0.0007866728734833809,0.0011831915073055332,COMPLETE,738,0.00312,0.00017635945112184944,0.0027838229508465907,0.003485486650263143,COMPLETE,739,0.01149,0.00033701602187433165,0.01083865902133464,0.0121699014047605
Hoeffding H1/H2,0.3,0.5,0.5,interaction_fault,0.4,False,COMPLETE,745,0.0,0.0,0.0,3.68881141579242e-05,COMPLETE,746,0.00022,4.689899785709712e-05,0.0001378778013156194,0.0003330638106733444,COMPLETE,747,0.00072,8.482226122899577e-05,0.0005633969730498993,0.0009066361791796037,COMPLETE,748,0.00261,0.00016134397726596427,0.0023032757281980423,0.0029461144633147105,COMPLETE,749,0.01042,0.0003211140545040033,0.00979985931931263,0.01106877763769654
Hoeffding H1/H2,0.3,0.5,0.5,time_interaction,0.4,False,COMPLETE,740,1e-05,9.999949999874999e-06,2.531780477933314e-07,5.571516034774275e-05,COMPLETE,741,0.00024,4.898391572751203e-05,0.00015377838990783484,0.00035708006713410726,COMPLETE,742,0.00082,9.051671668813446e-05,0.0006522218141672244,0.0010177355156200034,COMPLETE,743,0.00258,0.00016041644554097312,0.0022750950849953436,0.0029143003060520803,COMPLETE,744,0.01052,0.0003226349268135736,0.009896875364068998,0.011171754348163915
Hoeffding H1/H2,0.3,0.5,1.0,fault_time,0.4,False,COMPLETE,750,0.0,0.0,0.0,3.68881141579242e-05,COMPLETE,751,0.00017,4.122755146743498e-05,9.903428379688564e-05,0.000272172561193328,COMPLETE,752,0.00056,7.481219151983184e-05,0.00042304484468992973,0.000727145778428027,COMPLETE,753,0.00222,0.00014883116609097706,0.0019378198208080393,0.0025316432381856605,COMPLETE,754,0.01012,0.0003165056966311981,0.009508900856058914,0.010759757962253416
Hoeffding H1/H2,0.3,0.5,1.0,interaction_fault,0.4,False,COMPLETE,760,1e-05,9.999949999874999e-06,2.531780477933314e-07,5.571516034774275e-05,COMPLETE,761,0.0001,3.162119542332326e-05,4.795489513901142e-05,0.0001838958453766498,COMPLETE,762,0.0004,6.323290282756281e-05,0.0002857807597596746,0.0005446470633997487,COMPLETE,763,0.00184,0.00013552174733230088,0.001583927123804898,0.0021256214370712267,COMPLETE,764,0.00829,0.00028672767393469366,0.007737322377977187,0.008871474811725458
Hoeffding H1/H2,0.3,0.5,1.0,time_interaction,0.4,False,COMPLETE,755,0.0,0.0,0.0,3.68881141579242e-05,COMPLETE,756,0.00014,3.741395461589165e-05,7.654134879650306e-05,0.00023488506582797472,COMPLETE,757,0.00064,7.997439590268876e-05,0.0004929117848014186,0.0008171932686183679,COMPLETE,758,0.00263,0.00016195934983816154,0.002322068673492469,0.0029673180843362785,COMPLETE,759,0.00946,0.00030611286153966154,0.00886929106327525,0.010079416581908652
Hoeffding H1/H2,0.3,1.0,0.0,fault_time,0.0,False,COMPLETE,765,2e-05,1.4141994201667599e-05,2.4221019627031544e-06,7.22449893650479e-05,INFEASIBLE,766,,,,,INFEASIBLE,767,,,,,INFEASIBLE,768,,,,,INFEASIBLE,769,,,,
Hoeffding H1/H2,0.3,1.0,0.0,interaction_fault,0.4,False,COMPLETE,775,1e-05,9.999949999874999e-06,2.531780477933314e-07,5.571516034774275e-05,COMPLETE,776,1e-05,9.999949999874999e-06,2.531780477933314e-07,5.571516034774275e-05,COMPLETE,777,5e-05,2.2360120751015635e-05,1.6235056817057864e-05,0.00011667943042027703,COMPLETE,778,0.00017,4.122755146743498e-05,9.903428379688564e-05,0.000272172561193328,COMPLETE,779,0.00118,0.00010856369558927147,0.0009768116153885597,0.0014129505034611825
Hoeffding H1/H2,0.3,1.0,0.0,time_interaction,0.4,False,COMPLETE,770,0.0,0.0,0.0,3.68881141579242e-05,COMPLETE,771,0.0,0.0,0.0,3.68881141579242e-05,COMPLETE,772,2e-05,1.4141994201667599e-05,2.4221019627031544e-06,7.22449893650479e-05,COMPLETE,773,0.00018,4.242258832273203e-05,0.00010668278553560073,0.00028446274179775715,COMPLETE,774,0.00128,0.00011306465407013813,0.0010679813034614343,0.0015217400465655847
Hoeffding H1/H2,0.3,1.0,0.5,fault_time,0.0,False,COMPLETE,780,0.0,0.0,0.0,3.68881141579242e-05,INFEASIBLE,781,,,,,INFEASIBLE,782,,,,,INFEASIBLE,783,,,,,INFEASIBLE,784,,,,
Hoeffding H1/H2,0.3,1.0,0.5,interaction_fault,0.4,False,COMPLETE,790,0.0,0.0,0.0,3.68881141579242e-05,COMPLETE,791,0.0,0.0,0.0,3.68881141579242e-05,COMPLETE,792,6e-05,2.4494162569885914e-05,2.201925059919836e-05,0.0001305901306201627,COMPLETE,793,0.00016,3.9996799871989764e-05,9.145650183632773e-05,0.0002598170065129076,COMPLETE,794,0.00125,0.00011173349990043273,0.001040592825409,0.0014891403187252516
Hoeffding H1/H2,0.3,1.0,0.5,time_interaction,0.4,False,COMPLETE,785,0.0,0.0,0.0,3.68881141579242e-05,COMPLETE,786,3e-05,1.732024826611905e-05,6.18676395892203e-06,8.7670202566362e-05,COMPLETE,787,5e-05,2.2360120751015635e-05,1.6235056817057864e-05,0.00011667943042027703,COMPLETE,788,0.00012,3.4638937628050894e-05,6.20072391173597e-05,0.00020960645805016376,COMPLETE,789,0.00117,0.00010810324231955303,0.0009677149859475427,0.0014020514512543948
Hoeffding H1/H2,0.3,1.0,1.0,fault_time,0.0,False,COMPLETE,795,0.0,0.0,0.0,3.68881141579242e-05,INFEASIBLE,796,,,,,INFEASIBLE,797,,,,,INFEASIBLE,798,,,,,INFEASIBLE,799,,,,
Hoeffding H1/H2,0.3,1.0,1.0,interaction_fault,0.4,False,COMPLETE,805,0.0,0.0,0.0,3.68881141579242e-05,COMPLETE,806,0.0,0.0,0.0,3.68881141579242e-05,COMPLETE,807,4e-05,1.9999599995999918e-05,1.0898757827458587e-05,0.00010241269060279138,COMPLETE,808,0.00015,3.872692861562868e-05,8.395621410881062e-05,0.0002473901399277955,COMPLETE,809,0.00094,9.69080182441061e-05,0.0007596804166094382,0.0011502009492637387
Hoeffding H1/H2,0.3,1.0,1.0,time_interaction,0.4,False,COMPLETE,800,0.0,0.0,0.0,3.68881141579242e-05,COMPLETE,801,0.0,0.0,0.0,3.68881141579242e-05,COMPLETE,802,0.0,0.0,0.0,3.68881141579242e-05,COMPLETE,803,0.00027,5.1954508947732345e-05,0.00017793900330662129,0.0003928116967430179,COMPLETE,804,0.00116,0.00010764081010471818,0.0009586222428902023,0.001391148560293933
Hoeffding H1/H2,0.6,0.0,0.0,fault_time,0.4,False,COMPLETE,810,0.00075,8.657005833427629e-05,0.0005899668548163777,0.0009400421096751639,COMPLETE,811,0.00467,0.0002155966395842013,0.004256858663526474,0.0051122608890183845,COMPLETE,812,0.00934,0.00030418356957600455,0.008753076175102735,0.009955640466112668,COMPLETE,813,0.02215,0.00046539636332915195,0.02124671921878696,0.023081141888930828,COMPLETE,814,0.05288,0.0007076984216458308,0.051500920206369975,0.05428508504495365
Hoeffding H1/H2,0.6,0.0,0.0,interaction_fault,0.4,False,COMPLETE,820,0.00074,8.59914181764669e-05,0.0005811024445553794,0.0009289144331278223,COMPLETE,821,0.00397,0.00019885268668036647,0.0035897024730200513,0.004379495647541171,COMPLETE,822,0.00908,0.0002999592238955155,0.008501363928911317,0.009687372340487777,COMPLETE,823,0.02293,0.00047333091067455123,0.022011144813605735,0.02387666746891829,COMPLETE,824,0.05337,0.0007107857841853621,0.05198485487750909,0.0547811213394827
Hoeffding H1/H2,0.6,0.0,0.0,time_interaction,0.4,False,COMPLETE,815,0.00078,8.828315807672492e-05,0.000616604947007356,0.0009733811171331557,COMPLETE,816,0.00396,0.0001986030815470898,0.0035801920770744382,0.004369007237236049,COMPLETE,817,0.00916,0.0003012655705519633,0.008578801013688473,0.009769929195793028,COMPLETE,818,0.02186,0.0004624082654970605,0.020962584333326366,0.022785294975981692,COMPLETE,819,0.05374,0.0007131059696847306,0.052350296668540665,0.05515565763030705
Hoeffding H1/H2,0.6,0.0,0.5,fault_time,0.4,False,COMPLETE,825,0.00033,5.743614715490586e-05,0.0002271673619390759,0.00046341177012288473,COMPLETE,826,0.00192,0.00013843097919179797,0.0016582203928372594,0.002211308630622022,COMPLETE,827,0.00524,0.00022830992970083452,0.004801920635262731,0.005707140701270412,COMPLETE,828,0.01439,0.0003766022822554319,0.013660983241010645,0.015147378196674461,COMPLETE,829,0.03896,0.0006118996519038068,0.037769086575603676,0.040177748189293636
Hoeffding H1/H2,0.6,0.0,0.5,interaction_fault,0.4,False,COMPLETE,835,0.00037,6.081637115119579e-05,0.00026052710608173105,0.0005099605611549961,COMPLETE,836,0.00276,0.00016590305602971875,0.002444333097677301,0.003105031943664537,COMPLETE,837,0.00583,0.00024074906230346982,0.005367519880967084,0.006321485160443458,COMPLETE,838,0.01571,0.0003932327033704089,0.014948348555280277,0.01649992521098192,COMPLETE,839,0.03943,0.0006154289162852197,0.03823215567199687,0.04065465089457783
Hoeffding H1/H2,0.6,0.0,0.5,time_interaction,0.4,False,COMPLETE,830,0.00031,5.5669012924606445e-05,0.00021063937283451517,0.00043999164839591035,COMPLETE,831,0.00232,0.00015213867358433226,0.002031332046370967,0.0026381111391268327,COMPLETE,832,0.00528,0.00022917507717899868,0.004840223568430257,0.005748833836300299,COMPLETE,833,0.01419,0.0003740139556219794,0.013466062297863166,0.01494231255667262,COMPLETE,834,0.03864,0.0006094829808944627,0.03745383247399169,0.03985302149965836
Hoeffding H1/H2,0.6,0.0,1.0,fault_time,0.4,False,COMPLETE,840,0.0,0.0,0.0,3.68881141579242e-05,COMPLETE,841,0.0,0.0,0.0,3.68881141579242e-05,COMPLETE,842,6e-05,2.4494162569885914e-05,2.201925059919836e-05,0.0001305901306201627,COMPLETE,843,0.00062,7.871566553107457e-05,0.00047538245428523887,0.0007947425410992276,COMPLETE,844,0.00467,0.0002155966395842013,0.004256858663526474,0.0051122608890183845
Hoeffding H1/H2,0.6,0.0,1.0,interaction_fault,0.4,False,COMPLETE,850,0.0,0.0,0.0,3.68881141579242e-05,COMPLETE,851,2e-05,1.4141994201667599e-05,2.4221019627031544e-06,7.22449893650479e-05,COMPLETE,852,9e-05,2.9998649969623634e-05,4.115453033731778e-05,0.0001708411281938357,COMPLETE,853,0.00074,8.59914181764669e-05,0.0005811024445553794,0.0009289144331278223,COMPLETE,854,0.00464,0.00021490626794023484,0.00422821286351143,0.005080909879104311
Hoeffding H1/H2,0.6,0.0,1.0,time_interaction,0.4,False,COMPLETE,845,0.0,0.0,0.0,3.68881141579242e-05,COMPLETE,846,1e-05,9.999949999874999e-06,2.531780477933314e-07,5.571516034774275e-05,COMPLETE,847,7e-05,2.6456587081481237e-05,2.8144078805036797e-05,0.00014422140092234864,COMPLETE,848,0.00046,6.78076986779525e-05,0.00033679688244125043,0.000613528419237637,COMPLETE,849,0.00474,0.00021719881215144802,0.004323715913453104,0.005185396248896765
Hoeffding H1/H2,0.6,0.5,0.0,fault_time,0.4,False,COMPLETE,855,0.00073,8.54088461460521e-05,0.0005722457641103372,0.0009177791744723772,COMPLETE,856,0.00419,0.0002042656089506993,0.0037990849185753225,0.004610087496285914,COMPLETE,857,0.00832,0.00028724166828647963,0.007766314008573738,0.008902480828944948,COMPLETE,858,0.02117,0.0004552123801040565,0.020286708370547222,0.022081214359224607,COMPLETE,859,0.05333,0.0007105343841081866,0.05194534877252604,0.05474062981428855
Hoeffding H1/H2,0.6,0.5,0.0,interaction_fault,0.4,False,COMPLETE,865,0.00076,8.714484494219953e-05,0.0005988388406346359,0.000951162353563685,COMPLETE,866,0.00388,0.00019659464896074866,0.0035041316424083255,0.004285077306341802,COMPLETE,867,0.00874,0.00029434015016643585,0.008172387867791281,0.009336374370803084,COMPLETE,868,0.02102,0.000453631564157522,0.020139811142481704,0.02192812104855612,COMPLETE,869,0.05129,0.0006975624409327096,0.0499308324789234,0.0526752670478312
Hoeffding H1/H2,0.6,0.5,0.0,time_interaction,0.4,False,COMPLETE,860,0.0007,8.363671442614182e-05,0.0005457237254804844,0.0008843263336793942,COMPLETE,861,0.00396,0.0001986030815470898,0.0035801920770744382,0.004369007237236049,COMPLETE,862,0.0085,0.00029030587317517364,0.007940302534462523,0.009088478257837405,COMPLETE,863,0.02079,0.0004511959208592205,0.01991459171009556,0.021693355004150924,COMPLETE,864,0.05204,0.0007023662748167796,0.05067139538358303,0.053434659661571265
Hoeffding H1/H2,0.6,0.5,0.5,fault_time,0.4,False,COMPLETE,870,0.00049,6.998284789861012e-05,0.0003625259973233576,0.0006477548687888402,COMPLETE,871,0.00295,0.0001715021136895986,0.002623350578521294,0.003305984420208877,COMPLETE,872,0.00694,0.000262523073271665,0.006434806321819071,0.007474100670250045,COMPLETE,873,0.01883,0.0004298305608027423,0.017996525077383765,0.019691546261842573,COMPLETE,874,0.04643,0.0006653890223019914,0.04513403225468027,0.04775235609355017
Hoeffding H1/H2,0.6,0.5,0.5,interaction_fault,0.4,False,COMPLETE,880,0.00063,7.934753304293713e-05,0.00048414219777174507,0.0008059727168342744,COMPLETE,881,0.00288,0.00016946107517657263,0.0025573540611641935,0.003231991788392537,COMPLETE,882,0.00657,0.0002554767132245129,0.006078629205883284,0.0070903095224726055,COMPLETE,883,0.0169,0.0004076075318244254,0.016110138832261513,0.017718057029517488,COMPLETE,884,0.04591,0.000661832848232845,0.044621017325785446,0.047225401991238126
Hoeffding H1/H2,0.6,0.5,0.5,time_interaction,0.4,False,COMPLETE,875,0.00044,6.631790105243078e-05,0.00031972230720580456,0.0005906349587269146,COMPLETE,876,0.00264,0.0001622661517384325,0.0023314668810899566,0.0029779181695137815,COMPLETE,877,0.00655,0.00025509013113015564,0.006059387560236085,0.007069552908102688,COMPLETE,878,0.01702,0.00040902713357428993,0.01622735288440586,0.017840835173349813,COMPLETE,879,0.04591,0.000661832848232845,0.044621017325785446,0.047225401991238126
Hoeffding H1/H2,0.6,0.5,1.0,fault_time,0.4,False,COMPLETE,885,0.00011,3.3164423709752596e-05,5.4912841664576154e-05,0.00019681184115254098,COMPLETE,886,0.00101,0.00010044799151799901,0.0008227345559258712,0.0012271082301393123,COMPLETE,887,0.00309,0.00017551216197175622,0.0027554849013977298,0.003453829088955024,COMPLETE,888,0.0091,0.0003002863633267419,0.00852072211641981,0.009708012636256225,COMPLETE,889,0.03012,0.0005404885345684957,0.029069307483532855,0.031198061598046393
Hoeffding H1/H2,0.6,0.5,1.0,interaction_fault,0.4,False,COMPLETE,895,0.00012,3.4638937628050894e-05,6.20072391173597e-05,0.00020960645805016376,COMPLETE,896,0.00083,9.106651964360997e-05,0.0006611429077998434,0.0010288075340603214,COMPLETE,897,0.00274,0.000165302522666776,0.0024255110420113857,0.0030838572750383035,COMPLETE,898,0.00797,0.0002811846208454509,0.007428196826067309,0.008540625665762793,COMPLETE,899,0.02704,0.0005129214208823804,0.026043428150942013,0.02806412949859161
Hoeffding H1/H2,0.6,0.5,1.0,time_interaction,0.4,False,COMPLETE,890,8e-05,2.8283139853983683e-05,3.453893418088291e-05,0.0001576257736173694,COMPLETE,891,0.00095,9.742163517412341e-05,0.0007686726174969852,0.0011612030076373389,COMPLETE,892,0.00275,0.00016560306458517004,0.0024349215299180353,0.0030944451464174324,COMPLETE,893,0.00873,0.00029417319898318405,0.008162715403359218,0.009326047604507526,COMPLETE,894,0.02679,0.000510610378860438,0.02579796503545833,0.027809607994456104
Hoeffding H1/H2,0.6,1.0,0.0,fault_time,0.4,False,COMPLETE,900,0.00085,9.215625317904369e-05,0.00067900449744383,0.0010509324991652233,COMPLETE,901,0.00383,0.00019532872548603804,0.003456614763412851,0.004232600285398997,COMPLETE,902,0.00852,0.00029064427742517144,0.007959638637361795,0.009109140601380648,COMPLETE,903,0.02073,0.00045055817715362797,0.019855843437746292,0.02163210706839118,COMPLETE,904,0.05168,0.0007000655512164558,0.050315915160552525,0.05307016123303166
Hoeffding H1/H2,0.6,1.0,0.0,interaction_fault,0.4,False,COMPLETE,910,0.00062,7.871566553107457e-05,0.00047538245428523887,0.0007947425410992276,COMPLETE,911,0.00327,0.00018053551174215004,0.0029256316410914344,0.003643656560942757,COMPLETE,912,0.00725,0.00026828040368241586,0.006733511979037505,0.007795369031927646,COMPLETE,913,0.01793,0.000419625012362228,0.017116554321480498,0.01877157483308023,COMPLETE,914,0.04719,0.0006705453295639304,0.045883904014836815,0.0485224390959365
Hoeffding H1/H2,0.6,1.0,0.0,time_interaction,0.4,False,COMPLETE,905,0.00081,8.996354261588413e-05,0.0006433073461277448,0.0010066569862478634,COMPLETE,906,0.00312,0.00017635945112184944,0.0027838229508465907,0.003485486650263143,COMPLETE,907,0.00709,0.0002653249309808635,0.006579309843955682,0.007629584511533007,COMPLETE,908,0.0178,0.0004181286883245396,0.016989490930022288,0.018638646610541928,COMPLETE,909,0.04769,0.000673911447446918,0.04637729203155073,0.049029021333191654
Hoeffding H1/H2,0.6,1.0,0.5,fault_time,0.4,False,COMPLETE,915,0.00058,7.613564211327045e-05,0.0004404468573855236,0.0007497208412884855,COMPLETE,916,0.0032,0.00017859899215841058,0.002859430109491282,0.0035698679685342437,COMPLETE,917,0.00813,0.0002839701234285044,0.007582732201451707,0.008706077589880562,COMPLETE,918,0.01992,0.0004418505810791698,0.019062933967984207,0.020805067865359097,COMPLETE,919,0.05112,0.0006964678427608844,0.049762982783167334,0.05250312682916105
Hoeffding H1/H2,0.6,1.0,0.5,interaction_fault,0.4,False,COMPLETE,925,0.00059,7.6788794755485e-05,0.0004491647300213356,0.0007609919160385235,COMPLETE,926,0.00313,0.0001766409663696392,0.0027932707610432137,0.00349603738539127,COMPLETE,927,0.00686,0.00026101609912034164,0.0063577625788415444,0.007391151204973261,COMPLETE,928,0.01698,0.0004085545202295527,0.016188280382571647,0.0177999102755346,COMPLETE,929,0.04762,0.0006734414272971332,0.04630821528591465,0.04895810224254906
Hoeffding H1/H2,0.6,1.0,0.5,time_interaction,0.4,False,COMPLETE,920,0.0006,7.743642553733998e-05,0.00045789346580884393,0.0007722523857036842,COMPLETE,921,0.00319,0.0001783206073340936,0.002849976159096382,0.0035593233452479514,COMPLETE,922,0.00634,0.00025099411148471197,0.005857422645412221,0.0068515362563381825,COMPLETE,923,0.01777,0.00041778256426040566,0.016960170213382017,0.018607969263726532,COMPLETE,924,0.04423,0.0006501823367333197,0.04296390069904705,0.04552261876969649
Hoeffding H1/H2,0.6,1.0,1.0,fault_time,0.4,False,COMPLETE,930,0.00046,6.78076986779525e-05,0.00033679688244125043,0.000613528419237637,COMPLETE,931,0.00266,0.000162878003425877,0.0023502667334860416,0.0029991149216018467,COMPLETE,932,0.00666,0.00025720895007755854,0.006165231086140826,0.007183699844482465,COMPLETE,933,0.01834,0.0004243070162040689,0.017517365574697245,0.019190737190683472,COMPLETE,934,0.04928,0.0006844814212233959,0.047946529120119735,0.05063968972984688
Hoeffding H1/H2,0.6,1.0,1.0,interaction_fault,0.4,False,COMPLETE,940,0.0005,7.06929982388638e-05,0.00037113170178349413,0.0006591351958693718,COMPLETE,941,0.00235,0.00015311686713095983,0.002059413297339581,0.0026700241007083883,COMPLETE,942,0.00547,0.00023323977147990862,0.0050222502612493345,0.005946788708711682,COMPLETE,943,0.01478,0.00038159601150955443,0.014041183969940424,0.0155471514110489,COMPLETE,944,0.04136,0.000629677301480687,0.04013417322775249,0.04261251771708229
Hoeffding H1/H2,0.6,1.0,1.0,time_interaction,0.4,False,COMPLETE,935,0.00047,6.854043332223689e-05,0.0003453581233731223,0.0006249519228199004,COMPLETE,936,0.00252,0.00015854493369389007,0.0022187660669914628,0.002850639905904479,COMPLETE,937,0.00572,0.00023848022140211128,0.005261970507381556,0.006207044771033652,COMPLETE,938,0.0141,0.00037284299644756635,0.013378360051082498,0.014850020853558089,COMPLETE,939,0.03905,0.0006125773216500918,0.03785775574899092,0.04026907361490065
Hoeffding H1/H2,0.9,0.0,0.0,fault_time,0.2,False,COMPLETE,945,0.00503,0.0002237118481439908,0.004600940157558224,0.005488142131690386,COMPLETE,946,0.0139,0.00037022682236704564,0.013183493696808152,0.014644900681147387,COMPLETE,947,0.02468,0.0004906210105570286,0.023727205379898177,0.02566049798632984,COMPLETE,948,0.04953,0.0006861252006740461,0.0481933001175583,0.05089290388191636,COMPLETE,949,0.09607,0.0009318827989613286,0.0942502764711624,0.09791318996037936
Hoeffding H1/H2,0.9,0.0,0.0,interaction_fault,0.2,False,COMPLETE,955,0.00492,0.00022126440292103021,0.004495740999776419,0.005373352485612067,COMPLETE,956,0.01411,0.000372973295290695,0.013388104368269132,0.014860275863747422,COMPLETE,957,0.02451,0.0004889709592603634,0.023560444414893356,0.025487269496768838,COMPLETE,958,0.04862,0.0006801183397027314,0.04729509975500164,0.04997115831352849,COMPLETE,959,0.09394,0.000922579407964431,0.0921385724000519,0.09576501863303725
Hoeffding H1/H2,0.9,0.0,0.0,time_interaction,0.2,False,COMPLETE,950,0.00476,0.0002176543682079457,0.004342822313759519,0.0052062877505256455,COMPLETE,951,0.01365,0.00036692884187536964,0.012939965177267195,0.014388446099694476,COMPLETE,952,0.02542,0.0004977330971514753,0.02445324422003968,0.026414413323124622,COMPLETE,953,0.05025,0.000690832378366851,0.048904053328949114,0.05162210791611617,COMPLETE,954,0.09463,0.0009256087893921493,0.09282261496067544,0.09646093570421918
Hoeffding H1/H2,0.9,0.0,0.5,fault_time,0.2,False,COMPLETE,960,0.00153,0.00012359850727253948,0.0012973163431201492,0.0017923184529024065,COMPLETE,961,0.00672,0.0002583571481496109,0.006222978665363688,0.007245947095419704,COMPLETE,962,0.01345,0.00036426772434570705,0.012745186925289607,0.014183237918598424,COMPLETE,963,0.03089,0.000547136252683004,0.02982625569948023,0.031981066476011094,COMPLETE,964,0.06893,0.0008011158162213501,0.06736736044002116,0.07051769744794205
Hoeffding H1/H2,0.9,0.0,0.5,interaction_fault,0.2,False,COMPLETE,970,0.00169,0.00012989010354911573,0.0014449742871483465,0.001964613676550987,COMPLETE,971,0.0078,0.00027819345786700303,0.007264064877436336,0.008364771222617732,COMPLETE,972,0.01509,0.00038551643155642533,0.014343490769697228,0.01586482399470002,COMPLETE,973,0.03115,0.0005493603325687067,0.03008188898961857,0.03224541736641825,COMPLETE,974,0.0657,0.0007834762919195449,0.0641720268067643,0.06725322122312692
Hoeffding H1/H2,0.9,0.0,0.5,time_interaction,0.2,False,COMPLETE,965,0.00185,0.00013588883324247065,0.0015932070474149861,0.0021363390191073725,COMPLETE,966,0.00686,0.00026101609912034164,0.0063577625788415444,0.007391151204973261,COMPLETE,967,0.01342,0.0003638667833149929,0.012715973663890288,0.01415245321880364,COMPLETE,968,0.02949,0.0005349798117686311,0.028450122796801574,0.03055728472784055,COMPLETE,969,0.06818,0.0007970664188133885,0.06662531882982946,0.06975978319007296
Hoeffding H1/H2,0.9,0.0,1.0,fault_time,0.4,False,COMPLETE,975,0.0,0.0,0.0,3.68881141579242e-05,COMPLETE,976,0.0,0.0,0.0,3.68881141579242e-05,COMPLETE,977,1e-05,9.999949999874999e-06,2.531780477933314e-07,5.571516034774275e-05,COMPLETE,978,1e-05,9.999949999874999e-06,2.531780477933314e-07,5.571516034774275e-05,COMPLETE,979,0.0001,3.162119542332326e-05,4.795489513901142e-05,0.0001838958453766498
Hoeffding H1/H2,0.9,0.0,1.0,interaction_fault,0.4,False,COMPLETE,985,0.0,0.0,0.0,3.68881141579242e-05,COMPLETE,986,0.0,0.0,0.0,3.68881141579242e-05,COMPLETE,987,0.0,0.0,0.0,3.68881141579242e-05,COMPLETE,988,3e-05,1.732024826611905e-05,6.18676395892203e-06,8.7670202566362e-05,COMPLETE,989,0.0002,4.4716887190411634e-05,0.000122169339689991,0.0003088669626311431
Hoeffding H1/H2,0.9,0.0,1.0,time_interaction,0.4,False,COMPLETE,980,0.0,0.0,0.0,3.68881141579242e-05,COMPLETE,981,0.0,0.0,0.0,3.68881141579242e-05,COMPLETE,982,0.0,0.0,0.0,3.68881141579242e-05,COMPLETE,983,0.0,0.0,0.0,3.68881141579242e-05,COMPLETE,984,6e-05,2.4494162569885914e-05,2.201925059919836e-05,0.0001305901306201627
Hoeffding H1/H2,0.9,0.5,0.0,fault_time,0.2,False,COMPLETE,990,0.00486,0.000219917720977642,0.004438382606957802,0.005310717053557475,COMPLETE,991,0.01369,0.00036745862216037333,0.012978925617101148,0.014429482951630304,COMPLETE,992,0.02446,0.0004884844767236723,0.02351139937213225,0.025436317642487462,COMPLETE,993,0.04959,0.000686518986627464,0.04825252657035023,0.05095367386541043,COMPLETE,994,0.09381,0.0009220069625550558,0.09200969813321101,0.09563390050595234
Hoeffding H1/H2,0.9,0.5,0.0,interaction_fault,0.2,False,COMPLETE,1000,0.0047,0.00021628476599150484,0.004285508866399469,0.0051436075098779425,COMPLETE,1001,0.01385,0.00036956971602121295,0.013134783112259157,0.014593614640322439,COMPLETE,1002,0.02473,0.0004911051526913559,0.023776255010160344,0.025711445255816204,COMPLETE,1003,0.04842,0.0006787893900172572,0.04709771025269279,0.049768559704120974,COMPLETE,1004,0.09421,0.000923766615006193,0.09240623770619817,0.09603733753014049
Hoeffding H1/H2,0.9,0.5,0.0,time_interaction,0.2,False,COMPLETE,995,0.00474,0.00021719881215144802,0.004323715913453104,0.005185396248896765,COMPLETE,996,0.01403,0.00037192955112494083,0.013310152483865507,0.01477823313189969,COMPLETE,997,0.02503,0.0004939989787438836,0.024070574405622394,0.026017107271480152,COMPLETE,998,0.04964,0.0006868469290897353,0.0483018823641812,0.051004315101936384,COMPLETE,999,0.09457,0.000925345962870104,0.09276313182691254,0.09640042234809414
Hoeffding H1/H2,0.9,0.5,0.5,fault_time,0.2,False,COMPLETE,1005,0.00211,0.0001451050619378938,0.0018351287335675417,0.002414357316693782,COMPLETE,1006,0.00704,0.00026439437210349243,0.006531135349457979,0.007577763204331034,COMPLETE,1007,0.01448,0.00037776089792354106,0.013748709684511244,0.01523964572783992,COMPLETE,1008,0.03147,0.0005520836811571231,0.030396541980528775,0.032570744918086016,COMPLETE,1009,0.07095,0.0008118872920547532,0.06936619024985842,0.07255874882878001
Hoeffding H1/H2,0.9,0.5,0.5,interaction_fault,0.2,False,COMPLETE,1015,0.00189,0.00013734729338432558,0.0016303461379454302,0.002179190102197492,COMPLETE,1016,0.0081,0.0002834499955900511,0.007553752595759991,0.008675059569238181,COMPLETE,1017,0.01542,0.0003896437295787012,0.01466539150857317,0.01620290139656936,COMPLETE,1018,0.03264,0.0005619130751281733,0.031547242574369465,0.03375997329679205,COMPLETE,1019,0.06957,0.0008045496572617504,0.06800061170444449,0.07116440853277918
Hoeffding H1/H2,0.9,0.5,0.5,time_interaction,0.2,False,COMPLETE,1010,0.00185,0.00013588883324247065,0.0015932070474149861,0.0021363390191073725,COMPLETE,1011,0.00723,0.00026791280484515854,0.006714233113928864,0.0077746495577624515,COMPLETE,1012,0.0144,0.0003767312039106928,0.013670730257871532,0.015157630509961146,COMPLETE,1013,0.03163,0.0005534396362748154,0.030553879686079744,0.03273339748896722,COMPLETE,1014,0.06991,0.0008063658716736466,0.06833704214540816,0.0715079580929843
Hoeffding H1/H2,0.9,0.5,1.0,fault_time,0.4,False,COMPLETE,1020,0.0,0.0,0.0,3.68881141579242e-05,COMPLETE,1021,3e-05,1.732024826611905e-05,6.18676395892203e-06,8.7670202566362e-05,COMPLETE,1022,0.00021,4.582094499243768e-05,0.00012999786039684025,0.00032098949005102703,COMPLETE,1023,0.00065,8.059637088603929e-05,0.0005016909852130988,0.0008284044182606964,COMPLETE,1024,0.00349,0.00018648913909394293,0.0031339536327396516,0.0038753046749152764
Hoeffding H1/H2,0.9,0.5,1.0,interaction_fault,0.4,False,COMPLETE,1030,0.0,0.0,0.0,3.68881141579242e-05,COMPLETE,1031,8e-05,2.8283139853983683e-05,3.453893418088291e-05,0.0001576257736173694,COMPLETE,1032,0.00031,5.5669012924606445e-05,0.00021063937283451517,0.00043999164839591035,COMPLETE,1033,0.00136,0.00011653970997046458,0.0011411638964718021,0.0016085276296458793,COMPLETE,1034,0.00446,0.00021071564725952367,0.004056432957581564,0.0048927092281863425
Hoeffding H1/H2,0.9,0.5,1.0,time_interaction,0.4,False,COMPLETE,1025,0.0,0.0,0.0,3.68881141579242e-05,COMPLETE,1026,4e-05,1.9999599995999918e-05,1.0898757827458587e-05,0.00010241269060279138,COMPLETE,1027,8e-05,2.8283139853983683e-05,3.453893418088291e-05,0.0001576257736173694,COMPLETE,1028,0.00068,8.243407062616766e-05,0.0005280840948787707,0.0008619835490850979,COMPLETE,1029,0.00343,0.00018488469650027823,0.003077100741003131,0.0038121655570666213
Hoeffding H1/H2,0.9,1.0,0.0,fault_time,0.2,False,COMPLETE,1035,0.00502,0.0002234904830188525,0.004591374382135158,0.005477708918440742,COMPLETE,1036,0.01379,0.000368779553391996,0.013076333615902947,0.01453206818961681,COMPLETE,1037,0.02517,0.0004953430235705355,0.024207936016042566,0.02615973699354483,COMPLETE,1038,0.04979,0.0006878296002644841,0.04844995201188384,0.05115623654595009,COMPLETE,1039,0.09588,0.0009310586748427836,0.0940618972210677,0.09772158032358298
Hoeffding H1/H2,0.9,1.0,0.0,interaction_fault,0.2,False,COMPLETE,1045,0.00485,0.0002196924554917624,0.00442882447983666,0.005300276214686366,COMPLETE,1046,0.0128,0.0003554737683711697,0.012112442485755643,0.013516026764300635,COMPLETE,1047,0.02414,0.00048535822234716496,0.023197536121827084,0.025110200766620197,COMPLETE,1048,0.0489,0.0006819735332107838,0.04757145551706652,0.050254785910910704,COMPLETE,1049,0.09696,0.0009357283708427356,0.09513271354310597,0.09881070083631457
Hoeffding H1/H2,0.9,1.0,0.0,time_interaction,0.2,False,COMPLETE,1040,0.00499,0.00022282504123190462,0.004562679696054198,0.005446406646217135,COMPLETE,1041,0.01426,0.00037492202389296896,0.013534280405622153,0.015014089748690644,COMPLETE,1042,0.02443,0.000488192329927458,0.023481972850767575,0.025405746025925612,COMPLETE,1043,0.04863,0.0006801847035916054,0.047304969393966945,0.04998128808019692,COMPLETE,1044,0.09527,0.0009284052299508012,0.09345711552367175,0.09710639770198028
Hoeffding H1/H2,0.9,1.0,0.5,fault_time,0.2,False,COMPLETE,1050,0.00258,0.00016041644554097312,0.0022750950849953436,0.0029143003060520803,COMPLETE,1051,0.00751,0.000273012818380383,0.006984228139037946,0.008064631464407598,COMPLETE,1052,0.01548,0.000390389159685563,0.014723928692839568,0.01626436024721658,COMPLETE,1053,0.03457,0.0005777102656176363,0.033446224369635305,0.035720874694660544,COMPLETE,1054,0.07362,0.0008258334916918785,0.07200877890587844,0.07525600324341132
Hoeffding H1/H2,0.9,1.0,0.5,interaction_fault,0.2,False,COMPLETE,1060,0.002,0.00014127986409959487,0.0017326320865970373,0.0022968782938477448,COMPLETE,1061,0.00833,0.00028741278851157615,0.00777597829955231,0.008912815754635579,COMPLETE,1062,0.01627,0.0004000660832912483,0.015494938615880952,0.017073298368548966,COMPLETE,1063,0.03453,0.0005773879034063669,0.033406857353818986,0.03568024412715373,COMPLETE,1064,0.07263,0.0008207002077494558,0.07102886861620131,0.07425597170629061
Hoeffding H1/H2,0.9,1.0,0.5,time_interaction,0.2,False,COMPLETE,1055,0.00231,0.00015181119523934985,0.002021974403290395,0.002627470728687072,COMPLETE,1056,0.00818,0.0002848348223093518,0.0076310358199116165,0.00875777002301713,COMPLETE,1057,0.01523,0.00038727312196949585,0.014480043515681962,0.016008261964349374,COMPLETE,1058,0.03377,0.0005712231359110029,0.03265896223187425,0.03490818519873053,COMPLETE,1059,0.07261,0.0008205960510506981,0.07100907333855763,0.07423576815931805
Hoeffding H1/H2,0.9,1.0,1.0,fault_time,0.4,False,COMPLETE,1065,0.0,0.0,0.0,3.68881141579242e-05,COMPLETE,1066,0.0002,4.4716887190411634e-05,0.000122169339689991,0.0003088669626311431,COMPLETE,1067,0.00054,7.346484873733832e-05,0.00040568984352502255,0.0007045248784734504,COMPLETE,1068,0.00254,0.0001591712411210015,0.002237537560365485,0.00287186485755234,COMPLETE,1069,0.00976,0.000310881688106585,0.009159934938827894,0.010388750380572168
Hoeffding H1/H2,0.9,1.0,1.0,interaction_fault,0.4,False,COMPLETE,1075,0.0,0.0,0.0,3.68881141579242e-05,COMPLETE,1076,0.00028,5.290761759898096e-05,0.00018606577638819084,0.00040465273159839127,COMPLETE,1077,0.00086,9.269629981827753e-05,0.0006879447649858632,0.001061985667946516,COMPLETE,1078,0.00326,0.00018026015644062888,0.0029161717485078433,0.0036331178529917046,COMPLETE,1079,0.01009,0.0003160410084150473,0.009479812562100079,0.010728848453187018
Hoeffding H1/H2,0.9,1.0,1.0,time_interaction,0.4,False,COMPLETE,1070,2e-05,1.4141994201667599e-05,2.4221019627031544e-06,7.22449893650479e-05,COMPLETE,1071,0.00017,4.122755146743498e-05,9.903428379688564e-05,0.000272172561193328,COMPLETE,1072,0.00073,8.54088461460521e-05,0.0005722457641103372,0.0009177791744723772,COMPLETE,1073,0.00223,0.00014916524729306085,0.0019471645088691687,0.002542296520695387,COMPLETE,1074,0.00975,0.0003107239530515792,0.009150244406470234,0.010378441653473514
