evidence_id,run_id,evaluation_scope,true_label,window_ordinal,window_start_h,window_end_h,source_sha256,source_manifest_sha256,signature_path,signature_bytes,signature_sha256,signature_dimension
FINAL-EVD-0001,test-ood-F4-r01,ood,F4,1,25.0,30.0,39f67e5f9fa4fe1f034b0f0b3e33aceabe8299266b1ea55fb6221d23eaefafbb,376d045bcf71de7e39fa6a432f9838457afa758e3220744ee34b0c22eb393871,signatures/FINAL-EVD-0001.signature.csv,4250,dc404216f8aa3e46c555b9e2cf543b9dd1bdfa7ca9a48524b2c1a804e0cc1805,697
FINAL-EVD-0002,test-ood-F4-r01,ood,F4,2,30.0,35.0,39f67e5f9fa4fe1f034b0f0b3e33aceabe8299266b1ea55fb6221d23eaefafbb,376d045bcf71de7e39fa6a432f9838457afa758e3220744ee34b0c22eb393871,signatures/FINAL-EVD-0002.signature.csv,4252,d3055112d7ade63ef051179c8fc4ec647c649fd1a5a61de00af61e512931e87a,697
FINAL-EVD-0003,test-ood-F4-r01,ood,F4,3,35.0,40.0,39f67e5f9fa4fe1f034b0f0b3e33aceabe8299266b1ea55fb6221d23eaefafbb,376d045bcf71de7e39fa6a432f9838457afa758e3220744ee34b0c22eb393871,signatures/FINAL-EVD-0003.signature.csv,4252,decb198611bf4c4398b091b45a8175a83f83bf11a903d6d4cecc064020005e52,697
FINAL-EVD-0004,test-ood-F4-r01,ood,F4,4,40.0,45.0,39f67e5f9fa4fe1f034b0f0b3e33aceabe8299266b1ea55fb6221d23eaefafbb,376d045bcf71de7e39fa6a432f9838457afa758e3220744ee34b0c22eb393871,signatures/FINAL-EVD-0004.signature.csv,4252,d3055112d7ade63ef051179c8fc4ec647c649fd1a5a61de00af61e512931e87a,697
FINAL-EVD-0005,test-ood-F4-r01,ood,F4,5,45.0,50.0,39f67e5f9fa4fe1f034b0f0b3e33aceabe8299266b1ea55fb6221d23eaefafbb,376d045bcf71de7e39fa6a432f9838457afa758e3220744ee34b0c22eb393871,signatures/FINAL-EVD-0005.signature.csv,4252,d3055112d7ade63ef051179c8fc4ec647c649fd1a5a61de00af61e512931e87a,697
FINAL-EVD-0006,test-ood-F4-r01,ood,F4,6,50.0,55.0,39f67e5f9fa4fe1f034b0f0b3e33aceabe8299266b1ea55fb6221d23eaefafbb,376d045bcf71de7e39fa6a432f9838457afa758e3220744ee34b0c22eb393871,signatures/FINAL-EVD-0006.signature.csv,4252,d3055112d7ade63ef051179c8fc4ec647c649fd1a5a61de00af61e512931e87a,697
FINAL-EVD-0007,test-ood-F4-r01,ood,F4,7,55.0,60.0,39f67e5f9fa4fe1f034b0f0b3e33aceabe8299266b1ea55fb6221d23eaefafbb,376d045bcf71de7e39fa6a432f9838457afa758e3220744ee34b0c22eb393871,signatures/FINAL-EVD-0007.signature.csv,4252,d3055112d7ade63ef051179c8fc4ec647c649fd1a5a61de00af61e512931e87a,697
FINAL-EVD-0008,test-ood-F4-r01,ood,F4,8,60.0,65.0,39f67e5f9fa4fe1f034b0f0b3e33aceabe8299266b1ea55fb6221d23eaefafbb,376d045bcf71de7e39fa6a432f9838457afa758e3220744ee34b0c22eb393871,signatures/FINAL-EVD-0008.signature.csv,4252,d3055112d7ade63ef051179c8fc4ec647c649fd1a5a61de00af61e512931e87a,697
FINAL-EVD-0009,test-ood-F4-r02,ood,F4,1,25.0,30.0,196c48a082e194653982cba05505847a77c1b7894e347d64ccf6e636295d8a68,38b4cf766229ae7fd6d665fe9966e84140cd96e5d3e3cafc7cfb2c84670f8e92,signatures/FINAL-EVD-0009.signature.csv,4250,2edc7f65ae5b870cc5ca78d6129adfbc682d9e99a50e6dc6fd5c12a305559cbb,697
FINAL-EVD-0010,test-ood-F4-r02,ood,F4,2,30.0,35.0,196c48a082e194653982cba05505847a77c1b7894e347d64ccf6e636295d8a68,38b4cf766229ae7fd6d665fe9966e84140cd96e5d3e3cafc7cfb2c84670f8e92,signatures/FINAL-EVD-0010.signature.csv,4252,18dd3af819de13c8056f43c57ba05ddb5f0f08c216a1960d8ada4654595b3bbb,697
FINAL-EVD-0011,test-ood-F4-r02,ood,F4,3,35.0,40.0,196c48a082e194653982cba05505847a77c1b7894e347d64ccf6e636295d8a68,38b4cf766229ae7fd6d665fe9966e84140cd96e5d3e3cafc7cfb2c84670f8e92,signatures/FINAL-EVD-0011.signature.csv,4252,d3055112d7ade63ef051179c8fc4ec647c649fd1a5a61de00af61e512931e87a,697
FINAL-EVD-0012,test-ood-F4-r02,ood,F4,4,40.0,45.0,196c48a082e194653982cba05505847a77c1b7894e347d64ccf6e636295d8a68,38b4cf766229ae7fd6d665fe9966e84140cd96e5d3e3cafc7cfb2c84670f8e92,signatures/FINAL-EVD-0012.signature.csv,4252,621f60ca075f747ac522d2045658efd3a6e1307e72ce85771a2256e2443e617b,697
FINAL-EVD-0013,test-ood-F4-r02,ood,F4,5,45.0,50.0,196c48a082e194653982cba05505847a77c1b7894e347d64ccf6e636295d8a68,38b4cf766229ae7fd6d665fe9966e84140cd96e5d3e3cafc7cfb2c84670f8e92,signatures/FINAL-EVD-0013.signature.csv,4252,621f60ca075f747ac522d2045658efd3a6e1307e72ce85771a2256e2443e617b,697
FINAL-EVD-0014,test-ood-F4-r02,ood,F4,6,50.0,55.0,196c48a082e194653982cba05505847a77c1b7894e347d64ccf6e636295d8a68,38b4cf766229ae7fd6d665fe9966e84140cd96e5d3e3cafc7cfb2c84670f8e92,signatures/FINAL-EVD-0014.signature.csv,4252,d3055112d7ade63ef051179c8fc4ec647c649fd1a5a61de00af61e512931e87a,697
FINAL-EVD-0015,test-ood-F4-r02,ood,F4,7,55.0,60.0,196c48a082e194653982cba05505847a77c1b7894e347d64ccf6e636295d8a68,38b4cf766229ae7fd6d665fe9966e84140cd96e5d3e3cafc7cfb2c84670f8e92,signatures/FINAL-EVD-0015.signature.csv,4252,d3055112d7ade63ef051179c8fc4ec647c649fd1a5a61de00af61e512931e87a,697
FINAL-EVD-0016,test-ood-F4-r02,ood,F4,8,60.0,65.0,196c48a082e194653982cba05505847a77c1b7894e347d64ccf6e636295d8a68,38b4cf766229ae7fd6d665fe9966e84140cd96e5d3e3cafc7cfb2c84670f8e92,signatures/FINAL-EVD-0016.signature.csv,4252,decb198611bf4c4398b091b45a8175a83f83bf11a903d6d4cecc064020005e52,697
FINAL-EVD-0017,test-ood-F4-r03,ood,F4,1,25.0,30.0,ca013d7923d05fb35bba6c76b13a9e220ac05030482df74fa386e14f3959a633,3446555b61646081df8dc8e2a9681cb9469cc6e3a119db89fa6fa0067afbe96a,signatures/FINAL-EVD-0017.signature.csv,4250,2edc7f65ae5b870cc5ca78d6129adfbc682d9e99a50e6dc6fd5c12a305559cbb,697
FINAL-EVD-0018,test-ood-F4-r03,ood,F4,2,30.0,35.0,ca013d7923d05fb35bba6c76b13a9e220ac05030482df74fa386e14f3959a633,3446555b61646081df8dc8e2a9681cb9469cc6e3a119db89fa6fa0067afbe96a,signatures/FINAL-EVD-0018.signature.csv,4252,d3055112d7ade63ef051179c8fc4ec647c649fd1a5a61de00af61e512931e87a,697
FINAL-EVD-0019,test-ood-F4-r03,ood,F4,3,35.0,40.0,ca013d7923d05fb35bba6c76b13a9e220ac05030482df74fa386e14f3959a633,3446555b61646081df8dc8e2a9681cb9469cc6e3a119db89fa6fa0067afbe96a,signatures/FINAL-EVD-0019.signature.csv,4252,d3055112d7ade63ef051179c8fc4ec647c649fd1a5a61de00af61e512931e87a,697
FINAL-EVD-0020,test-ood-F4-r03,ood,F4,4,40.0,45.0,ca013d7923d05fb35bba6c76b13a9e220ac05030482df74fa386e14f3959a633,3446555b61646081df8dc8e2a9681cb9469cc6e3a119db89fa6fa0067afbe96a,signatures/FINAL-EVD-0020.signature.csv,4252,d3055112d7ade63ef051179c8fc4ec647c649fd1a5a61de00af61e512931e87a,697
FINAL-EVD-0021,test-ood-F4-r03,ood,F4,5,45.0,50.0,ca013d7923d05fb35bba6c76b13a9e220ac05030482df74fa386e14f3959a633,3446555b61646081df8dc8e2a9681cb9469cc6e3a119db89fa6fa0067afbe96a,signatures/FINAL-EVD-0021.signature.csv,4252,d3055112d7ade63ef051179c8fc4ec647c649fd1a5a61de00af61e512931e87a,697
FINAL-EVD-0022,test-ood-F4-r03,ood,F4,6,50.0,55.0,ca013d7923d05fb35bba6c76b13a9e220ac05030482df74fa386e14f3959a633,3446555b61646081df8dc8e2a9681cb9469cc6e3a119db89fa6fa0067afbe96a,signatures/FINAL-EVD-0022.signature.csv,4252,8d42ce888d63c08ba52378a79db4a4f43539d89d8c5aecf0af2a10ba2fd27631,697
FINAL-EVD-0023,test-ood-F4-r03,ood,F4,7,55.0,60.0,ca013d7923d05fb35bba6c76b13a9e220ac05030482df74fa386e14f3959a633,3446555b61646081df8dc8e2a9681cb9469cc6e3a119db89fa6fa0067afbe96a,signatures/FINAL-EVD-0023.signature.csv,4252,d3055112d7ade63ef051179c8fc4ec647c649fd1a5a61de00af61e512931e87a,697
FINAL-EVD-0024,test-ood-F4-r03,ood,F4,8,60.0,65.0,ca013d7923d05fb35bba6c76b13a9e220ac05030482df74fa386e14f3959a633,3446555b61646081df8dc8e2a9681cb9469cc6e3a119db89fa6fa0067afbe96a,signatures/FINAL-EVD-0024.signature.csv,4252,d3055112d7ade63ef051179c8fc4ec647c649fd1a5a61de00af61e512931e87a,697
FINAL-EVD-0025,test-ood-F5-r01,ood,F5,1,25.0,30.0,c35e63c7ea58ff7b11743d4e2d5c25ca862001cedbe675cc6cde5f36bf1aa091,2beca36012fd7c8b119b9a9dd2d9e30dea92e7bd49fafcc2511f38ed9b6721a2,signatures/FINAL-EVD-0025.signature.csv,4252,d3055112d7ade63ef051179c8fc4ec647c649fd1a5a61de00af61e512931e87a,697
FINAL-EVD-0026,test-ood-F5-r01,ood,F5,2,30.0,35.0,c35e63c7ea58ff7b11743d4e2d5c25ca862001cedbe675cc6cde5f36bf1aa091,2beca36012fd7c8b119b9a9dd2d9e30dea92e7bd49fafcc2511f38ed9b6721a2,signatures/FINAL-EVD-0026.signature.csv,4252,d3055112d7ade63ef051179c8fc4ec647c649fd1a5a61de00af61e512931e87a,697
FINAL-EVD-0027,test-ood-F5-r01,ood,F5,3,35.0,40.0,c35e63c7ea58ff7b11743d4e2d5c25ca862001cedbe675cc6cde5f36bf1aa091,2beca36012fd7c8b119b9a9dd2d9e30dea92e7bd49fafcc2511f38ed9b6721a2,signatures/FINAL-EVD-0027.signature.csv,4252,d3055112d7ade63ef051179c8fc4ec647c649fd1a5a61de00af61e512931e87a,697
FINAL-EVD-0028,test-ood-F5-r01,ood,F5,4,40.0,45.0,c35e63c7ea58ff7b11743d4e2d5c25ca862001cedbe675cc6cde5f36bf1aa091,2beca36012fd7c8b119b9a9dd2d9e30dea92e7bd49fafcc2511f38ed9b6721a2,signatures/FINAL-EVD-0028.signature.csv,4252,d3055112d7ade63ef051179c8fc4ec647c649fd1a5a61de00af61e512931e87a,697
FINAL-EVD-0029,test-ood-F5-r01,ood,F5,5,45.0,50.0,c35e63c7ea58ff7b11743d4e2d5c25ca862001cedbe675cc6cde5f36bf1aa091,2beca36012fd7c8b119b9a9dd2d9e30dea92e7bd49fafcc2511f38ed9b6721a2,signatures/FINAL-EVD-0029.signature.csv,4252,d3055112d7ade63ef051179c8fc4ec647c649fd1a5a61de00af61e512931e87a,697
FINAL-EVD-0030,test-ood-F5-r01,ood,F5,6,50.0,55.0,c35e63c7ea58ff7b11743d4e2d5c25ca862001cedbe675cc6cde5f36bf1aa091,2beca36012fd7c8b119b9a9dd2d9e30dea92e7bd49fafcc2511f38ed9b6721a2,signatures/FINAL-EVD-0030.signature.csv,4252,d3055112d7ade63ef051179c8fc4ec647c649fd1a5a61de00af61e512931e87a,697
FINAL-EVD-0031,test-ood-F5-r01,ood,F5,7,55.0,60.0,c35e63c7ea58ff7b11743d4e2d5c25ca862001cedbe675cc6cde5f36bf1aa091,2beca36012fd7c8b119b9a9dd2d9e30dea92e7bd49fafcc2511f38ed9b6721a2,signatures/FINAL-EVD-0031.signature.csv,4252,d3055112d7ade63ef051179c8fc4ec647c649fd1a5a61de00af61e512931e87a,697
FINAL-EVD-0032,test-ood-F5-r01,ood,F5,8,60.0,65.0,c35e63c7ea58ff7b11743d4e2d5c25ca862001cedbe675cc6cde5f36bf1aa091,2beca36012fd7c8b119b9a9dd2d9e30dea92e7bd49fafcc2511f38ed9b6721a2,signatures/FINAL-EVD-0032.signature.csv,4252,9ab4dfc99bef5f5a7acceea0794cbd4bc039288b1837ce7d2faf7cb31606fa33,697
FINAL-EVD-0033,test-ood-F5-r02,ood,F5,1,25.0,30.0,6bb89b968bb87ce32a5066df783ff18ffb7fbe11dbabd3ce913860f37f687a81,85edb1b0b1b5459098cda7aea58ab40d286f1cfb94dac6dbbf8189091a6844f4,signatures/FINAL-EVD-0033.signature.csv,4252,d3055112d7ade63ef051179c8fc4ec647c649fd1a5a61de00af61e512931e87a,697
FINAL-EVD-0034,test-ood-F5-r02,ood,F5,2,30.0,35.0,6bb89b968bb87ce32a5066df783ff18ffb7fbe11dbabd3ce913860f37f687a81,85edb1b0b1b5459098cda7aea58ab40d286f1cfb94dac6dbbf8189091a6844f4,signatures/FINAL-EVD-0034.signature.csv,4252,d3055112d7ade63ef051179c8fc4ec647c649fd1a5a61de00af61e512931e87a,697
FINAL-EVD-0035,test-ood-F5-r02,ood,F5,3,35.0,40.0,6bb89b968bb87ce32a5066df783ff18ffb7fbe11dbabd3ce913860f37f687a81,85edb1b0b1b5459098cda7aea58ab40d286f1cfb94dac6dbbf8189091a6844f4,signatures/FINAL-EVD-0035.signature.csv,4252,d3055112d7ade63ef051179c8fc4ec647c649fd1a5a61de00af61e512931e87a,697
FINAL-EVD-0036,test-ood-F5-r02,ood,F5,4,40.0,45.0,6bb89b968bb87ce32a5066df783ff18ffb7fbe11dbabd3ce913860f37f687a81,85edb1b0b1b5459098cda7aea58ab40d286f1cfb94dac6dbbf8189091a6844f4,signatures/FINAL-EVD-0036.signature.csv,4252,d3055112d7ade63ef051179c8fc4ec647c649fd1a5a61de00af61e512931e87a,697
FINAL-EVD-0037,test-ood-F5-r02,ood,F5,5,45.0,50.0,6bb89b968bb87ce32a5066df783ff18ffb7fbe11dbabd3ce913860f37f687a81,85edb1b0b1b5459098cda7aea58ab40d286f1cfb94dac6dbbf8189091a6844f4,signatures/FINAL-EVD-0037.signature.csv,4252,d3055112d7ade63ef051179c8fc4ec647c649fd1a5a61de00af61e512931e87a,697
FINAL-EVD-0038,test-ood-F5-r02,ood,F5,6,50.0,55.0,6bb89b968bb87ce32a5066df783ff18ffb7fbe11dbabd3ce913860f37f687a81,85edb1b0b1b5459098cda7aea58ab40d286f1cfb94dac6dbbf8189091a6844f4,signatures/FINAL-EVD-0038.signature.csv,4252,d3055112d7ade63ef051179c8fc4ec647c649fd1a5a61de00af61e512931e87a,697
FINAL-EVD-0039,test-ood-F5-r02,ood,F5,7,55.0,60.0,6bb89b968bb87ce32a5066df783ff18ffb7fbe11dbabd3ce913860f37f687a81,85edb1b0b1b5459098cda7aea58ab40d286f1cfb94dac6dbbf8189091a6844f4,signatures/FINAL-EVD-0039.signature.csv,4252,d3055112d7ade63ef051179c8fc4ec647c649fd1a5a61de00af61e512931e87a,697
FINAL-EVD-0040,test-ood-F5-r02,ood,F5,8,60.0,65.0,6bb89b968bb87ce32a5066df783ff18ffb7fbe11dbabd3ce913860f37f687a81,85edb1b0b1b5459098cda7aea58ab40d286f1cfb94dac6dbbf8189091a6844f4,signatures/FINAL-EVD-0040.signature.csv,4252,d3055112d7ade63ef051179c8fc4ec647c649fd1a5a61de00af61e512931e87a,697
FINAL-EVD-0041,test-ood-F5-r03,ood,F5,1,25.0,30.0,15b92f817982ca7e645490c36865f8aa4f444b3002751ff117d5d12221a4a2bd,124c3d8250aec720b29822274b3c279aff80d76400c36257aa4bb172be735666,signatures/FINAL-EVD-0041.signature.csv,4250,213c90c5d08a6337f457d4eb35b88df25e2b9276b47dcd86d752be483e468b99,697
FINAL-EVD-0042,test-ood-F5-r03,ood,F5,2,30.0,35.0,15b92f817982ca7e645490c36865f8aa4f444b3002751ff117d5d12221a4a2bd,124c3d8250aec720b29822274b3c279aff80d76400c36257aa4bb172be735666,signatures/FINAL-EVD-0042.signature.csv,4250,b439be3d249a76a160784caedc97f40cbafb08f188e578876061d605b1c777f8,697
FINAL-EVD-0043,test-ood-F5-r03,ood,F5,3,35.0,40.0,15b92f817982ca7e645490c36865f8aa4f444b3002751ff117d5d12221a4a2bd,124c3d8250aec720b29822274b3c279aff80d76400c36257aa4bb172be735666,signatures/FINAL-EVD-0043.signature.csv,4252,621f60ca075f747ac522d2045658efd3a6e1307e72ce85771a2256e2443e617b,697
FINAL-EVD-0044,test-ood-F5-r03,ood,F5,4,40.0,45.0,15b92f817982ca7e645490c36865f8aa4f444b3002751ff117d5d12221a4a2bd,124c3d8250aec720b29822274b3c279aff80d76400c36257aa4bb172be735666,signatures/FINAL-EVD-0044.signature.csv,4252,d3055112d7ade63ef051179c8fc4ec647c649fd1a5a61de00af61e512931e87a,697
FINAL-EVD-0045,test-ood-F5-r03,ood,F5,5,45.0,50.0,15b92f817982ca7e645490c36865f8aa4f444b3002751ff117d5d12221a4a2bd,124c3d8250aec720b29822274b3c279aff80d76400c36257aa4bb172be735666,signatures/FINAL-EVD-0045.signature.csv,4252,d3055112d7ade63ef051179c8fc4ec647c649fd1a5a61de00af61e512931e87a,697
FINAL-EVD-0046,test-ood-F5-r03,ood,F5,6,50.0,55.0,15b92f817982ca7e645490c36865f8aa4f444b3002751ff117d5d12221a4a2bd,124c3d8250aec720b29822274b3c279aff80d76400c36257aa4bb172be735666,signatures/FINAL-EVD-0046.signature.csv,4252,d3055112d7ade63ef051179c8fc4ec647c649fd1a5a61de00af61e512931e87a,697
FINAL-EVD-0047,test-ood-F5-r03,ood,F5,7,55.0,60.0,15b92f817982ca7e645490c36865f8aa4f444b3002751ff117d5d12221a4a2bd,124c3d8250aec720b29822274b3c279aff80d76400c36257aa4bb172be735666,signatures/FINAL-EVD-0047.signature.csv,4252,d3055112d7ade63ef051179c8fc4ec647c649fd1a5a61de00af61e512931e87a,697
FINAL-EVD-0048,test-ood-F5-r03,ood,F5,8,60.0,65.0,15b92f817982ca7e645490c36865f8aa4f444b3002751ff117d5d12221a4a2bd,124c3d8250aec720b29822274b3c279aff80d76400c36257aa4bb172be735666,signatures/FINAL-EVD-0048.signature.csv,4252,d3055112d7ade63ef051179c8fc4ec647c649fd1a5a61de00af61e512931e87a,697
FINAL-EVD-0049,test-primary-F1-r01,primary,F1,1,25.0,30.0,1594701d813f1a85baedf73371bda11f4a5e72bcdb25293e1806cbcf00c8bdf0,c18378bb87fe872ef77d943cda5994158108c627bff62d2a04e73a5e16bd3a48,signatures/FINAL-EVD-0049.signature.csv,4142,e472271180b9bf86a081cdae8431d41da7ece3589b01352d25da9ecb7ace82cd,697
FINAL-EVD-0050,test-primary-F1-r01,primary,F1,2,30.0,35.0,1594701d813f1a85baedf73371bda11f4a5e72bcdb25293e1806cbcf00c8bdf0,c18378bb87fe872ef77d943cda5994158108c627bff62d2a04e73a5e16bd3a48,signatures/FINAL-EVD-0050.signature.csv,4152,e7227d21df6ecece0ef144ad1d4689fd39417a32a792a8074325d26acfb63184,697
FINAL-EVD-0051,test-primary-F1-r01,primary,F1,3,35.0,40.0,1594701d813f1a85baedf73371bda11f4a5e72bcdb25293e1806cbcf00c8bdf0,c18378bb87fe872ef77d943cda5994158108c627bff62d2a04e73a5e16bd3a48,signatures/FINAL-EVD-0051.signature.csv,4200,94a4f68540b5823973c20fb77438e9051dd6c6d438f8059fdb88a0f63ebe34a6,697
FINAL-EVD-0052,test-primary-F1-r01,primary,F1,4,40.0,45.0,1594701d813f1a85baedf73371bda11f4a5e72bcdb25293e1806cbcf00c8bdf0,c18378bb87fe872ef77d943cda5994158108c627bff62d2a04e73a5e16bd3a48,signatures/FINAL-EVD-0052.signature.csv,4224,ee89c7666bd1d1a7adff8bc04de3564393d97da646fd36fd71ba56e233e6b8b6,697
FINAL-EVD-0053,test-primary-F1-r01,primary,F1,5,45.0,50.0,1594701d813f1a85baedf73371bda11f4a5e72bcdb25293e1806cbcf00c8bdf0,c18378bb87fe872ef77d943cda5994158108c627bff62d2a04e73a5e16bd3a48,signatures/FINAL-EVD-0053.signature.csv,4234,2374a591fdf156f53fdd05ec14aaf8e00e5314eb3741d656105e15e06931481b,697
FINAL-EVD-0054,test-primary-F1-r01,primary,F1,6,50.0,55.0,1594701d813f1a85baedf73371bda11f4a5e72bcdb25293e1806cbcf00c8bdf0,c18378bb87fe872ef77d943cda5994158108c627bff62d2a04e73a5e16bd3a48,signatures/FINAL-EVD-0054.signature.csv,4240,ecfb21061dd9abd1f9687627dfcaaf546264efa61f5c5d15b16bb7a198e68fe4,697
FINAL-EVD-0055,test-primary-F1-r01,primary,F1,7,55.0,60.0,1594701d813f1a85baedf73371bda11f4a5e72bcdb25293e1806cbcf00c8bdf0,c18378bb87fe872ef77d943cda5994158108c627bff62d2a04e73a5e16bd3a48,signatures/FINAL-EVD-0055.signature.csv,4238,d173aed673df58909f4c3a37503845b64d853e172cc93e45e8e9a856d3dcb452,697
FINAL-EVD-0056,test-primary-F1-r01,primary,F1,8,60.0,65.0,1594701d813f1a85baedf73371bda11f4a5e72bcdb25293e1806cbcf00c8bdf0,c18378bb87fe872ef77d943cda5994158108c627bff62d2a04e73a5e16bd3a48,signatures/FINAL-EVD-0056.signature.csv,4242,8f6e3ecb34bd02b080b8a613b43367dab9aab378ec8212771186d1760b08aa48,697
FINAL-EVD-0057,test-primary-F1-r02,primary,F1,1,25.0,30.0,f9c6a50031afbf0ddcd919f05576f6d2809126ba30326076f533d610478e83f3,0b66fec9b626789c1cc1ffd8741ba2082d7ec2ab32a2b06bd9753a73029b6b06,signatures/FINAL-EVD-0057.signature.csv,4142,df4cbc4023d8ea58c6206609a55a17d5815b3605f57dfde8c755b39dc5b0ff6f,697
FINAL-EVD-0058,test-primary-F1-r02,primary,F1,2,30.0,35.0,f9c6a50031afbf0ddcd919f05576f6d2809126ba30326076f533d610478e83f3,0b66fec9b626789c1cc1ffd8741ba2082d7ec2ab32a2b06bd9753a73029b6b06,signatures/FINAL-EVD-0058.signature.csv,4150,c78d49ee68570d5f8b3811cc5315570df97239f9c76d11b0841450dad975aeb2,697
FINAL-EVD-0059,test-primary-F1-r02,primary,F1,3,35.0,40.0,f9c6a50031afbf0ddcd919f05576f6d2809126ba30326076f533d610478e83f3,0b66fec9b626789c1cc1ffd8741ba2082d7ec2ab32a2b06bd9753a73029b6b06,signatures/FINAL-EVD-0059.signature.csv,4200,1fd866b117170e16ddadace9c6f1b1b3c85e52d2d226bcc09208cb53c5101a58,697
FINAL-EVD-0060,test-primary-F1-r02,primary,F1,4,40.0,45.0,f9c6a50031afbf0ddcd919f05576f6d2809126ba30326076f533d610478e83f3,0b66fec9b626789c1cc1ffd8741ba2082d7ec2ab32a2b06bd9753a73029b6b06,signatures/FINAL-EVD-0060.signature.csv,4218,a256d41769c842edc42645d0f6dcdf7d5125e6806c33180d2e2fdf90430d58a5,697
FINAL-EVD-0061,test-primary-F1-r02,primary,F1,5,45.0,50.0,f9c6a50031afbf0ddcd919f05576f6d2809126ba30326076f533d610478e83f3,0b66fec9b626789c1cc1ffd8741ba2082d7ec2ab32a2b06bd9753a73029b6b06,signatures/FINAL-EVD-0061.signature.csv,4236,019206697d830ffd0c2d094d44865188c71a3f0b9972a2d92199d67068afb4ec,697
FINAL-EVD-0062,test-primary-F1-r02,primary,F1,6,50.0,55.0,f9c6a50031afbf0ddcd919f05576f6d2809126ba30326076f533d610478e83f3,0b66fec9b626789c1cc1ffd8741ba2082d7ec2ab32a2b06bd9753a73029b6b06,signatures/FINAL-EVD-0062.signature.csv,4240,ecfb21061dd9abd1f9687627dfcaaf546264efa61f5c5d15b16bb7a198e68fe4,697
FINAL-EVD-0063,test-primary-F1-r02,primary,F1,7,55.0,60.0,f9c6a50031afbf0ddcd919f05576f6d2809126ba30326076f533d610478e83f3,0b66fec9b626789c1cc1ffd8741ba2082d7ec2ab32a2b06bd9753a73029b6b06,signatures/FINAL-EVD-0063.signature.csv,4242,e64216efb8f667ad6b33d7366089d3595a4cc1c36a06b4ededa694dca6a0060e,697
FINAL-EVD-0064,test-primary-F1-r02,primary,F1,8,60.0,65.0,f9c6a50031afbf0ddcd919f05576f6d2809126ba30326076f533d610478e83f3,0b66fec9b626789c1cc1ffd8741ba2082d7ec2ab32a2b06bd9753a73029b6b06,signatures/FINAL-EVD-0064.signature.csv,4242,e64216efb8f667ad6b33d7366089d3595a4cc1c36a06b4ededa694dca6a0060e,697
FINAL-EVD-0065,test-primary-F1-r03,primary,F1,1,25.0,30.0,a76959418ae410d7b4ffec8c3f3027ffc36ed467bdf45ff83cbf63af7d706e97,d0166b88390543ce3aea054ef700e3557e6fd54a77114f6ab18b367417141041,signatures/FINAL-EVD-0065.signature.csv,4144,f52b47bc3b7768b4893561a2478aa563429b958907a6d1c86be690a96fca0bc5,697
FINAL-EVD-0066,test-primary-F1-r03,primary,F1,2,30.0,35.0,a76959418ae410d7b4ffec8c3f3027ffc36ed467bdf45ff83cbf63af7d706e97,d0166b88390543ce3aea054ef700e3557e6fd54a77114f6ab18b367417141041,signatures/FINAL-EVD-0066.signature.csv,4154,ecf86c8fe2595e12aa02bf58e729c7e7ce49639c6f24c08f4f657add5e48e0d1,697
FINAL-EVD-0067,test-primary-F1-r03,primary,F1,3,35.0,40.0,a76959418ae410d7b4ffec8c3f3027ffc36ed467bdf45ff83cbf63af7d706e97,d0166b88390543ce3aea054ef700e3557e6fd54a77114f6ab18b367417141041,signatures/FINAL-EVD-0067.signature.csv,4202,542658bfb10445aaa05d03ce5fd7e7503e2834289b440679efeed51d0d447016,697
FINAL-EVD-0068,test-primary-F1-r03,primary,F1,4,40.0,45.0,a76959418ae410d7b4ffec8c3f3027ffc36ed467bdf45ff83cbf63af7d706e97,d0166b88390543ce3aea054ef700e3557e6fd54a77114f6ab18b367417141041,signatures/FINAL-EVD-0068.signature.csv,4222,2416b59b07d87e098cc16dd2451762c560f10aab7b6cbb40018948a78756cedd,697
FINAL-EVD-0069,test-primary-F1-r03,primary,F1,5,45.0,50.0,a76959418ae410d7b4ffec8c3f3027ffc36ed467bdf45ff83cbf63af7d706e97,d0166b88390543ce3aea054ef700e3557e6fd54a77114f6ab18b367417141041,signatures/FINAL-EVD-0069.signature.csv,4236,fe065f8fe66b2452d277b0cde5a3643afae95aa3e02e5c5e18fe2cf6c424bd13,697
FINAL-EVD-0070,test-primary-F1-r03,primary,F1,6,50.0,55.0,a76959418ae410d7b4ffec8c3f3027ffc36ed467bdf45ff83cbf63af7d706e97,d0166b88390543ce3aea054ef700e3557e6fd54a77114f6ab18b367417141041,signatures/FINAL-EVD-0070.signature.csv,4240,ecfb21061dd9abd1f9687627dfcaaf546264efa61f5c5d15b16bb7a198e68fe4,697
FINAL-EVD-0071,test-primary-F1-r03,primary,F1,7,55.0,60.0,a76959418ae410d7b4ffec8c3f3027ffc36ed467bdf45ff83cbf63af7d706e97,d0166b88390543ce3aea054ef700e3557e6fd54a77114f6ab18b367417141041,signatures/FINAL-EVD-0071.signature.csv,4244,f23a53af3ad0803a09a537401a88a19afd11e04f5d416446bd6aebaebd4bc9b4,697
FINAL-EVD-0072,test-primary-F1-r03,primary,F1,8,60.0,65.0,a76959418ae410d7b4ffec8c3f3027ffc36ed467bdf45ff83cbf63af7d706e97,d0166b88390543ce3aea054ef700e3557e6fd54a77114f6ab18b367417141041,signatures/FINAL-EVD-0072.signature.csv,4244,a49dd6fcd346058ae26728afc4f424abceb55052de1a7a0b6ff4433c8ddd6cdb,697
FINAL-EVD-0073,test-primary-F1-r04,primary,F1,1,25.0,30.0,61259d1a9774f480769192d3737cfcb33e986bf51684f60a5527caadc97f73eb,c753c06b2f6a58b7abce5ea0bb81099c517ff123add1cb470b94224762f04862,signatures/FINAL-EVD-0073.signature.csv,4142,e472271180b9bf86a081cdae8431d41da7ece3589b01352d25da9ecb7ace82cd,697
FINAL-EVD-0074,test-primary-F1-r04,primary,F1,2,30.0,35.0,61259d1a9774f480769192d3737cfcb33e986bf51684f60a5527caadc97f73eb,c753c06b2f6a58b7abce5ea0bb81099c517ff123add1cb470b94224762f04862,signatures/FINAL-EVD-0074.signature.csv,4154,344b5384f8d9da7a6803fee6dbd1ae4eb3db116f292179e91d4ee91297022af6,697
FINAL-EVD-0075,test-primary-F1-r04,primary,F1,3,35.0,40.0,61259d1a9774f480769192d3737cfcb33e986bf51684f60a5527caadc97f73eb,c753c06b2f6a58b7abce5ea0bb81099c517ff123add1cb470b94224762f04862,signatures/FINAL-EVD-0075.signature.csv,4204,56062c8aa440b5654fefeeb42b5947ea964e0875c0b8fafdeb7b7505c5d41cd1,697
FINAL-EVD-0076,test-primary-F1-r04,primary,F1,4,40.0,45.0,61259d1a9774f480769192d3737cfcb33e986bf51684f60a5527caadc97f73eb,c753c06b2f6a58b7abce5ea0bb81099c517ff123add1cb470b94224762f04862,signatures/FINAL-EVD-0076.signature.csv,4216,ed0498b61443e23d1e4b7a9846de3cfb0dc8a08fd3339584a57f8f4728485a43,697
FINAL-EVD-0077,test-primary-F1-r04,primary,F1,5,45.0,50.0,61259d1a9774f480769192d3737cfcb33e986bf51684f60a5527caadc97f73eb,c753c06b2f6a58b7abce5ea0bb81099c517ff123add1cb470b94224762f04862,signatures/FINAL-EVD-0077.signature.csv,4232,dbd9540ed6dd8526e2aa0100c24ac578871f1d93ac86b4a84097947f92442d29,697
FINAL-EVD-0078,test-primary-F1-r04,primary,F1,6,50.0,55.0,61259d1a9774f480769192d3737cfcb33e986bf51684f60a5527caadc97f73eb,c753c06b2f6a58b7abce5ea0bb81099c517ff123add1cb470b94224762f04862,signatures/FINAL-EVD-0078.signature.csv,4240,ecfb21061dd9abd1f9687627dfcaaf546264efa61f5c5d15b16bb7a198e68fe4,697
FINAL-EVD-0079,test-primary-F1-r04,primary,F1,7,55.0,60.0,61259d1a9774f480769192d3737cfcb33e986bf51684f60a5527caadc97f73eb,c753c06b2f6a58b7abce5ea0bb81099c517ff123add1cb470b94224762f04862,signatures/FINAL-EVD-0079.signature.csv,4240,ecfb21061dd9abd1f9687627dfcaaf546264efa61f5c5d15b16bb7a198e68fe4,697
FINAL-EVD-0080,test-primary-F1-r04,primary,F1,8,60.0,65.0,61259d1a9774f480769192d3737cfcb33e986bf51684f60a5527caadc97f73eb,c753c06b2f6a58b7abce5ea0bb81099c517ff123add1cb470b94224762f04862,signatures/FINAL-EVD-0080.signature.csv,4244,f23a53af3ad0803a09a537401a88a19afd11e04f5d416446bd6aebaebd4bc9b4,697
FINAL-EVD-0081,test-primary-F1-r05,primary,F1,1,25.0,30.0,2f1702b1da7434468756288390eca981a63f2a0e8c067d7f03432a9193a2a824,718605ea0fbc7b2a4c1ed2ff0737fe20ef66719dfbc5ef807cf93d2eaf81c3b0,signatures/FINAL-EVD-0081.signature.csv,4142,8fb6a273cff7c4f4b28ff6a907ef29c1e19ef4c4d079cf34afddcb2edc570da0,697
FINAL-EVD-0082,test-primary-F1-r05,primary,F1,2,30.0,35.0,2f1702b1da7434468756288390eca981a63f2a0e8c067d7f03432a9193a2a824,718605ea0fbc7b2a4c1ed2ff0737fe20ef66719dfbc5ef807cf93d2eaf81c3b0,signatures/FINAL-EVD-0082.signature.csv,4152,3cad975165e1fb64de26a8e0a488cfcd75156866cde4e598cf3cb237c8e86313,697
FINAL-EVD-0083,test-primary-F1-r05,primary,F1,3,35.0,40.0,2f1702b1da7434468756288390eca981a63f2a0e8c067d7f03432a9193a2a824,718605ea0fbc7b2a4c1ed2ff0737fe20ef66719dfbc5ef807cf93d2eaf81c3b0,signatures/FINAL-EVD-0083.signature.csv,4200,12c4f1eda6edd8d1f96f2748be1f91cb540d2ad57aea61db74eb3d21b0d7234b,697
FINAL-EVD-0084,test-primary-F1-r05,primary,F1,4,40.0,45.0,2f1702b1da7434468756288390eca981a63f2a0e8c067d7f03432a9193a2a824,718605ea0fbc7b2a4c1ed2ff0737fe20ef66719dfbc5ef807cf93d2eaf81c3b0,signatures/FINAL-EVD-0084.signature.csv,4218,788c0c4edbf28f0e220c56b52f1d636e108179189348c9bfdcbd615bcdee853b,697
FINAL-EVD-0085,test-primary-F1-r05,primary,F1,5,45.0,50.0,2f1702b1da7434468756288390eca981a63f2a0e8c067d7f03432a9193a2a824,718605ea0fbc7b2a4c1ed2ff0737fe20ef66719dfbc5ef807cf93d2eaf81c3b0,signatures/FINAL-EVD-0085.signature.csv,4236,f9c3ddc9c3e74dbeca81c6a337d82625e9a5cd413cbc284cb686ddb847052f1f,697
FINAL-EVD-0086,test-primary-F1-r05,primary,F1,6,50.0,55.0,2f1702b1da7434468756288390eca981a63f2a0e8c067d7f03432a9193a2a824,718605ea0fbc7b2a4c1ed2ff0737fe20ef66719dfbc5ef807cf93d2eaf81c3b0,signatures/FINAL-EVD-0086.signature.csv,4240,47b7e5277d65a3f1601c37f2e1ee7d8c121ed3beae841bed9c15ce544ca9646b,697
FINAL-EVD-0087,test-primary-F1-r05,primary,F1,7,55.0,60.0,2f1702b1da7434468756288390eca981a63f2a0e8c067d7f03432a9193a2a824,718605ea0fbc7b2a4c1ed2ff0737fe20ef66719dfbc5ef807cf93d2eaf81c3b0,signatures/FINAL-EVD-0087.signature.csv,4240,ecfb21061dd9abd1f9687627dfcaaf546264efa61f5c5d15b16bb7a198e68fe4,697
FINAL-EVD-0088,test-primary-F1-r05,primary,F1,8,60.0,65.0,2f1702b1da7434468756288390eca981a63f2a0e8c067d7f03432a9193a2a824,718605ea0fbc7b2a4c1ed2ff0737fe20ef66719dfbc5ef807cf93d2eaf81c3b0,signatures/FINAL-EVD-0088.signature.csv,4244,f23a53af3ad0803a09a537401a88a19afd11e04f5d416446bd6aebaebd4bc9b4,697
FINAL-EVD-0089,test-primary-F1-r06,primary,F1,1,25.0,30.0,75999b9b6fcb877a4601b4aec9639f3522f5af975783319a9e7824b02befe241,ad4720298ae75e824437097e9b5546f13a5bf6a855dcc903c4b76f7534d55a24,signatures/FINAL-EVD-0089.signature.csv,4142,14ff3651af953329d31863ade2ce327405242799c4dab3915de9ca7bbfa9253a,697
FINAL-EVD-0090,test-primary-F1-r06,primary,F1,2,30.0,35.0,75999b9b6fcb877a4601b4aec9639f3522f5af975783319a9e7824b02befe241,ad4720298ae75e824437097e9b5546f13a5bf6a855dcc903c4b76f7534d55a24,signatures/FINAL-EVD-0090.signature.csv,4150,c78d49ee68570d5f8b3811cc5315570df97239f9c76d11b0841450dad975aeb2,697
FINAL-EVD-0091,test-primary-F1-r06,primary,F1,3,35.0,40.0,75999b9b6fcb877a4601b4aec9639f3522f5af975783319a9e7824b02befe241,ad4720298ae75e824437097e9b5546f13a5bf6a855dcc903c4b76f7534d55a24,signatures/FINAL-EVD-0091.signature.csv,4196,b3edbc77056eff5ac03864dc582fffcf39dcef4ad925408b37d6aa330f8518e9,697
FINAL-EVD-0092,test-primary-F1-r06,primary,F1,4,40.0,45.0,75999b9b6fcb877a4601b4aec9639f3522f5af975783319a9e7824b02befe241,ad4720298ae75e824437097e9b5546f13a5bf6a855dcc903c4b76f7534d55a24,signatures/FINAL-EVD-0092.signature.csv,4216,c609bb63e7daa07d88143c9bf84d8f905df42a349bd343c755811d4a22b2e3cb,697
FINAL-EVD-0093,test-primary-F1-r06,primary,F1,5,45.0,50.0,75999b9b6fcb877a4601b4aec9639f3522f5af975783319a9e7824b02befe241,ad4720298ae75e824437097e9b5546f13a5bf6a855dcc903c4b76f7534d55a24,signatures/FINAL-EVD-0093.signature.csv,4232,c02171e6a3124dc40fc384ff0dc632b0e3fa16be7b7de0f29804e5ce4129d3f9,697
FINAL-EVD-0094,test-primary-F1-r06,primary,F1,6,50.0,55.0,75999b9b6fcb877a4601b4aec9639f3522f5af975783319a9e7824b02befe241,ad4720298ae75e824437097e9b5546f13a5bf6a855dcc903c4b76f7534d55a24,signatures/FINAL-EVD-0094.signature.csv,4238,dfe53db45ef9396ded457532322301c021ecde27fa36f535c8cf204f7f1b71ce,697
FINAL-EVD-0095,test-primary-F1-r06,primary,F1,7,55.0,60.0,75999b9b6fcb877a4601b4aec9639f3522f5af975783319a9e7824b02befe241,ad4720298ae75e824437097e9b5546f13a5bf6a855dcc903c4b76f7534d55a24,signatures/FINAL-EVD-0095.signature.csv,4240,ecfb21061dd9abd1f9687627dfcaaf546264efa61f5c5d15b16bb7a198e68fe4,697
FINAL-EVD-0096,test-primary-F1-r06,primary,F1,8,60.0,65.0,75999b9b6fcb877a4601b4aec9639f3522f5af975783319a9e7824b02befe241,ad4720298ae75e824437097e9b5546f13a5bf6a855dcc903c4b76f7534d55a24,signatures/FINAL-EVD-0096.signature.csv,4244,34b3d660dac8ecc9f731aec760f340c40f6584f6889e827e255593cd62fbfda2,697
FINAL-EVD-0097,test-primary-F1-r07,primary,F1,1,25.0,30.0,87879a2ffb79cf967caa2d8746b600c01020121636301398e004e89ba960914a,8f7bb8128ccc937126086bbcab771ae053ecad94a8f263f6daa8f79821b2d56d,signatures/FINAL-EVD-0097.signature.csv,4142,de4d45c7da16610261c5d0eee41061e6c85a399015cdd224df2d646426f9740c,697
FINAL-EVD-0098,test-primary-F1-r07,primary,F1,2,30.0,35.0,87879a2ffb79cf967caa2d8746b600c01020121636301398e004e89ba960914a,8f7bb8128ccc937126086bbcab771ae053ecad94a8f263f6daa8f79821b2d56d,signatures/FINAL-EVD-0098.signature.csv,4148,af00f23175fddd968e24415573bde0f23f162e310ba0a10e42b9af0f51e53f73,697
FINAL-EVD-0099,test-primary-F1-r07,primary,F1,3,35.0,40.0,87879a2ffb79cf967caa2d8746b600c01020121636301398e004e89ba960914a,8f7bb8128ccc937126086bbcab771ae053ecad94a8f263f6daa8f79821b2d56d,signatures/FINAL-EVD-0099.signature.csv,4202,66dc7b088422f1cc7d47c5c99a36e5949d1fb2d1cc6d3fdb6456e03483f9e923,697
FINAL-EVD-0100,test-primary-F1-r07,primary,F1,4,40.0,45.0,87879a2ffb79cf967caa2d8746b600c01020121636301398e004e89ba960914a,8f7bb8128ccc937126086bbcab771ae053ecad94a8f263f6daa8f79821b2d56d,signatures/FINAL-EVD-0100.signature.csv,4214,7751951113d80ffaeb68bc731fcc60f58e4eeb7fd14c4592c5f7019f198f4890,697
FINAL-EVD-0101,test-primary-F1-r07,primary,F1,5,45.0,50.0,87879a2ffb79cf967caa2d8746b600c01020121636301398e004e89ba960914a,8f7bb8128ccc937126086bbcab771ae053ecad94a8f263f6daa8f79821b2d56d,signatures/FINAL-EVD-0101.signature.csv,4236,4d9689e7186a5b5c0aa2dc61ce4cc9038ff03e6b43c815704f59e448a0cb8414,697
FINAL-EVD-0102,test-primary-F1-r07,primary,F1,6,50.0,55.0,87879a2ffb79cf967caa2d8746b600c01020121636301398e004e89ba960914a,8f7bb8128ccc937126086bbcab771ae053ecad94a8f263f6daa8f79821b2d56d,signatures/FINAL-EVD-0102.signature.csv,4240,ecfb21061dd9abd1f9687627dfcaaf546264efa61f5c5d15b16bb7a198e68fe4,697
FINAL-EVD-0103,test-primary-F1-r07,primary,F1,7,55.0,60.0,87879a2ffb79cf967caa2d8746b600c01020121636301398e004e89ba960914a,8f7bb8128ccc937126086bbcab771ae053ecad94a8f263f6daa8f79821b2d56d,signatures/FINAL-EVD-0103.signature.csv,4242,8ccae042dec67036062a08a165fb6aadcc034e4d42e74608f676b71760bc9589,697
FINAL-EVD-0104,test-primary-F1-r07,primary,F1,8,60.0,65.0,87879a2ffb79cf967caa2d8746b600c01020121636301398e004e89ba960914a,8f7bb8128ccc937126086bbcab771ae053ecad94a8f263f6daa8f79821b2d56d,signatures/FINAL-EVD-0104.signature.csv,4244,f23a53af3ad0803a09a537401a88a19afd11e04f5d416446bd6aebaebd4bc9b4,697
FINAL-EVD-0105,test-primary-F1-r08,primary,F1,1,25.0,30.0,46a3034291241633daee5a538b97b7a096c69d4efeaad97ec0115542ea87aacd,3e853ba75dce42df2dd6b107072b3cc48a4bc20486715e114086e546eed5e417,signatures/FINAL-EVD-0105.signature.csv,4142,71507de8721ffa7c2ba8f3c44cee1e054c904aaca5b0087cdd4dc627ddabe252,697
FINAL-EVD-0106,test-primary-F1-r08,primary,F1,2,30.0,35.0,46a3034291241633daee5a538b97b7a096c69d4efeaad97ec0115542ea87aacd,3e853ba75dce42df2dd6b107072b3cc48a4bc20486715e114086e546eed5e417,signatures/FINAL-EVD-0106.signature.csv,4152,aebdb63e989a2ecbe429be66d8fdde1ac7e423d920305d5133904b4effe3ff73,697
FINAL-EVD-0107,test-primary-F1-r08,primary,F1,3,35.0,40.0,46a3034291241633daee5a538b97b7a096c69d4efeaad97ec0115542ea87aacd,3e853ba75dce42df2dd6b107072b3cc48a4bc20486715e114086e546eed5e417,signatures/FINAL-EVD-0107.signature.csv,4198,39f6f643ae19455db00e5b6bb640f6433b7c0412133460fbb3b794d848ee1cf9,697
FINAL-EVD-0108,test-primary-F1-r08,primary,F1,4,40.0,45.0,46a3034291241633daee5a538b97b7a096c69d4efeaad97ec0115542ea87aacd,3e853ba75dce42df2dd6b107072b3cc48a4bc20486715e114086e546eed5e417,signatures/FINAL-EVD-0108.signature.csv,4224,205ee1104eaca582424428c4d15b68efadf62fd94aadbd6c4cc7b46396defaa4,697
FINAL-EVD-0109,test-primary-F1-r08,primary,F1,5,45.0,50.0,46a3034291241633daee5a538b97b7a096c69d4efeaad97ec0115542ea87aacd,3e853ba75dce42df2dd6b107072b3cc48a4bc20486715e114086e546eed5e417,signatures/FINAL-EVD-0109.signature.csv,4226,4e193e03bade4f83bb1c925c03e2350e030d2656160cec0d51e320a957978975,697
FINAL-EVD-0110,test-primary-F1-r08,primary,F1,6,50.0,55.0,46a3034291241633daee5a538b97b7a096c69d4efeaad97ec0115542ea87aacd,3e853ba75dce42df2dd6b107072b3cc48a4bc20486715e114086e546eed5e417,signatures/FINAL-EVD-0110.signature.csv,4240,ecfb21061dd9abd1f9687627dfcaaf546264efa61f5c5d15b16bb7a198e68fe4,697
FINAL-EVD-0111,test-primary-F1-r08,primary,F1,7,55.0,60.0,46a3034291241633daee5a538b97b7a096c69d4efeaad97ec0115542ea87aacd,3e853ba75dce42df2dd6b107072b3cc48a4bc20486715e114086e546eed5e417,signatures/FINAL-EVD-0111.signature.csv,4242,e64216efb8f667ad6b33d7366089d3595a4cc1c36a06b4ededa694dca6a0060e,697
FINAL-EVD-0112,test-primary-F1-r08,primary,F1,8,60.0,65.0,46a3034291241633daee5a538b97b7a096c69d4efeaad97ec0115542ea87aacd,3e853ba75dce42df2dd6b107072b3cc48a4bc20486715e114086e546eed5e417,signatures/FINAL-EVD-0112.signature.csv,4242,e64216efb8f667ad6b33d7366089d3595a4cc1c36a06b4ededa694dca6a0060e,697
FINAL-EVD-0113,test-primary-F10-r01,primary,F10,1,25.0,30.0,56738321a452e56eef6c8a5f081b01c9857e4a0b7cd0e467eddf67ac8f018edb,121741bf7e8253a5fcfeef3992999ff0bb54b754ea259265e0cd7e0703f6134e,signatures/FINAL-EVD-0113.signature.csv,4248,48cfcd439fffd7317dffc42221a50674515a65ffcc7805898e4942c6a8dfa37e,697
FINAL-EVD-0114,test-primary-F10-r01,primary,F10,2,30.0,35.0,56738321a452e56eef6c8a5f081b01c9857e4a0b7cd0e467eddf67ac8f018edb,121741bf7e8253a5fcfeef3992999ff0bb54b754ea259265e0cd7e0703f6134e,signatures/FINAL-EVD-0114.signature.csv,4248,48cfcd439fffd7317dffc42221a50674515a65ffcc7805898e4942c6a8dfa37e,697
FINAL-EVD-0115,test-primary-F10-r01,primary,F10,3,35.0,40.0,56738321a452e56eef6c8a5f081b01c9857e4a0b7cd0e467eddf67ac8f018edb,121741bf7e8253a5fcfeef3992999ff0bb54b754ea259265e0cd7e0703f6134e,signatures/FINAL-EVD-0115.signature.csv,4248,013d09f4b6c8bfebafe8975efd72fce338cf8229b3e1dead1a2ca8005811815a,697
FINAL-EVD-0116,test-primary-F10-r01,primary,F10,4,40.0,45.0,56738321a452e56eef6c8a5f081b01c9857e4a0b7cd0e467eddf67ac8f018edb,121741bf7e8253a5fcfeef3992999ff0bb54b754ea259265e0cd7e0703f6134e,signatures/FINAL-EVD-0116.signature.csv,4248,48cfcd439fffd7317dffc42221a50674515a65ffcc7805898e4942c6a8dfa37e,697
FINAL-EVD-0117,test-primary-F10-r01,primary,F10,5,45.0,50.0,56738321a452e56eef6c8a5f081b01c9857e4a0b7cd0e467eddf67ac8f018edb,121741bf7e8253a5fcfeef3992999ff0bb54b754ea259265e0cd7e0703f6134e,signatures/FINAL-EVD-0117.signature.csv,4248,d5f6958be0b0b938893cabe1615634b6771425d2c40821c6f8126a020776b683,697
FINAL-EVD-0118,test-primary-F10-r01,primary,F10,6,50.0,55.0,56738321a452e56eef6c8a5f081b01c9857e4a0b7cd0e467eddf67ac8f018edb,121741bf7e8253a5fcfeef3992999ff0bb54b754ea259265e0cd7e0703f6134e,signatures/FINAL-EVD-0118.signature.csv,4248,013d09f4b6c8bfebafe8975efd72fce338cf8229b3e1dead1a2ca8005811815a,697
FINAL-EVD-0119,test-primary-F10-r01,primary,F10,7,55.0,60.0,56738321a452e56eef6c8a5f081b01c9857e4a0b7cd0e467eddf67ac8f018edb,121741bf7e8253a5fcfeef3992999ff0bb54b754ea259265e0cd7e0703f6134e,signatures/FINAL-EVD-0119.signature.csv,4248,d5f6958be0b0b938893cabe1615634b6771425d2c40821c6f8126a020776b683,697
FINAL-EVD-0120,test-primary-F10-r01,primary,F10,8,60.0,65.0,56738321a452e56eef6c8a5f081b01c9857e4a0b7cd0e467eddf67ac8f018edb,121741bf7e8253a5fcfeef3992999ff0bb54b754ea259265e0cd7e0703f6134e,signatures/FINAL-EVD-0120.signature.csv,4250,0440c586e0706b1edd77002e077b7ed20cb620774f0a11233cbd2d75be7a0645,697
FINAL-EVD-0121,test-primary-F10-r02,primary,F10,1,25.0,30.0,2c9c69a936b60438bbf23ca75e88e540bfc3a217e9e161e8ada350861ec7ad27,556abcbc4d50dadef838a2219ef40426af9b1a817c0e582528ce90bd2bd476ba,signatures/FINAL-EVD-0121.signature.csv,4248,cfce251ef510da78e65069cc5e61af896144d77417370483d71071ec7490413e,697
FINAL-EVD-0122,test-primary-F10-r02,primary,F10,2,30.0,35.0,2c9c69a936b60438bbf23ca75e88e540bfc3a217e9e161e8ada350861ec7ad27,556abcbc4d50dadef838a2219ef40426af9b1a817c0e582528ce90bd2bd476ba,signatures/FINAL-EVD-0122.signature.csv,4248,cfce251ef510da78e65069cc5e61af896144d77417370483d71071ec7490413e,697
FINAL-EVD-0123,test-primary-F10-r02,primary,F10,3,35.0,40.0,2c9c69a936b60438bbf23ca75e88e540bfc3a217e9e161e8ada350861ec7ad27,556abcbc4d50dadef838a2219ef40426af9b1a817c0e582528ce90bd2bd476ba,signatures/FINAL-EVD-0123.signature.csv,4248,569150dd167a9794830e71e6548484ae2b14d000107c1a29d047c24481855f54,697
FINAL-EVD-0124,test-primary-F10-r02,primary,F10,4,40.0,45.0,2c9c69a936b60438bbf23ca75e88e540bfc3a217e9e161e8ada350861ec7ad27,556abcbc4d50dadef838a2219ef40426af9b1a817c0e582528ce90bd2bd476ba,signatures/FINAL-EVD-0124.signature.csv,4250,0440c586e0706b1edd77002e077b7ed20cb620774f0a11233cbd2d75be7a0645,697
FINAL-EVD-0125,test-primary-F10-r02,primary,F10,5,45.0,50.0,2c9c69a936b60438bbf23ca75e88e540bfc3a217e9e161e8ada350861ec7ad27,556abcbc4d50dadef838a2219ef40426af9b1a817c0e582528ce90bd2bd476ba,signatures/FINAL-EVD-0125.signature.csv,4248,48cfcd439fffd7317dffc42221a50674515a65ffcc7805898e4942c6a8dfa37e,697
FINAL-EVD-0126,test-primary-F10-r02,primary,F10,6,50.0,55.0,2c9c69a936b60438bbf23ca75e88e540bfc3a217e9e161e8ada350861ec7ad27,556abcbc4d50dadef838a2219ef40426af9b1a817c0e582528ce90bd2bd476ba,signatures/FINAL-EVD-0126.signature.csv,4244,138ccd6ef6c4d8cbaa757c091999987d05a4f9f68831d0ea9dafda0f24c2bf28,697
FINAL-EVD-0127,test-primary-F10-r02,primary,F10,7,55.0,60.0,2c9c69a936b60438bbf23ca75e88e540bfc3a217e9e161e8ada350861ec7ad27,556abcbc4d50dadef838a2219ef40426af9b1a817c0e582528ce90bd2bd476ba,signatures/FINAL-EVD-0127.signature.csv,4246,18684197ec0cf4b9efc8a67f07beeb288327f849612bc24ed17b4d6f32eeea92,697
FINAL-EVD-0128,test-primary-F10-r02,primary,F10,8,60.0,65.0,2c9c69a936b60438bbf23ca75e88e540bfc3a217e9e161e8ada350861ec7ad27,556abcbc4d50dadef838a2219ef40426af9b1a817c0e582528ce90bd2bd476ba,signatures/FINAL-EVD-0128.signature.csv,4246,bc21b069c5bb7e7db4525794040dee96390ec5869c6a80959c0070e93caf5499,697
FINAL-EVD-0129,test-primary-F10-r03,primary,F10,1,25.0,30.0,8d4f60627e40e5a23c08f05aa24b24cb1237f60584da93cea3a1fa15fa2ee52c,3a77cb12512dbf463cc16876b4f2e73be946ea3e9f0077a965dda5b716e24dbe,signatures/FINAL-EVD-0129.signature.csv,4252,76ea81e38b4df3b6cc2624eb7ed88827fc42fa52f431b7fdac7edf9789c1a5c5,697
FINAL-EVD-0130,test-primary-F10-r03,primary,F10,2,30.0,35.0,8d4f60627e40e5a23c08f05aa24b24cb1237f60584da93cea3a1fa15fa2ee52c,3a77cb12512dbf463cc16876b4f2e73be946ea3e9f0077a965dda5b716e24dbe,signatures/FINAL-EVD-0130.signature.csv,4248,aafb430c4330709192792128b8d1c4c399e5a8bd25f1c18155b117c289891d97,697
FINAL-EVD-0131,test-primary-F10-r03,primary,F10,3,35.0,40.0,8d4f60627e40e5a23c08f05aa24b24cb1237f60584da93cea3a1fa15fa2ee52c,3a77cb12512dbf463cc16876b4f2e73be946ea3e9f0077a965dda5b716e24dbe,signatures/FINAL-EVD-0131.signature.csv,4248,cfce251ef510da78e65069cc5e61af896144d77417370483d71071ec7490413e,697
FINAL-EVD-0132,test-primary-F10-r03,primary,F10,4,40.0,45.0,8d4f60627e40e5a23c08f05aa24b24cb1237f60584da93cea3a1fa15fa2ee52c,3a77cb12512dbf463cc16876b4f2e73be946ea3e9f0077a965dda5b716e24dbe,signatures/FINAL-EVD-0132.signature.csv,4248,42ed2c8ff4dd14f1a98844512459bb60bb3ce2e8d759e2bc966e21aae952d3a6,697
FINAL-EVD-0133,test-primary-F10-r03,primary,F10,5,45.0,50.0,8d4f60627e40e5a23c08f05aa24b24cb1237f60584da93cea3a1fa15fa2ee52c,3a77cb12512dbf463cc16876b4f2e73be946ea3e9f0077a965dda5b716e24dbe,signatures/FINAL-EVD-0133.signature.csv,4248,fe15ff7daa7d0ee11cd5ffe58150358c924f3c1f79dba760eb44a381fe1e4a39,697
FINAL-EVD-0134,test-primary-F10-r03,primary,F10,6,50.0,55.0,8d4f60627e40e5a23c08f05aa24b24cb1237f60584da93cea3a1fa15fa2ee52c,3a77cb12512dbf463cc16876b4f2e73be946ea3e9f0077a965dda5b716e24dbe,signatures/FINAL-EVD-0134.signature.csv,4248,5c4fe0acea235c74c7339784a54e8ad8576aab335e13e4ea078cabad494216b4,697
FINAL-EVD-0135,test-primary-F10-r03,primary,F10,7,55.0,60.0,8d4f60627e40e5a23c08f05aa24b24cb1237f60584da93cea3a1fa15fa2ee52c,3a77cb12512dbf463cc16876b4f2e73be946ea3e9f0077a965dda5b716e24dbe,signatures/FINAL-EVD-0135.signature.csv,4250,8a6fcec0359b810f177a27da956f201cced726a907731ea33e1ca112df5ba2f6,697
FINAL-EVD-0136,test-primary-F10-r03,primary,F10,8,60.0,65.0,8d4f60627e40e5a23c08f05aa24b24cb1237f60584da93cea3a1fa15fa2ee52c,3a77cb12512dbf463cc16876b4f2e73be946ea3e9f0077a965dda5b716e24dbe,signatures/FINAL-EVD-0136.signature.csv,4248,d5f6958be0b0b938893cabe1615634b6771425d2c40821c6f8126a020776b683,697
FINAL-EVD-0137,test-primary-F10-r04,primary,F10,1,25.0,30.0,ed0ebac19053a5578601373f52ae2834f89135dc4a415c58cc946eb4ff3ccf5c,670392be501ac5b9e35d13c96f7d47f81b5ac1e7b95b65a2e3f987b7194d6d53,signatures/FINAL-EVD-0137.signature.csv,4248,013d09f4b6c8bfebafe8975efd72fce338cf8229b3e1dead1a2ca8005811815a,697
FINAL-EVD-0138,test-primary-F10-r04,primary,F10,2,30.0,35.0,ed0ebac19053a5578601373f52ae2834f89135dc4a415c58cc946eb4ff3ccf5c,670392be501ac5b9e35d13c96f7d47f81b5ac1e7b95b65a2e3f987b7194d6d53,signatures/FINAL-EVD-0138.signature.csv,4248,46fbb5afe8f02e2f70eeccdf8cf1a02367783600ee3d61c50f4351b3e466ed74,697
FINAL-EVD-0139,test-primary-F10-r04,primary,F10,3,35.0,40.0,ed0ebac19053a5578601373f52ae2834f89135dc4a415c58cc946eb4ff3ccf5c,670392be501ac5b9e35d13c96f7d47f81b5ac1e7b95b65a2e3f987b7194d6d53,signatures/FINAL-EVD-0139.signature.csv,4248,cfce251ef510da78e65069cc5e61af896144d77417370483d71071ec7490413e,697
FINAL-EVD-0140,test-primary-F10-r04,primary,F10,4,40.0,45.0,ed0ebac19053a5578601373f52ae2834f89135dc4a415c58cc946eb4ff3ccf5c,670392be501ac5b9e35d13c96f7d47f81b5ac1e7b95b65a2e3f987b7194d6d53,signatures/FINAL-EVD-0140.signature.csv,4248,cfce251ef510da78e65069cc5e61af896144d77417370483d71071ec7490413e,697
FINAL-EVD-0141,test-primary-F10-r04,primary,F10,5,45.0,50.0,ed0ebac19053a5578601373f52ae2834f89135dc4a415c58cc946eb4ff3ccf5c,670392be501ac5b9e35d13c96f7d47f81b5ac1e7b95b65a2e3f987b7194d6d53,signatures/FINAL-EVD-0141.signature.csv,4248,013d09f4b6c8bfebafe8975efd72fce338cf8229b3e1dead1a2ca8005811815a,697
FINAL-EVD-0142,test-primary-F10-r04,primary,F10,6,50.0,55.0,ed0ebac19053a5578601373f52ae2834f89135dc4a415c58cc946eb4ff3ccf5c,670392be501ac5b9e35d13c96f7d47f81b5ac1e7b95b65a2e3f987b7194d6d53,signatures/FINAL-EVD-0142.signature.csv,4248,d5f6958be0b0b938893cabe1615634b6771425d2c40821c6f8126a020776b683,697
FINAL-EVD-0143,test-primary-F10-r04,primary,F10,7,55.0,60.0,ed0ebac19053a5578601373f52ae2834f89135dc4a415c58cc946eb4ff3ccf5c,670392be501ac5b9e35d13c96f7d47f81b5ac1e7b95b65a2e3f987b7194d6d53,signatures/FINAL-EVD-0143.signature.csv,4246,18684197ec0cf4b9efc8a67f07beeb288327f849612bc24ed17b4d6f32eeea92,697
FINAL-EVD-0144,test-primary-F10-r04,primary,F10,8,60.0,65.0,ed0ebac19053a5578601373f52ae2834f89135dc4a415c58cc946eb4ff3ccf5c,670392be501ac5b9e35d13c96f7d47f81b5ac1e7b95b65a2e3f987b7194d6d53,signatures/FINAL-EVD-0144.signature.csv,4250,cb3b84b6d9d98518b564e3436fc0e8ee74638debc7f9678ebcc597959e264d97,697
FINAL-EVD-0145,test-primary-F10-r05,primary,F10,1,25.0,30.0,c41ced4808f46099c807be9421dad5a0886af5c280f794a722a58722a7da851f,03c8a57fb828039d0653f27f34310650b98d675c90e2720016c26ed2e66105ec,signatures/FINAL-EVD-0145.signature.csv,4250,0440c586e0706b1edd77002e077b7ed20cb620774f0a11233cbd2d75be7a0645,697
FINAL-EVD-0146,test-primary-F10-r05,primary,F10,2,30.0,35.0,c41ced4808f46099c807be9421dad5a0886af5c280f794a722a58722a7da851f,03c8a57fb828039d0653f27f34310650b98d675c90e2720016c26ed2e66105ec,signatures/FINAL-EVD-0146.signature.csv,4248,48cfcd439fffd7317dffc42221a50674515a65ffcc7805898e4942c6a8dfa37e,697
FINAL-EVD-0147,test-primary-F10-r05,primary,F10,3,35.0,40.0,c41ced4808f46099c807be9421dad5a0886af5c280f794a722a58722a7da851f,03c8a57fb828039d0653f27f34310650b98d675c90e2720016c26ed2e66105ec,signatures/FINAL-EVD-0147.signature.csv,4248,48cfcd439fffd7317dffc42221a50674515a65ffcc7805898e4942c6a8dfa37e,697
FINAL-EVD-0148,test-primary-F10-r05,primary,F10,4,40.0,45.0,c41ced4808f46099c807be9421dad5a0886af5c280f794a722a58722a7da851f,03c8a57fb828039d0653f27f34310650b98d675c90e2720016c26ed2e66105ec,signatures/FINAL-EVD-0148.signature.csv,4246,06cb755a31fb7d1b9709784b9ce7f8893c68cc63c8b085e66253ecf59ef95a25,697
FINAL-EVD-0149,test-primary-F10-r05,primary,F10,5,45.0,50.0,c41ced4808f46099c807be9421dad5a0886af5c280f794a722a58722a7da851f,03c8a57fb828039d0653f27f34310650b98d675c90e2720016c26ed2e66105ec,signatures/FINAL-EVD-0149.signature.csv,4250,fc3f05d8b76c7e7302b7d727e93470e53e10ea7099e09b78532df0e617edfeb1,697
FINAL-EVD-0150,test-primary-F10-r05,primary,F10,6,50.0,55.0,c41ced4808f46099c807be9421dad5a0886af5c280f794a722a58722a7da851f,03c8a57fb828039d0653f27f34310650b98d675c90e2720016c26ed2e66105ec,signatures/FINAL-EVD-0150.signature.csv,4248,7d9f905304365ca61a5f864787dba08c9ea88dc27d83c834057bda6f1c62fd34,697
FINAL-EVD-0151,test-primary-F10-r05,primary,F10,7,55.0,60.0,c41ced4808f46099c807be9421dad5a0886af5c280f794a722a58722a7da851f,03c8a57fb828039d0653f27f34310650b98d675c90e2720016c26ed2e66105ec,signatures/FINAL-EVD-0151.signature.csv,4248,013d09f4b6c8bfebafe8975efd72fce338cf8229b3e1dead1a2ca8005811815a,697
FINAL-EVD-0152,test-primary-F10-r05,primary,F10,8,60.0,65.0,c41ced4808f46099c807be9421dad5a0886af5c280f794a722a58722a7da851f,03c8a57fb828039d0653f27f34310650b98d675c90e2720016c26ed2e66105ec,signatures/FINAL-EVD-0152.signature.csv,4250,bc187d35f02645059a99eebd7d784c4fdd80ee17dee4d76e07631778b8aea71e,697
FINAL-EVD-0153,test-primary-F10-r06,primary,F10,1,25.0,30.0,2b8a91ac1aafa79bde801e4a605e75d3c7878dbd4d81a1d2711b0407bd02cd4e,36e56725980874decd197628b7e2d64b03124f612a88ee59a1f09107f5e0da2c,signatures/FINAL-EVD-0153.signature.csv,4248,444920a57de0026b8294cacc26ae1895a010263cc88e2d8cc37395247e62eb1d,697
FINAL-EVD-0154,test-primary-F10-r06,primary,F10,2,30.0,35.0,2b8a91ac1aafa79bde801e4a605e75d3c7878dbd4d81a1d2711b0407bd02cd4e,36e56725980874decd197628b7e2d64b03124f612a88ee59a1f09107f5e0da2c,signatures/FINAL-EVD-0154.signature.csv,4248,48cfcd439fffd7317dffc42221a50674515a65ffcc7805898e4942c6a8dfa37e,697
FINAL-EVD-0155,test-primary-F10-r06,primary,F10,3,35.0,40.0,2b8a91ac1aafa79bde801e4a605e75d3c7878dbd4d81a1d2711b0407bd02cd4e,36e56725980874decd197628b7e2d64b03124f612a88ee59a1f09107f5e0da2c,signatures/FINAL-EVD-0155.signature.csv,4248,d5f6958be0b0b938893cabe1615634b6771425d2c40821c6f8126a020776b683,697
FINAL-EVD-0156,test-primary-F10-r06,primary,F10,4,40.0,45.0,2b8a91ac1aafa79bde801e4a605e75d3c7878dbd4d81a1d2711b0407bd02cd4e,36e56725980874decd197628b7e2d64b03124f612a88ee59a1f09107f5e0da2c,signatures/FINAL-EVD-0156.signature.csv,4246,f08d54c23b268bb01e2d0a0fde1dbd681ce81d793b48231339ecb3c1fd4be66e,697
FINAL-EVD-0157,test-primary-F10-r06,primary,F10,5,45.0,50.0,2b8a91ac1aafa79bde801e4a605e75d3c7878dbd4d81a1d2711b0407bd02cd4e,36e56725980874decd197628b7e2d64b03124f612a88ee59a1f09107f5e0da2c,signatures/FINAL-EVD-0157.signature.csv,4248,48cfcd439fffd7317dffc42221a50674515a65ffcc7805898e4942c6a8dfa37e,697
FINAL-EVD-0158,test-primary-F10-r06,primary,F10,6,50.0,55.0,2b8a91ac1aafa79bde801e4a605e75d3c7878dbd4d81a1d2711b0407bd02cd4e,36e56725980874decd197628b7e2d64b03124f612a88ee59a1f09107f5e0da2c,signatures/FINAL-EVD-0158.signature.csv,4248,90bd2c6806b540cb7d72ea231260124da1b63d40cab6e5345c64623926f30f85,697
FINAL-EVD-0159,test-primary-F10-r06,primary,F10,7,55.0,60.0,2b8a91ac1aafa79bde801e4a605e75d3c7878dbd4d81a1d2711b0407bd02cd4e,36e56725980874decd197628b7e2d64b03124f612a88ee59a1f09107f5e0da2c,signatures/FINAL-EVD-0159.signature.csv,4248,bcd073e00e7698b53759d20651e92371359bb7db9d7609bf1780ff7b6d0510e6,697
FINAL-EVD-0160,test-primary-F10-r06,primary,F10,8,60.0,65.0,2b8a91ac1aafa79bde801e4a605e75d3c7878dbd4d81a1d2711b0407bd02cd4e,36e56725980874decd197628b7e2d64b03124f612a88ee59a1f09107f5e0da2c,signatures/FINAL-EVD-0160.signature.csv,4250,6ccebe65b7010dbcc9078f0d120c2bf2bf692b489d894af7e6acc5c984929202,697
FINAL-EVD-0161,test-primary-F10-r07,primary,F10,1,25.0,30.0,0ff33c071c3e211a0ecd8469685e6980985a7132538b0a4be841664c3cc91abc,8942f8140e3d9637ae01ebe3a29feb6725ff878a78759225aa355782ef01cf93,signatures/FINAL-EVD-0161.signature.csv,4248,d5f6958be0b0b938893cabe1615634b6771425d2c40821c6f8126a020776b683,697
FINAL-EVD-0162,test-primary-F10-r07,primary,F10,2,30.0,35.0,0ff33c071c3e211a0ecd8469685e6980985a7132538b0a4be841664c3cc91abc,8942f8140e3d9637ae01ebe3a29feb6725ff878a78759225aa355782ef01cf93,signatures/FINAL-EVD-0162.signature.csv,4248,d5f6958be0b0b938893cabe1615634b6771425d2c40821c6f8126a020776b683,697
FINAL-EVD-0163,test-primary-F10-r07,primary,F10,3,35.0,40.0,0ff33c071c3e211a0ecd8469685e6980985a7132538b0a4be841664c3cc91abc,8942f8140e3d9637ae01ebe3a29feb6725ff878a78759225aa355782ef01cf93,signatures/FINAL-EVD-0163.signature.csv,4248,9046484ba90d269cbafb0fe07152cbf59d95f24fb85369f7cea03718c3886f5a,697
FINAL-EVD-0164,test-primary-F10-r07,primary,F10,4,40.0,45.0,0ff33c071c3e211a0ecd8469685e6980985a7132538b0a4be841664c3cc91abc,8942f8140e3d9637ae01ebe3a29feb6725ff878a78759225aa355782ef01cf93,signatures/FINAL-EVD-0164.signature.csv,4248,48cfcd439fffd7317dffc42221a50674515a65ffcc7805898e4942c6a8dfa37e,697
FINAL-EVD-0165,test-primary-F10-r07,primary,F10,5,45.0,50.0,0ff33c071c3e211a0ecd8469685e6980985a7132538b0a4be841664c3cc91abc,8942f8140e3d9637ae01ebe3a29feb6725ff878a78759225aa355782ef01cf93,signatures/FINAL-EVD-0165.signature.csv,4248,cfce251ef510da78e65069cc5e61af896144d77417370483d71071ec7490413e,697
FINAL-EVD-0166,test-primary-F10-r07,primary,F10,6,50.0,55.0,0ff33c071c3e211a0ecd8469685e6980985a7132538b0a4be841664c3cc91abc,8942f8140e3d9637ae01ebe3a29feb6725ff878a78759225aa355782ef01cf93,signatures/FINAL-EVD-0166.signature.csv,4248,146dc6514942795244b1fb12a22c6c7e03049be59ba42b6d496de687c8c71e4a,697
FINAL-EVD-0167,test-primary-F10-r07,primary,F10,7,55.0,60.0,0ff33c071c3e211a0ecd8469685e6980985a7132538b0a4be841664c3cc91abc,8942f8140e3d9637ae01ebe3a29feb6725ff878a78759225aa355782ef01cf93,signatures/FINAL-EVD-0167.signature.csv,4250,0440c586e0706b1edd77002e077b7ed20cb620774f0a11233cbd2d75be7a0645,697
FINAL-EVD-0168,test-primary-F10-r07,primary,F10,8,60.0,65.0,0ff33c071c3e211a0ecd8469685e6980985a7132538b0a4be841664c3cc91abc,8942f8140e3d9637ae01ebe3a29feb6725ff878a78759225aa355782ef01cf93,signatures/FINAL-EVD-0168.signature.csv,4248,48cfcd439fffd7317dffc42221a50674515a65ffcc7805898e4942c6a8dfa37e,697
FINAL-EVD-0169,test-primary-F10-r08,primary,F10,1,25.0,30.0,eb833cb514b63ba6b0273339630c266851a3b73fdad764c1e823cf15e027c982,7fcb78998e890f4bb60fcafc53157f9058572b63536a5142e4b575c89a4cca3f,signatures/FINAL-EVD-0169.signature.csv,4248,146dc6514942795244b1fb12a22c6c7e03049be59ba42b6d496de687c8c71e4a,697
FINAL-EVD-0170,test-primary-F10-r08,primary,F10,2,30.0,35.0,eb833cb514b63ba6b0273339630c266851a3b73fdad764c1e823cf15e027c982,7fcb78998e890f4bb60fcafc53157f9058572b63536a5142e4b575c89a4cca3f,signatures/FINAL-EVD-0170.signature.csv,4248,9046484ba90d269cbafb0fe07152cbf59d95f24fb85369f7cea03718c3886f5a,697
FINAL-EVD-0171,test-primary-F10-r08,primary,F10,3,35.0,40.0,eb833cb514b63ba6b0273339630c266851a3b73fdad764c1e823cf15e027c982,7fcb78998e890f4bb60fcafc53157f9058572b63536a5142e4b575c89a4cca3f,signatures/FINAL-EVD-0171.signature.csv,4250,52c071fb1bb2b70fcfaddd18b06920e8c76bcdf01573d19695af649527e67143,697
FINAL-EVD-0172,test-primary-F10-r08,primary,F10,4,40.0,45.0,eb833cb514b63ba6b0273339630c266851a3b73fdad764c1e823cf15e027c982,7fcb78998e890f4bb60fcafc53157f9058572b63536a5142e4b575c89a4cca3f,signatures/FINAL-EVD-0172.signature.csv,4246,9d615d66650922847790f7bcdb6a77acb1586d94d8f5ea0b5d52f2b9ad225117,697
FINAL-EVD-0173,test-primary-F10-r08,primary,F10,5,45.0,50.0,eb833cb514b63ba6b0273339630c266851a3b73fdad764c1e823cf15e027c982,7fcb78998e890f4bb60fcafc53157f9058572b63536a5142e4b575c89a4cca3f,signatures/FINAL-EVD-0173.signature.csv,4246,74ba8803f97c963bb97b5fc36494dda97334c38fee49a60a7f065b5c5d29ed08,697
FINAL-EVD-0174,test-primary-F10-r08,primary,F10,6,50.0,55.0,eb833cb514b63ba6b0273339630c266851a3b73fdad764c1e823cf15e027c982,7fcb78998e890f4bb60fcafc53157f9058572b63536a5142e4b575c89a4cca3f,signatures/FINAL-EVD-0174.signature.csv,4248,452e1fed0313547e362bbf55de354aa3ee573c62c422376c0a8c78eceb471374,697
FINAL-EVD-0175,test-primary-F10-r08,primary,F10,7,55.0,60.0,eb833cb514b63ba6b0273339630c266851a3b73fdad764c1e823cf15e027c982,7fcb78998e890f4bb60fcafc53157f9058572b63536a5142e4b575c89a4cca3f,signatures/FINAL-EVD-0175.signature.csv,4250,bc187d35f02645059a99eebd7d784c4fdd80ee17dee4d76e07631778b8aea71e,697
FINAL-EVD-0176,test-primary-F10-r08,primary,F10,8,60.0,65.0,eb833cb514b63ba6b0273339630c266851a3b73fdad764c1e823cf15e027c982,7fcb78998e890f4bb60fcafc53157f9058572b63536a5142e4b575c89a4cca3f,signatures/FINAL-EVD-0176.signature.csv,4248,fbbd409c646583e81a3baed393f5e8c47a038e44e2f2767c03bfa4197b87a770,697
FINAL-EVD-0177,test-primary-F13-r01,primary,F13,1,25.0,30.0,25982307f58cdceef3d2b094e25039fff8fcf713a6e6fa20c2a98cba87360028,543b8aeed77e95e2f69dcab2ec98ab78930b443293045f8a4f3e343e00700bab,signatures/FINAL-EVD-0177.signature.csv,4206,90fe5ac37c528cd6d6080b424c938645c2a8fb97c984d161e7625411b9336b4b,697
FINAL-EVD-0178,test-primary-F13-r01,primary,F13,2,30.0,35.0,25982307f58cdceef3d2b094e25039fff8fcf713a6e6fa20c2a98cba87360028,543b8aeed77e95e2f69dcab2ec98ab78930b443293045f8a4f3e343e00700bab,signatures/FINAL-EVD-0178.signature.csv,4204,5ed6d77203e0c278779bf308f9ba55dc425b6c5d21e00b17f9157a3e0501cf46,697
FINAL-EVD-0179,test-primary-F13-r01,primary,F13,3,35.0,40.0,25982307f58cdceef3d2b094e25039fff8fcf713a6e6fa20c2a98cba87360028,543b8aeed77e95e2f69dcab2ec98ab78930b443293045f8a4f3e343e00700bab,signatures/FINAL-EVD-0179.signature.csv,4186,ca3ae4586a1f44db2341c81998957815ea342c72ff6759b56e3c6a4dfaf91498,697
FINAL-EVD-0180,test-primary-F13-r01,primary,F13,4,40.0,45.0,25982307f58cdceef3d2b094e25039fff8fcf713a6e6fa20c2a98cba87360028,543b8aeed77e95e2f69dcab2ec98ab78930b443293045f8a4f3e343e00700bab,signatures/FINAL-EVD-0180.signature.csv,4166,bf004615d6d1e124a687f7f494a70128ce9ce026448d78b4300aeca889b0b149,697
FINAL-EVD-0181,test-primary-F13-r01,primary,F13,5,45.0,50.0,25982307f58cdceef3d2b094e25039fff8fcf713a6e6fa20c2a98cba87360028,543b8aeed77e95e2f69dcab2ec98ab78930b443293045f8a4f3e343e00700bab,signatures/FINAL-EVD-0181.signature.csv,4190,9dce510d57733b720cab40567229b56d511226ce486ac75a4f611f6feacb3449,697
FINAL-EVD-0182,test-primary-F13-r01,primary,F13,6,50.0,55.0,25982307f58cdceef3d2b094e25039fff8fcf713a6e6fa20c2a98cba87360028,543b8aeed77e95e2f69dcab2ec98ab78930b443293045f8a4f3e343e00700bab,signatures/FINAL-EVD-0182.signature.csv,4178,7483eb835be63d4eb3d57d38e4d8452b654561ae05a787a052473ac9275cdb35,697
FINAL-EVD-0183,test-primary-F13-r01,primary,F13,7,55.0,60.0,25982307f58cdceef3d2b094e25039fff8fcf713a6e6fa20c2a98cba87360028,543b8aeed77e95e2f69dcab2ec98ab78930b443293045f8a4f3e343e00700bab,signatures/FINAL-EVD-0183.signature.csv,4198,498b28deb287f9ceb06a443f7777c5b23ce7ee0881f41ba1b37de25950230df6,697
FINAL-EVD-0184,test-primary-F13-r01,primary,F13,8,60.0,65.0,25982307f58cdceef3d2b094e25039fff8fcf713a6e6fa20c2a98cba87360028,543b8aeed77e95e2f69dcab2ec98ab78930b443293045f8a4f3e343e00700bab,signatures/FINAL-EVD-0184.signature.csv,4154,b0064f685862188cc49ea5582432d122eccb45032582f727a0054664bdb45c2d,697
FINAL-EVD-0185,test-primary-F13-r02,primary,F13,1,25.0,30.0,fc6ed8f91ace2994725d85a1f164cdab3bfd17872859702cf5cdeb83fb5bf49f,6a584a618aafdea2729b339cd2fdef26c2893a90eac8149748b03c6d7f18896e,signatures/FINAL-EVD-0185.signature.csv,4188,aa9df84856814377e2a65ced4a56f28ca6c62ac3929b524fa2739f7d6c8a73b8,697
FINAL-EVD-0186,test-primary-F13-r02,primary,F13,2,30.0,35.0,fc6ed8f91ace2994725d85a1f164cdab3bfd17872859702cf5cdeb83fb5bf49f,6a584a618aafdea2729b339cd2fdef26c2893a90eac8149748b03c6d7f18896e,signatures/FINAL-EVD-0186.signature.csv,4148,c17132a0ffc85d58c5a510b30246cb4e7e7bcd3e27a9b5b87e1acc2555fb6c86,697
FINAL-EVD-0187,test-primary-F13-r02,primary,F13,3,35.0,40.0,fc6ed8f91ace2994725d85a1f164cdab3bfd17872859702cf5cdeb83fb5bf49f,6a584a618aafdea2729b339cd2fdef26c2893a90eac8149748b03c6d7f18896e,signatures/FINAL-EVD-0187.signature.csv,4146,cb2fb36d1aefaddf6baf0ca4c2888556856aa12b13fe5b203fc9c54fcf5fa8ae,697
FINAL-EVD-0188,test-primary-F13-r02,primary,F13,4,40.0,45.0,fc6ed8f91ace2994725d85a1f164cdab3bfd17872859702cf5cdeb83fb5bf49f,6a584a618aafdea2729b339cd2fdef26c2893a90eac8149748b03c6d7f18896e,signatures/FINAL-EVD-0188.signature.csv,4166,1e69cd7ca8662bffc6f50fb5e4a773a228dbdc0ff790271f8e53b51cc1b3119a,697
FINAL-EVD-0189,test-primary-F13-r02,primary,F13,5,45.0,50.0,fc6ed8f91ace2994725d85a1f164cdab3bfd17872859702cf5cdeb83fb5bf49f,6a584a618aafdea2729b339cd2fdef26c2893a90eac8149748b03c6d7f18896e,signatures/FINAL-EVD-0189.signature.csv,4158,5c20b2d779c73bd6d9c475965fb79d62d0b114598d529f9e2dc82f93c21a6eb6,697
FINAL-EVD-0190,test-primary-F13-r02,primary,F13,6,50.0,55.0,fc6ed8f91ace2994725d85a1f164cdab3bfd17872859702cf5cdeb83fb5bf49f,6a584a618aafdea2729b339cd2fdef26c2893a90eac8149748b03c6d7f18896e,signatures/FINAL-EVD-0190.signature.csv,4152,383893085b91a612321f6446eabdc7b845c163a9ce3a284e2f5b227cd52f1e30,697
FINAL-EVD-0191,test-primary-F13-r02,primary,F13,7,55.0,60.0,fc6ed8f91ace2994725d85a1f164cdab3bfd17872859702cf5cdeb83fb5bf49f,6a584a618aafdea2729b339cd2fdef26c2893a90eac8149748b03c6d7f18896e,signatures/FINAL-EVD-0191.signature.csv,4152,d3c612e3250a369a38b5aac388c0c6a97110edcda1bd23c32b5ac555c1a53bc2,697
FINAL-EVD-0192,test-primary-F13-r02,primary,F13,8,60.0,65.0,fc6ed8f91ace2994725d85a1f164cdab3bfd17872859702cf5cdeb83fb5bf49f,6a584a618aafdea2729b339cd2fdef26c2893a90eac8149748b03c6d7f18896e,signatures/FINAL-EVD-0192.signature.csv,4154,b6afe366b4d5d8787eddedb2b7e247f7508f78a8da8bd45750d268417f69f19a,697
FINAL-EVD-0193,test-primary-F13-r03,primary,F13,1,25.0,30.0,d7f705822358cc7754f08e9f2b0947914bc12e9899d5f93bed57d639609ebc34,4d8426d79798e4f44f2df063a9e99cdf1d9b000fc9f9f902a0097ddcb512d313,signatures/FINAL-EVD-0193.signature.csv,4194,cdedc998df287aca04897db19e43253dbc71b79d30b279f3375dbff0a43a3220,697
FINAL-EVD-0194,test-primary-F13-r03,primary,F13,2,30.0,35.0,d7f705822358cc7754f08e9f2b0947914bc12e9899d5f93bed57d639609ebc34,4d8426d79798e4f44f2df063a9e99cdf1d9b000fc9f9f902a0097ddcb512d313,signatures/FINAL-EVD-0194.signature.csv,4168,08a11363b9b761deaafbafa488eb95d22cfc3efeae0810c8cebf5201edaadf77,697
FINAL-EVD-0195,test-primary-F13-r03,primary,F13,3,35.0,40.0,d7f705822358cc7754f08e9f2b0947914bc12e9899d5f93bed57d639609ebc34,4d8426d79798e4f44f2df063a9e99cdf1d9b000fc9f9f902a0097ddcb512d313,signatures/FINAL-EVD-0195.signature.csv,4168,95b3007c383cb654534e81e9df41ed986825b02e73f7d45ba1b5ee2be0d6d3ff,697
FINAL-EVD-0196,test-primary-F13-r03,primary,F13,4,40.0,45.0,d7f705822358cc7754f08e9f2b0947914bc12e9899d5f93bed57d639609ebc34,4d8426d79798e4f44f2df063a9e99cdf1d9b000fc9f9f902a0097ddcb512d313,signatures/FINAL-EVD-0196.signature.csv,4196,72b23e0d72f8a75778814d31ef6ef05570444200264fd21a52df56d4e40fbdfe,697
FINAL-EVD-0197,test-primary-F13-r03,primary,F13,5,45.0,50.0,d7f705822358cc7754f08e9f2b0947914bc12e9899d5f93bed57d639609ebc34,4d8426d79798e4f44f2df063a9e99cdf1d9b000fc9f9f902a0097ddcb512d313,signatures/FINAL-EVD-0197.signature.csv,4172,fe81f6ac42f7c2f9f636bff33b7a41604c14e2d68cd66f408f6c47c190011824,697
FINAL-EVD-0198,test-primary-F13-r03,primary,F13,6,50.0,55.0,d7f705822358cc7754f08e9f2b0947914bc12e9899d5f93bed57d639609ebc34,4d8426d79798e4f44f2df063a9e99cdf1d9b000fc9f9f902a0097ddcb512d313,signatures/FINAL-EVD-0198.signature.csv,4150,ef78e505c9a4f891acfbee1a7aa1c33db567c63b1ea532ada9ece337de641233,697
FINAL-EVD-0199,test-primary-F13-r03,primary,F13,7,55.0,60.0,d7f705822358cc7754f08e9f2b0947914bc12e9899d5f93bed57d639609ebc34,4d8426d79798e4f44f2df063a9e99cdf1d9b000fc9f9f902a0097ddcb512d313,signatures/FINAL-EVD-0199.signature.csv,4134,85540e67c876e80cdcb7b03c4d52e82e8c8a777d3c1161e52430387ec281bd55,697
FINAL-EVD-0200,test-primary-F13-r03,primary,F13,8,60.0,65.0,d7f705822358cc7754f08e9f2b0947914bc12e9899d5f93bed57d639609ebc34,4d8426d79798e4f44f2df063a9e99cdf1d9b000fc9f9f902a0097ddcb512d313,signatures/FINAL-EVD-0200.signature.csv,4140,66652844a9bdd06cdafd243683234585d8c28f1449701dfafdb9721b6601ea5c,697
FINAL-EVD-0201,test-primary-F13-r04,primary,F13,1,25.0,30.0,f8e45af4d7ddc9e420130ac24a5a6dce07f7c35650410f19ac8b41ee85616dee,514bd17672c23657a6f229f9af44ac1459bd3e544bcd874ab97cacd281b3fb16,signatures/FINAL-EVD-0201.signature.csv,4224,687b4cf27ae050cc2857c1f4ba93ad6fc108af998a3e2a610dccd8fc266a5fd9,697
FINAL-EVD-0202,test-primary-F13-r04,primary,F13,2,30.0,35.0,f8e45af4d7ddc9e420130ac24a5a6dce07f7c35650410f19ac8b41ee85616dee,514bd17672c23657a6f229f9af44ac1459bd3e544bcd874ab97cacd281b3fb16,signatures/FINAL-EVD-0202.signature.csv,4154,7bfd032e408a157429130db6a66e8e785ad5254bf5a22a6b4d824d030c590d1d,697
FINAL-EVD-0203,test-primary-F13-r04,primary,F13,3,35.0,40.0,f8e45af4d7ddc9e420130ac24a5a6dce07f7c35650410f19ac8b41ee85616dee,514bd17672c23657a6f229f9af44ac1459bd3e544bcd874ab97cacd281b3fb16,signatures/FINAL-EVD-0203.signature.csv,4170,4a7ab03cbba97834031886ad6d79a6fcf582767d0b8263df1b4ddd83b3a8b153,697
FINAL-EVD-0204,test-primary-F13-r04,primary,F13,4,40.0,45.0,f8e45af4d7ddc9e420130ac24a5a6dce07f7c35650410f19ac8b41ee85616dee,514bd17672c23657a6f229f9af44ac1459bd3e544bcd874ab97cacd281b3fb16,signatures/FINAL-EVD-0204.signature.csv,4180,01b10889061aefa532b739675b2f8b48cc5fdb847dd5e0a36f2350afe0d425a6,697
FINAL-EVD-0205,test-primary-F13-r04,primary,F13,5,45.0,50.0,f8e45af4d7ddc9e420130ac24a5a6dce07f7c35650410f19ac8b41ee85616dee,514bd17672c23657a6f229f9af44ac1459bd3e544bcd874ab97cacd281b3fb16,signatures/FINAL-EVD-0205.signature.csv,4158,ad9410a67b090f0d69e47027564d03b89441fa82bfc8c3bdf6e443e3deb09103,697
FINAL-EVD-0206,test-primary-F13-r04,primary,F13,6,50.0,55.0,f8e45af4d7ddc9e420130ac24a5a6dce07f7c35650410f19ac8b41ee85616dee,514bd17672c23657a6f229f9af44ac1459bd3e544bcd874ab97cacd281b3fb16,signatures/FINAL-EVD-0206.signature.csv,4154,4078c68539f19bea9aa622edfef8e05a7c1ccde00906e3c41ddecf876bc379a7,697
FINAL-EVD-0207,test-primary-F13-r04,primary,F13,7,55.0,60.0,f8e45af4d7ddc9e420130ac24a5a6dce07f7c35650410f19ac8b41ee85616dee,514bd17672c23657a6f229f9af44ac1459bd3e544bcd874ab97cacd281b3fb16,signatures/FINAL-EVD-0207.signature.csv,4180,1e0a495cb2d557fd2f3c4575ddd7708d0fdd82c238a4b950bebd3b9f0f93958f,697
FINAL-EVD-0208,test-primary-F13-r04,primary,F13,8,60.0,65.0,f8e45af4d7ddc9e420130ac24a5a6dce07f7c35650410f19ac8b41ee85616dee,514bd17672c23657a6f229f9af44ac1459bd3e544bcd874ab97cacd281b3fb16,signatures/FINAL-EVD-0208.signature.csv,4162,df07434e0d260c7a6a6aacdad28c44964bab4284e0c053ea897baf7105b1df32,697
FINAL-EVD-0209,test-primary-F13-r05,primary,F13,1,25.0,30.0,62be05971b6815d1c1d7b4a38c69d731f29d5a4c5cf6c76ebe0cf4752148d87d,f4fc142c0eed0f7d567a932ff1ebb4938093d946c6457f360e80cfc9593d0106,signatures/FINAL-EVD-0209.signature.csv,4236,054d511a4bc5d94b409fa47bdfe00f10ac399988f1ab326d867a1f6efc23c7d3,697
FINAL-EVD-0210,test-primary-F13-r05,primary,F13,2,30.0,35.0,62be05971b6815d1c1d7b4a38c69d731f29d5a4c5cf6c76ebe0cf4752148d87d,f4fc142c0eed0f7d567a932ff1ebb4938093d946c6457f360e80cfc9593d0106,signatures/FINAL-EVD-0210.signature.csv,4174,702b3369f73e65f8d0ba090e3af9e21126efde43448887d49f6dac5a98f6ee7e,697
FINAL-EVD-0211,test-primary-F13-r05,primary,F13,3,35.0,40.0,62be05971b6815d1c1d7b4a38c69d731f29d5a4c5cf6c76ebe0cf4752148d87d,f4fc142c0eed0f7d567a932ff1ebb4938093d946c6457f360e80cfc9593d0106,signatures/FINAL-EVD-0211.signature.csv,4166,b6294eb9890777f7df209e627d600db303da6d7b403b691dc4b19b7d5640e2ae,697
FINAL-EVD-0212,test-primary-F13-r05,primary,F13,4,40.0,45.0,62be05971b6815d1c1d7b4a38c69d731f29d5a4c5cf6c76ebe0cf4752148d87d,f4fc142c0eed0f7d567a932ff1ebb4938093d946c6457f360e80cfc9593d0106,signatures/FINAL-EVD-0212.signature.csv,4156,5005ef7b0c12a917964e168a3e6ca122b687d78e34c70f9746914bdd8e34d99e,697
FINAL-EVD-0213,test-primary-F13-r05,primary,F13,5,45.0,50.0,62be05971b6815d1c1d7b4a38c69d731f29d5a4c5cf6c76ebe0cf4752148d87d,f4fc142c0eed0f7d567a932ff1ebb4938093d946c6457f360e80cfc9593d0106,signatures/FINAL-EVD-0213.signature.csv,4142,0af1323dcd2eeb28b6e5ee7d9400df78a9d05e779d9cdc73978211d206b7ef85,697
FINAL-EVD-0214,test-primary-F13-r05,primary,F13,6,50.0,55.0,62be05971b6815d1c1d7b4a38c69d731f29d5a4c5cf6c76ebe0cf4752148d87d,f4fc142c0eed0f7d567a932ff1ebb4938093d946c6457f360e80cfc9593d0106,signatures/FINAL-EVD-0214.signature.csv,4144,22b99ace499f0ef40532944565a44548334d19417215f01e00ef1aae6adc03f9,697
FINAL-EVD-0215,test-primary-F13-r05,primary,F13,7,55.0,60.0,62be05971b6815d1c1d7b4a38c69d731f29d5a4c5cf6c76ebe0cf4752148d87d,f4fc142c0eed0f7d567a932ff1ebb4938093d946c6457f360e80cfc9593d0106,signatures/FINAL-EVD-0215.signature.csv,4138,1f1fbf756fad828215ea38ae76347908857e0e0e37b6f6b8747232380f73dba6,697
FINAL-EVD-0216,test-primary-F13-r05,primary,F13,8,60.0,65.0,62be05971b6815d1c1d7b4a38c69d731f29d5a4c5cf6c76ebe0cf4752148d87d,f4fc142c0eed0f7d567a932ff1ebb4938093d946c6457f360e80cfc9593d0106,signatures/FINAL-EVD-0216.signature.csv,4146,d11382a39b77e2a7f3bc216bb002ed6a21c8d14e181bf55f66559c707ebb7bb8,697
FINAL-EVD-0217,test-primary-F13-r06,primary,F13,1,25.0,30.0,e433b32c17bce0d1e798e2fa9e09bf7adc81456825a5496676e63149213ed9f7,191b5b2118cec7ba558029e8663a70cb8196fd500bd33ee5ab0d6c7655a793ff,signatures/FINAL-EVD-0217.signature.csv,4184,80e98a35358c031e68369ad46a8a6eef11cfebf61362ed78484ac872a7a0e8b9,697
FINAL-EVD-0218,test-primary-F13-r06,primary,F13,2,30.0,35.0,e433b32c17bce0d1e798e2fa9e09bf7adc81456825a5496676e63149213ed9f7,191b5b2118cec7ba558029e8663a70cb8196fd500bd33ee5ab0d6c7655a793ff,signatures/FINAL-EVD-0218.signature.csv,4174,184b6975bd26475b8e2d03f125181dbd74106abfc89c70794068893f3155400e,697
FINAL-EVD-0219,test-primary-F13-r06,primary,F13,3,35.0,40.0,e433b32c17bce0d1e798e2fa9e09bf7adc81456825a5496676e63149213ed9f7,191b5b2118cec7ba558029e8663a70cb8196fd500bd33ee5ab0d6c7655a793ff,signatures/FINAL-EVD-0219.signature.csv,4164,ecdf03a71e425fc78d9d01fbc0518b6e9fb9f20aa014fd429c0af392c0b6e662,697
FINAL-EVD-0220,test-primary-F13-r06,primary,F13,4,40.0,45.0,e433b32c17bce0d1e798e2fa9e09bf7adc81456825a5496676e63149213ed9f7,191b5b2118cec7ba558029e8663a70cb8196fd500bd33ee5ab0d6c7655a793ff,signatures/FINAL-EVD-0220.signature.csv,4156,0a42d43d38e526e56d5074b57f2f2bbb6ea73d02e2eaa8c0ca0447d03d605a28,697
FINAL-EVD-0221,test-primary-F13-r06,primary,F13,5,45.0,50.0,e433b32c17bce0d1e798e2fa9e09bf7adc81456825a5496676e63149213ed9f7,191b5b2118cec7ba558029e8663a70cb8196fd500bd33ee5ab0d6c7655a793ff,signatures/FINAL-EVD-0221.signature.csv,4150,80cee96f6caffb3846055e4dea0d03d7e3eff963d1a8bff588bf457154dc423b,697
FINAL-EVD-0222,test-primary-F13-r06,primary,F13,6,50.0,55.0,e433b32c17bce0d1e798e2fa9e09bf7adc81456825a5496676e63149213ed9f7,191b5b2118cec7ba558029e8663a70cb8196fd500bd33ee5ab0d6c7655a793ff,signatures/FINAL-EVD-0222.signature.csv,4164,5775c517965950eb4465e03d4a13c6a674b850bced7641fd89688c8c4d5b39a9,697
FINAL-EVD-0223,test-primary-F13-r06,primary,F13,7,55.0,60.0,e433b32c17bce0d1e798e2fa9e09bf7adc81456825a5496676e63149213ed9f7,191b5b2118cec7ba558029e8663a70cb8196fd500bd33ee5ab0d6c7655a793ff,signatures/FINAL-EVD-0223.signature.csv,4162,cb723eea679a006ce73e2de3501a51179c0474ff911a08060652e1ea2b498c77,697
FINAL-EVD-0224,test-primary-F13-r06,primary,F13,8,60.0,65.0,e433b32c17bce0d1e798e2fa9e09bf7adc81456825a5496676e63149213ed9f7,191b5b2118cec7ba558029e8663a70cb8196fd500bd33ee5ab0d6c7655a793ff,signatures/FINAL-EVD-0224.signature.csv,4170,e2f95c698b28d0bd530347fc4d33dd83c672ceaed86ba581a31387f3d6561684,697
FINAL-EVD-0225,test-primary-F13-r07,primary,F13,1,25.0,30.0,61663af415d13d7270514be5c8d2a9a52f407669a048439c164d912178fad1e8,431d5711fee660a8192532fd6b4ad0a1c6761dae960d97955785cd33abaa77b1,signatures/FINAL-EVD-0225.signature.csv,4224,6241329a79fc3457628c7c9f8e1de923840ecd92dccb04c7d0f79100e6f4710d,697
FINAL-EVD-0226,test-primary-F13-r07,primary,F13,2,30.0,35.0,61663af415d13d7270514be5c8d2a9a52f407669a048439c164d912178fad1e8,431d5711fee660a8192532fd6b4ad0a1c6761dae960d97955785cd33abaa77b1,signatures/FINAL-EVD-0226.signature.csv,4178,c710066c16f4d203bb33d0c1e59fcfc7bb4e387416f656f54fd80c68abd4738c,697
FINAL-EVD-0227,test-primary-F13-r07,primary,F13,3,35.0,40.0,61663af415d13d7270514be5c8d2a9a52f407669a048439c164d912178fad1e8,431d5711fee660a8192532fd6b4ad0a1c6761dae960d97955785cd33abaa77b1,signatures/FINAL-EVD-0227.signature.csv,4166,1816edc2a1715385724f8a41ae3262f399a787717675e6c20efd8367ef803335,697
FINAL-EVD-0228,test-primary-F13-r07,primary,F13,4,40.0,45.0,61663af415d13d7270514be5c8d2a9a52f407669a048439c164d912178fad1e8,431d5711fee660a8192532fd6b4ad0a1c6761dae960d97955785cd33abaa77b1,signatures/FINAL-EVD-0228.signature.csv,4170,c58da10463104341313ff71eeb86016e001ba951cc4f4bdb60034e7817a1d07c,697
FINAL-EVD-0229,test-primary-F13-r07,primary,F13,5,45.0,50.0,61663af415d13d7270514be5c8d2a9a52f407669a048439c164d912178fad1e8,431d5711fee660a8192532fd6b4ad0a1c6761dae960d97955785cd33abaa77b1,signatures/FINAL-EVD-0229.signature.csv,4162,139082811aef283972c3cfa0caed66e6925193e1161a01f7196b9976c4227809,697
FINAL-EVD-0230,test-primary-F13-r07,primary,F13,6,50.0,55.0,61663af415d13d7270514be5c8d2a9a52f407669a048439c164d912178fad1e8,431d5711fee660a8192532fd6b4ad0a1c6761dae960d97955785cd33abaa77b1,signatures/FINAL-EVD-0230.signature.csv,4152,22720fbf193188d2ba541469a97e2e3128fa6255e36923721b88749800f3459c,697
FINAL-EVD-0231,test-primary-F13-r07,primary,F13,7,55.0,60.0,61663af415d13d7270514be5c8d2a9a52f407669a048439c164d912178fad1e8,431d5711fee660a8192532fd6b4ad0a1c6761dae960d97955785cd33abaa77b1,signatures/FINAL-EVD-0231.signature.csv,4180,ef254a0529248f84838f563ad53d1f4c5cd88d19880c94a2c5185359da1cd2d2,697
FINAL-EVD-0232,test-primary-F13-r07,primary,F13,8,60.0,65.0,61663af415d13d7270514be5c8d2a9a52f407669a048439c164d912178fad1e8,431d5711fee660a8192532fd6b4ad0a1c6761dae960d97955785cd33abaa77b1,signatures/FINAL-EVD-0232.signature.csv,4168,ad196f1a2d65c1ea2727c05520347d21b29346d11858e53d4375fe8f0c8e6c60,697
FINAL-EVD-0233,test-primary-F13-r08,primary,F13,1,25.0,30.0,9d0da5971d6e8c2152f40a4cafae3d4d6e60bef8c67b65c8aaa1faab09e0b7b4,63701671eaddafc419b23647dbe915325e3d1fe73446c90265a0f7b35c563a3a,signatures/FINAL-EVD-0233.signature.csv,4220,a1401e5f11d64395beef343281474b46f0bafcd18e6ed53ec2919dce3ef70f30,697
FINAL-EVD-0234,test-primary-F13-r08,primary,F13,2,30.0,35.0,9d0da5971d6e8c2152f40a4cafae3d4d6e60bef8c67b65c8aaa1faab09e0b7b4,63701671eaddafc419b23647dbe915325e3d1fe73446c90265a0f7b35c563a3a,signatures/FINAL-EVD-0234.signature.csv,4168,4e1a2405f67fbc810f9b050b5805d44ddf3457c1462396e3a8e33756fbd33a74,697
FINAL-EVD-0235,test-primary-F13-r08,primary,F13,3,35.0,40.0,9d0da5971d6e8c2152f40a4cafae3d4d6e60bef8c67b65c8aaa1faab09e0b7b4,63701671eaddafc419b23647dbe915325e3d1fe73446c90265a0f7b35c563a3a,signatures/FINAL-EVD-0235.signature.csv,4160,c465d5cf6659e55ae4976eaa3ca80264799c98942280b441e3e8c10705e4e356,697
FINAL-EVD-0236,test-primary-F13-r08,primary,F13,4,40.0,45.0,9d0da5971d6e8c2152f40a4cafae3d4d6e60bef8c67b65c8aaa1faab09e0b7b4,63701671eaddafc419b23647dbe915325e3d1fe73446c90265a0f7b35c563a3a,signatures/FINAL-EVD-0236.signature.csv,4152,73fbb8ac78b2a321d556eb1f6a378be6a05b74ec6f0b15a21f65e2746ccd939f,697
FINAL-EVD-0237,test-primary-F13-r08,primary,F13,5,45.0,50.0,9d0da5971d6e8c2152f40a4cafae3d4d6e60bef8c67b65c8aaa1faab09e0b7b4,63701671eaddafc419b23647dbe915325e3d1fe73446c90265a0f7b35c563a3a,signatures/FINAL-EVD-0237.signature.csv,4158,56e7e2b46fd034f52d8a77a9848cd4da8d78680b924a66514a6e57a56f2ec1cb,697
FINAL-EVD-0238,test-primary-F13-r08,primary,F13,6,50.0,55.0,9d0da5971d6e8c2152f40a4cafae3d4d6e60bef8c67b65c8aaa1faab09e0b7b4,63701671eaddafc419b23647dbe915325e3d1fe73446c90265a0f7b35c563a3a,signatures/FINAL-EVD-0238.signature.csv,4154,925ed0e8722aa89e39361e2f49231919c84d87f316cc41b80043ef8016a510b7,697
FINAL-EVD-0239,test-primary-F13-r08,primary,F13,7,55.0,60.0,9d0da5971d6e8c2152f40a4cafae3d4d6e60bef8c67b65c8aaa1faab09e0b7b4,63701671eaddafc419b23647dbe915325e3d1fe73446c90265a0f7b35c563a3a,signatures/FINAL-EVD-0239.signature.csv,4154,95a81254f4142acb99888ac19f76a1fa9096cba1350d5614dc654323f7eb05c3,697
FINAL-EVD-0240,test-primary-F13-r08,primary,F13,8,60.0,65.0,9d0da5971d6e8c2152f40a4cafae3d4d6e60bef8c67b65c8aaa1faab09e0b7b4,63701671eaddafc419b23647dbe915325e3d1fe73446c90265a0f7b35c563a3a,signatures/FINAL-EVD-0240.signature.csv,4156,1f555e434f084647a50bbaab2ed9289195fb6311ea1652ac7193fe8dcbcdb67d,697
FINAL-EVD-0241,test-primary-F14-r01,primary,F14,1,25.0,30.0,ad43ee6efb6a7aae2bdce7cf0a70b9696b674b9ced04f7fb8332847eadbffd3b,92cd3cd796d00c01d887ac640f523399e3a58d3db5698b0949f1eaf617db9deb,signatures/FINAL-EVD-0241.signature.csv,4252,cccc437a5115804aaa3591392cc457e61340e4cd2089066f278196422e30f81a,697
FINAL-EVD-0242,test-primary-F14-r01,primary,F14,2,30.0,35.0,ad43ee6efb6a7aae2bdce7cf0a70b9696b674b9ced04f7fb8332847eadbffd3b,92cd3cd796d00c01d887ac640f523399e3a58d3db5698b0949f1eaf617db9deb,signatures/FINAL-EVD-0242.signature.csv,4252,0e78d88d211da8f17c5f71a61f1ce57c045137098e1a2b9666048f87612a1cc1,697
FINAL-EVD-0243,test-primary-F14-r01,primary,F14,3,35.0,40.0,ad43ee6efb6a7aae2bdce7cf0a70b9696b674b9ced04f7fb8332847eadbffd3b,92cd3cd796d00c01d887ac640f523399e3a58d3db5698b0949f1eaf617db9deb,signatures/FINAL-EVD-0243.signature.csv,4252,f0d822e64e6f2529f812a908aaa2d4cd950066b0280f8e9c5eaffa77f904e30d,697
FINAL-EVD-0244,test-primary-F14-r01,primary,F14,4,40.0,45.0,ad43ee6efb6a7aae2bdce7cf0a70b9696b674b9ced04f7fb8332847eadbffd3b,92cd3cd796d00c01d887ac640f523399e3a58d3db5698b0949f1eaf617db9deb,signatures/FINAL-EVD-0244.signature.csv,4252,f0d822e64e6f2529f812a908aaa2d4cd950066b0280f8e9c5eaffa77f904e30d,697
FINAL-EVD-0245,test-primary-F14-r01,primary,F14,5,45.0,50.0,ad43ee6efb6a7aae2bdce7cf0a70b9696b674b9ced04f7fb8332847eadbffd3b,92cd3cd796d00c01d887ac640f523399e3a58d3db5698b0949f1eaf617db9deb,signatures/FINAL-EVD-0245.signature.csv,4252,f0d822e64e6f2529f812a908aaa2d4cd950066b0280f8e9c5eaffa77f904e30d,697
FINAL-EVD-0246,test-primary-F14-r01,primary,F14,6,50.0,55.0,ad43ee6efb6a7aae2bdce7cf0a70b9696b674b9ced04f7fb8332847eadbffd3b,92cd3cd796d00c01d887ac640f523399e3a58d3db5698b0949f1eaf617db9deb,signatures/FINAL-EVD-0246.signature.csv,4252,f0d822e64e6f2529f812a908aaa2d4cd950066b0280f8e9c5eaffa77f904e30d,697
FINAL-EVD-0247,test-primary-F14-r01,primary,F14,7,55.0,60.0,ad43ee6efb6a7aae2bdce7cf0a70b9696b674b9ced04f7fb8332847eadbffd3b,92cd3cd796d00c01d887ac640f523399e3a58d3db5698b0949f1eaf617db9deb,signatures/FINAL-EVD-0247.signature.csv,4252,f0d822e64e6f2529f812a908aaa2d4cd950066b0280f8e9c5eaffa77f904e30d,697
FINAL-EVD-0248,test-primary-F14-r01,primary,F14,8,60.0,65.0,ad43ee6efb6a7aae2bdce7cf0a70b9696b674b9ced04f7fb8332847eadbffd3b,92cd3cd796d00c01d887ac640f523399e3a58d3db5698b0949f1eaf617db9deb,signatures/FINAL-EVD-0248.signature.csv,4252,f0d822e64e6f2529f812a908aaa2d4cd950066b0280f8e9c5eaffa77f904e30d,697
FINAL-EVD-0249,test-primary-F14-r02,primary,F14,1,25.0,30.0,703c164d128536daf2752209d8e3b7c3bcfa75c7b43485936596e1a73daafb18,0afc830244e92dbb5f16cecefcee29e85278b151f3c98dc30dc1780afb06632a,signatures/FINAL-EVD-0249.signature.csv,4252,cccc437a5115804aaa3591392cc457e61340e4cd2089066f278196422e30f81a,697
FINAL-EVD-0250,test-primary-F14-r02,primary,F14,2,30.0,35.0,703c164d128536daf2752209d8e3b7c3bcfa75c7b43485936596e1a73daafb18,0afc830244e92dbb5f16cecefcee29e85278b151f3c98dc30dc1780afb06632a,signatures/FINAL-EVD-0250.signature.csv,4252,5f1e420c48349b630798d4e0c57f87b1401fcbf06553ebab7ca2e4cbeb08b831,697
FINAL-EVD-0251,test-primary-F14-r02,primary,F14,3,35.0,40.0,703c164d128536daf2752209d8e3b7c3bcfa75c7b43485936596e1a73daafb18,0afc830244e92dbb5f16cecefcee29e85278b151f3c98dc30dc1780afb06632a,signatures/FINAL-EVD-0251.signature.csv,4252,f0d822e64e6f2529f812a908aaa2d4cd950066b0280f8e9c5eaffa77f904e30d,697
FINAL-EVD-0252,test-primary-F14-r02,primary,F14,4,40.0,45.0,703c164d128536daf2752209d8e3b7c3bcfa75c7b43485936596e1a73daafb18,0afc830244e92dbb5f16cecefcee29e85278b151f3c98dc30dc1780afb06632a,signatures/FINAL-EVD-0252.signature.csv,4252,ba260e9e6e53781188afc2cdea71d45d81224a5e516d758d573eb50e7b2151b8,697
FINAL-EVD-0253,test-primary-F14-r02,primary,F14,5,45.0,50.0,703c164d128536daf2752209d8e3b7c3bcfa75c7b43485936596e1a73daafb18,0afc830244e92dbb5f16cecefcee29e85278b151f3c98dc30dc1780afb06632a,signatures/FINAL-EVD-0253.signature.csv,4252,f0d822e64e6f2529f812a908aaa2d4cd950066b0280f8e9c5eaffa77f904e30d,697
FINAL-EVD-0254,test-primary-F14-r02,primary,F14,6,50.0,55.0,703c164d128536daf2752209d8e3b7c3bcfa75c7b43485936596e1a73daafb18,0afc830244e92dbb5f16cecefcee29e85278b151f3c98dc30dc1780afb06632a,signatures/FINAL-EVD-0254.signature.csv,4252,f0d822e64e6f2529f812a908aaa2d4cd950066b0280f8e9c5eaffa77f904e30d,697
FINAL-EVD-0255,test-primary-F14-r02,primary,F14,7,55.0,60.0,703c164d128536daf2752209d8e3b7c3bcfa75c7b43485936596e1a73daafb18,0afc830244e92dbb5f16cecefcee29e85278b151f3c98dc30dc1780afb06632a,signatures/FINAL-EVD-0255.signature.csv,4252,b492d95ade83c373dbbf34c6ce458bab131ac6f369699725d1666dc9fb777c29,697
FINAL-EVD-0256,test-primary-F14-r02,primary,F14,8,60.0,65.0,703c164d128536daf2752209d8e3b7c3bcfa75c7b43485936596e1a73daafb18,0afc830244e92dbb5f16cecefcee29e85278b151f3c98dc30dc1780afb06632a,signatures/FINAL-EVD-0256.signature.csv,4252,f0d822e64e6f2529f812a908aaa2d4cd950066b0280f8e9c5eaffa77f904e30d,697
FINAL-EVD-0257,test-primary-F14-r03,primary,F14,1,25.0,30.0,8a0350dc304b432f2ca94a5bee003cfec4c48f30dfb453fa0cd807d26e4bd2d3,c2aefe84cc4ca501f117685550842ba80533ba389464be14d61a773d675a36df,signatures/FINAL-EVD-0257.signature.csv,4252,bba4a496ebf13df11ba8b67f06580d4667d91b7720192107bdca9354a216766b,697
FINAL-EVD-0258,test-primary-F14-r03,primary,F14,2,30.0,35.0,8a0350dc304b432f2ca94a5bee003cfec4c48f30dfb453fa0cd807d26e4bd2d3,c2aefe84cc4ca501f117685550842ba80533ba389464be14d61a773d675a36df,signatures/FINAL-EVD-0258.signature.csv,4252,5250195a6811af953667a830ffe1370cafc95e8a4283916e15ac1ee4d748dddb,697
FINAL-EVD-0259,test-primary-F14-r03,primary,F14,3,35.0,40.0,8a0350dc304b432f2ca94a5bee003cfec4c48f30dfb453fa0cd807d26e4bd2d3,c2aefe84cc4ca501f117685550842ba80533ba389464be14d61a773d675a36df,signatures/FINAL-EVD-0259.signature.csv,4252,f0d822e64e6f2529f812a908aaa2d4cd950066b0280f8e9c5eaffa77f904e30d,697
FINAL-EVD-0260,test-primary-F14-r03,primary,F14,4,40.0,45.0,8a0350dc304b432f2ca94a5bee003cfec4c48f30dfb453fa0cd807d26e4bd2d3,c2aefe84cc4ca501f117685550842ba80533ba389464be14d61a773d675a36df,signatures/FINAL-EVD-0260.signature.csv,4252,f0d822e64e6f2529f812a908aaa2d4cd950066b0280f8e9c5eaffa77f904e30d,697
FINAL-EVD-0261,test-primary-F14-r03,primary,F14,5,45.0,50.0,8a0350dc304b432f2ca94a5bee003cfec4c48f30dfb453fa0cd807d26e4bd2d3,c2aefe84cc4ca501f117685550842ba80533ba389464be14d61a773d675a36df,signatures/FINAL-EVD-0261.signature.csv,4252,f0d822e64e6f2529f812a908aaa2d4cd950066b0280f8e9c5eaffa77f904e30d,697
FINAL-EVD-0262,test-primary-F14-r03,primary,F14,6,50.0,55.0,8a0350dc304b432f2ca94a5bee003cfec4c48f30dfb453fa0cd807d26e4bd2d3,c2aefe84cc4ca501f117685550842ba80533ba389464be14d61a773d675a36df,signatures/FINAL-EVD-0262.signature.csv,4252,ba260e9e6e53781188afc2cdea71d45d81224a5e516d758d573eb50e7b2151b8,697
FINAL-EVD-0263,test-primary-F14-r03,primary,F14,7,55.0,60.0,8a0350dc304b432f2ca94a5bee003cfec4c48f30dfb453fa0cd807d26e4bd2d3,c2aefe84cc4ca501f117685550842ba80533ba389464be14d61a773d675a36df,signatures/FINAL-EVD-0263.signature.csv,4250,c197304059fd48e43b0d3c0013fc242303326d9341e4d9a073f6d5ce58c3153d,697
FINAL-EVD-0264,test-primary-F14-r03,primary,F14,8,60.0,65.0,8a0350dc304b432f2ca94a5bee003cfec4c48f30dfb453fa0cd807d26e4bd2d3,c2aefe84cc4ca501f117685550842ba80533ba389464be14d61a773d675a36df,signatures/FINAL-EVD-0264.signature.csv,4246,346e2fb61895bb33f50585c52495e275a57150930097db824a06f22b60c95f1b,697
FINAL-EVD-0265,test-primary-F14-r04,primary,F14,1,25.0,30.0,f3bce452871cca6bbf77af2f804b2563a996050de8c224090956827806d398c8,45ebe3e3c90578583be86dee2ef1307849a23f7b145132d6fd238268e7de9a0c,signatures/FINAL-EVD-0265.signature.csv,4252,f9ad7f1aee7177e06bd0754e7c749dd062b7122b6a791859ce01f2c0081e60d4,697
FINAL-EVD-0266,test-primary-F14-r04,primary,F14,2,30.0,35.0,f3bce452871cca6bbf77af2f804b2563a996050de8c224090956827806d398c8,45ebe3e3c90578583be86dee2ef1307849a23f7b145132d6fd238268e7de9a0c,signatures/FINAL-EVD-0266.signature.csv,4246,f512fba6ef03cd7c5eb65c5742fc82e1c14a2808d5c6989b9109a5d5f40dcc16,697
FINAL-EVD-0267,test-primary-F14-r04,primary,F14,3,35.0,40.0,f3bce452871cca6bbf77af2f804b2563a996050de8c224090956827806d398c8,45ebe3e3c90578583be86dee2ef1307849a23f7b145132d6fd238268e7de9a0c,signatures/FINAL-EVD-0267.signature.csv,4252,4212a6f9ba813fe372b236e3877d5cd09fd171f9a1d39d8c95fcde87a00cf1f5,697
FINAL-EVD-0268,test-primary-F14-r04,primary,F14,4,40.0,45.0,f3bce452871cca6bbf77af2f804b2563a996050de8c224090956827806d398c8,45ebe3e3c90578583be86dee2ef1307849a23f7b145132d6fd238268e7de9a0c,signatures/FINAL-EVD-0268.signature.csv,4252,f0d822e64e6f2529f812a908aaa2d4cd950066b0280f8e9c5eaffa77f904e30d,697
FINAL-EVD-0269,test-primary-F14-r04,primary,F14,5,45.0,50.0,f3bce452871cca6bbf77af2f804b2563a996050de8c224090956827806d398c8,45ebe3e3c90578583be86dee2ef1307849a23f7b145132d6fd238268e7de9a0c,signatures/FINAL-EVD-0269.signature.csv,4252,f0d822e64e6f2529f812a908aaa2d4cd950066b0280f8e9c5eaffa77f904e30d,697
FINAL-EVD-0270,test-primary-F14-r04,primary,F14,6,50.0,55.0,f3bce452871cca6bbf77af2f804b2563a996050de8c224090956827806d398c8,45ebe3e3c90578583be86dee2ef1307849a23f7b145132d6fd238268e7de9a0c,signatures/FINAL-EVD-0270.signature.csv,4252,f0d822e64e6f2529f812a908aaa2d4cd950066b0280f8e9c5eaffa77f904e30d,697
FINAL-EVD-0271,test-primary-F14-r04,primary,F14,7,55.0,60.0,f3bce452871cca6bbf77af2f804b2563a996050de8c224090956827806d398c8,45ebe3e3c90578583be86dee2ef1307849a23f7b145132d6fd238268e7de9a0c,signatures/FINAL-EVD-0271.signature.csv,4252,f0d822e64e6f2529f812a908aaa2d4cd950066b0280f8e9c5eaffa77f904e30d,697
FINAL-EVD-0272,test-primary-F14-r04,primary,F14,8,60.0,65.0,f3bce452871cca6bbf77af2f804b2563a996050de8c224090956827806d398c8,45ebe3e3c90578583be86dee2ef1307849a23f7b145132d6fd238268e7de9a0c,signatures/FINAL-EVD-0272.signature.csv,4252,f0d822e64e6f2529f812a908aaa2d4cd950066b0280f8e9c5eaffa77f904e30d,697
FINAL-EVD-0273,test-primary-F14-r05,primary,F14,1,25.0,30.0,b8b081331f4ea4bec58555e487a1a6c50a6faf0cc77e2864420afe66f551fe73,1607a35c35ec4120c98dcc2bc34c14b4b135009044ce5cae9fac933263ed1a78,signatures/FINAL-EVD-0273.signature.csv,4252,f0d822e64e6f2529f812a908aaa2d4cd950066b0280f8e9c5eaffa77f904e30d,697
FINAL-EVD-0274,test-primary-F14-r05,primary,F14,2,30.0,35.0,b8b081331f4ea4bec58555e487a1a6c50a6faf0cc77e2864420afe66f551fe73,1607a35c35ec4120c98dcc2bc34c14b4b135009044ce5cae9fac933263ed1a78,signatures/FINAL-EVD-0274.signature.csv,4252,f0d822e64e6f2529f812a908aaa2d4cd950066b0280f8e9c5eaffa77f904e30d,697
FINAL-EVD-0275,test-primary-F14-r05,primary,F14,3,35.0,40.0,b8b081331f4ea4bec58555e487a1a6c50a6faf0cc77e2864420afe66f551fe73,1607a35c35ec4120c98dcc2bc34c14b4b135009044ce5cae9fac933263ed1a78,signatures/FINAL-EVD-0275.signature.csv,4252,f0d822e64e6f2529f812a908aaa2d4cd950066b0280f8e9c5eaffa77f904e30d,697
FINAL-EVD-0276,test-primary-F14-r05,primary,F14,4,40.0,45.0,b8b081331f4ea4bec58555e487a1a6c50a6faf0cc77e2864420afe66f551fe73,1607a35c35ec4120c98dcc2bc34c14b4b135009044ce5cae9fac933263ed1a78,signatures/FINAL-EVD-0276.signature.csv,4252,f0d822e64e6f2529f812a908aaa2d4cd950066b0280f8e9c5eaffa77f904e30d,697
FINAL-EVD-0277,test-primary-F14-r05,primary,F14,5,45.0,50.0,b8b081331f4ea4bec58555e487a1a6c50a6faf0cc77e2864420afe66f551fe73,1607a35c35ec4120c98dcc2bc34c14b4b135009044ce5cae9fac933263ed1a78,signatures/FINAL-EVD-0277.signature.csv,4252,f0d822e64e6f2529f812a908aaa2d4cd950066b0280f8e9c5eaffa77f904e30d,697
FINAL-EVD-0278,test-primary-F14-r05,primary,F14,6,50.0,55.0,b8b081331f4ea4bec58555e487a1a6c50a6faf0cc77e2864420afe66f551fe73,1607a35c35ec4120c98dcc2bc34c14b4b135009044ce5cae9fac933263ed1a78,signatures/FINAL-EVD-0278.signature.csv,4252,f0d822e64e6f2529f812a908aaa2d4cd950066b0280f8e9c5eaffa77f904e30d,697
FINAL-EVD-0279,test-primary-F14-r05,primary,F14,7,55.0,60.0,b8b081331f4ea4bec58555e487a1a6c50a6faf0cc77e2864420afe66f551fe73,1607a35c35ec4120c98dcc2bc34c14b4b135009044ce5cae9fac933263ed1a78,signatures/FINAL-EVD-0279.signature.csv,4252,f0d822e64e6f2529f812a908aaa2d4cd950066b0280f8e9c5eaffa77f904e30d,697
FINAL-EVD-0280,test-primary-F14-r05,primary,F14,8,60.0,65.0,b8b081331f4ea4bec58555e487a1a6c50a6faf0cc77e2864420afe66f551fe73,1607a35c35ec4120c98dcc2bc34c14b4b135009044ce5cae9fac933263ed1a78,signatures/FINAL-EVD-0280.signature.csv,4252,5250195a6811af953667a830ffe1370cafc95e8a4283916e15ac1ee4d748dddb,697
FINAL-EVD-0281,test-primary-F14-r06,primary,F14,1,25.0,30.0,eb33468dc5464b77477f28be148237040759d7b821f34301953f349a6a49d893,2d09987b2d706a33d0f66b85478cd0aa660c1492a124f45cd0fcf63a344b890c,signatures/FINAL-EVD-0281.signature.csv,4252,ba260e9e6e53781188afc2cdea71d45d81224a5e516d758d573eb50e7b2151b8,697
FINAL-EVD-0282,test-primary-F14-r06,primary,F14,2,30.0,35.0,eb33468dc5464b77477f28be148237040759d7b821f34301953f349a6a49d893,2d09987b2d706a33d0f66b85478cd0aa660c1492a124f45cd0fcf63a344b890c,signatures/FINAL-EVD-0282.signature.csv,4252,5250195a6811af953667a830ffe1370cafc95e8a4283916e15ac1ee4d748dddb,697
FINAL-EVD-0283,test-primary-F14-r06,primary,F14,3,35.0,40.0,eb33468dc5464b77477f28be148237040759d7b821f34301953f349a6a49d893,2d09987b2d706a33d0f66b85478cd0aa660c1492a124f45cd0fcf63a344b890c,signatures/FINAL-EVD-0283.signature.csv,4252,84584f4f5cb69d5a30b7813dc7bf0ac2a2306161589b7785892d67cf13011192,697
FINAL-EVD-0284,test-primary-F14-r06,primary,F14,4,40.0,45.0,eb33468dc5464b77477f28be148237040759d7b821f34301953f349a6a49d893,2d09987b2d706a33d0f66b85478cd0aa660c1492a124f45cd0fcf63a344b890c,signatures/FINAL-EVD-0284.signature.csv,4252,f0d822e64e6f2529f812a908aaa2d4cd950066b0280f8e9c5eaffa77f904e30d,697
FINAL-EVD-0285,test-primary-F14-r06,primary,F14,5,45.0,50.0,eb33468dc5464b77477f28be148237040759d7b821f34301953f349a6a49d893,2d09987b2d706a33d0f66b85478cd0aa660c1492a124f45cd0fcf63a344b890c,signatures/FINAL-EVD-0285.signature.csv,4252,f0d822e64e6f2529f812a908aaa2d4cd950066b0280f8e9c5eaffa77f904e30d,697
FINAL-EVD-0286,test-primary-F14-r06,primary,F14,6,50.0,55.0,eb33468dc5464b77477f28be148237040759d7b821f34301953f349a6a49d893,2d09987b2d706a33d0f66b85478cd0aa660c1492a124f45cd0fcf63a344b890c,signatures/FINAL-EVD-0286.signature.csv,4252,f0d822e64e6f2529f812a908aaa2d4cd950066b0280f8e9c5eaffa77f904e30d,697
FINAL-EVD-0287,test-primary-F14-r06,primary,F14,7,55.0,60.0,eb33468dc5464b77477f28be148237040759d7b821f34301953f349a6a49d893,2d09987b2d706a33d0f66b85478cd0aa660c1492a124f45cd0fcf63a344b890c,signatures/FINAL-EVD-0287.signature.csv,4252,f0d822e64e6f2529f812a908aaa2d4cd950066b0280f8e9c5eaffa77f904e30d,697
FINAL-EVD-0288,test-primary-F14-r06,primary,F14,8,60.0,65.0,eb33468dc5464b77477f28be148237040759d7b821f34301953f349a6a49d893,2d09987b2d706a33d0f66b85478cd0aa660c1492a124f45cd0fcf63a344b890c,signatures/FINAL-EVD-0288.signature.csv,4252,f0d822e64e6f2529f812a908aaa2d4cd950066b0280f8e9c5eaffa77f904e30d,697
FINAL-EVD-0289,test-primary-F14-r07,primary,F14,1,25.0,30.0,ca59006d4296fdd78109815032b23cda7881b0307cd3cf721f316ee02926b2f6,210d6cfd926caf65522b616b29299a98fe598e07e8a3eefbf2f187f4e36d858b,signatures/FINAL-EVD-0289.signature.csv,4252,cccc437a5115804aaa3591392cc457e61340e4cd2089066f278196422e30f81a,697
FINAL-EVD-0290,test-primary-F14-r07,primary,F14,2,30.0,35.0,ca59006d4296fdd78109815032b23cda7881b0307cd3cf721f316ee02926b2f6,210d6cfd926caf65522b616b29299a98fe598e07e8a3eefbf2f187f4e36d858b,signatures/FINAL-EVD-0290.signature.csv,4252,ba260e9e6e53781188afc2cdea71d45d81224a5e516d758d573eb50e7b2151b8,697
FINAL-EVD-0291,test-primary-F14-r07,primary,F14,3,35.0,40.0,ca59006d4296fdd78109815032b23cda7881b0307cd3cf721f316ee02926b2f6,210d6cfd926caf65522b616b29299a98fe598e07e8a3eefbf2f187f4e36d858b,signatures/FINAL-EVD-0291.signature.csv,4252,f0d822e64e6f2529f812a908aaa2d4cd950066b0280f8e9c5eaffa77f904e30d,697
FINAL-EVD-0292,test-primary-F14-r07,primary,F14,4,40.0,45.0,ca59006d4296fdd78109815032b23cda7881b0307cd3cf721f316ee02926b2f6,210d6cfd926caf65522b616b29299a98fe598e07e8a3eefbf2f187f4e36d858b,signatures/FINAL-EVD-0292.signature.csv,4252,f0d822e64e6f2529f812a908aaa2d4cd950066b0280f8e9c5eaffa77f904e30d,697
FINAL-EVD-0293,test-primary-F14-r07,primary,F14,5,45.0,50.0,ca59006d4296fdd78109815032b23cda7881b0307cd3cf721f316ee02926b2f6,210d6cfd926caf65522b616b29299a98fe598e07e8a3eefbf2f187f4e36d858b,signatures/FINAL-EVD-0293.signature.csv,4252,f0d822e64e6f2529f812a908aaa2d4cd950066b0280f8e9c5eaffa77f904e30d,697
FINAL-EVD-0294,test-primary-F14-r07,primary,F14,6,50.0,55.0,ca59006d4296fdd78109815032b23cda7881b0307cd3cf721f316ee02926b2f6,210d6cfd926caf65522b616b29299a98fe598e07e8a3eefbf2f187f4e36d858b,signatures/FINAL-EVD-0294.signature.csv,4252,f0d822e64e6f2529f812a908aaa2d4cd950066b0280f8e9c5eaffa77f904e30d,697
FINAL-EVD-0295,test-primary-F14-r07,primary,F14,7,55.0,60.0,ca59006d4296fdd78109815032b23cda7881b0307cd3cf721f316ee02926b2f6,210d6cfd926caf65522b616b29299a98fe598e07e8a3eefbf2f187f4e36d858b,signatures/FINAL-EVD-0295.signature.csv,4252,f0d822e64e6f2529f812a908aaa2d4cd950066b0280f8e9c5eaffa77f904e30d,697
FINAL-EVD-0296,test-primary-F14-r07,primary,F14,8,60.0,65.0,ca59006d4296fdd78109815032b23cda7881b0307cd3cf721f316ee02926b2f6,210d6cfd926caf65522b616b29299a98fe598e07e8a3eefbf2f187f4e36d858b,signatures/FINAL-EVD-0296.signature.csv,4252,ba260e9e6e53781188afc2cdea71d45d81224a5e516d758d573eb50e7b2151b8,697
FINAL-EVD-0297,test-primary-F14-r08,primary,F14,1,25.0,30.0,eef715e2e3b61b8125e1d20f6d57197195920a298adc0b2f4d5f84bd672a9fae,8eca54d8dc62c0d32ebc97d75218115d3e5f7a59788f65cf121685843606dc3d,signatures/FINAL-EVD-0297.signature.csv,4252,f0d822e64e6f2529f812a908aaa2d4cd950066b0280f8e9c5eaffa77f904e30d,697
FINAL-EVD-0298,test-primary-F14-r08,primary,F14,2,30.0,35.0,eef715e2e3b61b8125e1d20f6d57197195920a298adc0b2f4d5f84bd672a9fae,8eca54d8dc62c0d32ebc97d75218115d3e5f7a59788f65cf121685843606dc3d,signatures/FINAL-EVD-0298.signature.csv,4252,b518b1332e1cc4f802c9265f61d7c2cac0977e1862ec33c8c209abc87ee498d4,697
FINAL-EVD-0299,test-primary-F14-r08,primary,F14,3,35.0,40.0,eef715e2e3b61b8125e1d20f6d57197195920a298adc0b2f4d5f84bd672a9fae,8eca54d8dc62c0d32ebc97d75218115d3e5f7a59788f65cf121685843606dc3d,signatures/FINAL-EVD-0299.signature.csv,4252,f0d822e64e6f2529f812a908aaa2d4cd950066b0280f8e9c5eaffa77f904e30d,697
FINAL-EVD-0300,test-primary-F14-r08,primary,F14,4,40.0,45.0,eef715e2e3b61b8125e1d20f6d57197195920a298adc0b2f4d5f84bd672a9fae,8eca54d8dc62c0d32ebc97d75218115d3e5f7a59788f65cf121685843606dc3d,signatures/FINAL-EVD-0300.signature.csv,4252,8b08f1609aa83f503ba7b74ed6079de9252a3aee7952e6387d609fa3a33834fc,697
FINAL-EVD-0301,test-primary-F14-r08,primary,F14,5,45.0,50.0,eef715e2e3b61b8125e1d20f6d57197195920a298adc0b2f4d5f84bd672a9fae,8eca54d8dc62c0d32ebc97d75218115d3e5f7a59788f65cf121685843606dc3d,signatures/FINAL-EVD-0301.signature.csv,4252,f0d822e64e6f2529f812a908aaa2d4cd950066b0280f8e9c5eaffa77f904e30d,697
FINAL-EVD-0302,test-primary-F14-r08,primary,F14,6,50.0,55.0,eef715e2e3b61b8125e1d20f6d57197195920a298adc0b2f4d5f84bd672a9fae,8eca54d8dc62c0d32ebc97d75218115d3e5f7a59788f65cf121685843606dc3d,signatures/FINAL-EVD-0302.signature.csv,4252,f0d822e64e6f2529f812a908aaa2d4cd950066b0280f8e9c5eaffa77f904e30d,697
FINAL-EVD-0303,test-primary-F14-r08,primary,F14,7,55.0,60.0,eef715e2e3b61b8125e1d20f6d57197195920a298adc0b2f4d5f84bd672a9fae,8eca54d8dc62c0d32ebc97d75218115d3e5f7a59788f65cf121685843606dc3d,signatures/FINAL-EVD-0303.signature.csv,4252,f0d822e64e6f2529f812a908aaa2d4cd950066b0280f8e9c5eaffa77f904e30d,697
FINAL-EVD-0304,test-primary-F14-r08,primary,F14,8,60.0,65.0,eef715e2e3b61b8125e1d20f6d57197195920a298adc0b2f4d5f84bd672a9fae,8eca54d8dc62c0d32ebc97d75218115d3e5f7a59788f65cf121685843606dc3d,signatures/FINAL-EVD-0304.signature.csv,4252,f0d822e64e6f2529f812a908aaa2d4cd950066b0280f8e9c5eaffa77f904e30d,697
FINAL-EVD-0305,test-primary-F15-r01,primary,F15,1,25.0,30.0,19b076f99a4bc380da272c081a66d320d797876344940aeb526c1898a53757c5,1d02fe4003e2c39dfad5ee3fcc1a19856e20768afdd76617dcb64ddb6cff28b5,signatures/FINAL-EVD-0305.signature.csv,4252,d3055112d7ade63ef051179c8fc4ec647c649fd1a5a61de00af61e512931e87a,697
FINAL-EVD-0306,test-primary-F15-r01,primary,F15,2,30.0,35.0,19b076f99a4bc380da272c081a66d320d797876344940aeb526c1898a53757c5,1d02fe4003e2c39dfad5ee3fcc1a19856e20768afdd76617dcb64ddb6cff28b5,signatures/FINAL-EVD-0306.signature.csv,4252,d3055112d7ade63ef051179c8fc4ec647c649fd1a5a61de00af61e512931e87a,697
FINAL-EVD-0307,test-primary-F15-r01,primary,F15,3,35.0,40.0,19b076f99a4bc380da272c081a66d320d797876344940aeb526c1898a53757c5,1d02fe4003e2c39dfad5ee3fcc1a19856e20768afdd76617dcb64ddb6cff28b5,signatures/FINAL-EVD-0307.signature.csv,4252,d3055112d7ade63ef051179c8fc4ec647c649fd1a5a61de00af61e512931e87a,697
FINAL-EVD-0308,test-primary-F15-r01,primary,F15,4,40.0,45.0,19b076f99a4bc380da272c081a66d320d797876344940aeb526c1898a53757c5,1d02fe4003e2c39dfad5ee3fcc1a19856e20768afdd76617dcb64ddb6cff28b5,signatures/FINAL-EVD-0308.signature.csv,4252,d3055112d7ade63ef051179c8fc4ec647c649fd1a5a61de00af61e512931e87a,697
FINAL-EVD-0309,test-primary-F15-r01,primary,F15,5,45.0,50.0,19b076f99a4bc380da272c081a66d320d797876344940aeb526c1898a53757c5,1d02fe4003e2c39dfad5ee3fcc1a19856e20768afdd76617dcb64ddb6cff28b5,signatures/FINAL-EVD-0309.signature.csv,4252,d3055112d7ade63ef051179c8fc4ec647c649fd1a5a61de00af61e512931e87a,697
FINAL-EVD-0310,test-primary-F15-r01,primary,F15,6,50.0,55.0,19b076f99a4bc380da272c081a66d320d797876344940aeb526c1898a53757c5,1d02fe4003e2c39dfad5ee3fcc1a19856e20768afdd76617dcb64ddb6cff28b5,signatures/FINAL-EVD-0310.signature.csv,4252,d3055112d7ade63ef051179c8fc4ec647c649fd1a5a61de00af61e512931e87a,697
FINAL-EVD-0311,test-primary-F15-r01,primary,F15,7,55.0,60.0,19b076f99a4bc380da272c081a66d320d797876344940aeb526c1898a53757c5,1d02fe4003e2c39dfad5ee3fcc1a19856e20768afdd76617dcb64ddb6cff28b5,signatures/FINAL-EVD-0311.signature.csv,4252,d3055112d7ade63ef051179c8fc4ec647c649fd1a5a61de00af61e512931e87a,697
FINAL-EVD-0312,test-primary-F15-r01,primary,F15,8,60.0,65.0,19b076f99a4bc380da272c081a66d320d797876344940aeb526c1898a53757c5,1d02fe4003e2c39dfad5ee3fcc1a19856e20768afdd76617dcb64ddb6cff28b5,signatures/FINAL-EVD-0312.signature.csv,4252,d3055112d7ade63ef051179c8fc4ec647c649fd1a5a61de00af61e512931e87a,697
FINAL-EVD-0313,test-primary-F15-r02,primary,F15,1,25.0,30.0,72e0d147eeede0a639358efdfac2dcbceb641599264ee52f8f05d8c7fc59dcc1,4e13153d19a4429bd00a645d39fd611dfc451af47b827e02080a5f1a063a273d,signatures/FINAL-EVD-0313.signature.csv,4252,d3055112d7ade63ef051179c8fc4ec647c649fd1a5a61de00af61e512931e87a,697
FINAL-EVD-0314,test-primary-F15-r02,primary,F15,2,30.0,35.0,72e0d147eeede0a639358efdfac2dcbceb641599264ee52f8f05d8c7fc59dcc1,4e13153d19a4429bd00a645d39fd611dfc451af47b827e02080a5f1a063a273d,signatures/FINAL-EVD-0314.signature.csv,4252,d3055112d7ade63ef051179c8fc4ec647c649fd1a5a61de00af61e512931e87a,697
FINAL-EVD-0315,test-primary-F15-r02,primary,F15,3,35.0,40.0,72e0d147eeede0a639358efdfac2dcbceb641599264ee52f8f05d8c7fc59dcc1,4e13153d19a4429bd00a645d39fd611dfc451af47b827e02080a5f1a063a273d,signatures/FINAL-EVD-0315.signature.csv,4252,d3055112d7ade63ef051179c8fc4ec647c649fd1a5a61de00af61e512931e87a,697
FINAL-EVD-0316,test-primary-F15-r02,primary,F15,4,40.0,45.0,72e0d147eeede0a639358efdfac2dcbceb641599264ee52f8f05d8c7fc59dcc1,4e13153d19a4429bd00a645d39fd611dfc451af47b827e02080a5f1a063a273d,signatures/FINAL-EVD-0316.signature.csv,4252,d3055112d7ade63ef051179c8fc4ec647c649fd1a5a61de00af61e512931e87a,697
FINAL-EVD-0317,test-primary-F15-r02,primary,F15,5,45.0,50.0,72e0d147eeede0a639358efdfac2dcbceb641599264ee52f8f05d8c7fc59dcc1,4e13153d19a4429bd00a645d39fd611dfc451af47b827e02080a5f1a063a273d,signatures/FINAL-EVD-0317.signature.csv,4252,d3055112d7ade63ef051179c8fc4ec647c649fd1a5a61de00af61e512931e87a,697
FINAL-EVD-0318,test-primary-F15-r02,primary,F15,6,50.0,55.0,72e0d147eeede0a639358efdfac2dcbceb641599264ee52f8f05d8c7fc59dcc1,4e13153d19a4429bd00a645d39fd611dfc451af47b827e02080a5f1a063a273d,signatures/FINAL-EVD-0318.signature.csv,4252,d3055112d7ade63ef051179c8fc4ec647c649fd1a5a61de00af61e512931e87a,697
FINAL-EVD-0319,test-primary-F15-r02,primary,F15,7,55.0,60.0,72e0d147eeede0a639358efdfac2dcbceb641599264ee52f8f05d8c7fc59dcc1,4e13153d19a4429bd00a645d39fd611dfc451af47b827e02080a5f1a063a273d,signatures/FINAL-EVD-0319.signature.csv,4252,621f60ca075f747ac522d2045658efd3a6e1307e72ce85771a2256e2443e617b,697
FINAL-EVD-0320,test-primary-F15-r02,primary,F15,8,60.0,65.0,72e0d147eeede0a639358efdfac2dcbceb641599264ee52f8f05d8c7fc59dcc1,4e13153d19a4429bd00a645d39fd611dfc451af47b827e02080a5f1a063a273d,signatures/FINAL-EVD-0320.signature.csv,4252,d3055112d7ade63ef051179c8fc4ec647c649fd1a5a61de00af61e512931e87a,697
FINAL-EVD-0321,test-primary-F15-r03,primary,F15,1,25.0,30.0,28203a41b8a503feeb87be12e931cb0faa5da7e49cae86c87ecbfe3af3bb0872,9acefe472f1da7abe5f8be7e1c3d0411382ce122187696afdfb8e4bb157282f9,signatures/FINAL-EVD-0321.signature.csv,4252,621f60ca075f747ac522d2045658efd3a6e1307e72ce85771a2256e2443e617b,697
FINAL-EVD-0322,test-primary-F15-r03,primary,F15,2,30.0,35.0,28203a41b8a503feeb87be12e931cb0faa5da7e49cae86c87ecbfe3af3bb0872,9acefe472f1da7abe5f8be7e1c3d0411382ce122187696afdfb8e4bb157282f9,signatures/FINAL-EVD-0322.signature.csv,4252,d3055112d7ade63ef051179c8fc4ec647c649fd1a5a61de00af61e512931e87a,697
FINAL-EVD-0323,test-primary-F15-r03,primary,F15,3,35.0,40.0,28203a41b8a503feeb87be12e931cb0faa5da7e49cae86c87ecbfe3af3bb0872,9acefe472f1da7abe5f8be7e1c3d0411382ce122187696afdfb8e4bb157282f9,signatures/FINAL-EVD-0323.signature.csv,4252,d3055112d7ade63ef051179c8fc4ec647c649fd1a5a61de00af61e512931e87a,697
FINAL-EVD-0324,test-primary-F15-r03,primary,F15,4,40.0,45.0,28203a41b8a503feeb87be12e931cb0faa5da7e49cae86c87ecbfe3af3bb0872,9acefe472f1da7abe5f8be7e1c3d0411382ce122187696afdfb8e4bb157282f9,signatures/FINAL-EVD-0324.signature.csv,4252,18dd3af819de13c8056f43c57ba05ddb5f0f08c216a1960d8ada4654595b3bbb,697
FINAL-EVD-0325,test-primary-F15-r03,primary,F15,5,45.0,50.0,28203a41b8a503feeb87be12e931cb0faa5da7e49cae86c87ecbfe3af3bb0872,9acefe472f1da7abe5f8be7e1c3d0411382ce122187696afdfb8e4bb157282f9,signatures/FINAL-EVD-0325.signature.csv,4252,d3055112d7ade63ef051179c8fc4ec647c649fd1a5a61de00af61e512931e87a,697
FINAL-EVD-0326,test-primary-F15-r03,primary,F15,6,50.0,55.0,28203a41b8a503feeb87be12e931cb0faa5da7e49cae86c87ecbfe3af3bb0872,9acefe472f1da7abe5f8be7e1c3d0411382ce122187696afdfb8e4bb157282f9,signatures/FINAL-EVD-0326.signature.csv,4252,d3055112d7ade63ef051179c8fc4ec647c649fd1a5a61de00af61e512931e87a,697
FINAL-EVD-0327,test-primary-F15-r03,primary,F15,7,55.0,60.0,28203a41b8a503feeb87be12e931cb0faa5da7e49cae86c87ecbfe3af3bb0872,9acefe472f1da7abe5f8be7e1c3d0411382ce122187696afdfb8e4bb157282f9,signatures/FINAL-EVD-0327.signature.csv,4252,d3055112d7ade63ef051179c8fc4ec647c649fd1a5a61de00af61e512931e87a,697
FINAL-EVD-0328,test-primary-F15-r03,primary,F15,8,60.0,65.0,28203a41b8a503feeb87be12e931cb0faa5da7e49cae86c87ecbfe3af3bb0872,9acefe472f1da7abe5f8be7e1c3d0411382ce122187696afdfb8e4bb157282f9,signatures/FINAL-EVD-0328.signature.csv,4252,d3055112d7ade63ef051179c8fc4ec647c649fd1a5a61de00af61e512931e87a,697
FINAL-EVD-0329,test-primary-F15-r04,primary,F15,1,25.0,30.0,4d6f0765bef0d74e661005ab43990e7fcb52940e41a55ea48f88ea1478eca1c0,d611e6dc06a623a8ada1494dbc94bab62a8d45aecfdf362cf476dc13d6361b89,signatures/FINAL-EVD-0329.signature.csv,4252,d3055112d7ade63ef051179c8fc4ec647c649fd1a5a61de00af61e512931e87a,697
FINAL-EVD-0330,test-primary-F15-r04,primary,F15,2,30.0,35.0,4d6f0765bef0d74e661005ab43990e7fcb52940e41a55ea48f88ea1478eca1c0,d611e6dc06a623a8ada1494dbc94bab62a8d45aecfdf362cf476dc13d6361b89,signatures/FINAL-EVD-0330.signature.csv,4252,d3055112d7ade63ef051179c8fc4ec647c649fd1a5a61de00af61e512931e87a,697
FINAL-EVD-0331,test-primary-F15-r04,primary,F15,3,35.0,40.0,4d6f0765bef0d74e661005ab43990e7fcb52940e41a55ea48f88ea1478eca1c0,d611e6dc06a623a8ada1494dbc94bab62a8d45aecfdf362cf476dc13d6361b89,signatures/FINAL-EVD-0331.signature.csv,4252,d3055112d7ade63ef051179c8fc4ec647c649fd1a5a61de00af61e512931e87a,697
FINAL-EVD-0332,test-primary-F15-r04,primary,F15,4,40.0,45.0,4d6f0765bef0d74e661005ab43990e7fcb52940e41a55ea48f88ea1478eca1c0,d611e6dc06a623a8ada1494dbc94bab62a8d45aecfdf362cf476dc13d6361b89,signatures/FINAL-EVD-0332.signature.csv,4252,d3055112d7ade63ef051179c8fc4ec647c649fd1a5a61de00af61e512931e87a,697
FINAL-EVD-0333,test-primary-F15-r04,primary,F15,5,45.0,50.0,4d6f0765bef0d74e661005ab43990e7fcb52940e41a55ea48f88ea1478eca1c0,d611e6dc06a623a8ada1494dbc94bab62a8d45aecfdf362cf476dc13d6361b89,signatures/FINAL-EVD-0333.signature.csv,4252,d3055112d7ade63ef051179c8fc4ec647c649fd1a5a61de00af61e512931e87a,697
FINAL-EVD-0334,test-primary-F15-r04,primary,F15,6,50.0,55.0,4d6f0765bef0d74e661005ab43990e7fcb52940e41a55ea48f88ea1478eca1c0,d611e6dc06a623a8ada1494dbc94bab62a8d45aecfdf362cf476dc13d6361b89,signatures/FINAL-EVD-0334.signature.csv,4252,4f8c035dfa16d948e4a29219f2cbb86cba41d6f1c52c69a485ed963781c05ccd,697
FINAL-EVD-0335,test-primary-F15-r04,primary,F15,7,55.0,60.0,4d6f0765bef0d74e661005ab43990e7fcb52940e41a55ea48f88ea1478eca1c0,d611e6dc06a623a8ada1494dbc94bab62a8d45aecfdf362cf476dc13d6361b89,signatures/FINAL-EVD-0335.signature.csv,4252,7463e758fe645158569fc2120bde22ae37a25236b63e7a50674cf7d0d15f8aa3,697
FINAL-EVD-0336,test-primary-F15-r04,primary,F15,8,60.0,65.0,4d6f0765bef0d74e661005ab43990e7fcb52940e41a55ea48f88ea1478eca1c0,d611e6dc06a623a8ada1494dbc94bab62a8d45aecfdf362cf476dc13d6361b89,signatures/FINAL-EVD-0336.signature.csv,4252,d3055112d7ade63ef051179c8fc4ec647c649fd1a5a61de00af61e512931e87a,697
FINAL-EVD-0337,test-primary-F15-r05,primary,F15,1,25.0,30.0,ddbb67a54e5456db179327b92e8ab13a6a9fb0ee2bedcf247b399cf06a08eec1,6af8d1902f2623e1a216266d428c9fca9451671d76f565d6e60698589f8b632a,signatures/FINAL-EVD-0337.signature.csv,4250,213c90c5d08a6337f457d4eb35b88df25e2b9276b47dcd86d752be483e468b99,697
FINAL-EVD-0338,test-primary-F15-r05,primary,F15,2,30.0,35.0,ddbb67a54e5456db179327b92e8ab13a6a9fb0ee2bedcf247b399cf06a08eec1,6af8d1902f2623e1a216266d428c9fca9451671d76f565d6e60698589f8b632a,signatures/FINAL-EVD-0338.signature.csv,4252,d3055112d7ade63ef051179c8fc4ec647c649fd1a5a61de00af61e512931e87a,697
FINAL-EVD-0339,test-primary-F15-r05,primary,F15,3,35.0,40.0,ddbb67a54e5456db179327b92e8ab13a6a9fb0ee2bedcf247b399cf06a08eec1,6af8d1902f2623e1a216266d428c9fca9451671d76f565d6e60698589f8b632a,signatures/FINAL-EVD-0339.signature.csv,4252,f666ec79b8fd93691a6fbeb421d2543497e82c75c87e67c7450b5f290aeb7db3,697
FINAL-EVD-0340,test-primary-F15-r05,primary,F15,4,40.0,45.0,ddbb67a54e5456db179327b92e8ab13a6a9fb0ee2bedcf247b399cf06a08eec1,6af8d1902f2623e1a216266d428c9fca9451671d76f565d6e60698589f8b632a,signatures/FINAL-EVD-0340.signature.csv,4252,d3055112d7ade63ef051179c8fc4ec647c649fd1a5a61de00af61e512931e87a,697
FINAL-EVD-0341,test-primary-F15-r05,primary,F15,5,45.0,50.0,ddbb67a54e5456db179327b92e8ab13a6a9fb0ee2bedcf247b399cf06a08eec1,6af8d1902f2623e1a216266d428c9fca9451671d76f565d6e60698589f8b632a,signatures/FINAL-EVD-0341.signature.csv,4252,411554a6507852e225a5312808bb66b3c97f634fc8278981e0a890979ca1d3d5,697
FINAL-EVD-0342,test-primary-F15-r05,primary,F15,6,50.0,55.0,ddbb67a54e5456db179327b92e8ab13a6a9fb0ee2bedcf247b399cf06a08eec1,6af8d1902f2623e1a216266d428c9fca9451671d76f565d6e60698589f8b632a,signatures/FINAL-EVD-0342.signature.csv,4252,f666ec79b8fd93691a6fbeb421d2543497e82c75c87e67c7450b5f290aeb7db3,697
FINAL-EVD-0343,test-primary-F15-r05,primary,F15,7,55.0,60.0,ddbb67a54e5456db179327b92e8ab13a6a9fb0ee2bedcf247b399cf06a08eec1,6af8d1902f2623e1a216266d428c9fca9451671d76f565d6e60698589f8b632a,signatures/FINAL-EVD-0343.signature.csv,4252,d3055112d7ade63ef051179c8fc4ec647c649fd1a5a61de00af61e512931e87a,697
FINAL-EVD-0344,test-primary-F15-r05,primary,F15,8,60.0,65.0,ddbb67a54e5456db179327b92e8ab13a6a9fb0ee2bedcf247b399cf06a08eec1,6af8d1902f2623e1a216266d428c9fca9451671d76f565d6e60698589f8b632a,signatures/FINAL-EVD-0344.signature.csv,4252,d3055112d7ade63ef051179c8fc4ec647c649fd1a5a61de00af61e512931e87a,697
FINAL-EVD-0345,test-primary-F15-r06,primary,F15,1,25.0,30.0,0c50bb29dd01f3e43aff6e36cb22515012de7e9f8173c02f6a3c01db46128e1a,4c549a36630ea0e798686efd8fed28cf7bd3c043833b5943574184257dbce5c5,signatures/FINAL-EVD-0345.signature.csv,4252,d3055112d7ade63ef051179c8fc4ec647c649fd1a5a61de00af61e512931e87a,697
FINAL-EVD-0346,test-primary-F15-r06,primary,F15,2,30.0,35.0,0c50bb29dd01f3e43aff6e36cb22515012de7e9f8173c02f6a3c01db46128e1a,4c549a36630ea0e798686efd8fed28cf7bd3c043833b5943574184257dbce5c5,signatures/FINAL-EVD-0346.signature.csv,4252,d3055112d7ade63ef051179c8fc4ec647c649fd1a5a61de00af61e512931e87a,697
FINAL-EVD-0347,test-primary-F15-r06,primary,F15,3,35.0,40.0,0c50bb29dd01f3e43aff6e36cb22515012de7e9f8173c02f6a3c01db46128e1a,4c549a36630ea0e798686efd8fed28cf7bd3c043833b5943574184257dbce5c5,signatures/FINAL-EVD-0347.signature.csv,4252,2566f0344c16e5177176b7f8d14ac2572010387939dfcdc6ee7660e71fa0791b,697
FINAL-EVD-0348,test-primary-F15-r06,primary,F15,4,40.0,45.0,0c50bb29dd01f3e43aff6e36cb22515012de7e9f8173c02f6a3c01db46128e1a,4c549a36630ea0e798686efd8fed28cf7bd3c043833b5943574184257dbce5c5,signatures/FINAL-EVD-0348.signature.csv,4252,d3055112d7ade63ef051179c8fc4ec647c649fd1a5a61de00af61e512931e87a,697
FINAL-EVD-0349,test-primary-F15-r06,primary,F15,5,45.0,50.0,0c50bb29dd01f3e43aff6e36cb22515012de7e9f8173c02f6a3c01db46128e1a,4c549a36630ea0e798686efd8fed28cf7bd3c043833b5943574184257dbce5c5,signatures/FINAL-EVD-0349.signature.csv,4252,d3055112d7ade63ef051179c8fc4ec647c649fd1a5a61de00af61e512931e87a,697
FINAL-EVD-0350,test-primary-F15-r06,primary,F15,6,50.0,55.0,0c50bb29dd01f3e43aff6e36cb22515012de7e9f8173c02f6a3c01db46128e1a,4c549a36630ea0e798686efd8fed28cf7bd3c043833b5943574184257dbce5c5,signatures/FINAL-EVD-0350.signature.csv,4252,d3055112d7ade63ef051179c8fc4ec647c649fd1a5a61de00af61e512931e87a,697
FINAL-EVD-0351,test-primary-F15-r06,primary,F15,7,55.0,60.0,0c50bb29dd01f3e43aff6e36cb22515012de7e9f8173c02f6a3c01db46128e1a,4c549a36630ea0e798686efd8fed28cf7bd3c043833b5943574184257dbce5c5,signatures/FINAL-EVD-0351.signature.csv,4252,f666ec79b8fd93691a6fbeb421d2543497e82c75c87e67c7450b5f290aeb7db3,697
FINAL-EVD-0352,test-primary-F15-r06,primary,F15,8,60.0,65.0,0c50bb29dd01f3e43aff6e36cb22515012de7e9f8173c02f6a3c01db46128e1a,4c549a36630ea0e798686efd8fed28cf7bd3c043833b5943574184257dbce5c5,signatures/FINAL-EVD-0352.signature.csv,4252,d3055112d7ade63ef051179c8fc4ec647c649fd1a5a61de00af61e512931e87a,697
FINAL-EVD-0353,test-primary-F15-r07,primary,F15,1,25.0,30.0,f5dd3c3637ff33cdc2c8af34de5c26ca2e4b38157a47454ceed5a31a6f8c2c4f,99c89beb3fcfd5720c08d72c02c16e947e431b9a23979b9bff18f70cd393cff9,signatures/FINAL-EVD-0353.signature.csv,4252,d3055112d7ade63ef051179c8fc4ec647c649fd1a5a61de00af61e512931e87a,697
FINAL-EVD-0354,test-primary-F15-r07,primary,F15,2,30.0,35.0,f5dd3c3637ff33cdc2c8af34de5c26ca2e4b38157a47454ceed5a31a6f8c2c4f,99c89beb3fcfd5720c08d72c02c16e947e431b9a23979b9bff18f70cd393cff9,signatures/FINAL-EVD-0354.signature.csv,4252,d3055112d7ade63ef051179c8fc4ec647c649fd1a5a61de00af61e512931e87a,697
FINAL-EVD-0355,test-primary-F15-r07,primary,F15,3,35.0,40.0,f5dd3c3637ff33cdc2c8af34de5c26ca2e4b38157a47454ceed5a31a6f8c2c4f,99c89beb3fcfd5720c08d72c02c16e947e431b9a23979b9bff18f70cd393cff9,signatures/FINAL-EVD-0355.signature.csv,4252,d3055112d7ade63ef051179c8fc4ec647c649fd1a5a61de00af61e512931e87a,697
FINAL-EVD-0356,test-primary-F15-r07,primary,F15,4,40.0,45.0,f5dd3c3637ff33cdc2c8af34de5c26ca2e4b38157a47454ceed5a31a6f8c2c4f,99c89beb3fcfd5720c08d72c02c16e947e431b9a23979b9bff18f70cd393cff9,signatures/FINAL-EVD-0356.signature.csv,4252,d3055112d7ade63ef051179c8fc4ec647c649fd1a5a61de00af61e512931e87a,697
FINAL-EVD-0357,test-primary-F15-r07,primary,F15,5,45.0,50.0,f5dd3c3637ff33cdc2c8af34de5c26ca2e4b38157a47454ceed5a31a6f8c2c4f,99c89beb3fcfd5720c08d72c02c16e947e431b9a23979b9bff18f70cd393cff9,signatures/FINAL-EVD-0357.signature.csv,4252,d3055112d7ade63ef051179c8fc4ec647c649fd1a5a61de00af61e512931e87a,697
FINAL-EVD-0358,test-primary-F15-r07,primary,F15,6,50.0,55.0,f5dd3c3637ff33cdc2c8af34de5c26ca2e4b38157a47454ceed5a31a6f8c2c4f,99c89beb3fcfd5720c08d72c02c16e947e431b9a23979b9bff18f70cd393cff9,signatures/FINAL-EVD-0358.signature.csv,4252,d3055112d7ade63ef051179c8fc4ec647c649fd1a5a61de00af61e512931e87a,697
FINAL-EVD-0359,test-primary-F15-r07,primary,F15,7,55.0,60.0,f5dd3c3637ff33cdc2c8af34de5c26ca2e4b38157a47454ceed5a31a6f8c2c4f,99c89beb3fcfd5720c08d72c02c16e947e431b9a23979b9bff18f70cd393cff9,signatures/FINAL-EVD-0359.signature.csv,4252,d3055112d7ade63ef051179c8fc4ec647c649fd1a5a61de00af61e512931e87a,697
FINAL-EVD-0360,test-primary-F15-r07,primary,F15,8,60.0,65.0,f5dd3c3637ff33cdc2c8af34de5c26ca2e4b38157a47454ceed5a31a6f8c2c4f,99c89beb3fcfd5720c08d72c02c16e947e431b9a23979b9bff18f70cd393cff9,signatures/FINAL-EVD-0360.signature.csv,4252,83fd86ac848220d1deadfadb0d1404dbd7e5a57850e4ac7452fbacc3205b9472,697
FINAL-EVD-0361,test-primary-F15-r08,primary,F15,1,25.0,30.0,f158aba2995892cf0af2be7cbb21d0865c733524386a0f51c866f117c6d65259,c0d23ca7e61f6a41b1f5ed00a2db5097659a75c8e9db3fe65b7773b9dc272c94,signatures/FINAL-EVD-0361.signature.csv,4252,d3055112d7ade63ef051179c8fc4ec647c649fd1a5a61de00af61e512931e87a,697
FINAL-EVD-0362,test-primary-F15-r08,primary,F15,2,30.0,35.0,f158aba2995892cf0af2be7cbb21d0865c733524386a0f51c866f117c6d65259,c0d23ca7e61f6a41b1f5ed00a2db5097659a75c8e9db3fe65b7773b9dc272c94,signatures/FINAL-EVD-0362.signature.csv,4252,d3055112d7ade63ef051179c8fc4ec647c649fd1a5a61de00af61e512931e87a,697
FINAL-EVD-0363,test-primary-F15-r08,primary,F15,3,35.0,40.0,f158aba2995892cf0af2be7cbb21d0865c733524386a0f51c866f117c6d65259,c0d23ca7e61f6a41b1f5ed00a2db5097659a75c8e9db3fe65b7773b9dc272c94,signatures/FINAL-EVD-0363.signature.csv,4252,d3055112d7ade63ef051179c8fc4ec647c649fd1a5a61de00af61e512931e87a,697
FINAL-EVD-0364,test-primary-F15-r08,primary,F15,4,40.0,45.0,f158aba2995892cf0af2be7cbb21d0865c733524386a0f51c866f117c6d65259,c0d23ca7e61f6a41b1f5ed00a2db5097659a75c8e9db3fe65b7773b9dc272c94,signatures/FINAL-EVD-0364.signature.csv,4252,d3055112d7ade63ef051179c8fc4ec647c649fd1a5a61de00af61e512931e87a,697
FINAL-EVD-0365,test-primary-F15-r08,primary,F15,5,45.0,50.0,f158aba2995892cf0af2be7cbb21d0865c733524386a0f51c866f117c6d65259,c0d23ca7e61f6a41b1f5ed00a2db5097659a75c8e9db3fe65b7773b9dc272c94,signatures/FINAL-EVD-0365.signature.csv,4252,d3055112d7ade63ef051179c8fc4ec647c649fd1a5a61de00af61e512931e87a,697
FINAL-EVD-0366,test-primary-F15-r08,primary,F15,6,50.0,55.0,f158aba2995892cf0af2be7cbb21d0865c733524386a0f51c866f117c6d65259,c0d23ca7e61f6a41b1f5ed00a2db5097659a75c8e9db3fe65b7773b9dc272c94,signatures/FINAL-EVD-0366.signature.csv,4252,d3055112d7ade63ef051179c8fc4ec647c649fd1a5a61de00af61e512931e87a,697
FINAL-EVD-0367,test-primary-F15-r08,primary,F15,7,55.0,60.0,f158aba2995892cf0af2be7cbb21d0865c733524386a0f51c866f117c6d65259,c0d23ca7e61f6a41b1f5ed00a2db5097659a75c8e9db3fe65b7773b9dc272c94,signatures/FINAL-EVD-0367.signature.csv,4252,d3055112d7ade63ef051179c8fc4ec647c649fd1a5a61de00af61e512931e87a,697
FINAL-EVD-0368,test-primary-F15-r08,primary,F15,8,60.0,65.0,f158aba2995892cf0af2be7cbb21d0865c733524386a0f51c866f117c6d65259,c0d23ca7e61f6a41b1f5ed00a2db5097659a75c8e9db3fe65b7773b9dc272c94,signatures/FINAL-EVD-0368.signature.csv,4252,d3055112d7ade63ef051179c8fc4ec647c649fd1a5a61de00af61e512931e87a,697
FINAL-EVD-0369,test-primary-F2-r01,primary,F2,1,25.0,30.0,50e7155788fe438a29403fa1845fe731d30b05c9afe92759f71ada2e190a89ba,3c935d499b37674c72f3083d79b576bb18770bc82bcb2a2f2df10880c702310b,signatures/FINAL-EVD-0369.signature.csv,4202,1e19dd34db7d9012b1dd71ac6ae04cfaececde4f3d132326e17f8ae8a71d8619,697
FINAL-EVD-0370,test-primary-F2-r01,primary,F2,2,30.0,35.0,50e7155788fe438a29403fa1845fe731d30b05c9afe92759f71ada2e190a89ba,3c935d499b37674c72f3083d79b576bb18770bc82bcb2a2f2df10880c702310b,signatures/FINAL-EVD-0370.signature.csv,4208,3a94d9938644a0e8c2563d5f53df43dcf163117231ea9c7ace79421f7cd8cdbe,697
FINAL-EVD-0371,test-primary-F2-r01,primary,F2,3,35.0,40.0,50e7155788fe438a29403fa1845fe731d30b05c9afe92759f71ada2e190a89ba,3c935d499b37674c72f3083d79b576bb18770bc82bcb2a2f2df10880c702310b,signatures/FINAL-EVD-0371.signature.csv,4214,dc70c84c1d0f8a895201abc76bfc383f8cca32f2dd7fc6b42cbf1a1baa8de4da,697
FINAL-EVD-0372,test-primary-F2-r01,primary,F2,4,40.0,45.0,50e7155788fe438a29403fa1845fe731d30b05c9afe92759f71ada2e190a89ba,3c935d499b37674c72f3083d79b576bb18770bc82bcb2a2f2df10880c702310b,signatures/FINAL-EVD-0372.signature.csv,4218,a803a69816b8072815510fee130f9bb114af158fba82f554e112901a137c6dbe,697
FINAL-EVD-0373,test-primary-F2-r01,primary,F2,5,45.0,50.0,50e7155788fe438a29403fa1845fe731d30b05c9afe92759f71ada2e190a89ba,3c935d499b37674c72f3083d79b576bb18770bc82bcb2a2f2df10880c702310b,signatures/FINAL-EVD-0373.signature.csv,4218,a803a69816b8072815510fee130f9bb114af158fba82f554e112901a137c6dbe,697
FINAL-EVD-0374,test-primary-F2-r01,primary,F2,6,50.0,55.0,50e7155788fe438a29403fa1845fe731d30b05c9afe92759f71ada2e190a89ba,3c935d499b37674c72f3083d79b576bb18770bc82bcb2a2f2df10880c702310b,signatures/FINAL-EVD-0374.signature.csv,4216,81267b9009d15541aa119303b61742fb4d456148fa568360c858d37764070b58,697
FINAL-EVD-0375,test-primary-F2-r01,primary,F2,7,55.0,60.0,50e7155788fe438a29403fa1845fe731d30b05c9afe92759f71ada2e190a89ba,3c935d499b37674c72f3083d79b576bb18770bc82bcb2a2f2df10880c702310b,signatures/FINAL-EVD-0375.signature.csv,4216,1caa3c422ecf52f9c299a803550f4889aa2367de94317a0d03e436b38cdcd455,697
FINAL-EVD-0376,test-primary-F2-r01,primary,F2,8,60.0,65.0,50e7155788fe438a29403fa1845fe731d30b05c9afe92759f71ada2e190a89ba,3c935d499b37674c72f3083d79b576bb18770bc82bcb2a2f2df10880c702310b,signatures/FINAL-EVD-0376.signature.csv,4216,81267b9009d15541aa119303b61742fb4d456148fa568360c858d37764070b58,697
FINAL-EVD-0377,test-primary-F2-r02,primary,F2,1,25.0,30.0,e67cb0cea8eb88fddbd654d44651092ca0cb9d2447a07e86183fe411fc6bdd18,a46040f95421f85a9507b118bc8f8e01bb6f641491636dcfdb2664884d730f10,signatures/FINAL-EVD-0377.signature.csv,4212,d8d815f5453bb67c6a2da1d2f1ce2497239b8fdea2b525c8bda1d023a262e45b,697
FINAL-EVD-0378,test-primary-F2-r02,primary,F2,2,30.0,35.0,e67cb0cea8eb88fddbd654d44651092ca0cb9d2447a07e86183fe411fc6bdd18,a46040f95421f85a9507b118bc8f8e01bb6f641491636dcfdb2664884d730f10,signatures/FINAL-EVD-0378.signature.csv,4210,1ac55925b2d0049a5236d0b951ad5f90f30e8c38af131b31cc0a4171c4ee7f53,697
FINAL-EVD-0379,test-primary-F2-r02,primary,F2,3,35.0,40.0,e67cb0cea8eb88fddbd654d44651092ca0cb9d2447a07e86183fe411fc6bdd18,a46040f95421f85a9507b118bc8f8e01bb6f641491636dcfdb2664884d730f10,signatures/FINAL-EVD-0379.signature.csv,4214,dc70c84c1d0f8a895201abc76bfc383f8cca32f2dd7fc6b42cbf1a1baa8de4da,697
FINAL-EVD-0380,test-primary-F2-r02,primary,F2,4,40.0,45.0,e67cb0cea8eb88fddbd654d44651092ca0cb9d2447a07e86183fe411fc6bdd18,a46040f95421f85a9507b118bc8f8e01bb6f641491636dcfdb2664884d730f10,signatures/FINAL-EVD-0380.signature.csv,4218,a803a69816b8072815510fee130f9bb114af158fba82f554e112901a137c6dbe,697
FINAL-EVD-0381,test-primary-F2-r02,primary,F2,5,45.0,50.0,e67cb0cea8eb88fddbd654d44651092ca0cb9d2447a07e86183fe411fc6bdd18,a46040f95421f85a9507b118bc8f8e01bb6f641491636dcfdb2664884d730f10,signatures/FINAL-EVD-0381.signature.csv,4218,a803a69816b8072815510fee130f9bb114af158fba82f554e112901a137c6dbe,697
FINAL-EVD-0382,test-primary-F2-r02,primary,F2,6,50.0,55.0,e67cb0cea8eb88fddbd654d44651092ca0cb9d2447a07e86183fe411fc6bdd18,a46040f95421f85a9507b118bc8f8e01bb6f641491636dcfdb2664884d730f10,signatures/FINAL-EVD-0382.signature.csv,4218,a803a69816b8072815510fee130f9bb114af158fba82f554e112901a137c6dbe,697
FINAL-EVD-0383,test-primary-F2-r02,primary,F2,7,55.0,60.0,e67cb0cea8eb88fddbd654d44651092ca0cb9d2447a07e86183fe411fc6bdd18,a46040f95421f85a9507b118bc8f8e01bb6f641491636dcfdb2664884d730f10,signatures/FINAL-EVD-0383.signature.csv,4216,81267b9009d15541aa119303b61742fb4d456148fa568360c858d37764070b58,697
FINAL-EVD-0384,test-primary-F2-r02,primary,F2,8,60.0,65.0,e67cb0cea8eb88fddbd654d44651092ca0cb9d2447a07e86183fe411fc6bdd18,a46040f95421f85a9507b118bc8f8e01bb6f641491636dcfdb2664884d730f10,signatures/FINAL-EVD-0384.signature.csv,4216,81267b9009d15541aa119303b61742fb4d456148fa568360c858d37764070b58,697
FINAL-EVD-0385,test-primary-F2-r03,primary,F2,1,25.0,30.0,59b9ecfee5eb0fb3ea1827dbf000c2c9cf5ef14336bdcbad857569be95a3a06e,4e6610caa21cc5cefd583348283f0f9b9943fa050f46048431231288daaec6af,signatures/FINAL-EVD-0385.signature.csv,4206,30c4d6190620a16f2db8403f3e8ca6681171c66d1a65f5fdd1dd0af4197e33a0,697
FINAL-EVD-0386,test-primary-F2-r03,primary,F2,2,30.0,35.0,59b9ecfee5eb0fb3ea1827dbf000c2c9cf5ef14336bdcbad857569be95a3a06e,4e6610caa21cc5cefd583348283f0f9b9943fa050f46048431231288daaec6af,signatures/FINAL-EVD-0386.signature.csv,4210,278009a960e02723f05ce47eefd59b225cf600152b2ded6101583ec8978743e1,697
FINAL-EVD-0387,test-primary-F2-r03,primary,F2,3,35.0,40.0,59b9ecfee5eb0fb3ea1827dbf000c2c9cf5ef14336bdcbad857569be95a3a06e,4e6610caa21cc5cefd583348283f0f9b9943fa050f46048431231288daaec6af,signatures/FINAL-EVD-0387.signature.csv,4212,937d6515ac718e32634c09a93ec7f8d09845120bf5e1b42a89ac7ce9d5297972,697
FINAL-EVD-0388,test-primary-F2-r03,primary,F2,4,40.0,45.0,59b9ecfee5eb0fb3ea1827dbf000c2c9cf5ef14336bdcbad857569be95a3a06e,4e6610caa21cc5cefd583348283f0f9b9943fa050f46048431231288daaec6af,signatures/FINAL-EVD-0388.signature.csv,4210,07bda4ebe82b02dd41ac09f3a2d37d1b0da7701a86c701fa1f1205c81a11893e,697
FINAL-EVD-0389,test-primary-F2-r03,primary,F2,5,45.0,50.0,59b9ecfee5eb0fb3ea1827dbf000c2c9cf5ef14336bdcbad857569be95a3a06e,4e6610caa21cc5cefd583348283f0f9b9943fa050f46048431231288daaec6af,signatures/FINAL-EVD-0389.signature.csv,4216,81267b9009d15541aa119303b61742fb4d456148fa568360c858d37764070b58,697
FINAL-EVD-0390,test-primary-F2-r03,primary,F2,6,50.0,55.0,59b9ecfee5eb0fb3ea1827dbf000c2c9cf5ef14336bdcbad857569be95a3a06e,4e6610caa21cc5cefd583348283f0f9b9943fa050f46048431231288daaec6af,signatures/FINAL-EVD-0390.signature.csv,4216,81267b9009d15541aa119303b61742fb4d456148fa568360c858d37764070b58,697
FINAL-EVD-0391,test-primary-F2-r03,primary,F2,7,55.0,60.0,59b9ecfee5eb0fb3ea1827dbf000c2c9cf5ef14336bdcbad857569be95a3a06e,4e6610caa21cc5cefd583348283f0f9b9943fa050f46048431231288daaec6af,signatures/FINAL-EVD-0391.signature.csv,4218,a803a69816b8072815510fee130f9bb114af158fba82f554e112901a137c6dbe,697
FINAL-EVD-0392,test-primary-F2-r03,primary,F2,8,60.0,65.0,59b9ecfee5eb0fb3ea1827dbf000c2c9cf5ef14336bdcbad857569be95a3a06e,4e6610caa21cc5cefd583348283f0f9b9943fa050f46048431231288daaec6af,signatures/FINAL-EVD-0392.signature.csv,4214,1e8441c914c89bab39ec9690477451dd9016c873e4fad5ddc996f97ad00caa3f,697
FINAL-EVD-0393,test-primary-F2-r04,primary,F2,1,25.0,30.0,b7f0a760bf07650d7f432803376918825d52920dfce7d0414314780a805aa54e,25dfb830066a0decc9446227040a4f2cc32e80655ec01536b0a4a3ce0af0862d,signatures/FINAL-EVD-0393.signature.csv,4206,f5d89067a8dfa19f9cce40ed26b8e438b21eb29e08524db3577cf4c378604330,697
FINAL-EVD-0394,test-primary-F2-r04,primary,F2,2,30.0,35.0,b7f0a760bf07650d7f432803376918825d52920dfce7d0414314780a805aa54e,25dfb830066a0decc9446227040a4f2cc32e80655ec01536b0a4a3ce0af0862d,signatures/FINAL-EVD-0394.signature.csv,4206,37a1d31f354e3a290a8207d3c13d49db29929d0f198638e8f34aa2a946764720,697
FINAL-EVD-0395,test-primary-F2-r04,primary,F2,3,35.0,40.0,b7f0a760bf07650d7f432803376918825d52920dfce7d0414314780a805aa54e,25dfb830066a0decc9446227040a4f2cc32e80655ec01536b0a4a3ce0af0862d,signatures/FINAL-EVD-0395.signature.csv,4214,dc70c84c1d0f8a895201abc76bfc383f8cca32f2dd7fc6b42cbf1a1baa8de4da,697
FINAL-EVD-0396,test-primary-F2-r04,primary,F2,4,40.0,45.0,b7f0a760bf07650d7f432803376918825d52920dfce7d0414314780a805aa54e,25dfb830066a0decc9446227040a4f2cc32e80655ec01536b0a4a3ce0af0862d,signatures/FINAL-EVD-0396.signature.csv,4214,5c9b0b05be3efcfba5c6f77e4cf8302b21663c90066a9ffdb109034e63f9ab9c,697
FINAL-EVD-0397,test-primary-F2-r04,primary,F2,5,45.0,50.0,b7f0a760bf07650d7f432803376918825d52920dfce7d0414314780a805aa54e,25dfb830066a0decc9446227040a4f2cc32e80655ec01536b0a4a3ce0af0862d,signatures/FINAL-EVD-0397.signature.csv,4218,a803a69816b8072815510fee130f9bb114af158fba82f554e112901a137c6dbe,697
FINAL-EVD-0398,test-primary-F2-r04,primary,F2,6,50.0,55.0,b7f0a760bf07650d7f432803376918825d52920dfce7d0414314780a805aa54e,25dfb830066a0decc9446227040a4f2cc32e80655ec01536b0a4a3ce0af0862d,signatures/FINAL-EVD-0398.signature.csv,4218,a803a69816b8072815510fee130f9bb114af158fba82f554e112901a137c6dbe,697
FINAL-EVD-0399,test-primary-F2-r04,primary,F2,7,55.0,60.0,b7f0a760bf07650d7f432803376918825d52920dfce7d0414314780a805aa54e,25dfb830066a0decc9446227040a4f2cc32e80655ec01536b0a4a3ce0af0862d,signatures/FINAL-EVD-0399.signature.csv,4218,a803a69816b8072815510fee130f9bb114af158fba82f554e112901a137c6dbe,697
FINAL-EVD-0400,test-primary-F2-r04,primary,F2,8,60.0,65.0,b7f0a760bf07650d7f432803376918825d52920dfce7d0414314780a805aa54e,25dfb830066a0decc9446227040a4f2cc32e80655ec01536b0a4a3ce0af0862d,signatures/FINAL-EVD-0400.signature.csv,4218,a803a69816b8072815510fee130f9bb114af158fba82f554e112901a137c6dbe,697
FINAL-EVD-0401,test-primary-F2-r05,primary,F2,1,25.0,30.0,68632e16272e36ce94915f3307fdd99d05c90bb19afeacd205fe850644dc8e37,9176793f78d78308d7a51c63d28dffb98b8557f08bd504ca797a97fc234f97a9,signatures/FINAL-EVD-0401.signature.csv,4204,655bae77ddc71eb302c1bba7d26da66b0e49c0101be18e689a6639eebdca05e2,697
FINAL-EVD-0402,test-primary-F2-r05,primary,F2,2,30.0,35.0,68632e16272e36ce94915f3307fdd99d05c90bb19afeacd205fe850644dc8e37,9176793f78d78308d7a51c63d28dffb98b8557f08bd504ca797a97fc234f97a9,signatures/FINAL-EVD-0402.signature.csv,4210,aea5868f14613625b87b5bc809afa38bcda0d5c1eb87f3818aa5f0e5956d95a8,697
FINAL-EVD-0403,test-primary-F2-r05,primary,F2,3,35.0,40.0,68632e16272e36ce94915f3307fdd99d05c90bb19afeacd205fe850644dc8e37,9176793f78d78308d7a51c63d28dffb98b8557f08bd504ca797a97fc234f97a9,signatures/FINAL-EVD-0403.signature.csv,4214,dc70c84c1d0f8a895201abc76bfc383f8cca32f2dd7fc6b42cbf1a1baa8de4da,697
FINAL-EVD-0404,test-primary-F2-r05,primary,F2,4,40.0,45.0,68632e16272e36ce94915f3307fdd99d05c90bb19afeacd205fe850644dc8e37,9176793f78d78308d7a51c63d28dffb98b8557f08bd504ca797a97fc234f97a9,signatures/FINAL-EVD-0404.signature.csv,4216,c1efc7ac3fe8f35944b4615cf2d87264547d8f95983e5d29b5e96afe53c24ad0,697
FINAL-EVD-0405,test-primary-F2-r05,primary,F2,5,45.0,50.0,68632e16272e36ce94915f3307fdd99d05c90bb19afeacd205fe850644dc8e37,9176793f78d78308d7a51c63d28dffb98b8557f08bd504ca797a97fc234f97a9,signatures/FINAL-EVD-0405.signature.csv,4218,a803a69816b8072815510fee130f9bb114af158fba82f554e112901a137c6dbe,697
FINAL-EVD-0406,test-primary-F2-r05,primary,F2,6,50.0,55.0,68632e16272e36ce94915f3307fdd99d05c90bb19afeacd205fe850644dc8e37,9176793f78d78308d7a51c63d28dffb98b8557f08bd504ca797a97fc234f97a9,signatures/FINAL-EVD-0406.signature.csv,4216,81267b9009d15541aa119303b61742fb4d456148fa568360c858d37764070b58,697
FINAL-EVD-0407,test-primary-F2-r05,primary,F2,7,55.0,60.0,68632e16272e36ce94915f3307fdd99d05c90bb19afeacd205fe850644dc8e37,9176793f78d78308d7a51c63d28dffb98b8557f08bd504ca797a97fc234f97a9,signatures/FINAL-EVD-0407.signature.csv,4216,81267b9009d15541aa119303b61742fb4d456148fa568360c858d37764070b58,697
FINAL-EVD-0408,test-primary-F2-r05,primary,F2,8,60.0,65.0,68632e16272e36ce94915f3307fdd99d05c90bb19afeacd205fe850644dc8e37,9176793f78d78308d7a51c63d28dffb98b8557f08bd504ca797a97fc234f97a9,signatures/FINAL-EVD-0408.signature.csv,4218,df6d51dac6ea3d18de16849f1e52e990b225af8b1797bf6dce0fd76d1ceb47c7,697
FINAL-EVD-0409,test-primary-F2-r06,primary,F2,1,25.0,30.0,6d01f7c3785dd31244fd3fc129e04c360ad0ff40b5f6589b88d420835cbb7612,3801b205d9cb002378dd764f6aeaa5f62707487910c9687f5620059ac7db83d6,signatures/FINAL-EVD-0409.signature.csv,4204,b87f8e54d3c0359b0446c9f5d8943363306d4ad93068117090cc2a9e10e0858a,697
FINAL-EVD-0410,test-primary-F2-r06,primary,F2,2,30.0,35.0,6d01f7c3785dd31244fd3fc129e04c360ad0ff40b5f6589b88d420835cbb7612,3801b205d9cb002378dd764f6aeaa5f62707487910c9687f5620059ac7db83d6,signatures/FINAL-EVD-0410.signature.csv,4212,1c9a823e3fdca3c7930062cb2a69f497fb38ac080b0b691c267624d40ea1cf39,697
FINAL-EVD-0411,test-primary-F2-r06,primary,F2,3,35.0,40.0,6d01f7c3785dd31244fd3fc129e04c360ad0ff40b5f6589b88d420835cbb7612,3801b205d9cb002378dd764f6aeaa5f62707487910c9687f5620059ac7db83d6,signatures/FINAL-EVD-0411.signature.csv,4208,771d94a0fc1d6dd36b511bebe533c90bdc39b6247fbfac787fb7f8fdfeb51177,697
FINAL-EVD-0412,test-primary-F2-r06,primary,F2,4,40.0,45.0,6d01f7c3785dd31244fd3fc129e04c360ad0ff40b5f6589b88d420835cbb7612,3801b205d9cb002378dd764f6aeaa5f62707487910c9687f5620059ac7db83d6,signatures/FINAL-EVD-0412.signature.csv,4214,88a3836c328f1f6198d0cff4158db163a23915b881dcb43beeab45c3c9348548,697
FINAL-EVD-0413,test-primary-F2-r06,primary,F2,5,45.0,50.0,6d01f7c3785dd31244fd3fc129e04c360ad0ff40b5f6589b88d420835cbb7612,3801b205d9cb002378dd764f6aeaa5f62707487910c9687f5620059ac7db83d6,signatures/FINAL-EVD-0413.signature.csv,4218,a803a69816b8072815510fee130f9bb114af158fba82f554e112901a137c6dbe,697
FINAL-EVD-0414,test-primary-F2-r06,primary,F2,6,50.0,55.0,6d01f7c3785dd31244fd3fc129e04c360ad0ff40b5f6589b88d420835cbb7612,3801b205d9cb002378dd764f6aeaa5f62707487910c9687f5620059ac7db83d6,signatures/FINAL-EVD-0414.signature.csv,4218,a803a69816b8072815510fee130f9bb114af158fba82f554e112901a137c6dbe,697
FINAL-EVD-0415,test-primary-F2-r06,primary,F2,7,55.0,60.0,6d01f7c3785dd31244fd3fc129e04c360ad0ff40b5f6589b88d420835cbb7612,3801b205d9cb002378dd764f6aeaa5f62707487910c9687f5620059ac7db83d6,signatures/FINAL-EVD-0415.signature.csv,4216,81267b9009d15541aa119303b61742fb4d456148fa568360c858d37764070b58,697
FINAL-EVD-0416,test-primary-F2-r06,primary,F2,8,60.0,65.0,6d01f7c3785dd31244fd3fc129e04c360ad0ff40b5f6589b88d420835cbb7612,3801b205d9cb002378dd764f6aeaa5f62707487910c9687f5620059ac7db83d6,signatures/FINAL-EVD-0416.signature.csv,4216,81267b9009d15541aa119303b61742fb4d456148fa568360c858d37764070b58,697
FINAL-EVD-0417,test-primary-F2-r07,primary,F2,1,25.0,30.0,67ea31cb6a317335716e9fb09c865488ce2b1a732dd7d091f65b5ebee61b6abf,38e68b21330e3dc5c5b3cf8dc0b6b01bb798e749a42fd96743ced527d5ad9fa8,signatures/FINAL-EVD-0417.signature.csv,4202,a528b621079099268e7b0efc347390045cc1a463a3c5519c2dde9883e66eb3d7,697
FINAL-EVD-0418,test-primary-F2-r07,primary,F2,2,30.0,35.0,67ea31cb6a317335716e9fb09c865488ce2b1a732dd7d091f65b5ebee61b6abf,38e68b21330e3dc5c5b3cf8dc0b6b01bb798e749a42fd96743ced527d5ad9fa8,signatures/FINAL-EVD-0418.signature.csv,4210,278009a960e02723f05ce47eefd59b225cf600152b2ded6101583ec8978743e1,697
FINAL-EVD-0419,test-primary-F2-r07,primary,F2,3,35.0,40.0,67ea31cb6a317335716e9fb09c865488ce2b1a732dd7d091f65b5ebee61b6abf,38e68b21330e3dc5c5b3cf8dc0b6b01bb798e749a42fd96743ced527d5ad9fa8,signatures/FINAL-EVD-0419.signature.csv,4214,dc70c84c1d0f8a895201abc76bfc383f8cca32f2dd7fc6b42cbf1a1baa8de4da,697
FINAL-EVD-0420,test-primary-F2-r07,primary,F2,4,40.0,45.0,67ea31cb6a317335716e9fb09c865488ce2b1a732dd7d091f65b5ebee61b6abf,38e68b21330e3dc5c5b3cf8dc0b6b01bb798e749a42fd96743ced527d5ad9fa8,signatures/FINAL-EVD-0420.signature.csv,4216,c1efc7ac3fe8f35944b4615cf2d87264547d8f95983e5d29b5e96afe53c24ad0,697
FINAL-EVD-0421,test-primary-F2-r07,primary,F2,5,45.0,50.0,67ea31cb6a317335716e9fb09c865488ce2b1a732dd7d091f65b5ebee61b6abf,38e68b21330e3dc5c5b3cf8dc0b6b01bb798e749a42fd96743ced527d5ad9fa8,signatures/FINAL-EVD-0421.signature.csv,4218,a803a69816b8072815510fee130f9bb114af158fba82f554e112901a137c6dbe,697
FINAL-EVD-0422,test-primary-F2-r07,primary,F2,6,50.0,55.0,67ea31cb6a317335716e9fb09c865488ce2b1a732dd7d091f65b5ebee61b6abf,38e68b21330e3dc5c5b3cf8dc0b6b01bb798e749a42fd96743ced527d5ad9fa8,signatures/FINAL-EVD-0422.signature.csv,4220,3859708fc6f83e3926245efacac7bf2a2bf8a939491f83e5cc26b3f870ce6ef0,697
FINAL-EVD-0423,test-primary-F2-r07,primary,F2,7,55.0,60.0,67ea31cb6a317335716e9fb09c865488ce2b1a732dd7d091f65b5ebee61b6abf,38e68b21330e3dc5c5b3cf8dc0b6b01bb798e749a42fd96743ced527d5ad9fa8,signatures/FINAL-EVD-0423.signature.csv,4216,81267b9009d15541aa119303b61742fb4d456148fa568360c858d37764070b58,697
FINAL-EVD-0424,test-primary-F2-r07,primary,F2,8,60.0,65.0,67ea31cb6a317335716e9fb09c865488ce2b1a732dd7d091f65b5ebee61b6abf,38e68b21330e3dc5c5b3cf8dc0b6b01bb798e749a42fd96743ced527d5ad9fa8,signatures/FINAL-EVD-0424.signature.csv,4216,81267b9009d15541aa119303b61742fb4d456148fa568360c858d37764070b58,697
FINAL-EVD-0425,test-primary-F2-r08,primary,F2,1,25.0,30.0,ef5a8851d01fcb0fe0592413016ff04320de2c90d0b9530f3feb5cd666ea00fc,b512903d294ff4d4e479bde05ea30173905c540e049aa8f48bb52330866ee502,signatures/FINAL-EVD-0425.signature.csv,4204,c58c20166aa87110a6ec2e04cf39f39c79b1b127bd736c57b108f98b420acb7c,697
FINAL-EVD-0426,test-primary-F2-r08,primary,F2,2,30.0,35.0,ef5a8851d01fcb0fe0592413016ff04320de2c90d0b9530f3feb5cd666ea00fc,b512903d294ff4d4e479bde05ea30173905c540e049aa8f48bb52330866ee502,signatures/FINAL-EVD-0426.signature.csv,4210,5f304f299f1f475e5ac8d4ce1731f7c54baf2364cc0cef5f5d8f7ed700f54a60,697
FINAL-EVD-0427,test-primary-F2-r08,primary,F2,3,35.0,40.0,ef5a8851d01fcb0fe0592413016ff04320de2c90d0b9530f3feb5cd666ea00fc,b512903d294ff4d4e479bde05ea30173905c540e049aa8f48bb52330866ee502,signatures/FINAL-EVD-0427.signature.csv,4210,c1e6faf2cdc9957654ee24ba21f5c2a7aa1c56c107ad74393ca15561c839e68d,697
FINAL-EVD-0428,test-primary-F2-r08,primary,F2,4,40.0,45.0,ef5a8851d01fcb0fe0592413016ff04320de2c90d0b9530f3feb5cd666ea00fc,b512903d294ff4d4e479bde05ea30173905c540e049aa8f48bb52330866ee502,signatures/FINAL-EVD-0428.signature.csv,4212,c0a19a8e5abee9bce2fd3a43aca5d247ac876f51c4b982fd654795c099875d26,697
FINAL-EVD-0429,test-primary-F2-r08,primary,F2,5,45.0,50.0,ef5a8851d01fcb0fe0592413016ff04320de2c90d0b9530f3feb5cd666ea00fc,b512903d294ff4d4e479bde05ea30173905c540e049aa8f48bb52330866ee502,signatures/FINAL-EVD-0429.signature.csv,4216,81267b9009d15541aa119303b61742fb4d456148fa568360c858d37764070b58,697
FINAL-EVD-0430,test-primary-F2-r08,primary,F2,6,50.0,55.0,ef5a8851d01fcb0fe0592413016ff04320de2c90d0b9530f3feb5cd666ea00fc,b512903d294ff4d4e479bde05ea30173905c540e049aa8f48bb52330866ee502,signatures/FINAL-EVD-0430.signature.csv,4218,a803a69816b8072815510fee130f9bb114af158fba82f554e112901a137c6dbe,697
FINAL-EVD-0431,test-primary-F2-r08,primary,F2,7,55.0,60.0,ef5a8851d01fcb0fe0592413016ff04320de2c90d0b9530f3feb5cd666ea00fc,b512903d294ff4d4e479bde05ea30173905c540e049aa8f48bb52330866ee502,signatures/FINAL-EVD-0431.signature.csv,4216,81267b9009d15541aa119303b61742fb4d456148fa568360c858d37764070b58,697
FINAL-EVD-0432,test-primary-F2-r08,primary,F2,8,60.0,65.0,ef5a8851d01fcb0fe0592413016ff04320de2c90d0b9530f3feb5cd666ea00fc,b512903d294ff4d4e479bde05ea30173905c540e049aa8f48bb52330866ee502,signatures/FINAL-EVD-0432.signature.csv,4218,a803a69816b8072815510fee130f9bb114af158fba82f554e112901a137c6dbe,697
FINAL-EVD-0433,test-primary-F3-r01,primary,F3,1,25.0,30.0,9649033ae39ce8e7be9f95c450ead25f7224aa705cd14740fe75974a08f933db,b274a6d4f867b75b7798d339c9cc4984d07aa891302ceb8a83f02287ab420b34,signatures/FINAL-EVD-0433.signature.csv,4252,d3055112d7ade63ef051179c8fc4ec647c649fd1a5a61de00af61e512931e87a,697
FINAL-EVD-0434,test-primary-F3-r01,primary,F3,2,30.0,35.0,9649033ae39ce8e7be9f95c450ead25f7224aa705cd14740fe75974a08f933db,b274a6d4f867b75b7798d339c9cc4984d07aa891302ceb8a83f02287ab420b34,signatures/FINAL-EVD-0434.signature.csv,4252,d3055112d7ade63ef051179c8fc4ec647c649fd1a5a61de00af61e512931e87a,697
FINAL-EVD-0435,test-primary-F3-r01,primary,F3,3,35.0,40.0,9649033ae39ce8e7be9f95c450ead25f7224aa705cd14740fe75974a08f933db,b274a6d4f867b75b7798d339c9cc4984d07aa891302ceb8a83f02287ab420b34,signatures/FINAL-EVD-0435.signature.csv,4252,d3055112d7ade63ef051179c8fc4ec647c649fd1a5a61de00af61e512931e87a,697
FINAL-EVD-0436,test-primary-F3-r01,primary,F3,4,40.0,45.0,9649033ae39ce8e7be9f95c450ead25f7224aa705cd14740fe75974a08f933db,b274a6d4f867b75b7798d339c9cc4984d07aa891302ceb8a83f02287ab420b34,signatures/FINAL-EVD-0436.signature.csv,4252,d3055112d7ade63ef051179c8fc4ec647c649fd1a5a61de00af61e512931e87a,697
FINAL-EVD-0437,test-primary-F3-r01,primary,F3,5,45.0,50.0,9649033ae39ce8e7be9f95c450ead25f7224aa705cd14740fe75974a08f933db,b274a6d4f867b75b7798d339c9cc4984d07aa891302ceb8a83f02287ab420b34,signatures/FINAL-EVD-0437.signature.csv,4252,d3055112d7ade63ef051179c8fc4ec647c649fd1a5a61de00af61e512931e87a,697
FINAL-EVD-0438,test-primary-F3-r01,primary,F3,6,50.0,55.0,9649033ae39ce8e7be9f95c450ead25f7224aa705cd14740fe75974a08f933db,b274a6d4f867b75b7798d339c9cc4984d07aa891302ceb8a83f02287ab420b34,signatures/FINAL-EVD-0438.signature.csv,4252,d3055112d7ade63ef051179c8fc4ec647c649fd1a5a61de00af61e512931e87a,697
FINAL-EVD-0439,test-primary-F3-r01,primary,F3,7,55.0,60.0,9649033ae39ce8e7be9f95c450ead25f7224aa705cd14740fe75974a08f933db,b274a6d4f867b75b7798d339c9cc4984d07aa891302ceb8a83f02287ab420b34,signatures/FINAL-EVD-0439.signature.csv,4252,d3055112d7ade63ef051179c8fc4ec647c649fd1a5a61de00af61e512931e87a,697
FINAL-EVD-0440,test-primary-F3-r01,primary,F3,8,60.0,65.0,9649033ae39ce8e7be9f95c450ead25f7224aa705cd14740fe75974a08f933db,b274a6d4f867b75b7798d339c9cc4984d07aa891302ceb8a83f02287ab420b34,signatures/FINAL-EVD-0440.signature.csv,4252,d3055112d7ade63ef051179c8fc4ec647c649fd1a5a61de00af61e512931e87a,697
FINAL-EVD-0441,test-primary-F3-r02,primary,F3,1,25.0,30.0,eafdd2936e33d08f1e03b774bc69786224c7e610688f0d426e8e1e1398fdc5f5,210ac27552e8e2e2586e4fbf3a0784c2827729738e072fe619931ae1a8958889,signatures/FINAL-EVD-0441.signature.csv,4252,d3055112d7ade63ef051179c8fc4ec647c649fd1a5a61de00af61e512931e87a,697
FINAL-EVD-0442,test-primary-F3-r02,primary,F3,2,30.0,35.0,eafdd2936e33d08f1e03b774bc69786224c7e610688f0d426e8e1e1398fdc5f5,210ac27552e8e2e2586e4fbf3a0784c2827729738e072fe619931ae1a8958889,signatures/FINAL-EVD-0442.signature.csv,4252,d3055112d7ade63ef051179c8fc4ec647c649fd1a5a61de00af61e512931e87a,697
FINAL-EVD-0443,test-primary-F3-r02,primary,F3,3,35.0,40.0,eafdd2936e33d08f1e03b774bc69786224c7e610688f0d426e8e1e1398fdc5f5,210ac27552e8e2e2586e4fbf3a0784c2827729738e072fe619931ae1a8958889,signatures/FINAL-EVD-0443.signature.csv,4252,d3055112d7ade63ef051179c8fc4ec647c649fd1a5a61de00af61e512931e87a,697
FINAL-EVD-0444,test-primary-F3-r02,primary,F3,4,40.0,45.0,eafdd2936e33d08f1e03b774bc69786224c7e610688f0d426e8e1e1398fdc5f5,210ac27552e8e2e2586e4fbf3a0784c2827729738e072fe619931ae1a8958889,signatures/FINAL-EVD-0444.signature.csv,4250,213c90c5d08a6337f457d4eb35b88df25e2b9276b47dcd86d752be483e468b99,697
FINAL-EVD-0445,test-primary-F3-r02,primary,F3,5,45.0,50.0,eafdd2936e33d08f1e03b774bc69786224c7e610688f0d426e8e1e1398fdc5f5,210ac27552e8e2e2586e4fbf3a0784c2827729738e072fe619931ae1a8958889,signatures/FINAL-EVD-0445.signature.csv,4252,d3055112d7ade63ef051179c8fc4ec647c649fd1a5a61de00af61e512931e87a,697
FINAL-EVD-0446,test-primary-F3-r02,primary,F3,6,50.0,55.0,eafdd2936e33d08f1e03b774bc69786224c7e610688f0d426e8e1e1398fdc5f5,210ac27552e8e2e2586e4fbf3a0784c2827729738e072fe619931ae1a8958889,signatures/FINAL-EVD-0446.signature.csv,4252,d3055112d7ade63ef051179c8fc4ec647c649fd1a5a61de00af61e512931e87a,697
FINAL-EVD-0447,test-primary-F3-r02,primary,F3,7,55.0,60.0,eafdd2936e33d08f1e03b774bc69786224c7e610688f0d426e8e1e1398fdc5f5,210ac27552e8e2e2586e4fbf3a0784c2827729738e072fe619931ae1a8958889,signatures/FINAL-EVD-0447.signature.csv,4252,d3055112d7ade63ef051179c8fc4ec647c649fd1a5a61de00af61e512931e87a,697
FINAL-EVD-0448,test-primary-F3-r02,primary,F3,8,60.0,65.0,eafdd2936e33d08f1e03b774bc69786224c7e610688f0d426e8e1e1398fdc5f5,210ac27552e8e2e2586e4fbf3a0784c2827729738e072fe619931ae1a8958889,signatures/FINAL-EVD-0448.signature.csv,4252,d3055112d7ade63ef051179c8fc4ec647c649fd1a5a61de00af61e512931e87a,697
FINAL-EVD-0449,test-primary-F3-r03,primary,F3,1,25.0,30.0,b01d1455dd54b8388e793eda5f87da31666c476d7d71b3dd23fc2993cd749fc9,30d59c73298db2be6da648fd17f37a44c0573a88f47686a925a08925113ddeb0,signatures/FINAL-EVD-0449.signature.csv,4252,f666ec79b8fd93691a6fbeb421d2543497e82c75c87e67c7450b5f290aeb7db3,697
FINAL-EVD-0450,test-primary-F3-r03,primary,F3,2,30.0,35.0,b01d1455dd54b8388e793eda5f87da31666c476d7d71b3dd23fc2993cd749fc9,30d59c73298db2be6da648fd17f37a44c0573a88f47686a925a08925113ddeb0,signatures/FINAL-EVD-0450.signature.csv,4252,d3055112d7ade63ef051179c8fc4ec647c649fd1a5a61de00af61e512931e87a,697
FINAL-EVD-0451,test-primary-F3-r03,primary,F3,3,35.0,40.0,b01d1455dd54b8388e793eda5f87da31666c476d7d71b3dd23fc2993cd749fc9,30d59c73298db2be6da648fd17f37a44c0573a88f47686a925a08925113ddeb0,signatures/FINAL-EVD-0451.signature.csv,4252,d3055112d7ade63ef051179c8fc4ec647c649fd1a5a61de00af61e512931e87a,697
FINAL-EVD-0452,test-primary-F3-r03,primary,F3,4,40.0,45.0,b01d1455dd54b8388e793eda5f87da31666c476d7d71b3dd23fc2993cd749fc9,30d59c73298db2be6da648fd17f37a44c0573a88f47686a925a08925113ddeb0,signatures/FINAL-EVD-0452.signature.csv,4252,d3055112d7ade63ef051179c8fc4ec647c649fd1a5a61de00af61e512931e87a,697
FINAL-EVD-0453,test-primary-F3-r03,primary,F3,5,45.0,50.0,b01d1455dd54b8388e793eda5f87da31666c476d7d71b3dd23fc2993cd749fc9,30d59c73298db2be6da648fd17f37a44c0573a88f47686a925a08925113ddeb0,signatures/FINAL-EVD-0453.signature.csv,4252,621f60ca075f747ac522d2045658efd3a6e1307e72ce85771a2256e2443e617b,697
FINAL-EVD-0454,test-primary-F3-r03,primary,F3,6,50.0,55.0,b01d1455dd54b8388e793eda5f87da31666c476d7d71b3dd23fc2993cd749fc9,30d59c73298db2be6da648fd17f37a44c0573a88f47686a925a08925113ddeb0,signatures/FINAL-EVD-0454.signature.csv,4252,d3055112d7ade63ef051179c8fc4ec647c649fd1a5a61de00af61e512931e87a,697
FINAL-EVD-0455,test-primary-F3-r03,primary,F3,7,55.0,60.0,b01d1455dd54b8388e793eda5f87da31666c476d7d71b3dd23fc2993cd749fc9,30d59c73298db2be6da648fd17f37a44c0573a88f47686a925a08925113ddeb0,signatures/FINAL-EVD-0455.signature.csv,4252,d3055112d7ade63ef051179c8fc4ec647c649fd1a5a61de00af61e512931e87a,697
FINAL-EVD-0456,test-primary-F3-r03,primary,F3,8,60.0,65.0,b01d1455dd54b8388e793eda5f87da31666c476d7d71b3dd23fc2993cd749fc9,30d59c73298db2be6da648fd17f37a44c0573a88f47686a925a08925113ddeb0,signatures/FINAL-EVD-0456.signature.csv,4252,d3055112d7ade63ef051179c8fc4ec647c649fd1a5a61de00af61e512931e87a,697
FINAL-EVD-0457,test-primary-F3-r04,primary,F3,1,25.0,30.0,cad86475f60ca966f764a5b85b2134218c83d27a64e4cb0e119d6e3bc03dbb25,373964607d38f0802294b62c8c714dc6a3f45e50816fcc2ebb19394a240b60b5,signatures/FINAL-EVD-0457.signature.csv,4252,d3055112d7ade63ef051179c8fc4ec647c649fd1a5a61de00af61e512931e87a,697
FINAL-EVD-0458,test-primary-F3-r04,primary,F3,2,30.0,35.0,cad86475f60ca966f764a5b85b2134218c83d27a64e4cb0e119d6e3bc03dbb25,373964607d38f0802294b62c8c714dc6a3f45e50816fcc2ebb19394a240b60b5,signatures/FINAL-EVD-0458.signature.csv,4252,3592fd0220fe4edd17d8de2d8e84f6203e9750359451e2525ef860438a05d4ce,697
FINAL-EVD-0459,test-primary-F3-r04,primary,F3,3,35.0,40.0,cad86475f60ca966f764a5b85b2134218c83d27a64e4cb0e119d6e3bc03dbb25,373964607d38f0802294b62c8c714dc6a3f45e50816fcc2ebb19394a240b60b5,signatures/FINAL-EVD-0459.signature.csv,4252,d3055112d7ade63ef051179c8fc4ec647c649fd1a5a61de00af61e512931e87a,697
FINAL-EVD-0460,test-primary-F3-r04,primary,F3,4,40.0,45.0,cad86475f60ca966f764a5b85b2134218c83d27a64e4cb0e119d6e3bc03dbb25,373964607d38f0802294b62c8c714dc6a3f45e50816fcc2ebb19394a240b60b5,signatures/FINAL-EVD-0460.signature.csv,4252,d3055112d7ade63ef051179c8fc4ec647c649fd1a5a61de00af61e512931e87a,697
FINAL-EVD-0461,test-primary-F3-r04,primary,F3,5,45.0,50.0,cad86475f60ca966f764a5b85b2134218c83d27a64e4cb0e119d6e3bc03dbb25,373964607d38f0802294b62c8c714dc6a3f45e50816fcc2ebb19394a240b60b5,signatures/FINAL-EVD-0461.signature.csv,4252,d3055112d7ade63ef051179c8fc4ec647c649fd1a5a61de00af61e512931e87a,697
FINAL-EVD-0462,test-primary-F3-r04,primary,F3,6,50.0,55.0,cad86475f60ca966f764a5b85b2134218c83d27a64e4cb0e119d6e3bc03dbb25,373964607d38f0802294b62c8c714dc6a3f45e50816fcc2ebb19394a240b60b5,signatures/FINAL-EVD-0462.signature.csv,4252,d3055112d7ade63ef051179c8fc4ec647c649fd1a5a61de00af61e512931e87a,697
FINAL-EVD-0463,test-primary-F3-r04,primary,F3,7,55.0,60.0,cad86475f60ca966f764a5b85b2134218c83d27a64e4cb0e119d6e3bc03dbb25,373964607d38f0802294b62c8c714dc6a3f45e50816fcc2ebb19394a240b60b5,signatures/FINAL-EVD-0463.signature.csv,4250,b439be3d249a76a160784caedc97f40cbafb08f188e578876061d605b1c777f8,697
FINAL-EVD-0464,test-primary-F3-r04,primary,F3,8,60.0,65.0,cad86475f60ca966f764a5b85b2134218c83d27a64e4cb0e119d6e3bc03dbb25,373964607d38f0802294b62c8c714dc6a3f45e50816fcc2ebb19394a240b60b5,signatures/FINAL-EVD-0464.signature.csv,4252,d3055112d7ade63ef051179c8fc4ec647c649fd1a5a61de00af61e512931e87a,697
FINAL-EVD-0465,test-primary-F3-r05,primary,F3,1,25.0,30.0,739cb390f0213ea49c8b82cb59b962e609db25772c94dd73755b058595257b4c,86bf284f9bece1648c04563ebb6ba4aa3cfb534a7de808007419effb92de84d6,signatures/FINAL-EVD-0465.signature.csv,4252,d3055112d7ade63ef051179c8fc4ec647c649fd1a5a61de00af61e512931e87a,697
FINAL-EVD-0466,test-primary-F3-r05,primary,F3,2,30.0,35.0,739cb390f0213ea49c8b82cb59b962e609db25772c94dd73755b058595257b4c,86bf284f9bece1648c04563ebb6ba4aa3cfb534a7de808007419effb92de84d6,signatures/FINAL-EVD-0466.signature.csv,4252,d3055112d7ade63ef051179c8fc4ec647c649fd1a5a61de00af61e512931e87a,697
FINAL-EVD-0467,test-primary-F3-r05,primary,F3,3,35.0,40.0,739cb390f0213ea49c8b82cb59b962e609db25772c94dd73755b058595257b4c,86bf284f9bece1648c04563ebb6ba4aa3cfb534a7de808007419effb92de84d6,signatures/FINAL-EVD-0467.signature.csv,4250,b439be3d249a76a160784caedc97f40cbafb08f188e578876061d605b1c777f8,697
FINAL-EVD-0468,test-primary-F3-r05,primary,F3,4,40.0,45.0,739cb390f0213ea49c8b82cb59b962e609db25772c94dd73755b058595257b4c,86bf284f9bece1648c04563ebb6ba4aa3cfb534a7de808007419effb92de84d6,signatures/FINAL-EVD-0468.signature.csv,4250,213c90c5d08a6337f457d4eb35b88df25e2b9276b47dcd86d752be483e468b99,697
FINAL-EVD-0469,test-primary-F3-r05,primary,F3,5,45.0,50.0,739cb390f0213ea49c8b82cb59b962e609db25772c94dd73755b058595257b4c,86bf284f9bece1648c04563ebb6ba4aa3cfb534a7de808007419effb92de84d6,signatures/FINAL-EVD-0469.signature.csv,4252,f666ec79b8fd93691a6fbeb421d2543497e82c75c87e67c7450b5f290aeb7db3,697
FINAL-EVD-0470,test-primary-F3-r05,primary,F3,6,50.0,55.0,739cb390f0213ea49c8b82cb59b962e609db25772c94dd73755b058595257b4c,86bf284f9bece1648c04563ebb6ba4aa3cfb534a7de808007419effb92de84d6,signatures/FINAL-EVD-0470.signature.csv,4252,d3055112d7ade63ef051179c8fc4ec647c649fd1a5a61de00af61e512931e87a,697
FINAL-EVD-0471,test-primary-F3-r05,primary,F3,7,55.0,60.0,739cb390f0213ea49c8b82cb59b962e609db25772c94dd73755b058595257b4c,86bf284f9bece1648c04563ebb6ba4aa3cfb534a7de808007419effb92de84d6,signatures/FINAL-EVD-0471.signature.csv,4252,d3055112d7ade63ef051179c8fc4ec647c649fd1a5a61de00af61e512931e87a,697
FINAL-EVD-0472,test-primary-F3-r05,primary,F3,8,60.0,65.0,739cb390f0213ea49c8b82cb59b962e609db25772c94dd73755b058595257b4c,86bf284f9bece1648c04563ebb6ba4aa3cfb534a7de808007419effb92de84d6,signatures/FINAL-EVD-0472.signature.csv,4252,d3055112d7ade63ef051179c8fc4ec647c649fd1a5a61de00af61e512931e87a,697
FINAL-EVD-0473,test-primary-F3-r06,primary,F3,1,25.0,30.0,f942ff14ff64fd752982f67663c96b84ce91be9cc9f5875bea2d8f2749b023e9,70f8a21073fe437e1bbb4ac1f0f627e830c16815fde03d5f1f654e8c79ba0e1e,signatures/FINAL-EVD-0473.signature.csv,4252,d3055112d7ade63ef051179c8fc4ec647c649fd1a5a61de00af61e512931e87a,697
FINAL-EVD-0474,test-primary-F3-r06,primary,F3,2,30.0,35.0,f942ff14ff64fd752982f67663c96b84ce91be9cc9f5875bea2d8f2749b023e9,70f8a21073fe437e1bbb4ac1f0f627e830c16815fde03d5f1f654e8c79ba0e1e,signatures/FINAL-EVD-0474.signature.csv,4252,d3055112d7ade63ef051179c8fc4ec647c649fd1a5a61de00af61e512931e87a,697
FINAL-EVD-0475,test-primary-F3-r06,primary,F3,3,35.0,40.0,f942ff14ff64fd752982f67663c96b84ce91be9cc9f5875bea2d8f2749b023e9,70f8a21073fe437e1bbb4ac1f0f627e830c16815fde03d5f1f654e8c79ba0e1e,signatures/FINAL-EVD-0475.signature.csv,4250,213c90c5d08a6337f457d4eb35b88df25e2b9276b47dcd86d752be483e468b99,697
FINAL-EVD-0476,test-primary-F3-r06,primary,F3,4,40.0,45.0,f942ff14ff64fd752982f67663c96b84ce91be9cc9f5875bea2d8f2749b023e9,70f8a21073fe437e1bbb4ac1f0f627e830c16815fde03d5f1f654e8c79ba0e1e,signatures/FINAL-EVD-0476.signature.csv,4252,d3055112d7ade63ef051179c8fc4ec647c649fd1a5a61de00af61e512931e87a,697
FINAL-EVD-0477,test-primary-F3-r06,primary,F3,5,45.0,50.0,f942ff14ff64fd752982f67663c96b84ce91be9cc9f5875bea2d8f2749b023e9,70f8a21073fe437e1bbb4ac1f0f627e830c16815fde03d5f1f654e8c79ba0e1e,signatures/FINAL-EVD-0477.signature.csv,4252,d3055112d7ade63ef051179c8fc4ec647c649fd1a5a61de00af61e512931e87a,697
FINAL-EVD-0478,test-primary-F3-r06,primary,F3,6,50.0,55.0,f942ff14ff64fd752982f67663c96b84ce91be9cc9f5875bea2d8f2749b023e9,70f8a21073fe437e1bbb4ac1f0f627e830c16815fde03d5f1f654e8c79ba0e1e,signatures/FINAL-EVD-0478.signature.csv,4252,d3055112d7ade63ef051179c8fc4ec647c649fd1a5a61de00af61e512931e87a,697
FINAL-EVD-0479,test-primary-F3-r06,primary,F3,7,55.0,60.0,f942ff14ff64fd752982f67663c96b84ce91be9cc9f5875bea2d8f2749b023e9,70f8a21073fe437e1bbb4ac1f0f627e830c16815fde03d5f1f654e8c79ba0e1e,signatures/FINAL-EVD-0479.signature.csv,4252,d3055112d7ade63ef051179c8fc4ec647c649fd1a5a61de00af61e512931e87a,697
FINAL-EVD-0480,test-primary-F3-r06,primary,F3,8,60.0,65.0,f942ff14ff64fd752982f67663c96b84ce91be9cc9f5875bea2d8f2749b023e9,70f8a21073fe437e1bbb4ac1f0f627e830c16815fde03d5f1f654e8c79ba0e1e,signatures/FINAL-EVD-0480.signature.csv,4252,d3055112d7ade63ef051179c8fc4ec647c649fd1a5a61de00af61e512931e87a,697
FINAL-EVD-0481,test-primary-F3-r07,primary,F3,1,25.0,30.0,bc72b4a83cf727f2db036a7aad33aa44bb6d38838868ab08d427cf2db8fffb82,04325f113461cb75a210940f53f65180d901aefade8c7a7f7f1dd76357e060c7,signatures/FINAL-EVD-0481.signature.csv,4252,d3055112d7ade63ef051179c8fc4ec647c649fd1a5a61de00af61e512931e87a,697
FINAL-EVD-0482,test-primary-F3-r07,primary,F3,2,30.0,35.0,bc72b4a83cf727f2db036a7aad33aa44bb6d38838868ab08d427cf2db8fffb82,04325f113461cb75a210940f53f65180d901aefade8c7a7f7f1dd76357e060c7,signatures/FINAL-EVD-0482.signature.csv,4250,0f7751b34a696cf3a1cdedd834ee713c11686c33d86b0424a3b90cd04e16133d,697
FINAL-EVD-0483,test-primary-F3-r07,primary,F3,3,35.0,40.0,bc72b4a83cf727f2db036a7aad33aa44bb6d38838868ab08d427cf2db8fffb82,04325f113461cb75a210940f53f65180d901aefade8c7a7f7f1dd76357e060c7,signatures/FINAL-EVD-0483.signature.csv,4250,0f7751b34a696cf3a1cdedd834ee713c11686c33d86b0424a3b90cd04e16133d,697
FINAL-EVD-0484,test-primary-F3-r07,primary,F3,4,40.0,45.0,bc72b4a83cf727f2db036a7aad33aa44bb6d38838868ab08d427cf2db8fffb82,04325f113461cb75a210940f53f65180d901aefade8c7a7f7f1dd76357e060c7,signatures/FINAL-EVD-0484.signature.csv,4252,d3055112d7ade63ef051179c8fc4ec647c649fd1a5a61de00af61e512931e87a,697
FINAL-EVD-0485,test-primary-F3-r07,primary,F3,5,45.0,50.0,bc72b4a83cf727f2db036a7aad33aa44bb6d38838868ab08d427cf2db8fffb82,04325f113461cb75a210940f53f65180d901aefade8c7a7f7f1dd76357e060c7,signatures/FINAL-EVD-0485.signature.csv,4252,d3055112d7ade63ef051179c8fc4ec647c649fd1a5a61de00af61e512931e87a,697
FINAL-EVD-0486,test-primary-F3-r07,primary,F3,6,50.0,55.0,bc72b4a83cf727f2db036a7aad33aa44bb6d38838868ab08d427cf2db8fffb82,04325f113461cb75a210940f53f65180d901aefade8c7a7f7f1dd76357e060c7,signatures/FINAL-EVD-0486.signature.csv,4250,0f7751b34a696cf3a1cdedd834ee713c11686c33d86b0424a3b90cd04e16133d,697
FINAL-EVD-0487,test-primary-F3-r07,primary,F3,7,55.0,60.0,bc72b4a83cf727f2db036a7aad33aa44bb6d38838868ab08d427cf2db8fffb82,04325f113461cb75a210940f53f65180d901aefade8c7a7f7f1dd76357e060c7,signatures/FINAL-EVD-0487.signature.csv,4252,d3055112d7ade63ef051179c8fc4ec647c649fd1a5a61de00af61e512931e87a,697
FINAL-EVD-0488,test-primary-F3-r07,primary,F3,8,60.0,65.0,bc72b4a83cf727f2db036a7aad33aa44bb6d38838868ab08d427cf2db8fffb82,04325f113461cb75a210940f53f65180d901aefade8c7a7f7f1dd76357e060c7,signatures/FINAL-EVD-0488.signature.csv,4252,d3055112d7ade63ef051179c8fc4ec647c649fd1a5a61de00af61e512931e87a,697
FINAL-EVD-0489,test-primary-F3-r08,primary,F3,1,25.0,30.0,028afe335b539a4aeb6c102248e154c9bba48511bd6fa4f22c317c6137753652,1d36edaf0107f0c51b31b1066415d9601c836994548be6741619b1d04f92e881,signatures/FINAL-EVD-0489.signature.csv,4250,0f7751b34a696cf3a1cdedd834ee713c11686c33d86b0424a3b90cd04e16133d,697
FINAL-EVD-0490,test-primary-F3-r08,primary,F3,2,30.0,35.0,028afe335b539a4aeb6c102248e154c9bba48511bd6fa4f22c317c6137753652,1d36edaf0107f0c51b31b1066415d9601c836994548be6741619b1d04f92e881,signatures/FINAL-EVD-0490.signature.csv,4252,d3055112d7ade63ef051179c8fc4ec647c649fd1a5a61de00af61e512931e87a,697
FINAL-EVD-0491,test-primary-F3-r08,primary,F3,3,35.0,40.0,028afe335b539a4aeb6c102248e154c9bba48511bd6fa4f22c317c6137753652,1d36edaf0107f0c51b31b1066415d9601c836994548be6741619b1d04f92e881,signatures/FINAL-EVD-0491.signature.csv,4252,d3055112d7ade63ef051179c8fc4ec647c649fd1a5a61de00af61e512931e87a,697
FINAL-EVD-0492,test-primary-F3-r08,primary,F3,4,40.0,45.0,028afe335b539a4aeb6c102248e154c9bba48511bd6fa4f22c317c6137753652,1d36edaf0107f0c51b31b1066415d9601c836994548be6741619b1d04f92e881,signatures/FINAL-EVD-0492.signature.csv,4252,d3055112d7ade63ef051179c8fc4ec647c649fd1a5a61de00af61e512931e87a,697
FINAL-EVD-0493,test-primary-F3-r08,primary,F3,5,45.0,50.0,028afe335b539a4aeb6c102248e154c9bba48511bd6fa4f22c317c6137753652,1d36edaf0107f0c51b31b1066415d9601c836994548be6741619b1d04f92e881,signatures/FINAL-EVD-0493.signature.csv,4252,d3055112d7ade63ef051179c8fc4ec647c649fd1a5a61de00af61e512931e87a,697
FINAL-EVD-0494,test-primary-F3-r08,primary,F3,6,50.0,55.0,028afe335b539a4aeb6c102248e154c9bba48511bd6fa4f22c317c6137753652,1d36edaf0107f0c51b31b1066415d9601c836994548be6741619b1d04f92e881,signatures/FINAL-EVD-0494.signature.csv,4252,d3055112d7ade63ef051179c8fc4ec647c649fd1a5a61de00af61e512931e87a,697
FINAL-EVD-0495,test-primary-F3-r08,primary,F3,7,55.0,60.0,028afe335b539a4aeb6c102248e154c9bba48511bd6fa4f22c317c6137753652,1d36edaf0107f0c51b31b1066415d9601c836994548be6741619b1d04f92e881,signatures/FINAL-EVD-0495.signature.csv,4252,d3055112d7ade63ef051179c8fc4ec647c649fd1a5a61de00af61e512931e87a,697
FINAL-EVD-0496,test-primary-F3-r08,primary,F3,8,60.0,65.0,028afe335b539a4aeb6c102248e154c9bba48511bd6fa4f22c317c6137753652,1d36edaf0107f0c51b31b1066415d9601c836994548be6741619b1d04f92e881,signatures/FINAL-EVD-0496.signature.csv,4252,d3055112d7ade63ef051179c8fc4ec647c649fd1a5a61de00af61e512931e87a,697
FINAL-EVD-0497,test-primary-F8-r01,primary,F8,1,25.0,30.0,00e3608ed3648cc060fb1092160db98d00487973df96c063ee8c648470f348e6,8fdb689ad395a992fbf8451c8e08b3163d8992cb06e186b39490ff7d783039bb,signatures/FINAL-EVD-0497.signature.csv,4188,63afd61c864bcefa9cc4b297091ef45c813c28342e7f7f53380baba809545883,697
FINAL-EVD-0498,test-primary-F8-r01,primary,F8,2,30.0,35.0,00e3608ed3648cc060fb1092160db98d00487973df96c063ee8c648470f348e6,8fdb689ad395a992fbf8451c8e08b3163d8992cb06e186b39490ff7d783039bb,signatures/FINAL-EVD-0498.signature.csv,4180,2149fd6bf5883c4f56fade2f7b11364e60270ec5d0fc78b31aceb440d05cda5f,697
FINAL-EVD-0499,test-primary-F8-r01,primary,F8,3,35.0,40.0,00e3608ed3648cc060fb1092160db98d00487973df96c063ee8c648470f348e6,8fdb689ad395a992fbf8451c8e08b3163d8992cb06e186b39490ff7d783039bb,signatures/FINAL-EVD-0499.signature.csv,4206,8eee465a93570a9f110efb3ffd15c9cd0733fadc78e6f2cca8b3902bf30b6b33,697
FINAL-EVD-0500,test-primary-F8-r01,primary,F8,4,40.0,45.0,00e3608ed3648cc060fb1092160db98d00487973df96c063ee8c648470f348e6,8fdb689ad395a992fbf8451c8e08b3163d8992cb06e186b39490ff7d783039bb,signatures/FINAL-EVD-0500.signature.csv,4186,b6bca593100c573ab29ecf27c7134ad065c4ae2cd39580dc1854799e51e60961,697
FINAL-EVD-0501,test-primary-F8-r01,primary,F8,5,45.0,50.0,00e3608ed3648cc060fb1092160db98d00487973df96c063ee8c648470f348e6,8fdb689ad395a992fbf8451c8e08b3163d8992cb06e186b39490ff7d783039bb,signatures/FINAL-EVD-0501.signature.csv,4182,7f36f23096e1bb8dbb73e02a41437703485977b37775be22cd1580997497e025,697
FINAL-EVD-0502,test-primary-F8-r01,primary,F8,6,50.0,55.0,00e3608ed3648cc060fb1092160db98d00487973df96c063ee8c648470f348e6,8fdb689ad395a992fbf8451c8e08b3163d8992cb06e186b39490ff7d783039bb,signatures/FINAL-EVD-0502.signature.csv,4200,c10ada6c9887048846413e9a2c6622d51f5196a766b1aae63887394bf4804daa,697
FINAL-EVD-0503,test-primary-F8-r01,primary,F8,7,55.0,60.0,00e3608ed3648cc060fb1092160db98d00487973df96c063ee8c648470f348e6,8fdb689ad395a992fbf8451c8e08b3163d8992cb06e186b39490ff7d783039bb,signatures/FINAL-EVD-0503.signature.csv,4186,bb82243e466c3778e1cfc0e6ed8d08cfdac79d1cedec841d0c7c39dc53a6e244,697
FINAL-EVD-0504,test-primary-F8-r01,primary,F8,8,60.0,65.0,00e3608ed3648cc060fb1092160db98d00487973df96c063ee8c648470f348e6,8fdb689ad395a992fbf8451c8e08b3163d8992cb06e186b39490ff7d783039bb,signatures/FINAL-EVD-0504.signature.csv,4192,42f1c224cba4ec87f3dc75d6e93913e3a1df29d316f49aeb4f40b1acf32d3949,697
FINAL-EVD-0505,test-primary-F8-r02,primary,F8,1,25.0,30.0,c9e8121777922cc05d135d6ac652781c6a5a685803c443cc915143cd8ccd50a2,9efd811d071c5bddde543a589a9e0de233c1c2be2b0c27624316f7ea84b12fe6,signatures/FINAL-EVD-0505.signature.csv,4204,2e02bda34176b971920de2f99ad7a89869c0a140fd9c9c4161222fe64ae82291,697
FINAL-EVD-0506,test-primary-F8-r02,primary,F8,2,30.0,35.0,c9e8121777922cc05d135d6ac652781c6a5a685803c443cc915143cd8ccd50a2,9efd811d071c5bddde543a589a9e0de233c1c2be2b0c27624316f7ea84b12fe6,signatures/FINAL-EVD-0506.signature.csv,4198,d170d3625827eeb50753860509e938e42a6faf8c3d518bef45f4462978cad991,697
FINAL-EVD-0507,test-primary-F8-r02,primary,F8,3,35.0,40.0,c9e8121777922cc05d135d6ac652781c6a5a685803c443cc915143cd8ccd50a2,9efd811d071c5bddde543a589a9e0de233c1c2be2b0c27624316f7ea84b12fe6,signatures/FINAL-EVD-0507.signature.csv,4176,c0694d330bbc06cfc4736c248c9b4532b7193006225662603e1c04565d916bb1,697
FINAL-EVD-0508,test-primary-F8-r02,primary,F8,4,40.0,45.0,c9e8121777922cc05d135d6ac652781c6a5a685803c443cc915143cd8ccd50a2,9efd811d071c5bddde543a589a9e0de233c1c2be2b0c27624316f7ea84b12fe6,signatures/FINAL-EVD-0508.signature.csv,4174,dcbb5c1af21e78749a734e551d093325f2d871b13b44c41d898759a2d1621502,697
FINAL-EVD-0509,test-primary-F8-r02,primary,F8,5,45.0,50.0,c9e8121777922cc05d135d6ac652781c6a5a685803c443cc915143cd8ccd50a2,9efd811d071c5bddde543a589a9e0de233c1c2be2b0c27624316f7ea84b12fe6,signatures/FINAL-EVD-0509.signature.csv,4164,4daec7aded1f0031f7d1b27052e577cd34633c13e39a5200d5677eef818c8ded,697
FINAL-EVD-0510,test-primary-F8-r02,primary,F8,6,50.0,55.0,c9e8121777922cc05d135d6ac652781c6a5a685803c443cc915143cd8ccd50a2,9efd811d071c5bddde543a589a9e0de233c1c2be2b0c27624316f7ea84b12fe6,signatures/FINAL-EVD-0510.signature.csv,4164,da9dfed19e21e63f77bd351742c537adce9e3603d9f58f1879cff21f3f0d0227,697
FINAL-EVD-0511,test-primary-F8-r02,primary,F8,7,55.0,60.0,c9e8121777922cc05d135d6ac652781c6a5a685803c443cc915143cd8ccd50a2,9efd811d071c5bddde543a589a9e0de233c1c2be2b0c27624316f7ea84b12fe6,signatures/FINAL-EVD-0511.signature.csv,4146,e4e9ac71f54cf9916da33665a7644c25991540ceb7f39bf4964b9049e9ed7c3f,697
FINAL-EVD-0512,test-primary-F8-r02,primary,F8,8,60.0,65.0,c9e8121777922cc05d135d6ac652781c6a5a685803c443cc915143cd8ccd50a2,9efd811d071c5bddde543a589a9e0de233c1c2be2b0c27624316f7ea84b12fe6,signatures/FINAL-EVD-0512.signature.csv,4136,1dd796deeef973e5fb640aba752cdf06a3ed559d1f36ab6369634a9d019a0b30,697
FINAL-EVD-0513,test-primary-F8-r03,primary,F8,1,25.0,30.0,112dd05f428ce78f592a956601feea93432189fc66e3ab77f7c855710e1f8369,a2f463476adbe952d628011ed6985cf9e3780fb8d512e4a8c071d63d89cd15bd,signatures/FINAL-EVD-0513.signature.csv,4226,05c87184005dde8a5258932dd0dd5920b7b3c2983ad377276a56442cebf1be51,697
FINAL-EVD-0514,test-primary-F8-r03,primary,F8,2,30.0,35.0,112dd05f428ce78f592a956601feea93432189fc66e3ab77f7c855710e1f8369,a2f463476adbe952d628011ed6985cf9e3780fb8d512e4a8c071d63d89cd15bd,signatures/FINAL-EVD-0514.signature.csv,4210,a00054f255ad528e7ba878c0e7da5179409501c458fff72330e085d2ab3e0f3f,697
FINAL-EVD-0515,test-primary-F8-r03,primary,F8,3,35.0,40.0,112dd05f428ce78f592a956601feea93432189fc66e3ab77f7c855710e1f8369,a2f463476adbe952d628011ed6985cf9e3780fb8d512e4a8c071d63d89cd15bd,signatures/FINAL-EVD-0515.signature.csv,4172,0f68aac87ba36a565d51677bd51df90a462efa0d2f284b21c90b7be85961160b,697
FINAL-EVD-0516,test-primary-F8-r03,primary,F8,4,40.0,45.0,112dd05f428ce78f592a956601feea93432189fc66e3ab77f7c855710e1f8369,a2f463476adbe952d628011ed6985cf9e3780fb8d512e4a8c071d63d89cd15bd,signatures/FINAL-EVD-0516.signature.csv,4186,5e8d21d63c7f0a0636e66a14c95b287e2c765e80a7bd812e86947ea66fd1a0eb,697
FINAL-EVD-0517,test-primary-F8-r03,primary,F8,5,45.0,50.0,112dd05f428ce78f592a956601feea93432189fc66e3ab77f7c855710e1f8369,a2f463476adbe952d628011ed6985cf9e3780fb8d512e4a8c071d63d89cd15bd,signatures/FINAL-EVD-0517.signature.csv,4168,62ff4e17d23bab57b7781cc304855b8effdbc97dfc4db4fdf2cfb5ba93ab140d,697
FINAL-EVD-0518,test-primary-F8-r03,primary,F8,6,50.0,55.0,112dd05f428ce78f592a956601feea93432189fc66e3ab77f7c855710e1f8369,a2f463476adbe952d628011ed6985cf9e3780fb8d512e4a8c071d63d89cd15bd,signatures/FINAL-EVD-0518.signature.csv,4154,ff7c1dc533cbb3533a013bd0c83b64360f244cf89f43ee922c3600faac565156,697
FINAL-EVD-0519,test-primary-F8-r03,primary,F8,7,55.0,60.0,112dd05f428ce78f592a956601feea93432189fc66e3ab77f7c855710e1f8369,a2f463476adbe952d628011ed6985cf9e3780fb8d512e4a8c071d63d89cd15bd,signatures/FINAL-EVD-0519.signature.csv,4186,858c5845c187f25782dfaf25baed94721a05597ad40bb04b7bc4803955b618f5,697
FINAL-EVD-0520,test-primary-F8-r03,primary,F8,8,60.0,65.0,112dd05f428ce78f592a956601feea93432189fc66e3ab77f7c855710e1f8369,a2f463476adbe952d628011ed6985cf9e3780fb8d512e4a8c071d63d89cd15bd,signatures/FINAL-EVD-0520.signature.csv,4154,b5dc0e701f7ef45bb4152060f2fa03ed1fe472f8d08b8177e7f6188ddf2599b5,697
FINAL-EVD-0521,test-primary-F8-r04,primary,F8,1,25.0,30.0,e2e660aa7bb9f2be6592512ee9351217de008d7a2cf5edce5bef4eec7497fb60,45604e35c6e63c9ff54aad3acf7870cfce1421fd398f3ff52fa39695498c0347,signatures/FINAL-EVD-0521.signature.csv,4152,a14813dc919b9b44d97ac68123c254f544b344f2b3bd67321888863eededdfde,697
FINAL-EVD-0522,test-primary-F8-r04,primary,F8,2,30.0,35.0,e2e660aa7bb9f2be6592512ee9351217de008d7a2cf5edce5bef4eec7497fb60,45604e35c6e63c9ff54aad3acf7870cfce1421fd398f3ff52fa39695498c0347,signatures/FINAL-EVD-0522.signature.csv,4168,a1d1d52bdef5a3255e3e02b58ee786bc5e73b76af3f34f4d26a119a206d396e7,697
FINAL-EVD-0523,test-primary-F8-r04,primary,F8,3,35.0,40.0,e2e660aa7bb9f2be6592512ee9351217de008d7a2cf5edce5bef4eec7497fb60,45604e35c6e63c9ff54aad3acf7870cfce1421fd398f3ff52fa39695498c0347,signatures/FINAL-EVD-0523.signature.csv,4154,21f7d65583c307f36d354e54794ec6f2b7fb1891772f6c7bab83ca456fe2443f,697
FINAL-EVD-0524,test-primary-F8-r04,primary,F8,4,40.0,45.0,e2e660aa7bb9f2be6592512ee9351217de008d7a2cf5edce5bef4eec7497fb60,45604e35c6e63c9ff54aad3acf7870cfce1421fd398f3ff52fa39695498c0347,signatures/FINAL-EVD-0524.signature.csv,4174,5ddb70e7460be74e65481fa7234b2330784f57f0eb6967bc4980e1b1df93292f,697
FINAL-EVD-0525,test-primary-F8-r04,primary,F8,5,45.0,50.0,e2e660aa7bb9f2be6592512ee9351217de008d7a2cf5edce5bef4eec7497fb60,45604e35c6e63c9ff54aad3acf7870cfce1421fd398f3ff52fa39695498c0347,signatures/FINAL-EVD-0525.signature.csv,4156,1817220954e950474f7a03a4646d10943cdee7b9b155c0f014ef8e0cbb2b9125,697
FINAL-EVD-0526,test-primary-F8-r04,primary,F8,6,50.0,55.0,e2e660aa7bb9f2be6592512ee9351217de008d7a2cf5edce5bef4eec7497fb60,45604e35c6e63c9ff54aad3acf7870cfce1421fd398f3ff52fa39695498c0347,signatures/FINAL-EVD-0526.signature.csv,4180,ae2670ac3ab29fa15e3c56387bed7eb089a4eba945066e7d3004cfa84f6755a9,697
FINAL-EVD-0527,test-primary-F8-r04,primary,F8,7,55.0,60.0,e2e660aa7bb9f2be6592512ee9351217de008d7a2cf5edce5bef4eec7497fb60,45604e35c6e63c9ff54aad3acf7870cfce1421fd398f3ff52fa39695498c0347,signatures/FINAL-EVD-0527.signature.csv,4208,5b947d25dbf46dafed8635586e93998bdd2ca42f0e5bffd2b6a08ae283e4f08e,697
FINAL-EVD-0528,test-primary-F8-r04,primary,F8,8,60.0,65.0,e2e660aa7bb9f2be6592512ee9351217de008d7a2cf5edce5bef4eec7497fb60,45604e35c6e63c9ff54aad3acf7870cfce1421fd398f3ff52fa39695498c0347,signatures/FINAL-EVD-0528.signature.csv,4162,cc5f55f585c6193d3755f2a53ee7f55cff751a2b4a5b9afbfbe657d0704f9357,697
FINAL-EVD-0529,test-primary-F8-r05,primary,F8,1,25.0,30.0,58084f0694cb85b1f5351cb5aada515be1c94957f771faee802362d5e21b5b28,b36833c570695666927edc52a77e9a81ddc815b60088fe6f0ef7d08b414c3e4e,signatures/FINAL-EVD-0529.signature.csv,4228,7cf8b8ac82659ad3107bfcaa533e93627b3507a88f7cb72f40243e77f6720f1d,697
FINAL-EVD-0530,test-primary-F8-r05,primary,F8,2,30.0,35.0,58084f0694cb85b1f5351cb5aada515be1c94957f771faee802362d5e21b5b28,b36833c570695666927edc52a77e9a81ddc815b60088fe6f0ef7d08b414c3e4e,signatures/FINAL-EVD-0530.signature.csv,4216,461e0dac304c2f4ab3b734605aee958c81d245f1f032f1ac8ab1a7eb0dc9b712,697
FINAL-EVD-0531,test-primary-F8-r05,primary,F8,3,35.0,40.0,58084f0694cb85b1f5351cb5aada515be1c94957f771faee802362d5e21b5b28,b36833c570695666927edc52a77e9a81ddc815b60088fe6f0ef7d08b414c3e4e,signatures/FINAL-EVD-0531.signature.csv,4194,9fe712392a6891c1586989c7cf9158f7584e850380a7502d7d371120626fd2fd,697
FINAL-EVD-0532,test-primary-F8-r05,primary,F8,4,40.0,45.0,58084f0694cb85b1f5351cb5aada515be1c94957f771faee802362d5e21b5b28,b36833c570695666927edc52a77e9a81ddc815b60088fe6f0ef7d08b414c3e4e,signatures/FINAL-EVD-0532.signature.csv,4182,c5884e25bec88906678772a8a10b30e152160e227fe7952bbad9568776a12732,697
FINAL-EVD-0533,test-primary-F8-r05,primary,F8,5,45.0,50.0,58084f0694cb85b1f5351cb5aada515be1c94957f771faee802362d5e21b5b28,b36833c570695666927edc52a77e9a81ddc815b60088fe6f0ef7d08b414c3e4e,signatures/FINAL-EVD-0533.signature.csv,4138,1b7676eab7264eacff991694aa77c43b38f223e325c8e49205f27ba306d81f05,697
FINAL-EVD-0534,test-primary-F8-r05,primary,F8,6,50.0,55.0,58084f0694cb85b1f5351cb5aada515be1c94957f771faee802362d5e21b5b28,b36833c570695666927edc52a77e9a81ddc815b60088fe6f0ef7d08b414c3e4e,signatures/FINAL-EVD-0534.signature.csv,4166,df8ea09cf460490e95b84613e1807208bcb03030dac3edd371abbd791845a43f,697
FINAL-EVD-0535,test-primary-F8-r05,primary,F8,7,55.0,60.0,58084f0694cb85b1f5351cb5aada515be1c94957f771faee802362d5e21b5b28,b36833c570695666927edc52a77e9a81ddc815b60088fe6f0ef7d08b414c3e4e,signatures/FINAL-EVD-0535.signature.csv,4150,a688eae3e1146b9a94d65f7d9e0e669c0ef724193ff0acf31b30c0a791b90233,697
FINAL-EVD-0536,test-primary-F8-r05,primary,F8,8,60.0,65.0,58084f0694cb85b1f5351cb5aada515be1c94957f771faee802362d5e21b5b28,b36833c570695666927edc52a77e9a81ddc815b60088fe6f0ef7d08b414c3e4e,signatures/FINAL-EVD-0536.signature.csv,4168,6fa64252d6426ce6ddcfe53515246277a3ee8541220c41a808bca1d36aec3028,697
FINAL-EVD-0537,test-primary-F8-r06,primary,F8,1,25.0,30.0,9eb4fe4a77f4698dca06fb5d2ce974f0e55d04cd1bed4d8155b36bde1ab66abe,901261df1871674c9b69648f9f186ecdb179b0a451fa1d908e1791d068377575,signatures/FINAL-EVD-0537.signature.csv,4222,e335629b27acd4172b8bb2294d244f240c6297bfdf4328ac8401edec7bb1a196,697
FINAL-EVD-0538,test-primary-F8-r06,primary,F8,2,30.0,35.0,9eb4fe4a77f4698dca06fb5d2ce974f0e55d04cd1bed4d8155b36bde1ab66abe,901261df1871674c9b69648f9f186ecdb179b0a451fa1d908e1791d068377575,signatures/FINAL-EVD-0538.signature.csv,4202,2cff4836f38009712e097f73429f40df6cdcf0ccdeea15046741974954bcdc14,697
FINAL-EVD-0539,test-primary-F8-r06,primary,F8,3,35.0,40.0,9eb4fe4a77f4698dca06fb5d2ce974f0e55d04cd1bed4d8155b36bde1ab66abe,901261df1871674c9b69648f9f186ecdb179b0a451fa1d908e1791d068377575,signatures/FINAL-EVD-0539.signature.csv,4182,4568671f7798876fb0c770584937c8aa181700b22e6e85ee520faf96a4e12eaa,697
FINAL-EVD-0540,test-primary-F8-r06,primary,F8,4,40.0,45.0,9eb4fe4a77f4698dca06fb5d2ce974f0e55d04cd1bed4d8155b36bde1ab66abe,901261df1871674c9b69648f9f186ecdb179b0a451fa1d908e1791d068377575,signatures/FINAL-EVD-0540.signature.csv,4154,9958c6df9582eb1dfc567f93c5b2f577e7097495e7de91d54a9fb394104fe325,697
FINAL-EVD-0541,test-primary-F8-r06,primary,F8,5,45.0,50.0,9eb4fe4a77f4698dca06fb5d2ce974f0e55d04cd1bed4d8155b36bde1ab66abe,901261df1871674c9b69648f9f186ecdb179b0a451fa1d908e1791d068377575,signatures/FINAL-EVD-0541.signature.csv,4180,bb82c5c6245cd29576900d09a901f4b82b17eb8876c038a5453ead9dd8677321,697
FINAL-EVD-0542,test-primary-F8-r06,primary,F8,6,50.0,55.0,9eb4fe4a77f4698dca06fb5d2ce974f0e55d04cd1bed4d8155b36bde1ab66abe,901261df1871674c9b69648f9f186ecdb179b0a451fa1d908e1791d068377575,signatures/FINAL-EVD-0542.signature.csv,4184,afb4af68fa3b1525381bd8a26b16fdd604ed8ca438fb2603132c14cb6f52512a,697
FINAL-EVD-0543,test-primary-F8-r06,primary,F8,7,55.0,60.0,9eb4fe4a77f4698dca06fb5d2ce974f0e55d04cd1bed4d8155b36bde1ab66abe,901261df1871674c9b69648f9f186ecdb179b0a451fa1d908e1791d068377575,signatures/FINAL-EVD-0543.signature.csv,4216,3d2f8094e7e2531338a810c54ebc97dd1a34d8fde926c85c5086f19b13d63ff9,697
FINAL-EVD-0544,test-primary-F8-r06,primary,F8,8,60.0,65.0,9eb4fe4a77f4698dca06fb5d2ce974f0e55d04cd1bed4d8155b36bde1ab66abe,901261df1871674c9b69648f9f186ecdb179b0a451fa1d908e1791d068377575,signatures/FINAL-EVD-0544.signature.csv,4214,1455fe98d7cbb0e0ca4c5a003da74488f3e56dfa7580eedae119e61fed94fe71,697
FINAL-EVD-0545,test-primary-F8-r07,primary,F8,1,25.0,30.0,9068c55cbcf71dcee23ecab0b76b0adb5904b364a101d2a4d0d11848e7d4ee87,dfe65bc0cdfa5fe3cba8a533255f2c99854846f6bb2cd2d0dbb8b83ba43e563e,signatures/FINAL-EVD-0545.signature.csv,4202,021b9edf7a88b7d805819cd4542ecb6dbec5806c3524cff65490249019a02878,697
FINAL-EVD-0546,test-primary-F8-r07,primary,F8,2,30.0,35.0,9068c55cbcf71dcee23ecab0b76b0adb5904b364a101d2a4d0d11848e7d4ee87,dfe65bc0cdfa5fe3cba8a533255f2c99854846f6bb2cd2d0dbb8b83ba43e563e,signatures/FINAL-EVD-0546.signature.csv,4210,e7912cd8b73504cae958f4e3d5d12fc0cc0acb5b02c49be6305b135b5f1f1904,697
FINAL-EVD-0547,test-primary-F8-r07,primary,F8,3,35.0,40.0,9068c55cbcf71dcee23ecab0b76b0adb5904b364a101d2a4d0d11848e7d4ee87,dfe65bc0cdfa5fe3cba8a533255f2c99854846f6bb2cd2d0dbb8b83ba43e563e,signatures/FINAL-EVD-0547.signature.csv,4214,2b28046e5484c38117899e3cc07d6ab341064c46847d3ffb314144b980536e64,697
FINAL-EVD-0548,test-primary-F8-r07,primary,F8,4,40.0,45.0,9068c55cbcf71dcee23ecab0b76b0adb5904b364a101d2a4d0d11848e7d4ee87,dfe65bc0cdfa5fe3cba8a533255f2c99854846f6bb2cd2d0dbb8b83ba43e563e,signatures/FINAL-EVD-0548.signature.csv,4164,12efd8a745fd390abbe17cf02da4921ca74e57802805d71b7298f9fd9daae464,697
FINAL-EVD-0549,test-primary-F8-r07,primary,F8,5,45.0,50.0,9068c55cbcf71dcee23ecab0b76b0adb5904b364a101d2a4d0d11848e7d4ee87,dfe65bc0cdfa5fe3cba8a533255f2c99854846f6bb2cd2d0dbb8b83ba43e563e,signatures/FINAL-EVD-0549.signature.csv,4144,7dfc12dc80ad796de302a25e8cff73d8292b09f49fc8ebd89e3cd09784706a5b,697
FINAL-EVD-0550,test-primary-F8-r07,primary,F8,6,50.0,55.0,9068c55cbcf71dcee23ecab0b76b0adb5904b364a101d2a4d0d11848e7d4ee87,dfe65bc0cdfa5fe3cba8a533255f2c99854846f6bb2cd2d0dbb8b83ba43e563e,signatures/FINAL-EVD-0550.signature.csv,4138,e85e95faa17b037fc400a958c0ead996fd7f0b9b5863ce6cb279443389e4f3de,697
FINAL-EVD-0551,test-primary-F8-r07,primary,F8,7,55.0,60.0,9068c55cbcf71dcee23ecab0b76b0adb5904b364a101d2a4d0d11848e7d4ee87,dfe65bc0cdfa5fe3cba8a533255f2c99854846f6bb2cd2d0dbb8b83ba43e563e,signatures/FINAL-EVD-0551.signature.csv,4158,c75007b4bf3d2c657e955f58e3397b7fed930a05e8bde7a660b78d2df29d54ed,697
FINAL-EVD-0552,test-primary-F8-r07,primary,F8,8,60.0,65.0,9068c55cbcf71dcee23ecab0b76b0adb5904b364a101d2a4d0d11848e7d4ee87,dfe65bc0cdfa5fe3cba8a533255f2c99854846f6bb2cd2d0dbb8b83ba43e563e,signatures/FINAL-EVD-0552.signature.csv,4158,158896d2d20a2f81c4401bcabdd4ebaec488cb8824315476baa7f40bceb6f646,697
FINAL-EVD-0553,test-primary-F8-r08,primary,F8,1,25.0,30.0,8c953b5247c4bee78cda123aae9ffecdb6ac72478d3f7b4f37918f84a2e47d69,1ab159f2facde4caded5dd653c85dcde8b84b633ffbf241bedfdd822795c0374,signatures/FINAL-EVD-0553.signature.csv,4224,34cbd0742a7b1c27048a8c4122b6cd724e9243301a2b02794e8faafbe0a7550c,697
FINAL-EVD-0554,test-primary-F8-r08,primary,F8,2,30.0,35.0,8c953b5247c4bee78cda123aae9ffecdb6ac72478d3f7b4f37918f84a2e47d69,1ab159f2facde4caded5dd653c85dcde8b84b633ffbf241bedfdd822795c0374,signatures/FINAL-EVD-0554.signature.csv,4164,486d54f4544a8507e3f0e6e8c564b2a51b8535db84132e49688c805efff4cd36,697
FINAL-EVD-0555,test-primary-F8-r08,primary,F8,3,35.0,40.0,8c953b5247c4bee78cda123aae9ffecdb6ac72478d3f7b4f37918f84a2e47d69,1ab159f2facde4caded5dd653c85dcde8b84b633ffbf241bedfdd822795c0374,signatures/FINAL-EVD-0555.signature.csv,4188,c2a2d2529fdbd7b1557e87a6656c50067d04f9421ef5b84be1f22cf345ae11e5,697
FINAL-EVD-0556,test-primary-F8-r08,primary,F8,4,40.0,45.0,8c953b5247c4bee78cda123aae9ffecdb6ac72478d3f7b4f37918f84a2e47d69,1ab159f2facde4caded5dd653c85dcde8b84b633ffbf241bedfdd822795c0374,signatures/FINAL-EVD-0556.signature.csv,4174,94028885d4d2e968db0c84a1184783689ca6b0b3def84bce93f05190902915f4,697
FINAL-EVD-0557,test-primary-F8-r08,primary,F8,5,45.0,50.0,8c953b5247c4bee78cda123aae9ffecdb6ac72478d3f7b4f37918f84a2e47d69,1ab159f2facde4caded5dd653c85dcde8b84b633ffbf241bedfdd822795c0374,signatures/FINAL-EVD-0557.signature.csv,4188,0f139d48cdec9bc31b1620f4382d4f6f113c58a62b4e92eb1dbfa690829d6e24,697
FINAL-EVD-0558,test-primary-F8-r08,primary,F8,6,50.0,55.0,8c953b5247c4bee78cda123aae9ffecdb6ac72478d3f7b4f37918f84a2e47d69,1ab159f2facde4caded5dd653c85dcde8b84b633ffbf241bedfdd822795c0374,signatures/FINAL-EVD-0558.signature.csv,4184,d705abb9cda4a6a6bbbcb313fabce4469e89ffaa3db3169b6acb7828ddc389fb,697
FINAL-EVD-0559,test-primary-F8-r08,primary,F8,7,55.0,60.0,8c953b5247c4bee78cda123aae9ffecdb6ac72478d3f7b4f37918f84a2e47d69,1ab159f2facde4caded5dd653c85dcde8b84b633ffbf241bedfdd822795c0374,signatures/FINAL-EVD-0559.signature.csv,4222,0e0167d762a7f47e1c18461fa4f3f474e7f258aee3aa230da04a970c1845ca0b,697
FINAL-EVD-0560,test-primary-F8-r08,primary,F8,8,60.0,65.0,8c953b5247c4bee78cda123aae9ffecdb6ac72478d3f7b4f37918f84a2e47d69,1ab159f2facde4caded5dd653c85dcde8b84b633ffbf241bedfdd822795c0374,signatures/FINAL-EVD-0560.signature.csv,4184,06c3bc4aae9c3953e6c980c30142e4ed413cee3a6269b1f87cd0f6925d98fdad,697
FINAL-EVD-0561,test-primary-Normal-r01,primary,Normal,1,25.0,30.0,7db2b9bc8a36676e9e7051486afa7853e44914d01189b0e20bd4c44aee3cc698,11eac85e64f9ddc95693a6bd7e19de54de04495c523a5de3ab9316bd413b387b,signatures/FINAL-EVD-0561.signature.csv,4252,d3055112d7ade63ef051179c8fc4ec647c649fd1a5a61de00af61e512931e87a,697
FINAL-EVD-0562,test-primary-Normal-r01,primary,Normal,2,30.0,35.0,7db2b9bc8a36676e9e7051486afa7853e44914d01189b0e20bd4c44aee3cc698,11eac85e64f9ddc95693a6bd7e19de54de04495c523a5de3ab9316bd413b387b,signatures/FINAL-EVD-0562.signature.csv,4252,d3055112d7ade63ef051179c8fc4ec647c649fd1a5a61de00af61e512931e87a,697
FINAL-EVD-0563,test-primary-Normal-r01,primary,Normal,3,35.0,40.0,7db2b9bc8a36676e9e7051486afa7853e44914d01189b0e20bd4c44aee3cc698,11eac85e64f9ddc95693a6bd7e19de54de04495c523a5de3ab9316bd413b387b,signatures/FINAL-EVD-0563.signature.csv,4252,d3055112d7ade63ef051179c8fc4ec647c649fd1a5a61de00af61e512931e87a,697
FINAL-EVD-0564,test-primary-Normal-r01,primary,Normal,4,40.0,45.0,7db2b9bc8a36676e9e7051486afa7853e44914d01189b0e20bd4c44aee3cc698,11eac85e64f9ddc95693a6bd7e19de54de04495c523a5de3ab9316bd413b387b,signatures/FINAL-EVD-0564.signature.csv,4252,d3055112d7ade63ef051179c8fc4ec647c649fd1a5a61de00af61e512931e87a,697
FINAL-EVD-0565,test-primary-Normal-r01,primary,Normal,5,45.0,50.0,7db2b9bc8a36676e9e7051486afa7853e44914d01189b0e20bd4c44aee3cc698,11eac85e64f9ddc95693a6bd7e19de54de04495c523a5de3ab9316bd413b387b,signatures/FINAL-EVD-0565.signature.csv,4252,d3055112d7ade63ef051179c8fc4ec647c649fd1a5a61de00af61e512931e87a,697
FINAL-EVD-0566,test-primary-Normal-r01,primary,Normal,6,50.0,55.0,7db2b9bc8a36676e9e7051486afa7853e44914d01189b0e20bd4c44aee3cc698,11eac85e64f9ddc95693a6bd7e19de54de04495c523a5de3ab9316bd413b387b,signatures/FINAL-EVD-0566.signature.csv,4252,d3055112d7ade63ef051179c8fc4ec647c649fd1a5a61de00af61e512931e87a,697
FINAL-EVD-0567,test-primary-Normal-r01,primary,Normal,7,55.0,60.0,7db2b9bc8a36676e9e7051486afa7853e44914d01189b0e20bd4c44aee3cc698,11eac85e64f9ddc95693a6bd7e19de54de04495c523a5de3ab9316bd413b387b,signatures/FINAL-EVD-0567.signature.csv,4252,d3055112d7ade63ef051179c8fc4ec647c649fd1a5a61de00af61e512931e87a,697
FINAL-EVD-0568,test-primary-Normal-r01,primary,Normal,8,60.0,65.0,7db2b9bc8a36676e9e7051486afa7853e44914d01189b0e20bd4c44aee3cc698,11eac85e64f9ddc95693a6bd7e19de54de04495c523a5de3ab9316bd413b387b,signatures/FINAL-EVD-0568.signature.csv,4252,d3055112d7ade63ef051179c8fc4ec647c649fd1a5a61de00af61e512931e87a,697
FINAL-EVD-0569,test-primary-Normal-r02,primary,Normal,1,25.0,30.0,0e7442b2be20d96673988a600df9b0b38d6ccbf13b9db40acc4ab014ea786d4a,b91b0bd2bdd8e10975baa5f085f3d3c8c6df024e8c39be32c2131f88930eae89,signatures/FINAL-EVD-0569.signature.csv,4252,d3055112d7ade63ef051179c8fc4ec647c649fd1a5a61de00af61e512931e87a,697
FINAL-EVD-0570,test-primary-Normal-r02,primary,Normal,2,30.0,35.0,0e7442b2be20d96673988a600df9b0b38d6ccbf13b9db40acc4ab014ea786d4a,b91b0bd2bdd8e10975baa5f085f3d3c8c6df024e8c39be32c2131f88930eae89,signatures/FINAL-EVD-0570.signature.csv,4252,d3055112d7ade63ef051179c8fc4ec647c649fd1a5a61de00af61e512931e87a,697
FINAL-EVD-0571,test-primary-Normal-r02,primary,Normal,3,35.0,40.0,0e7442b2be20d96673988a600df9b0b38d6ccbf13b9db40acc4ab014ea786d4a,b91b0bd2bdd8e10975baa5f085f3d3c8c6df024e8c39be32c2131f88930eae89,signatures/FINAL-EVD-0571.signature.csv,4252,d3055112d7ade63ef051179c8fc4ec647c649fd1a5a61de00af61e512931e87a,697
FINAL-EVD-0572,test-primary-Normal-r02,primary,Normal,4,40.0,45.0,0e7442b2be20d96673988a600df9b0b38d6ccbf13b9db40acc4ab014ea786d4a,b91b0bd2bdd8e10975baa5f085f3d3c8c6df024e8c39be32c2131f88930eae89,signatures/FINAL-EVD-0572.signature.csv,4252,d3055112d7ade63ef051179c8fc4ec647c649fd1a5a61de00af61e512931e87a,697
FINAL-EVD-0573,test-primary-Normal-r02,primary,Normal,5,45.0,50.0,0e7442b2be20d96673988a600df9b0b38d6ccbf13b9db40acc4ab014ea786d4a,b91b0bd2bdd8e10975baa5f085f3d3c8c6df024e8c39be32c2131f88930eae89,signatures/FINAL-EVD-0573.signature.csv,4250,213c90c5d08a6337f457d4eb35b88df25e2b9276b47dcd86d752be483e468b99,697
FINAL-EVD-0574,test-primary-Normal-r02,primary,Normal,6,50.0,55.0,0e7442b2be20d96673988a600df9b0b38d6ccbf13b9db40acc4ab014ea786d4a,b91b0bd2bdd8e10975baa5f085f3d3c8c6df024e8c39be32c2131f88930eae89,signatures/FINAL-EVD-0574.signature.csv,4252,d3055112d7ade63ef051179c8fc4ec647c649fd1a5a61de00af61e512931e87a,697
FINAL-EVD-0575,test-primary-Normal-r02,primary,Normal,7,55.0,60.0,0e7442b2be20d96673988a600df9b0b38d6ccbf13b9db40acc4ab014ea786d4a,b91b0bd2bdd8e10975baa5f085f3d3c8c6df024e8c39be32c2131f88930eae89,signatures/FINAL-EVD-0575.signature.csv,4252,d3055112d7ade63ef051179c8fc4ec647c649fd1a5a61de00af61e512931e87a,697
FINAL-EVD-0576,test-primary-Normal-r02,primary,Normal,8,60.0,65.0,0e7442b2be20d96673988a600df9b0b38d6ccbf13b9db40acc4ab014ea786d4a,b91b0bd2bdd8e10975baa5f085f3d3c8c6df024e8c39be32c2131f88930eae89,signatures/FINAL-EVD-0576.signature.csv,4252,d3055112d7ade63ef051179c8fc4ec647c649fd1a5a61de00af61e512931e87a,697
FINAL-EVD-0577,test-primary-Normal-r03,primary,Normal,1,25.0,30.0,ba47ac8482aa0f4f2c5b38d0170550a324619869b816f30bb16c16aec8b2b837,0834a15ab905e083f27814ef537a9d660e069e00b5b4b69f58308a656e4df08d,signatures/FINAL-EVD-0577.signature.csv,4252,d3055112d7ade63ef051179c8fc4ec647c649fd1a5a61de00af61e512931e87a,697
FINAL-EVD-0578,test-primary-Normal-r03,primary,Normal,2,30.0,35.0,ba47ac8482aa0f4f2c5b38d0170550a324619869b816f30bb16c16aec8b2b837,0834a15ab905e083f27814ef537a9d660e069e00b5b4b69f58308a656e4df08d,signatures/FINAL-EVD-0578.signature.csv,4252,d3055112d7ade63ef051179c8fc4ec647c649fd1a5a61de00af61e512931e87a,697
FINAL-EVD-0579,test-primary-Normal-r03,primary,Normal,3,35.0,40.0,ba47ac8482aa0f4f2c5b38d0170550a324619869b816f30bb16c16aec8b2b837,0834a15ab905e083f27814ef537a9d660e069e00b5b4b69f58308a656e4df08d,signatures/FINAL-EVD-0579.signature.csv,4252,d3055112d7ade63ef051179c8fc4ec647c649fd1a5a61de00af61e512931e87a,697
FINAL-EVD-0580,test-primary-Normal-r03,primary,Normal,4,40.0,45.0,ba47ac8482aa0f4f2c5b38d0170550a324619869b816f30bb16c16aec8b2b837,0834a15ab905e083f27814ef537a9d660e069e00b5b4b69f58308a656e4df08d,signatures/FINAL-EVD-0580.signature.csv,4252,d3055112d7ade63ef051179c8fc4ec647c649fd1a5a61de00af61e512931e87a,697
FINAL-EVD-0581,test-primary-Normal-r03,primary,Normal,5,45.0,50.0,ba47ac8482aa0f4f2c5b38d0170550a324619869b816f30bb16c16aec8b2b837,0834a15ab905e083f27814ef537a9d660e069e00b5b4b69f58308a656e4df08d,signatures/FINAL-EVD-0581.signature.csv,4252,d3055112d7ade63ef051179c8fc4ec647c649fd1a5a61de00af61e512931e87a,697
FINAL-EVD-0582,test-primary-Normal-r03,primary,Normal,6,50.0,55.0,ba47ac8482aa0f4f2c5b38d0170550a324619869b816f30bb16c16aec8b2b837,0834a15ab905e083f27814ef537a9d660e069e00b5b4b69f58308a656e4df08d,signatures/FINAL-EVD-0582.signature.csv,4252,d3055112d7ade63ef051179c8fc4ec647c649fd1a5a61de00af61e512931e87a,697
FINAL-EVD-0583,test-primary-Normal-r03,primary,Normal,7,55.0,60.0,ba47ac8482aa0f4f2c5b38d0170550a324619869b816f30bb16c16aec8b2b837,0834a15ab905e083f27814ef537a9d660e069e00b5b4b69f58308a656e4df08d,signatures/FINAL-EVD-0583.signature.csv,4252,d3055112d7ade63ef051179c8fc4ec647c649fd1a5a61de00af61e512931e87a,697
FINAL-EVD-0584,test-primary-Normal-r03,primary,Normal,8,60.0,65.0,ba47ac8482aa0f4f2c5b38d0170550a324619869b816f30bb16c16aec8b2b837,0834a15ab905e083f27814ef537a9d660e069e00b5b4b69f58308a656e4df08d,signatures/FINAL-EVD-0584.signature.csv,4252,d3055112d7ade63ef051179c8fc4ec647c649fd1a5a61de00af61e512931e87a,697
FINAL-EVD-0585,test-primary-Normal-r04,primary,Normal,1,25.0,30.0,7253a1074a332e96e2ed5ec980259227bacd2d853ea241f9984600d9fae3b37c,98df1cf30a4e41b7646b17138c35271510f30a81e76e83da7cddaf5683282048,signatures/FINAL-EVD-0585.signature.csv,4252,d3055112d7ade63ef051179c8fc4ec647c649fd1a5a61de00af61e512931e87a,697
FINAL-EVD-0586,test-primary-Normal-r04,primary,Normal,2,30.0,35.0,7253a1074a332e96e2ed5ec980259227bacd2d853ea241f9984600d9fae3b37c,98df1cf30a4e41b7646b17138c35271510f30a81e76e83da7cddaf5683282048,signatures/FINAL-EVD-0586.signature.csv,4252,d3055112d7ade63ef051179c8fc4ec647c649fd1a5a61de00af61e512931e87a,697
FINAL-EVD-0587,test-primary-Normal-r04,primary,Normal,3,35.0,40.0,7253a1074a332e96e2ed5ec980259227bacd2d853ea241f9984600d9fae3b37c,98df1cf30a4e41b7646b17138c35271510f30a81e76e83da7cddaf5683282048,signatures/FINAL-EVD-0587.signature.csv,4252,d3055112d7ade63ef051179c8fc4ec647c649fd1a5a61de00af61e512931e87a,697
FINAL-EVD-0588,test-primary-Normal-r04,primary,Normal,4,40.0,45.0,7253a1074a332e96e2ed5ec980259227bacd2d853ea241f9984600d9fae3b37c,98df1cf30a4e41b7646b17138c35271510f30a81e76e83da7cddaf5683282048,signatures/FINAL-EVD-0588.signature.csv,4252,d3055112d7ade63ef051179c8fc4ec647c649fd1a5a61de00af61e512931e87a,697
FINAL-EVD-0589,test-primary-Normal-r04,primary,Normal,5,45.0,50.0,7253a1074a332e96e2ed5ec980259227bacd2d853ea241f9984600d9fae3b37c,98df1cf30a4e41b7646b17138c35271510f30a81e76e83da7cddaf5683282048,signatures/FINAL-EVD-0589.signature.csv,4252,d3055112d7ade63ef051179c8fc4ec647c649fd1a5a61de00af61e512931e87a,697
FINAL-EVD-0590,test-primary-Normal-r04,primary,Normal,6,50.0,55.0,7253a1074a332e96e2ed5ec980259227bacd2d853ea241f9984600d9fae3b37c,98df1cf30a4e41b7646b17138c35271510f30a81e76e83da7cddaf5683282048,signatures/FINAL-EVD-0590.signature.csv,4252,d3055112d7ade63ef051179c8fc4ec647c649fd1a5a61de00af61e512931e87a,697
FINAL-EVD-0591,test-primary-Normal-r04,primary,Normal,7,55.0,60.0,7253a1074a332e96e2ed5ec980259227bacd2d853ea241f9984600d9fae3b37c,98df1cf30a4e41b7646b17138c35271510f30a81e76e83da7cddaf5683282048,signatures/FINAL-EVD-0591.signature.csv,4252,d3055112d7ade63ef051179c8fc4ec647c649fd1a5a61de00af61e512931e87a,697
FINAL-EVD-0592,test-primary-Normal-r04,primary,Normal,8,60.0,65.0,7253a1074a332e96e2ed5ec980259227bacd2d853ea241f9984600d9fae3b37c,98df1cf30a4e41b7646b17138c35271510f30a81e76e83da7cddaf5683282048,signatures/FINAL-EVD-0592.signature.csv,4252,621f60ca075f747ac522d2045658efd3a6e1307e72ce85771a2256e2443e617b,697
FINAL-EVD-0593,test-primary-Normal-r05,primary,Normal,1,25.0,30.0,7c58b26ae02bf6d9623acdfc1c2ba6b4ed572bb00881bdc7970a26a00fa78bdf,bce18c3d35a8804c16434f2a8a6794be0ec1ffc67c8628b08ebf43167508bce5,signatures/FINAL-EVD-0593.signature.csv,4252,d3055112d7ade63ef051179c8fc4ec647c649fd1a5a61de00af61e512931e87a,697
FINAL-EVD-0594,test-primary-Normal-r05,primary,Normal,2,30.0,35.0,7c58b26ae02bf6d9623acdfc1c2ba6b4ed572bb00881bdc7970a26a00fa78bdf,bce18c3d35a8804c16434f2a8a6794be0ec1ffc67c8628b08ebf43167508bce5,signatures/FINAL-EVD-0594.signature.csv,4252,d3055112d7ade63ef051179c8fc4ec647c649fd1a5a61de00af61e512931e87a,697
FINAL-EVD-0595,test-primary-Normal-r05,primary,Normal,3,35.0,40.0,7c58b26ae02bf6d9623acdfc1c2ba6b4ed572bb00881bdc7970a26a00fa78bdf,bce18c3d35a8804c16434f2a8a6794be0ec1ffc67c8628b08ebf43167508bce5,signatures/FINAL-EVD-0595.signature.csv,4252,d3055112d7ade63ef051179c8fc4ec647c649fd1a5a61de00af61e512931e87a,697
FINAL-EVD-0596,test-primary-Normal-r05,primary,Normal,4,40.0,45.0,7c58b26ae02bf6d9623acdfc1c2ba6b4ed572bb00881bdc7970a26a00fa78bdf,bce18c3d35a8804c16434f2a8a6794be0ec1ffc67c8628b08ebf43167508bce5,signatures/FINAL-EVD-0596.signature.csv,4252,d3055112d7ade63ef051179c8fc4ec647c649fd1a5a61de00af61e512931e87a,697
FINAL-EVD-0597,test-primary-Normal-r05,primary,Normal,5,45.0,50.0,7c58b26ae02bf6d9623acdfc1c2ba6b4ed572bb00881bdc7970a26a00fa78bdf,bce18c3d35a8804c16434f2a8a6794be0ec1ffc67c8628b08ebf43167508bce5,signatures/FINAL-EVD-0597.signature.csv,4252,d3055112d7ade63ef051179c8fc4ec647c649fd1a5a61de00af61e512931e87a,697
FINAL-EVD-0598,test-primary-Normal-r05,primary,Normal,6,50.0,55.0,7c58b26ae02bf6d9623acdfc1c2ba6b4ed572bb00881bdc7970a26a00fa78bdf,bce18c3d35a8804c16434f2a8a6794be0ec1ffc67c8628b08ebf43167508bce5,signatures/FINAL-EVD-0598.signature.csv,4252,d3055112d7ade63ef051179c8fc4ec647c649fd1a5a61de00af61e512931e87a,697
FINAL-EVD-0599,test-primary-Normal-r05,primary,Normal,7,55.0,60.0,7c58b26ae02bf6d9623acdfc1c2ba6b4ed572bb00881bdc7970a26a00fa78bdf,bce18c3d35a8804c16434f2a8a6794be0ec1ffc67c8628b08ebf43167508bce5,signatures/FINAL-EVD-0599.signature.csv,4252,d3055112d7ade63ef051179c8fc4ec647c649fd1a5a61de00af61e512931e87a,697
FINAL-EVD-0600,test-primary-Normal-r05,primary,Normal,8,60.0,65.0,7c58b26ae02bf6d9623acdfc1c2ba6b4ed572bb00881bdc7970a26a00fa78bdf,bce18c3d35a8804c16434f2a8a6794be0ec1ffc67c8628b08ebf43167508bce5,signatures/FINAL-EVD-0600.signature.csv,4252,d3055112d7ade63ef051179c8fc4ec647c649fd1a5a61de00af61e512931e87a,697
FINAL-EVD-0601,test-primary-Normal-r06,primary,Normal,1,25.0,30.0,66527552463ce97af0f4143fdefbc072e97b7addd0ccc396b24242533318d78f,c6fa30d06d10e78789036dc15e9f4c3cbee5505df1230ce992ea2388a39299a3,signatures/FINAL-EVD-0601.signature.csv,4252,d3055112d7ade63ef051179c8fc4ec647c649fd1a5a61de00af61e512931e87a,697
FINAL-EVD-0602,test-primary-Normal-r06,primary,Normal,2,30.0,35.0,66527552463ce97af0f4143fdefbc072e97b7addd0ccc396b24242533318d78f,c6fa30d06d10e78789036dc15e9f4c3cbee5505df1230ce992ea2388a39299a3,signatures/FINAL-EVD-0602.signature.csv,4252,d3055112d7ade63ef051179c8fc4ec647c649fd1a5a61de00af61e512931e87a,697
FINAL-EVD-0603,test-primary-Normal-r06,primary,Normal,3,35.0,40.0,66527552463ce97af0f4143fdefbc072e97b7addd0ccc396b24242533318d78f,c6fa30d06d10e78789036dc15e9f4c3cbee5505df1230ce992ea2388a39299a3,signatures/FINAL-EVD-0603.signature.csv,4252,d3055112d7ade63ef051179c8fc4ec647c649fd1a5a61de00af61e512931e87a,697
FINAL-EVD-0604,test-primary-Normal-r06,primary,Normal,4,40.0,45.0,66527552463ce97af0f4143fdefbc072e97b7addd0ccc396b24242533318d78f,c6fa30d06d10e78789036dc15e9f4c3cbee5505df1230ce992ea2388a39299a3,signatures/FINAL-EVD-0604.signature.csv,4252,3592fd0220fe4edd17d8de2d8e84f6203e9750359451e2525ef860438a05d4ce,697
FINAL-EVD-0605,test-primary-Normal-r06,primary,Normal,5,45.0,50.0,66527552463ce97af0f4143fdefbc072e97b7addd0ccc396b24242533318d78f,c6fa30d06d10e78789036dc15e9f4c3cbee5505df1230ce992ea2388a39299a3,signatures/FINAL-EVD-0605.signature.csv,4252,d3055112d7ade63ef051179c8fc4ec647c649fd1a5a61de00af61e512931e87a,697
FINAL-EVD-0606,test-primary-Normal-r06,primary,Normal,6,50.0,55.0,66527552463ce97af0f4143fdefbc072e97b7addd0ccc396b24242533318d78f,c6fa30d06d10e78789036dc15e9f4c3cbee5505df1230ce992ea2388a39299a3,signatures/FINAL-EVD-0606.signature.csv,4252,d3055112d7ade63ef051179c8fc4ec647c649fd1a5a61de00af61e512931e87a,697
FINAL-EVD-0607,test-primary-Normal-r06,primary,Normal,7,55.0,60.0,66527552463ce97af0f4143fdefbc072e97b7addd0ccc396b24242533318d78f,c6fa30d06d10e78789036dc15e9f4c3cbee5505df1230ce992ea2388a39299a3,signatures/FINAL-EVD-0607.signature.csv,4252,d3055112d7ade63ef051179c8fc4ec647c649fd1a5a61de00af61e512931e87a,697
FINAL-EVD-0608,test-primary-Normal-r06,primary,Normal,8,60.0,65.0,66527552463ce97af0f4143fdefbc072e97b7addd0ccc396b24242533318d78f,c6fa30d06d10e78789036dc15e9f4c3cbee5505df1230ce992ea2388a39299a3,signatures/FINAL-EVD-0608.signature.csv,4252,d3055112d7ade63ef051179c8fc4ec647c649fd1a5a61de00af61e512931e87a,697
FINAL-EVD-0609,test-primary-Normal-r07,primary,Normal,1,25.0,30.0,b4b9a25ad9fc240226997c200e4d7e38d0ae450d0f8fb3296ad760fe0fa4371d,d71e92d0b3ece7c8c075fd21b361d0a121319f94ffc6b19296cc1261a3ef0ad9,signatures/FINAL-EVD-0609.signature.csv,4252,e820a709a145a85e7c4e4fdf7532b01144164436f4efc2620c2cc1f7e499d4f6,697
FINAL-EVD-0610,test-primary-Normal-r07,primary,Normal,2,30.0,35.0,b4b9a25ad9fc240226997c200e4d7e38d0ae450d0f8fb3296ad760fe0fa4371d,d71e92d0b3ece7c8c075fd21b361d0a121319f94ffc6b19296cc1261a3ef0ad9,signatures/FINAL-EVD-0610.signature.csv,4252,d3055112d7ade63ef051179c8fc4ec647c649fd1a5a61de00af61e512931e87a,697
FINAL-EVD-0611,test-primary-Normal-r07,primary,Normal,3,35.0,40.0,b4b9a25ad9fc240226997c200e4d7e38d0ae450d0f8fb3296ad760fe0fa4371d,d71e92d0b3ece7c8c075fd21b361d0a121319f94ffc6b19296cc1261a3ef0ad9,signatures/FINAL-EVD-0611.signature.csv,4252,d3055112d7ade63ef051179c8fc4ec647c649fd1a5a61de00af61e512931e87a,697
FINAL-EVD-0612,test-primary-Normal-r07,primary,Normal,4,40.0,45.0,b4b9a25ad9fc240226997c200e4d7e38d0ae450d0f8fb3296ad760fe0fa4371d,d71e92d0b3ece7c8c075fd21b361d0a121319f94ffc6b19296cc1261a3ef0ad9,signatures/FINAL-EVD-0612.signature.csv,4252,d3055112d7ade63ef051179c8fc4ec647c649fd1a5a61de00af61e512931e87a,697
FINAL-EVD-0613,test-primary-Normal-r07,primary,Normal,5,45.0,50.0,b4b9a25ad9fc240226997c200e4d7e38d0ae450d0f8fb3296ad760fe0fa4371d,d71e92d0b3ece7c8c075fd21b361d0a121319f94ffc6b19296cc1261a3ef0ad9,signatures/FINAL-EVD-0613.signature.csv,4252,d3055112d7ade63ef051179c8fc4ec647c649fd1a5a61de00af61e512931e87a,697
FINAL-EVD-0614,test-primary-Normal-r07,primary,Normal,6,50.0,55.0,b4b9a25ad9fc240226997c200e4d7e38d0ae450d0f8fb3296ad760fe0fa4371d,d71e92d0b3ece7c8c075fd21b361d0a121319f94ffc6b19296cc1261a3ef0ad9,signatures/FINAL-EVD-0614.signature.csv,4252,d3055112d7ade63ef051179c8fc4ec647c649fd1a5a61de00af61e512931e87a,697
FINAL-EVD-0615,test-primary-Normal-r07,primary,Normal,7,55.0,60.0,b4b9a25ad9fc240226997c200e4d7e38d0ae450d0f8fb3296ad760fe0fa4371d,d71e92d0b3ece7c8c075fd21b361d0a121319f94ffc6b19296cc1261a3ef0ad9,signatures/FINAL-EVD-0615.signature.csv,4252,621f60ca075f747ac522d2045658efd3a6e1307e72ce85771a2256e2443e617b,697
FINAL-EVD-0616,test-primary-Normal-r07,primary,Normal,8,60.0,65.0,b4b9a25ad9fc240226997c200e4d7e38d0ae450d0f8fb3296ad760fe0fa4371d,d71e92d0b3ece7c8c075fd21b361d0a121319f94ffc6b19296cc1261a3ef0ad9,signatures/FINAL-EVD-0616.signature.csv,4252,decb198611bf4c4398b091b45a8175a83f83bf11a903d6d4cecc064020005e52,697
FINAL-EVD-0617,test-primary-Normal-r08,primary,Normal,1,25.0,30.0,74c7d110d2705795992485a5830d31a8006306dd72a428694b5ddc98dc5ae9ba,4eb402d1358dcf8c7e9221c9e796e4da624b652c0a50b526a5676d900cf85666,signatures/FINAL-EVD-0617.signature.csv,4252,4f45d9623097e48ae9a92817e97b029dbdacea363826a426b5690ade830b1846,697
FINAL-EVD-0618,test-primary-Normal-r08,primary,Normal,2,30.0,35.0,74c7d110d2705795992485a5830d31a8006306dd72a428694b5ddc98dc5ae9ba,4eb402d1358dcf8c7e9221c9e796e4da624b652c0a50b526a5676d900cf85666,signatures/FINAL-EVD-0618.signature.csv,4252,d3055112d7ade63ef051179c8fc4ec647c649fd1a5a61de00af61e512931e87a,697
FINAL-EVD-0619,test-primary-Normal-r08,primary,Normal,3,35.0,40.0,74c7d110d2705795992485a5830d31a8006306dd72a428694b5ddc98dc5ae9ba,4eb402d1358dcf8c7e9221c9e796e4da624b652c0a50b526a5676d900cf85666,signatures/FINAL-EVD-0619.signature.csv,4252,d3055112d7ade63ef051179c8fc4ec647c649fd1a5a61de00af61e512931e87a,697
FINAL-EVD-0620,test-primary-Normal-r08,primary,Normal,4,40.0,45.0,74c7d110d2705795992485a5830d31a8006306dd72a428694b5ddc98dc5ae9ba,4eb402d1358dcf8c7e9221c9e796e4da624b652c0a50b526a5676d900cf85666,signatures/FINAL-EVD-0620.signature.csv,4252,d3055112d7ade63ef051179c8fc4ec647c649fd1a5a61de00af61e512931e87a,697
FINAL-EVD-0621,test-primary-Normal-r08,primary,Normal,5,45.0,50.0,74c7d110d2705795992485a5830d31a8006306dd72a428694b5ddc98dc5ae9ba,4eb402d1358dcf8c7e9221c9e796e4da624b652c0a50b526a5676d900cf85666,signatures/FINAL-EVD-0621.signature.csv,4252,d3055112d7ade63ef051179c8fc4ec647c649fd1a5a61de00af61e512931e87a,697
FINAL-EVD-0622,test-primary-Normal-r08,primary,Normal,6,50.0,55.0,74c7d110d2705795992485a5830d31a8006306dd72a428694b5ddc98dc5ae9ba,4eb402d1358dcf8c7e9221c9e796e4da624b652c0a50b526a5676d900cf85666,signatures/FINAL-EVD-0622.signature.csv,4252,d3055112d7ade63ef051179c8fc4ec647c649fd1a5a61de00af61e512931e87a,697
FINAL-EVD-0623,test-primary-Normal-r08,primary,Normal,7,55.0,60.0,74c7d110d2705795992485a5830d31a8006306dd72a428694b5ddc98dc5ae9ba,4eb402d1358dcf8c7e9221c9e796e4da624b652c0a50b526a5676d900cf85666,signatures/FINAL-EVD-0623.signature.csv,4250,213c90c5d08a6337f457d4eb35b88df25e2b9276b47dcd86d752be483e468b99,697
FINAL-EVD-0624,test-primary-Normal-r08,primary,Normal,8,60.0,65.0,74c7d110d2705795992485a5830d31a8006306dd72a428694b5ddc98dc5ae9ba,4eb402d1358dcf8c7e9221c9e796e4da624b652c0a50b526a5676d900cf85666,signatures/FINAL-EVD-0624.signature.csv,4252,d3055112d7ade63ef051179c8fc4ec647c649fd1a5a61de00af61e512931e87a,697
