path,bytes,sha256
studio2/fase03/evidence/output/EVALUATOR_INDEX.csv,79013,b966cdd3d579efaf595fd48c4b9baa70747ba584522926520840a1e914dbf69c
studio2/fase03/evidence/output/EVIDENCE_MANIFEST.csv,173391,5111d0c61c2e93fe5071d7a85015673549af0bf9c1dc74e0d940719a8400e020
studio2/fase03/evidence/output/EXTRACTION_SUMMARY.json,1132,fba6f90bcfe28a4d2423432e0d61272fb1888d9d56e8ed21109276a0a1cc614e
studio2/fase03/evidence/output/units/EVD-0001.evidence.json,178904,7c2a65b21756180be092f0c4c354bdf4e774da3cb99db90e31445e576f0a5759
studio2/fase03/evidence/output/units/EVD-0001.features.csv,6325,e283aaba132c08d40fb705c1ba0280c1608981a2183efb087824b92270cd1b4a
studio2/fase03/evidence/output/units/EVD-0001.signature.csv,4142,b84c33c6251e84e0a7f87d4ef82198a50b8271d415b03d135083e6f8a78aaae5
studio2/fase03/evidence/output/units/EVD-0001.txt,941,24ffda0addf08269e267d1328a6b48c93c1f08350e143ee09558a2df4c37b66f
studio2/fase03/evidence/output/units/EVD-0002.evidence.json,178790,5516e2f9b0bfd5b5fa474c2e7ea425c22818a2c9e5d498f7d56e11c4cba87cc6
studio2/fase03/evidence/output/units/EVD-0002.features.csv,6300,a4e45eb9736ed1fb879e898608258c7a1b2dd18b0939afa97e0f684ae7b63773
studio2/fase03/evidence/output/units/EVD-0002.signature.csv,4152,d81838a440dc1b725926e50984903e40a61543d5efb91af567661383747375a6
studio2/fase03/evidence/output/units/EVD-0002.txt,764,ae63e8c87bec3c6e9e5ef8b1089495a2f93434c97e69c902b5064c87b376a9dd
studio2/fase03/evidence/output/units/EVD-0003.evidence.json,179074,08dac49ba154e85c32ce713146f115860efb0c0b3d144fb60bb663fd6e4e83a6
studio2/fase03/evidence/output/units/EVD-0003.features.csv,6409,b2c66dd1ae83f98cc673b27916cfb9796192a7f7f53f5368fc00e1d594071a95
studio2/fase03/evidence/output/units/EVD-0003.signature.csv,4200,cd3c567ddcbcc2e87c430932e705280676ebb1494114d5990698a5136f954037
studio2/fase03/evidence/output/units/EVD-0003.txt,765,3e32ffe2982cf2cb66e6bb6c5abaab95f177e7e82a4e665debf2b2c1c3cdad62
studio2/fase03/evidence/output/units/EVD-0004.evidence.json,179196,bbdbe8f8f5cd3faadb216c921633539e2c2c1650c68fc4acf78e703b30da7e53
studio2/fase03/evidence/output/units/EVD-0004.features.csv,6445,108f2ce43e5e18a80780271b6572494e99584dd738ab6df2255451f46316448b
studio2/fase03/evidence/output/units/EVD-0004.signature.csv,4224,fb18429f02f7dcbb99faeb2c7b5f62788947565143c879185fb43d308b5b4851
studio2/fase03/evidence/output/units/EVD-0004.txt,764,b44224b780c0f3968c46b4071762fa05f7462680642c95400f03040a811478ec
studio2/fase03/evidence/output/units/EVD-0005.evidence.json,179192,2ca71118cc16f6ffd923dc2ba6bd9fb1fdc4df7565340517e616942660a94f8e
studio2/fase03/evidence/output/units/EVD-0005.features.csv,6463,3df73535b1c4146aa50eb676b9423bb97b5bcde7617f1c769b17ff2070b127c7
studio2/fase03/evidence/output/units/EVD-0005.signature.csv,4234,82738ceda06a90e4feba0fd48ef899971092fff8197dc0599634cc7c0471b982
studio2/fase03/evidence/output/units/EVD-0005.txt,730,9de2686e67ce265ae5fb6e6878e8ded1d3f52701902b2d9065b4a92becdb515d
studio2/fase03/evidence/output/units/EVD-0006.evidence.json,179172,ec47de0af1028748bbb903eeae1d0b1194a55832c29f2d153dc6a86a353b0895
studio2/fase03/evidence/output/units/EVD-0006.features.csv,6457,0626381b41ae013fe29509b0b69743616266665c30a14ccff1e07deced354359
studio2/fase03/evidence/output/units/EVD-0006.signature.csv,4230,b1442b502773218bb7552961b90836009e03cb9d070db2b2d70f116ccfe22747
studio2/fase03/evidence/output/units/EVD-0006.txt,730,e80d4c81bb2b9425b1058041334dec5663da67488b7c1b3f18929af0d508b0cc
studio2/fase03/evidence/output/units/EVD-0007.evidence.json,179163,17af0ab22a92d69e218f0ff22d459233b41b2662a9ee0966b85d83d9a79990a5
studio2/fase03/evidence/output/units/EVD-0007.features.csv,6504,f7666a680962df7cd482fd580f683556224d8e44272d99108104f19aef2be544
studio2/fase03/evidence/output/units/EVD-0007.signature.csv,4242,e64216efb8f667ad6b33d7366089d3595a4cc1c36a06b4ededa694dca6a0060e
studio2/fase03/evidence/output/units/EVD-0007.txt,523,864e1b68f525ac63b2aeef598be5b9c04bb47278700b6764e32adef1dc405085
studio2/fase03/evidence/output/units/EVD-0008.evidence.json,179185,70c515090ce6c1bc99de690198a809c509746c0f790a6ffb8da2d5b22950a627
studio2/fase03/evidence/output/units/EVD-0008.features.csv,6540,5e61d885dda14611b64d3e39dce46f1b299acc5f0fb3d875b818e01f4394f4e4
studio2/fase03/evidence/output/units/EVD-0008.signature.csv,4244,f23a53af3ad0803a09a537401a88a19afd11e04f5d416446bd6aebaebd4bc9b4
studio2/fase03/evidence/output/units/EVD-0008.txt,524,7d72c434d16301cb347e1692ee7e96bae346d199d47c69a89a15659b3113e5b7
studio2/fase03/evidence/output/units/EVD-0009.evidence.json,178942,50dd897dd24e7f422805340a4ab32e6673393aad4f679266f08e3848a54fe7b5
studio2/fase03/evidence/output/units/EVD-0009.features.csv,6338,ee64365ffea48b13821cc22932de1d403cbe09d773e82a2f440f98b8df0b2036
studio2/fase03/evidence/output/units/EVD-0009.signature.csv,4142,4d212c39b461708f90eec976f2b63c0bb1c7b4ef23cfd2d87d51b8df2e53b080
studio2/fase03/evidence/output/units/EVD-0009.txt,941,f0e2d3f4520091396b3918fb00030f59672bb32e7c0f52a1efa7f9c577c75ab2
studio2/fase03/evidence/output/units/EVD-0010.evidence.json,178779,66b8c9bdf9ec9a8618015ab69d8099b996b9646387c810227c8c4a8a8b8e7de9
studio2/fase03/evidence/output/units/EVD-0010.features.csv,6302,4f4ac29d3545e8fa893f373c2c97ec1c737fe7c6fb9c659f5c2b5d70a198a78f
studio2/fase03/evidence/output/units/EVD-0010.signature.csv,4152,60971ed0c3530fa970d2dab95861a75f1d14d96520191b11d63c201e8bbe22b2
studio2/fase03/evidence/output/units/EVD-0010.txt,764,8a0eebb2d4948fea5c129fb17c2ffb7b7fbebab499d221f4a26476b301870aae
studio2/fase03/evidence/output/units/EVD-0011.evidence.json,179111,496986ba5aa0cc80d8bdd1e317fbb4df867a79ef1ee330416eab78cbbfbcd37f
studio2/fase03/evidence/output/units/EVD-0011.features.csv,6433,ef0bd3a774ee579586eaf01b4012122f01cc931b83de2dc410a4131d79b77f68
studio2/fase03/evidence/output/units/EVD-0011.signature.csv,4202,00f671a6320afcbfb4a1125b8c36282bf3343d89acd351d5f1cc1759c03d6b86
studio2/fase03/evidence/output/units/EVD-0011.txt,765,ff8f18860782b7fc460bffc4126cc2a25a2c123823a8817a0482bf3e03a76baa
studio2/fase03/evidence/output/units/EVD-0012.evidence.json,179197,8f83930a86d8747edd7a2d270902e9ad8ec00a3792c0faf4c60bc63a3bcdc669
studio2/fase03/evidence/output/units/EVD-0012.features.csv,6456,703853a59c9ce7a24bb6422ebe0ba05ced438d8a4e947e564d80431f476e2142
studio2/fase03/evidence/output/units/EVD-0012.signature.csv,4224,7c520fae1721bd7568efc7642f3c58038bf188de5ae4f1adfa6356f9cb578b56
studio2/fase03/evidence/output/units/EVD-0012.txt,764,e60d977e4039277404968da1c1d39679c466b85c9206cadd4dea0da4813dd9b2
studio2/fase03/evidence/output/units/EVD-0013.evidence.json,179184,01a8e81d3594b236c81a0049d8bf213a91e694dafb05319dec96ae25cbba8427
studio2/fase03/evidence/output/units/EVD-0013.features.csv,6463,784f4bdb866eddc0579c51124d185b93af8584b26f3710fd0e256aaf940e6543
studio2/fase03/evidence/output/units/EVD-0013.signature.csv,4238,9603e3771a4ec69739e652c22d082872b2fcf64189668f8afb2ecf22ce06acff
studio2/fase03/evidence/output/units/EVD-0013.txt,673,81129d08e1285bb22b60743dceaae11ad5dbef961fa4936b9b7dc28e79b4d9e8
studio2/fase03/evidence/output/units/EVD-0014.evidence.json,179188,e3873d47d0bcb5c81f5b11a0509650a7709eb9a2f36ec7bcd667225f6085a476
studio2/fase03/evidence/output/units/EVD-0014.features.csv,6508,1359062e7d670ef07a2dcc4e6b1c5f5cbe5e76c2bab4d1e612cdb207464209d9
studio2/fase03/evidence/output/units/EVD-0014.signature.csv,4240,6cc00a4de4c2caee73b8225cbd8c56a788e5b0f49217a291df1e137bb7563534
studio2/fase03/evidence/output/units/EVD-0014.txt,728,786dfbb45f8a01ab41656ab65bc4914de79e9cace907a8cb90c33ad368ef59d0
studio2/fase03/evidence/output/units/EVD-0015.evidence.json,179153,aa8c06ec6fff5a21c33111b569e8c1d4162371b0f2fb22e3959e50bac572eee0
studio2/fase03/evidence/output/units/EVD-0015.features.csv,6506,34caf010b516a1d53e61d31c22bab52aef9f617027af70d3af09bbd0c42a1e3a
studio2/fase03/evidence/output/units/EVD-0015.signature.csv,4242,e64216efb8f667ad6b33d7366089d3595a4cc1c36a06b4ededa694dca6a0060e
studio2/fase03/evidence/output/units/EVD-0015.txt,524,54b8dda0d71b76b3dcbad67c967207333361f803b5f7429d282e3da215ea4eae
studio2/fase03/evidence/output/units/EVD-0016.evidence.json,179139,24aa7420dc8247edcb31d6748078b4df7df99e604b6df340fb950e66fb81d2d5
studio2/fase03/evidence/output/units/EVD-0016.features.csv,6514,dd579872b1f622a9754cef965e975444b09a49535021c563de142ffeb1e64046
studio2/fase03/evidence/output/units/EVD-0016.signature.csv,4240,ecfb21061dd9abd1f9687627dfcaaf546264efa61f5c5d15b16bb7a198e68fe4
studio2/fase03/evidence/output/units/EVD-0016.txt,524,578404dca197ae2fa96d114166a7853e9107cd0a6a943f9e2f02a3e29a27050a
studio2/fase03/evidence/output/units/EVD-0017.evidence.json,178784,4ae59e204c916af3639026eca51bbc8da6c0c9431e7390aa705e464fb18a5fdf
studio2/fase03/evidence/output/units/EVD-0017.features.csv,6292,c389a241135d5716cdd0798e2ca937a886e7338e1626224b9de7c12e528ac440
studio2/fase03/evidence/output/units/EVD-0017.signature.csv,4140,2f4190c9644f850461682a1620e7aa4f8e15fe069439bbc03744a82a13cb2d8f
studio2/fase03/evidence/output/units/EVD-0017.txt,941,58b114c842d5414f39460a42ac66cff08bed3183e46a8bbfcfc806647572647b
studio2/fase03/evidence/output/units/EVD-0018.evidence.json,178824,4a7a23079fc986d5793dfa0072f22aa41786889e9f2f5720cce9387c0f43b2ae
studio2/fase03/evidence/output/units/EVD-0018.features.csv,6314,617cbbda0c24e20788a5eb6243dc78f728b7ef8152c094b565e680fd297e9e60
studio2/fase03/evidence/output/units/EVD-0018.signature.csv,4156,e34d525dcee9b9a97641ca495bc722737f59bfa2dd43e9180a6c6deccd120866
studio2/fase03/evidence/output/units/EVD-0018.txt,764,253f2aa532cda0462c89c39ea6e18b99a563f7d624643f097cb7fe78ed7662e3
studio2/fase03/evidence/output/units/EVD-0019.evidence.json,179101,c472d0a44b3f588360aa1bb43e32fdcd27243f0972bda5f776faa4c6b0f88a7b
studio2/fase03/evidence/output/units/EVD-0019.features.csv,6424,951c919757a4f8afa2d8974a02043f06e5765d3f2175b0712956320ca9b51dd5
studio2/fase03/evidence/output/units/EVD-0019.signature.csv,4202,a68249d5b916e71e2223353b6a0e2ad45a2fbc50e3b24126791c59de0d997646
studio2/fase03/evidence/output/units/EVD-0019.txt,765,35c0327846503daa41232f7983d41a2f5b58c027dd0a77e8d5cce2c53e512d60
studio2/fase03/evidence/output/units/EVD-0020.evidence.json,179170,579b04e6d3501536def3cbc9776ee39098c1b45e3f1c7bf32262477dcd1ce97b
studio2/fase03/evidence/output/units/EVD-0020.features.csv,6423,ac00dcc5ddf903275ff9b6758bf03674a3ab64cd1965d84874e1e5052498351e
studio2/fase03/evidence/output/units/EVD-0020.signature.csv,4220,e1e0a13c57fda9e30aee3a857f50963dd4dc77a911234160d1d2b8ee643b1c9f
studio2/fase03/evidence/output/units/EVD-0020.txt,764,684b23515c6340b15577ed5ed9e882fca6cb28bfe5338ab8ac8d0ca9ca0057ca
studio2/fase03/evidence/output/units/EVD-0021.evidence.json,179164,fa07dba8cfa17ed2fd9fccf7924d0350794e79f6c260ba620c5851e9a827e4a4
studio2/fase03/evidence/output/units/EVD-0021.features.csv,6453,69b6106e0dec2309ced70e71992fefe549d25bc34d045c0491d0f1c3f07f720e
studio2/fase03/evidence/output/units/EVD-0021.signature.csv,4232,c795251829da14831183b8c0b6e55200845a104e18cadbf8b82f50b84fd9f1e4
studio2/fase03/evidence/output/units/EVD-0021.txt,673,b24479e1f361f6629307d98c8497b9ea8c5ce5a6e1733d4946dfb7b3646ab1f6
studio2/fase03/evidence/output/units/EVD-0022.evidence.json,179153,91a1bfe1380de844317ee53cd067118ca4fe727ef916905100adb5b1d5c18d28
studio2/fase03/evidence/output/units/EVD-0022.features.csv,6497,6fd05a024af52a3cead315b8839fff91a387be4abed94a691107ef2f0c875a03
studio2/fase03/evidence/output/units/EVD-0022.signature.csv,4236,b7d39909c4e1a26cf1c0b302ef08b0649b1d7514117d010d335c12e91e294156
studio2/fase03/evidence/output/units/EVD-0022.txt,675,fac0ac7f9a01ab685590e93656e098b0de5c711431632054736f7af21eb4571f
studio2/fase03/evidence/output/units/EVD-0023.evidence.json,179146,8ea309237c2c12934964133281348aba28aa096d06496bc4e89c1fac0585d55e
studio2/fase03/evidence/output/units/EVD-0023.features.csv,6500,338587bb3f124cfbc1ef5198f5b86bbf2c9837ac480bc745048243c2a7bf2050
studio2/fase03/evidence/output/units/EVD-0023.signature.csv,4242,e64216efb8f667ad6b33d7366089d3595a4cc1c36a06b4ededa694dca6a0060e
studio2/fase03/evidence/output/units/EVD-0023.txt,524,5c49adad5b4c3e824b2aae3ddeb774472631202a3d7859936a6e72c9d6bfbb80
studio2/fase03/evidence/output/units/EVD-0024.evidence.json,179157,0f8b3d9df737b967447f9d4cf5b79141b372aeb8033b2fee20bf60b1e2f35c27
studio2/fase03/evidence/output/units/EVD-0024.features.csv,6503,3ed2328fd7588fa474dca756d4680569abbf4a9ed533a8f8397345d1670a1cc9
studio2/fase03/evidence/output/units/EVD-0024.signature.csv,4246,9b7008f4398dee7af508064c49f2db1c41eb088329e70ea9da8d8ab734d00fdf
studio2/fase03/evidence/output/units/EVD-0024.txt,524,a0e8a48e0c9f361583dea9ee11e4b538172f70546ab4f412242ad0b9bee1c4a6
studio2/fase03/evidence/output/units/EVD-0025.evidence.json,178867,0ad293c1bb96d78a1a648eeaa2673998958a886aa0335c4ec49b092a0dac6d8b
studio2/fase03/evidence/output/units/EVD-0025.features.csv,6320,24699e782dbaf6a48a9417fd7f22fa08c10749ae6aecc9f5901c9e32663fbb34
studio2/fase03/evidence/output/units/EVD-0025.signature.csv,4144,ddc0f29008b19535421b4b7e434a5d7916dddcd674c0afba520f844b5b9f1e93
studio2/fase03/evidence/output/units/EVD-0025.txt,941,635e302596686cc712e82f70b48bade2a8d948bf9b6af4867fe1f5dcf57109af
studio2/fase03/evidence/output/units/EVD-0026.evidence.json,178793,b921953f2bc72b87137e6a201e3558da550b5ec7958b1045644c3d58af1c8c00
studio2/fase03/evidence/output/units/EVD-0026.features.csv,6313,f6c8d17efda6c9c49ad9b96396706054da9d1f8182d55d2e968a332f45f36cb4
studio2/fase03/evidence/output/units/EVD-0026.signature.csv,4152,e7227d21df6ecece0ef144ad1d4689fd39417a32a792a8074325d26acfb63184
studio2/fase03/evidence/output/units/EVD-0026.txt,764,c4891fea6c35cdd101a57e76b15ae18415cac1a68bb6b834e574142725142352
studio2/fase03/evidence/output/units/EVD-0027.evidence.json,179086,a0bdf3643c5474084d2a66d5b23b960389f5e0e644b801570d2e3ccc860c501f
studio2/fase03/evidence/output/units/EVD-0027.features.csv,6413,11c7c4edfdff4a7e61d6d2bc8384bdeee6bdf9655c3ce85d0a8cc30149c9f75f
studio2/fase03/evidence/output/units/EVD-0027.signature.csv,4202,a68249d5b916e71e2223353b6a0e2ad45a2fbc50e3b24126791c59de0d997646
studio2/fase03/evidence/output/units/EVD-0027.txt,765,fe46184fef04fb9fd1e12d0bb434b31ec14e7e5fbf5c60d1b55b80343fc10ac4
studio2/fase03/evidence/output/units/EVD-0028.evidence.json,179215,686cac546e6f0da2c3e418ab368655b9fd676eddf7d18ec2d8dcd659894d0dd5
studio2/fase03/evidence/output/units/EVD-0028.features.csv,6457,6e9ae00e18d16f2e312e1bf72cafeb2e09c34db1b2c747abb087d2d9faff0005
studio2/fase03/evidence/output/units/EVD-0028.signature.csv,4226,81888c720b63039379736ac03671d8ccaa82a6cab9ad09a89b94a9e3820ee394
studio2/fase03/evidence/output/units/EVD-0028.txt,764,7ffabed4f9259f0956db9261ad947cd832a72aa206be602779c552a9368f07e6
studio2/fase03/evidence/output/units/EVD-0029.evidence.json,179191,ad3be005ef311b38d1b64acee9708b25d0461212b49a09206f79025551920ba1
studio2/fase03/evidence/output/units/EVD-0029.features.csv,6492,5f27eebe4165e6d670ff2be904511dba54861579925c9c4f79b437922227673d
studio2/fase03/evidence/output/units/EVD-0029.signature.csv,4238,9603e3771a4ec69739e652c22d082872b2fcf64189668f8afb2ecf22ce06acff
studio2/fase03/evidence/output/units/EVD-0029.txt,673,94cc3bf54dcbe6b0b35592259c38f317e1089b4b85d7238d0b1f7a4fd317f22e
studio2/fase03/evidence/output/units/EVD-0030.evidence.json,179119,74d10bbba2d7b96875c031acf72494d6a47e7fbaf6194a90c39cdaaa66e8b531
studio2/fase03/evidence/output/units/EVD-0030.features.csv,6496,691553b6a014e1a8d2e792b011bb017ce0d3fe11b0edad6ca049e780e957f1d4
studio2/fase03/evidence/output/units/EVD-0030.signature.csv,4240,ecfb21061dd9abd1f9687627dfcaaf546264efa61f5c5d15b16bb7a198e68fe4
studio2/fase03/evidence/output/units/EVD-0030.txt,523,f03f67bd407d7186281ea6ad069cff9189fe6851399870a8f064d63b09e9a563
studio2/fase03/evidence/output/units/EVD-0031.evidence.json,179136,a3bb70c7858a9a0fa9fd1fddfb4b4c23b9f19fdf2e2ccbdb57a1fcbc6d6d74f3
studio2/fase03/evidence/output/units/EVD-0031.features.csv,6498,20cec15edc23a4294748d72b03cfb9e4e59930433ddca6411dbfc4a16c35fcd7
studio2/fase03/evidence/output/units/EVD-0031.signature.csv,4238,d173aed673df58909f4c3a37503845b64d853e172cc93e45e8e9a856d3dcb452
studio2/fase03/evidence/output/units/EVD-0031.txt,673,2046747905928ab01155cd221f9ae4f2373b6ad38039d7c20be68c206bbc8cc3
studio2/fase03/evidence/output/units/EVD-0032.evidence.json,179171,fc9e3dc8b7707cf44a39d15a4a650072bd331df4c92094def316280c9a818762
studio2/fase03/evidence/output/units/EVD-0032.features.csv,6534,4a03b8482d482f53b21fa7311861388f3787118e6f762eed824014a4aa7e1c8b
studio2/fase03/evidence/output/units/EVD-0032.signature.csv,4242,e64216efb8f667ad6b33d7366089d3595a4cc1c36a06b4ededa694dca6a0060e
studio2/fase03/evidence/output/units/EVD-0032.txt,523,87e884f72d6584f32c2d4adce91f0d3474fad98d70fead6cd628d78aa2579cc6
studio2/fase03/evidence/output/units/EVD-0033.evidence.json,178829,7ade92dc95931862133c0b5a6ff2e30999d9bf5518bf2e9b3be37c193d02b3f0
studio2/fase03/evidence/output/units/EVD-0033.features.csv,6309,b0ead7245a834620009ac3675db9b6bea229b8fc451b5566c5a591ed2a6297d8
studio2/fase03/evidence/output/units/EVD-0033.signature.csv,4142,cfca358f94041891ba25df45e3c9a13b726e0193b02ccf2bd307a72cb8604b1c
studio2/fase03/evidence/output/units/EVD-0033.txt,941,8297a59edad8292a913d6989f84e128d8e43a4a35a1c281c3294ed32bfe4e9d3
studio2/fase03/evidence/output/units/EVD-0034.evidence.json,178796,c10a6bdb20ccadc54826f1ae52e21b7c38d1228ae966aeb45bee1ceeee3e2f51
studio2/fase03/evidence/output/units/EVD-0034.features.csv,6313,6fe1bf45d551f0ea9770f5b463bdcc377b1324f7cfca6f21601dfcf90a719c66
studio2/fase03/evidence/output/units/EVD-0034.signature.csv,4150,b9391ca372dcb9c18c93b2e0c6c413c4c7e4305d9c66eb9ee6c07b8b0c3137b0
studio2/fase03/evidence/output/units/EVD-0034.txt,764,e274cda07c44b25fd7932bb37a9ad432c5276af6d010fcc13b800a264250f416
studio2/fase03/evidence/output/units/EVD-0035.evidence.json,179116,d1ca1ec8fee8d72f4747523f187619aad554d8557f415dc1c9fcacb303f449ce
studio2/fase03/evidence/output/units/EVD-0035.features.csv,6436,69521df232f9437b494e84bcb12a6a1653d1f612ce47d81dfeb81584b44ea35b
studio2/fase03/evidence/output/units/EVD-0035.signature.csv,4202,6615f74a7f617aa4b112a4a40d1d94d9133b205456f323178839ac84d3d48d2d
studio2/fase03/evidence/output/units/EVD-0035.txt,765,02c2fd3dfed3f82e42940effec27d258d90aaad0e572d271aac5fe99cd0fe238
studio2/fase03/evidence/output/units/EVD-0036.evidence.json,179177,1cd536a7ae98282182a937c66b5954b84925a87fd4b3cb13a82c58d53da9ebf6
studio2/fase03/evidence/output/units/EVD-0036.features.csv,6417,576e125fd0ac7b50a5a7559f71df1cef72d99de0f69eebeb45cc9590a6cbebbc
studio2/fase03/evidence/output/units/EVD-0036.signature.csv,4224,bcd9f69a4393b13474d91447603d51b76649da83b298d09acdb2efad8daecdf4
studio2/fase03/evidence/output/units/EVD-0036.txt,764,aabdfd687910e4c1eb3e32dcd21d9215e251d4b345e5ae9430faf75150f2421c
studio2/fase03/evidence/output/units/EVD-0037.evidence.json,179172,ef0aebea65a90f6022809aebc349660659c8c5d58e018e2d64d7fa9d6a02b155
studio2/fase03/evidence/output/units/EVD-0037.features.csv,6455,669f187d85707f57439b97f21b7cad6ce82cb8863f908a8e181a042c5722428b
studio2/fase03/evidence/output/units/EVD-0037.signature.csv,4232,0dd580590f8475a9e2d1276b5844ddc3ac559dfb3d21bdf1d77657fc2767bfe8
studio2/fase03/evidence/output/units/EVD-0037.txt,673,cbfe6290fee1ec6d3eedec961aab58f3215e23bdccbb04b3ad0ab388905f2f6d
studio2/fase03/evidence/output/units/EVD-0038.evidence.json,179164,8377555cc27773ffe61a69865b8d2f45c022d0ed549f45989c9fb03ea912c5f6
studio2/fase03/evidence/output/units/EVD-0038.features.csv,6502,43b81ce318abc7f904a36ec85589d55a3588795bc5a8cc41ad1c520336fdc931
studio2/fase03/evidence/output/units/EVD-0038.signature.csv,4236,b7d39909c4e1a26cf1c0b302ef08b0649b1d7514117d010d335c12e91e294156
studio2/fase03/evidence/output/units/EVD-0038.txt,675,00534d7d528d710c7c3bd01d364c4091cc046a0e12084e7b19314962ed03036d
studio2/fase03/evidence/output/units/EVD-0039.evidence.json,179154,a8f113940fbd9db9822b7d0946f7429f69453b61a70ba8ee3ef097faac6c069c
studio2/fase03/evidence/output/units/EVD-0039.features.csv,6501,48634ae06a9562ebe9381a98e59c5117b5f325d26e4065a49d555861797830c8
studio2/fase03/evidence/output/units/EVD-0039.signature.csv,4242,a4c3f58c333b136f092dc463819a7e05d677c60bcb3d01161a2a906006b75603
studio2/fase03/evidence/output/units/EVD-0039.txt,615,2d97f8d3e983d7b1cc5e10cec2007bb4e80020008fc6caebddc8ce96d4e45192
studio2/fase03/evidence/output/units/EVD-0040.evidence.json,179165,0c3dab4a39e2aba3c0f02eda5ebbe9151228f187a5c58de36518662ec72985a5
studio2/fase03/evidence/output/units/EVD-0040.features.csv,6536,9fe81c4e70545ac4d2bf2defb79406ce7c1a521347a18e34e56ec48f2caab3fc
studio2/fase03/evidence/output/units/EVD-0040.signature.csv,4240,ecfb21061dd9abd1f9687627dfcaaf546264efa61f5c5d15b16bb7a198e68fe4
studio2/fase03/evidence/output/units/EVD-0040.txt,524,adc639e40d1e2376a080afcf28d82b775b8e3bb228e4268c7cfbe0eb4ea14af2
studio2/fase03/evidence/output/units/EVD-0041.evidence.json,179221,fdda68fca7aba2cea4952dc4feecd5095b2c1721432881a15094ddd62a8fb4d8
studio2/fase03/evidence/output/units/EVD-0041.features.csv,6530,6d37d3c18083fba9954332cd87be747101e9a223328ffbfa38f9c6124d149ab7
studio2/fase03/evidence/output/units/EVD-0041.signature.csv,4248,013d09f4b6c8bfebafe8975efd72fce338cf8229b3e1dead1a2ca8005811815a
studio2/fase03/evidence/output/units/EVD-0041.txt,944,0211fb38c3d868bdc55e987809f42f7d010fadfaeab06ef60c09a83af35a9218
studio2/fase03/evidence/output/units/EVD-0042.evidence.json,179163,022d5947df497db7d62ca016865c02b9dfccfcf20c75cf08ff39d71ed58f257d
studio2/fase03/evidence/output/units/EVD-0042.features.csv,6542,c8c42c94835f896d8654a28697426a04d77aef09e8fa8930d4b1f3b7d466ee7f
studio2/fase03/evidence/output/units/EVD-0042.signature.csv,4250,4cfaf7b64f7e4b1cb91e25fc7f84808d5ca5a7bf3bf6d9e0f8e3171db4ee6eda
studio2/fase03/evidence/output/units/EVD-0042.txt,616,564b0fdbb72770585d6f578329ec3816c6b62b71612e15de6f7b6a395c10e598
studio2/fase03/evidence/output/units/EVD-0043.evidence.json,179198,8c0c7b780e8b3d105143462f32770d7de161076c620bdfe42c92de518449d1be
studio2/fase03/evidence/output/units/EVD-0043.features.csv,6532,c8d55ef20119a6a62d765b2b4f726621b3d48946c49bd4b88810aa17b7a88157
studio2/fase03/evidence/output/units/EVD-0043.signature.csv,4250,0440c586e0706b1edd77002e077b7ed20cb620774f0a11233cbd2d75be7a0645
studio2/fase03/evidence/output/units/EVD-0043.txt,793,b92068ccb68677b57610cbb27dc89e69962382a16e03c09e726b39c03396ac55
studio2/fase03/evidence/output/units/EVD-0044.evidence.json,179152,7bec4e6e55e2563aedcf27e9fb36c43d2e0d420089f63503e8431ae0d2d18694
studio2/fase03/evidence/output/units/EVD-0044.features.csv,6520,d862f68c023c0f52bed5656997fdcf0bdffa55065c04d4a05652ba39b2d901f4
studio2/fase03/evidence/output/units/EVD-0044.signature.csv,4248,735a1ce176bd9848c2140dc64f31644c6211b659e484f5eb0d90c305426c5a38
studio2/fase03/evidence/output/units/EVD-0044.txt,768,c6e0c278e1d7220f2e36ebc5c9ba5999b4b511b290e09ebc4bb54a73de63e71b
studio2/fase03/evidence/output/units/EVD-0045.evidence.json,179199,42859ea8958f3bb2497d1286cd73a9783ca3cecda248d6aa27554d06f1f10263
studio2/fase03/evidence/output/units/EVD-0045.features.csv,6502,d59366e59787bdbb1bae5ce7f5b4de5488d471627572d7949e6d4aa4fee698f8
studio2/fase03/evidence/output/units/EVD-0045.signature.csv,4248,d5f6958be0b0b938893cabe1615634b6771425d2c40821c6f8126a020776b683
studio2/fase03/evidence/output/units/EVD-0045.txt,944,363b788cb3448b86655bdcf8913f2ee89235351968096c9a5809118c589f0979
studio2/fase03/evidence/output/units/EVD-0046.evidence.json,179183,e23c4051b061dc7dff7ea56608af91b5621a2a2ea1ec24e27a58c13ddf800f4c
studio2/fase03/evidence/output/units/EVD-0046.features.csv,6544,509946cd300794b5b33cabce32dd233a2a827223b27e9df2fcbfc0e1a4dffa73
studio2/fase03/evidence/output/units/EVD-0046.signature.csv,4248,9046484ba90d269cbafb0fe07152cbf59d95f24fb85369f7cea03718c3886f5a
studio2/fase03/evidence/output/units/EVD-0046.txt,767,80e720fe87d548f364b13b1c501d8b5d365650e346c918ea6574145c54ba8eda
studio2/fase03/evidence/output/units/EVD-0047.evidence.json,179213,b463c70e7fa3414d55aa491667418d4ae67f418892a649c21c800a8de912d0ef
studio2/fase03/evidence/output/units/EVD-0047.features.csv,6515,b28dbcd07db32421a34c210c79dea396b1fe59e4bca93b1127ca157e37be25ba
studio2/fase03/evidence/output/units/EVD-0047.signature.csv,4248,d5f6958be0b0b938893cabe1615634b6771425d2c40821c6f8126a020776b683
studio2/fase03/evidence/output/units/EVD-0047.txt,944,e9f321bc3e276788e50af4d11dbf84aea2c1dca7ae317cc75d57155d1326e17c
studio2/fase03/evidence/output/units/EVD-0048.evidence.json,179173,ba44ef71142e857411e6f2f20796af4bf9498e97f0ca7e06c89bd1b515ebd25b
studio2/fase03/evidence/output/units/EVD-0048.features.csv,6526,f8f6f6c080dd1f7cf00f1a9ec4bb6d24a0691249ed395a00d986b759e85459bb
studio2/fase03/evidence/output/units/EVD-0048.signature.csv,4252,3ed05fe8e82e462d4048543fad37fd0bd4fdd286d57957cf3ba0bec8829d814c
studio2/fase03/evidence/output/units/EVD-0048.txt,642,606fd3e7c2eed4fee4454eb196fb8944a3c5181090b1b5ea5a7d108c119b6882
studio2/fase03/evidence/output/units/EVD-0049.evidence.json,179201,0ca3d8b83e5710f1d61853d7356839f6e6df07a06d4ee05b7ab1bdab8877bc83
studio2/fase03/evidence/output/units/EVD-0049.features.csv,6525,b54c6606b945d62a5823f4c571dd2ff62f39f57267ca15c1754056a3fa37265c
studio2/fase03/evidence/output/units/EVD-0049.signature.csv,4248,cfce251ef510da78e65069cc5e61af896144d77417370483d71071ec7490413e
studio2/fase03/evidence/output/units/EVD-0049.txt,944,89fe09dc2bda8664c578f47fe151444c2a8ec5edb2f7d214050045c82536da94
studio2/fase03/evidence/output/units/EVD-0050.evidence.json,179256,095bfd1a4b7d32cb0e049c379bb26757fa9cfa6243883640b6f1c14251973cef
studio2/fase03/evidence/output/units/EVD-0050.features.csv,6511,f4640368f1cbe3b5a0dea3d214d85dd510f7dc930b066c6f75f0783dd162595d
studio2/fase03/evidence/output/units/EVD-0050.signature.csv,4248,5a82f0114ba787f17b1a62ec485cd73334bf47d49dc3fdc85350535124e6414e
studio2/fase03/evidence/output/units/EVD-0050.txt,944,af47a4d746392f54ab9de0f91e5158ad38248399c6d4f29f10ca9392db54e105
studio2/fase03/evidence/output/units/EVD-0051.evidence.json,179255,4e95adce41c37f6b312c3c57137db5c3502ced3e787915215b37d88dc73f5afa
studio2/fase03/evidence/output/units/EVD-0051.features.csv,6574,8328fcecc2d7bdbc26f51d724c20f6582fd27f20bced8c11f1bde02489029379
studio2/fase03/evidence/output/units/EVD-0051.signature.csv,4246,06cb755a31fb7d1b9709784b9ce7f8893c68cc63c8b085e66253ecf59ef95a25
studio2/fase03/evidence/output/units/EVD-0051.txt,944,0546eaaafae7b659ae35848067a5a744f0d79427cd45bc63c2210dff5181f228
studio2/fase03/evidence/output/units/EVD-0052.evidence.json,179222,a81a3d72d882c2d80813024ec925d0b5a912445377cc9f9624b7145fd680dbb6
studio2/fase03/evidence/output/units/EVD-0052.features.csv,6535,f25acf271e8a458bc883ed99b4e6cf4b00d87f9a2719752b1eb9b6eccbaefbae
studio2/fase03/evidence/output/units/EVD-0052.signature.csv,4248,48cfcd439fffd7317dffc42221a50674515a65ffcc7805898e4942c6a8dfa37e
studio2/fase03/evidence/output/units/EVD-0052.txt,944,9c0c9f105563eb8cbe551d29c574a0d600bd6d9a8ff21529211814982ec2fcb2
studio2/fase03/evidence/output/units/EVD-0053.evidence.json,179221,924451bb4c799e947f07c0e5d947941e2768808e1aff003d74c7bf0f81eb9b19
studio2/fase03/evidence/output/units/EVD-0053.features.csv,6557,038722e9b3f8307716c07f127f41e30eedb91ca3897b39e488ee349bb1408ac5
studio2/fase03/evidence/output/units/EVD-0053.signature.csv,4248,48cfcd439fffd7317dffc42221a50674515a65ffcc7805898e4942c6a8dfa37e
studio2/fase03/evidence/output/units/EVD-0053.txt,944,39379254310a72674d4daa225d315767c1cd6e2c3e03ea36aee89841b24b063a
studio2/fase03/evidence/output/units/EVD-0054.evidence.json,179154,40320c86da42869b90dbec4aba5d9849e5b983577923ae24ee084a7e73204e28
studio2/fase03/evidence/output/units/EVD-0054.features.csv,6543,ad2d1bd9bef65558715eefb442665c2c72e8af6c8b03997c9c2abbaea3306460
studio2/fase03/evidence/output/units/EVD-0054.signature.csv,4248,42ed2c8ff4dd14f1a98844512459bb60bb3ce2e8d759e2bc966e21aae952d3a6
studio2/fase03/evidence/output/units/EVD-0054.txt,767,06cd8be48ee1c27037b70714ab3126dc3e65dcc18c828d8d47c851245b74ae57
studio2/fase03/evidence/output/units/EVD-0055.evidence.json,179221,2f267b3a555d186116c001d780e495b26a93ed1a95290eb33596e489d9264a96
studio2/fase03/evidence/output/units/EVD-0055.features.csv,6544,30bc9a1f68420e39f0c0999a8d4deb69553c3daa32038103fe386e3a7702f7b6
studio2/fase03/evidence/output/units/EVD-0055.signature.csv,4248,48cfcd439fffd7317dffc42221a50674515a65ffcc7805898e4942c6a8dfa37e
studio2/fase03/evidence/output/units/EVD-0055.txt,944,c5443968ac7e2bb63d0b098bd0678fd95871ce8c27ad7367e95795ab28035a2e
studio2/fase03/evidence/output/units/EVD-0056.evidence.json,179178,e4d33fbd9912afd0fe3f9cdeefc6d781de27d44acdb8c18b353cab4b8a62f779
studio2/fase03/evidence/output/units/EVD-0056.features.csv,6501,72bf2955c46b764c7db14d6edd99b5ad2a0d2c1509d638058571be24b17c2410
studio2/fase03/evidence/output/units/EVD-0056.signature.csv,4250,cb3b84b6d9d98518b564e3436fc0e8ee74638debc7f9678ebcc597959e264d97
studio2/fase03/evidence/output/units/EVD-0056.txt,792,bc0e282f38cd33907c9ffdb4638b44615286b7aa9cbb0e3f3796c0ad1f2ce6f6
studio2/fase03/evidence/output/units/EVD-0057.evidence.json,179262,04bb1a2726120301dab48d1bb261f61acf0626c41b7fbb3882edd649e001192b
studio2/fase03/evidence/output/units/EVD-0057.features.csv,6558,cee4bb09c7f7145d623d588561c2daf149444501de443a0ef564a3a15d26266d
studio2/fase03/evidence/output/units/EVD-0057.signature.csv,4248,f05cca4156c590f7bfc5850e610ce1ee3cc82af4391e09fe6704d6b0865bd49d
studio2/fase03/evidence/output/units/EVD-0057.txt,944,56bcaa2279b250f57e606d4dd690f3d327fe4124606344cff578e505fc0806ac
studio2/fase03/evidence/output/units/EVD-0058.evidence.json,179198,7d35f21c25ea0945475aadb30516e7bf1d3877a4ace84a47295105cc27a85f7e
studio2/fase03/evidence/output/units/EVD-0058.features.csv,6520,ae8b6b949fc4d4661bc829561ebb2391b08c20901f6de21d09a584898d6ded6a
studio2/fase03/evidence/output/units/EVD-0058.signature.csv,4250,0440c586e0706b1edd77002e077b7ed20cb620774f0a11233cbd2d75be7a0645
studio2/fase03/evidence/output/units/EVD-0058.txt,792,9dd1a7f5ca3b0cf201b8f6804043803c49463eccf3ae1f4ffcb5e2131e931e80
studio2/fase03/evidence/output/units/EVD-0059.evidence.json,179227,1fd82453e324ab013596db333c9b2deb5d0b7023696f77e02d4092bd37333609
studio2/fase03/evidence/output/units/EVD-0059.features.csv,6527,ee04105f1c30028329c5d1e6ed8b4922e3ceeecf05dc121cb93f686d9b91e5c1
studio2/fase03/evidence/output/units/EVD-0059.signature.csv,4248,cfce251ef510da78e65069cc5e61af896144d77417370483d71071ec7490413e
studio2/fase03/evidence/output/units/EVD-0059.txt,944,e19a0b879432ce5dfe97f07795f47ba934c10df498f5cd488d74bfbcec428231
studio2/fase03/evidence/output/units/EVD-0060.evidence.json,179267,9cd965d0d9f0b2c2a581240bc1ce02ea98f384be90025859ed0e7275275938fd
studio2/fase03/evidence/output/units/EVD-0060.features.csv,6511,1df2765513dbe9788247891e194e259e58f72854f3dea528344e2c1c0f125ffd
studio2/fase03/evidence/output/units/EVD-0060.signature.csv,4248,99b2548ebaec1141cdabc3b899106ee9d5b5635a8e1ed6860e4c06f3d5fd172a
studio2/fase03/evidence/output/units/EVD-0060.txt,944,986eca31fc68d959f38cee4776b2525feaef5c8d40859dc450c257d404109a85
studio2/fase03/evidence/output/units/EVD-0061.evidence.json,179262,fc43510931cc6e6f452706758414c3dc04dd485c15997dd97ca019bc10b3f351
studio2/fase03/evidence/output/units/EVD-0061.features.csv,6488,9bc9515f55f5c8eb7f6b0a28084e5915bbea00082dc63d119199bdb9d780251b
studio2/fase03/evidence/output/units/EVD-0061.signature.csv,4246,9bde1f84e9bf5cc41321f0faf8ef5e0f1724fbb62589ca5359cc2cef856e370a
studio2/fase03/evidence/output/units/EVD-0061.txt,944,1e0f3b0f57d16e881b12d1463af673d6d2abdae1078dcfc7eac7b6ac8b5a4421
studio2/fase03/evidence/output/units/EVD-0062.evidence.json,179167,a4d364abfb8d2125f539b5fbd01ab2e6309bbd724cec9ecbfab7fcb28214b1cd
studio2/fase03/evidence/output/units/EVD-0062.features.csv,6514,25bd563b2eba3af9f1d02eddffd8ff1741dac8418fe0223c355013c1627fd0b2
studio2/fase03/evidence/output/units/EVD-0062.signature.csv,4248,735a1ce176bd9848c2140dc64f31644c6211b659e484f5eb0d90c305426c5a38
studio2/fase03/evidence/output/units/EVD-0062.txt,768,40c08c0b1095f92ce7d2096d5cdd303dc0a39d3dbfe56f0f7374fbe2eeb56802
studio2/fase03/evidence/output/units/EVD-0063.evidence.json,179152,d92e454e71cda1a8f613bbc1e20da4ebf0ba70304816216e9bb2a7f0c3e2218a
studio2/fase03/evidence/output/units/EVD-0063.features.csv,6520,2efaa3ab912cd8d99ae730dde5a306269f1235aba6d34a26c6be3a5b03b348ef
studio2/fase03/evidence/output/units/EVD-0063.signature.csv,4250,49ba00120fe3d1e8a6ca08f9b7e80ddf6a4ca65a735f368c168e85801d897e70
studio2/fase03/evidence/output/units/EVD-0063.txt,616,97f7def1914cc554f0823e07f70225a259760e40c5895f0c931e44209294b411
studio2/fase03/evidence/output/units/EVD-0064.evidence.json,179209,3a83bda92fa5d582efd7694ef0cd1c4feddb3d1a1d124dbf19f25c4c54803126
studio2/fase03/evidence/output/units/EVD-0064.features.csv,6496,24fe388a94552697b2313f71f920d3761c1a9b288d0c1bde7da607862a89c8c2
studio2/fase03/evidence/output/units/EVD-0064.signature.csv,4246,b1a987b4e6669674395b9efe667ea0fbed51624ad7faf618b85da9dcb4938d1e
studio2/fase03/evidence/output/units/EVD-0064.txt,943,dd98d0cfe5d684d84d60ac7f6aa975967737681fd263633fd889ad5cfa6ffce6
studio2/fase03/evidence/output/units/EVD-0065.evidence.json,179219,ca0a3b4126d59141f0f35e8398dd1653f62607672c20943bed93499c8213b065
studio2/fase03/evidence/output/units/EVD-0065.features.csv,6515,543c5ce800723a1d11373e293acddb7503cd2b6d70653073dd94d08e70b9b82e
studio2/fase03/evidence/output/units/EVD-0065.signature.csv,4248,cfce251ef510da78e65069cc5e61af896144d77417370483d71071ec7490413e
studio2/fase03/evidence/output/units/EVD-0065.txt,943,2b62f5f04a8bb50386b7905961a375e7792c15230e02bd53be31f99a87df2b7c
studio2/fase03/evidence/output/units/EVD-0066.evidence.json,179201,219f06641592cc7d0322b22126301c2506f79cca1616863e971497737d36afac
studio2/fase03/evidence/output/units/EVD-0066.features.csv,6533,b218bc4ce2bf0352183f23061271efb454bb296d45f805dc9aa636a569721059
studio2/fase03/evidence/output/units/EVD-0066.signature.csv,4250,bc187d35f02645059a99eebd7d784c4fdd80ee17dee4d76e07631778b8aea71e
studio2/fase03/evidence/output/units/EVD-0066.txt,793,f860e26df6fd2b1e26095e014a74c6f5e7e753e64600febf2ac9c957274c0bf4
studio2/fase03/evidence/output/units/EVD-0067.evidence.json,179235,7e455448278e67c3d3ff92911478d28a75bd4051f0f48bc352da67da74c8b7b2
studio2/fase03/evidence/output/units/EVD-0067.features.csv,6517,47934f36cb9a85255334e10feb6c2414a8693822e36cf53aa97f01cb7a0cfd5d
studio2/fase03/evidence/output/units/EVD-0067.signature.csv,4248,fe15ff7daa7d0ee11cd5ffe58150358c924f3c1f79dba760eb44a381fe1e4a39
studio2/fase03/evidence/output/units/EVD-0067.txt,944,9558b9761003bc4b0e75c323b1ee96179e21197784f77cd0301c0c041161ce85
studio2/fase03/evidence/output/units/EVD-0068.evidence.json,179199,c34b9182c0bb710a913ba2caa55de51f9beadf04137c7cf1bd5f07bbc434d22e
studio2/fase03/evidence/output/units/EVD-0068.features.csv,6510,b6c2d63d87a51eeff5a12a74a3be32c6a1b6a448bb91ee4eb56f24eb59ba7a9d
studio2/fase03/evidence/output/units/EVD-0068.signature.csv,4248,d5f6958be0b0b938893cabe1615634b6771425d2c40821c6f8126a020776b683
studio2/fase03/evidence/output/units/EVD-0068.txt,944,f345d68b0693f7b8513590b87237f86e92e2125edac75203d7629b356e68d687
studio2/fase03/evidence/output/units/EVD-0069.evidence.json,179179,df4b9cbbe086d835830e4cee7aa3249b5e6974bb55bf70126f8a178e0fcded11
studio2/fase03/evidence/output/units/EVD-0069.features.csv,6507,762871f6b1aaa0d715cd1283697383eb5064398b3c2d9fe3bafb430f2c646991
studio2/fase03/evidence/output/units/EVD-0069.signature.csv,4248,013d09f4b6c8bfebafe8975efd72fce338cf8229b3e1dead1a2ca8005811815a
studio2/fase03/evidence/output/units/EVD-0069.txt,944,5accf8caf2b61ed078d07adf39d5496cf163a0c9581a5045122a0c54fb7b3ffc
studio2/fase03/evidence/output/units/EVD-0070.evidence.json,179221,3396cbb418dc436ef19a67c751306f5d79bb248896cddfd8307b2adbc9813e1b
studio2/fase03/evidence/output/units/EVD-0070.features.csv,6496,5fd1f32ed04fe3498fd950d818f22c419ff5faaf9f460a4a9917d2334cb9e1e6
studio2/fase03/evidence/output/units/EVD-0070.signature.csv,4246,6b059bc40a4b2d255dde3fb52b53decc45b74350cb2ff7513e2c411eb38ffd93
studio2/fase03/evidence/output/units/EVD-0070.txt,944,71664a41ead6c4cc5af014a7d7336e0e10d14beefe9346afd9b02124098ccf8b
studio2/fase03/evidence/output/units/EVD-0071.evidence.json,179177,3f7054b142150d643d4d4af9693def5d2cbef0f1dd88872623693ae72e3dd733
studio2/fase03/evidence/output/units/EVD-0071.features.csv,6505,d48960cb2eb4f3609b4b5728d96bb6f1d2f6b0c88080be5e87410a242afedb99
studio2/fase03/evidence/output/units/EVD-0071.signature.csv,4250,cb3b84b6d9d98518b564e3436fc0e8ee74638debc7f9678ebcc597959e264d97
studio2/fase03/evidence/output/units/EVD-0071.txt,793,ac1d3f26baab46684c606c2ba6c2ef6bd0343a8a876d9fca0a33e9ffd0ced196
studio2/fase03/evidence/output/units/EVD-0072.evidence.json,179196,011bad4549230ace169777beefdb69ba8ea486a0d86b3a1211b1433c1d3dd3f2
studio2/fase03/evidence/output/units/EVD-0072.features.csv,6523,b6a7b6269f5b59e6cd04db5e2037ac5ca3bc59fd457de378b621ba258a32f1d0
studio2/fase03/evidence/output/units/EVD-0072.signature.csv,4250,cb3b84b6d9d98518b564e3436fc0e8ee74638debc7f9678ebcc597959e264d97
studio2/fase03/evidence/output/units/EVD-0072.txt,793,3bb4ba17ebe08fb7c53807eb5aad365150ea74de4c5d3346e0728293f161022b
studio2/fase03/evidence/output/units/EVD-0073.evidence.json,179158,b043087e57d7f871dd590fb79a5e45f49e38555b176b21a7f090ac8b10e13620
studio2/fase03/evidence/output/units/EVD-0073.features.csv,6508,89e427a8a52e903b69fbbc59894e357399c43f40e0f378dfa9bc3edba8da719e
studio2/fase03/evidence/output/units/EVD-0073.signature.csv,4248,7ad328198ec9eb866b310f18233ef6b821f5f5745e4ff6e9b0f27a2ce8b7e6c8
studio2/fase03/evidence/output/units/EVD-0073.txt,768,a82652767b9f3e477238ecc43d62060d28dcc01eb3205474c4259499575f4212
studio2/fase03/evidence/output/units/EVD-0074.evidence.json,179232,148211920346ed36900db351a87faf67e81694bb5bd69d56c057b8f3b2b0835a
studio2/fase03/evidence/output/units/EVD-0074.features.csv,6524,995368a9a54a390a4b91f39329eef0b5a5dd54b911da63de89f12c36ce680e37
studio2/fase03/evidence/output/units/EVD-0074.signature.csv,4248,fe15ff7daa7d0ee11cd5ffe58150358c924f3c1f79dba760eb44a381fe1e4a39
studio2/fase03/evidence/output/units/EVD-0074.txt,944,f2a8d0aac9a9b72403b04e8e8e374a646b255e0b5b319a6df5993d35e68256c7
studio2/fase03/evidence/output/units/EVD-0075.evidence.json,179228,51dba5f2d253296f354d686e9fe438d0c8b5d1875200c9a0bc03394ba49e656d
studio2/fase03/evidence/output/units/EVD-0075.features.csv,6542,4c6ad8212380dda798f720669c8f5500928fb2fcc53f471e5c35b822b6d9ce77
studio2/fase03/evidence/output/units/EVD-0075.signature.csv,4248,48cfcd439fffd7317dffc42221a50674515a65ffcc7805898e4942c6a8dfa37e
studio2/fase03/evidence/output/units/EVD-0075.txt,944,6341065e800291d4575c55d466111391987af6cf3ea460a74663bbfd38c2b743
studio2/fase03/evidence/output/units/EVD-0076.evidence.json,179197,a8af0232536d94f50b016b4a684b4f21aa20fe1b1db1462e59bf2ff581b7652e
studio2/fase03/evidence/output/units/EVD-0076.features.csv,6519,730846aa60db7196df799a5edf30bff80d5f7ace087022a894c746da661f6b08
studio2/fase03/evidence/output/units/EVD-0076.signature.csv,4250,bc187d35f02645059a99eebd7d784c4fdd80ee17dee4d76e07631778b8aea71e
studio2/fase03/evidence/output/units/EVD-0076.txt,793,eb8432f9a60e286f9f4640c465bb5cf4077b0813e7b7fa21b3e64e1023ca2554
studio2/fase03/evidence/output/units/EVD-0077.evidence.json,179216,4ed1a5a2ba770307a2a81858504ef86a68b3b8dff7f041bc9fb2d6f54ded3c18
studio2/fase03/evidence/output/units/EVD-0077.features.csv,6498,7c8ed10c15caa597aae0a8dbe3c9d9fe210d564d10aae3ccbe2637e97de1423e
studio2/fase03/evidence/output/units/EVD-0077.signature.csv,4246,6b059bc40a4b2d255dde3fb52b53decc45b74350cb2ff7513e2c411eb38ffd93
studio2/fase03/evidence/output/units/EVD-0077.txt,944,9fc933545f0cb41343f61b15032709f49ffee5d901c9f5d818ce9d7c6c249bc7
studio2/fase03/evidence/output/units/EVD-0078.evidence.json,179172,f33c7c5bb09a215e0e60b0092426576535ad24698b98b33d0cf42de77e6b44c7
studio2/fase03/evidence/output/units/EVD-0078.features.csv,6556,df66543703008209cff2b36cec2d31a7ef2dc5d54b8fe65fc0b5f8d115371dfc
studio2/fase03/evidence/output/units/EVD-0078.signature.csv,4250,fb988371358b74eef26a5f84d62f47fa74c240ab0d6ddff56ca5627b95d29e0b
studio2/fase03/evidence/output/units/EVD-0078.txt,616,01c49a04c14743bd1e63c39a0723c09caa5f0c1d41b5b9245ef79ed25820fba8
studio2/fase03/evidence/output/units/EVD-0079.evidence.json,179225,7e3596034cd48481cf60e023d83e56259118fbf6bf250ecf5c7baa17d63c592d
studio2/fase03/evidence/output/units/EVD-0079.features.csv,6562,48f4693f97c8456b8a7b2d992d67ef24e82d4c53f626214e95dc12839960a79c
studio2/fase03/evidence/output/units/EVD-0079.signature.csv,4248,48cfcd439fffd7317dffc42221a50674515a65ffcc7805898e4942c6a8dfa37e
studio2/fase03/evidence/output/units/EVD-0079.txt,944,47d7f3814e7ed3beb1dfd49cccafad4d138ab77e8293d3de13bb2346b29d7d54
studio2/fase03/evidence/output/units/EVD-0080.evidence.json,179225,3f9099dd54ce802eca68091f447eeb620dedb8e1b4c5769044b97ba3a8c3b9a6
studio2/fase03/evidence/output/units/EVD-0080.features.csv,6536,e897319ef621ef7d4e89447c0f99c7b90765fc8c532e3695c1533ed5b7c4994a
studio2/fase03/evidence/output/units/EVD-0080.signature.csv,4248,cfce251ef510da78e65069cc5e61af896144d77417370483d71071ec7490413e
studio2/fase03/evidence/output/units/EVD-0080.txt,944,4012fc7d15bb3e8d453faaf9d3e916e1a1ac6d45fbcba627d850a2105bc961a2
studio2/fase03/evidence/output/units/EVD-0081.evidence.json,179165,ff378b45649996cbbf80c4971803298bf384dd24656342b3a69507a7cc843f35
studio2/fase03/evidence/output/units/EVD-0081.features.csv,6379,3c79da260da79303f8bcde51200ad6e2bc9e84c3413c27fb808564ec195f08e3
studio2/fase03/evidence/output/units/EVD-0081.signature.csv,4196,251fb99064b3476e976e3200b80950974753159f2da7330d2dcb664d2b5a2617
studio2/fase03/evidence/output/units/EVD-0081.txt,941,ef2206bafb597c14599d9d9bfae3fe20296f8a134ea459c8c7f0030eecc3dc64
studio2/fase03/evidence/output/units/EVD-0082.evidence.json,179042,15d9aef68efe8fdc6d0723099f26ff61d8d64b5c96d1a0b66f14846d9183dc89
studio2/fase03/evidence/output/units/EVD-0082.features.csv,6382,248acbd00fc2ece8ec207b755b3dc46dc4048d4cfd1e04a11f31c01e0d623f18
studio2/fase03/evidence/output/units/EVD-0082.signature.csv,4176,b3e892e3646e2b1b6193f896c0f377c109a1f330231de60d567f7ced94f275e4
studio2/fase03/evidence/output/units/EVD-0082.txt,941,5effecc518adef94fd156acd4f2d299d6d728076c3f3709c7579f454d771bf55
studio2/fase03/evidence/output/units/EVD-0083.evidence.json,178989,fad1ffe17b4f78c820227e83e36bfc5f12047c7eeffeab12322e8626b82de698
studio2/fase03/evidence/output/units/EVD-0083.features.csv,6361,d50381d1f737bd31d43cfb427b2a2c1615571098612ab3c7def7e4960a1abf3f
studio2/fase03/evidence/output/units/EVD-0083.signature.csv,4178,a2daa71bdcc979477ecfe6d4bda7ffb0eabeb7d071c48243b988be048437774e
studio2/fase03/evidence/output/units/EVD-0083.txt,942,38abf45e11e79ac18aefa971320712f402234e8a77b430eb476f44dfa95f3e02
studio2/fase03/evidence/output/units/EVD-0084.evidence.json,178864,b775b12dd6fa5dfd105482136545197fe02af55812af94a14e33bc1ab08f39a3
studio2/fase03/evidence/output/units/EVD-0084.features.csv,6322,b2c26883d86f17d59b77206861f6113a4f2e7a4fd3d28b99f730c2cb6b40137a
studio2/fase03/evidence/output/units/EVD-0084.signature.csv,4154,bf2fb8b650fa94831960b231bff7a455da9d60cef4a76c0ee37e19dbaa52180a
studio2/fase03/evidence/output/units/EVD-0084.txt,944,75a482f97c332a06f8b27230848238d4aee5396d6f64210d06ca2f0329da47d5
studio2/fase03/evidence/output/units/EVD-0085.evidence.json,178924,1409ad9f2b2376e47f67d1a2ce2bcc643f3f0bff074a9c111be60794b2dd56b6
studio2/fase03/evidence/output/units/EVD-0085.features.csv,6346,3bc238d638f10db7da0c5508bc29ead2badeb7c04eb5d1ff369326e513f9f70e
studio2/fase03/evidence/output/units/EVD-0085.signature.csv,4166,4003cc32e2a5057b80092a95f7fb767795c2fefc6721da5fd26656526b594c8e
studio2/fase03/evidence/output/units/EVD-0085.txt,944,c766b773d5f00a2644284bc92ca853d1fad202985b0e028263b21990a88ab9c6
studio2/fase03/evidence/output/units/EVD-0086.evidence.json,178981,45bce818e34566ca93a6b55fecacd60826772e39bc8bf9595a4228ce6cb1dc85
studio2/fase03/evidence/output/units/EVD-0086.features.csv,6315,5760adf99c463a35fa2aa8a4969e0b4a9cc143583e78119a3fd1ea7dabe0cfd2
studio2/fase03/evidence/output/units/EVD-0086.signature.csv,4160,c2fbbeae9a7d1ade3d1974cdf7dc9e1d35088ad06b78156b71314e054294a773
studio2/fase03/evidence/output/units/EVD-0086.txt,941,629c436487663f1965f5f09ad66bded216795c0c7d821d3964e443370ac96f6c
studio2/fase03/evidence/output/units/EVD-0087.evidence.json,178933,5e97119bee2780dd4fe12b0ae06898f1277e6fa494309afb73a6e62bffbe9591
studio2/fase03/evidence/output/units/EVD-0087.features.csv,6333,fe768598bd0382f57aed681237beb4a42793c17c58d20c70aacca0dff80bcc50
studio2/fase03/evidence/output/units/EVD-0087.signature.csv,4142,b254458b2bbe035d849e57944492056d911e2545cb8437558775597372e6f945
studio2/fase03/evidence/output/units/EVD-0087.txt,940,d7b546676030311bc17b1ebe89cf78e866fcc170a0c094510c114a93fcd5d0e7
studio2/fase03/evidence/output/units/EVD-0088.evidence.json,179034,c2029aa912763a752b4e2acf5141f8d2c59a0fdf89d98c902723f1d1ec40e375
studio2/fase03/evidence/output/units/EVD-0088.features.csv,6355,78da024284790d1df6fa5d33a2ce868f6b2edaa355330bec245bd06ed45a4e5c
studio2/fase03/evidence/output/units/EVD-0088.signature.csv,4170,f4fcf9c15af2879040e9e8a1e12b2d92df436637e65c4d2e52941c74725ccdfa
studio2/fase03/evidence/output/units/EVD-0088.txt,939,6b3f746bc507b1b8ef8996f9ac24f838f5597587feeca932318d1cc63dc3c821
studio2/fase03/evidence/output/units/EVD-0089.evidence.json,178958,f1b9b74d757e063b0f359d211ce2b05093645ff682bbbfd54484ad316af12899
studio2/fase03/evidence/output/units/EVD-0089.features.csv,6340,9f2a6bb6a729fe2bdcee6df919a0e87f1cefad371e18d7f91f553f6295b561ae
studio2/fase03/evidence/output/units/EVD-0089.signature.csv,4174,d48e41371838828adc0ad5b95a1c34820a31e1b5c73ba4e238637345e4c03da1
studio2/fase03/evidence/output/units/EVD-0089.txt,944,bc7328933d2eeb967c46541534699c54488a6d23b5ea0f5c4b116597b0465d7d
studio2/fase03/evidence/output/units/EVD-0090.evidence.json,178950,dd266f0878431afac9861f2798152f4abcdca23428b13ff91e51ee08298b9c62
studio2/fase03/evidence/output/units/EVD-0090.features.csv,6358,3fee5f7ff007b1119bdb3a5efa02464592d60148b5993a3f03ac0a71fc04ae52
studio2/fase03/evidence/output/units/EVD-0090.signature.csv,4160,84911d50d7bf0158884f6882fa54fcd11f6247d7a8b0a31665fc837db879daeb
studio2/fase03/evidence/output/units/EVD-0090.txt,941,34703d6d2c408e9990aa0e5fbbe82884b35e19182e3c6194aaef3ccbec6577b6
studio2/fase03/evidence/output/units/EVD-0091.evidence.json,178927,0455e6ff898b81c604af79280d680cb27815fd586e6768d7fdb75ca352eb56e5
studio2/fase03/evidence/output/units/EVD-0091.features.csv,6313,086f5284be171c3c7c2a012060fdb7adb6459f84a844620fcb3e4dbb58f94415
studio2/fase03/evidence/output/units/EVD-0091.signature.csv,4146,c94a375fb95eb9a9de618f1024b93c832f28d922040f8045edaff39e9d55efb2
studio2/fase03/evidence/output/units/EVD-0091.txt,941,48bd77d0e5550d72d2cfd95eb3039cd3332d2ef7f00ebf0104fcf7d02805900d
studio2/fase03/evidence/output/units/EVD-0092.evidence.json,178782,a26ea22e87b6bb37b89df8bed18a5dd46ded43412a674c2317ebfbc334d6fa34
studio2/fase03/evidence/output/units/EVD-0092.features.csv,6301,f7775ff17afbf69c1ba234b26cfca2314668c9928554ffe5e29637ad50f14223
studio2/fase03/evidence/output/units/EVD-0092.signature.csv,4144,c6c4ffcb2c2fc8cecdbd581f21503b537c6e2e023df10160cff1b4fe05dfd39a
studio2/fase03/evidence/output/units/EVD-0092.txt,765,7858abb7f028e7baacb6832ebbcaa58965d6780d0b1a556b2ddcb3fad4afe821
studio2/fase03/evidence/output/units/EVD-0093.evidence.json,179007,20d88d6ef6de2dca7de0c6b666ba9381f10020254fbf39ccdff4fd6ca876593a
studio2/fase03/evidence/output/units/EVD-0093.features.csv,6360,338abc99e23bfddc31000296c70c1bbed1a7ed60002dbce4da62be85d691d0c6
studio2/fase03/evidence/output/units/EVD-0093.signature.csv,4164,8f4db7a992d52dd48758d9f1faf58f9b395af9b5d64999efa998600c8d1d69bf
studio2/fase03/evidence/output/units/EVD-0093.txt,944,551d390ef835bf62b72aa97041451b7cde27517bd9e347f0f27ef18768b236d3
studio2/fase03/evidence/output/units/EVD-0094.evidence.json,178953,a96810d7c1f7f7405eb3b0332a869542fc1070aea88e5561c1859923fadf36df
studio2/fase03/evidence/output/units/EVD-0094.features.csv,6324,acf1efa1684a1b61f9a985b5b496cd1ec9b26e1ebe40dae8e2688aa7ea21e6c6
studio2/fase03/evidence/output/units/EVD-0094.signature.csv,4152,4baf9187392d2e716773f17074ef9a526d214b4e3f9e0c877bd128e480dd4dd3
studio2/fase03/evidence/output/units/EVD-0094.txt,939,5dd11f15684d83347ff3c99484d1da9fce2c3545c8f7f549c2ad9fe92010a17d
studio2/fase03/evidence/output/units/EVD-0095.evidence.json,179011,4793a93a89b60b7c39efd04695f36cbb9b57c87a05b9f3b7952d8185121ffd48
studio2/fase03/evidence/output/units/EVD-0095.features.csv,6332,b5316e4dbb05a9f8094eea662cbd60c7493cc98dd645c8638af634be18379851
studio2/fase03/evidence/output/units/EVD-0095.signature.csv,4170,98a03783d15b5ee01b0238366fc4c56f36b600ba222f90781581f94a79a558a0
studio2/fase03/evidence/output/units/EVD-0095.txt,944,e2d5c3fa05870ba85044c4e56f9f1737a966452c8cc1c9efdca5ee816108b662
studio2/fase03/evidence/output/units/EVD-0096.evidence.json,178941,4dc7dd890d640da62bdf7f556d15396b7a0f0dd5ce8db2fe2996488cf28b73c6
studio2/fase03/evidence/output/units/EVD-0096.features.csv,6332,20b7cfa3628831afdbcadb1cdb9d4348fcd458f1bb7ca38be2064edbe7faf856
studio2/fase03/evidence/output/units/EVD-0096.signature.csv,4148,59bab16a6a62d5187c7deabf1238cc7876d5e0af427a8b37369bd77fffe573b4
studio2/fase03/evidence/output/units/EVD-0096.txt,941,b8184b8bd57aaf5d0321e4f42bdbccd1255e9937c0ac745118d86265f7dc0e41
studio2/fase03/evidence/output/units/EVD-0097.evidence.json,179184,57995aab20707f66988eaf5c8de0cdcbd928b0381b969959fed94cb299c8fa85
studio2/fase03/evidence/output/units/EVD-0097.features.csv,6385,27bd74ff88c2bca39300c6e0ff34ba6dde1e76e4026221097323b339538cc9c0
studio2/fase03/evidence/output/units/EVD-0097.signature.csv,4204,f74bc825132c719f62831fde03d89e4c7fceb6890c54a246fb90370dd4e378a9
studio2/fase03/evidence/output/units/EVD-0097.txt,941,8ace596b03b006cc21cba8bdf5894e3b0c4fdf2e38c900784257b919f378e346
studio2/fase03/evidence/output/units/EVD-0098.evidence.json,178989,189d4eb3f1f2f205176fe66247f93baf3da7d90f6ccb760feea28a356bb905de
studio2/fase03/evidence/output/units/EVD-0098.features.csv,6337,0fecee505f222514f1ca8bfa85f975fa8a016e4be70edf1b5510e54d8a42a0e5
studio2/fase03/evidence/output/units/EVD-0098.signature.csv,4164,fcdb319b02459a3ef4d8a76fb7ca900192534a9844df79ca10c78811e231dafd
studio2/fase03/evidence/output/units/EVD-0098.txt,940,581a30da1fc5e2c53c2e559cd110f9c20889640439456e5f2bd1e775adb05d40
studio2/fase03/evidence/output/units/EVD-0099.evidence.json,178939,25994978732f60106bb4622db243feee37152e5ca02de2b0b573ce085aa2d38b
studio2/fase03/evidence/output/units/EVD-0099.features.csv,6341,c5d55e82b71275b307545f84cd4ce5d2bf88a9dd3211dfe2104187fa0446b3de
studio2/fase03/evidence/output/units/EVD-0099.signature.csv,4142,485097ffcdd1f4217ad28d195f1875889d13462267156bfe50981b93e8ecf47a
studio2/fase03/evidence/output/units/EVD-0099.txt,939,cde434c0caa7240f36d29434152a5b930ebd4c38f3aabc833a8eef31b49758d2
studio2/fase03/evidence/output/units/EVD-0100.evidence.json,178997,88b2696d2d97ef1975abc76d30a5273fdc3709426184f3d3609d424b0bb40198
studio2/fase03/evidence/output/units/EVD-0100.features.csv,6356,d11459335f382a880006eeaf36fc7a8449930b08d02a86606a9cc5a8b786352a
studio2/fase03/evidence/output/units/EVD-0100.signature.csv,4160,1c3a055d0c8baf0e705048359d053df6eb84d8b3c798a5d26cf78606670909d4
studio2/fase03/evidence/output/units/EVD-0100.txt,941,0b5d95270791c27e6dd4349ccd1d53f0aaa78f1f33d9392b5a91feccf217c160
studio2/fase03/evidence/output/units/EVD-0101.evidence.json,179010,94544c876b30d3bbf8411be7a00a820944baa7c7ae5bbbb524d99942df20c042
studio2/fase03/evidence/output/units/EVD-0101.features.csv,6389,0eb0f924d2cb9c022a5287416ed194f03350b5aa6dff4a0f40aae0bf625e606b
studio2/fase03/evidence/output/units/EVD-0101.signature.csv,4182,7f077873549f7d22573791fa7793e2162c3819a2cd9f1edb466abce8ab2952e0
studio2/fase03/evidence/output/units/EVD-0101.txt,943,b8724acbe2212c06049fe0ae1ba69f4a9e33e59188bfefe349c7cc236fa66fb8
studio2/fase03/evidence/output/units/EVD-0102.evidence.json,178820,9b15ca3faf077fe6250b5a32c2f5a2a602bc1fd4bfd69254b51d80515be973d8
studio2/fase03/evidence/output/units/EVD-0102.features.csv,6347,f965b08a6850e9155ab982960c85f432872f7167cf8264fbd6e0b7a2effb584f
studio2/fase03/evidence/output/units/EVD-0102.signature.csv,4144,293ef9b0e26671e45daa55d541ef227aeaece62671554dffba4259360abe7305
studio2/fase03/evidence/output/units/EVD-0102.txt,766,ee0fce4ed8a089289c7dea457547e9e9cd2c6b92ce7f2cbf052646503bae4973
studio2/fase03/evidence/output/units/EVD-0103.evidence.json,178961,fa50b934626f955416d3b579502843a3941bde3d6208cae26454104324cce516
studio2/fase03/evidence/output/units/EVD-0103.features.csv,6344,e576a971d50aac340de05f6883fd14295167433ac8f5ac4cd9648813d9b2d4ff
studio2/fase03/evidence/output/units/EVD-0103.signature.csv,4158,fdccba1186dd0189432faad224fec9f282feb64d1d9697428756589c7c018911
studio2/fase03/evidence/output/units/EVD-0103.txt,943,df0661fcfdb33698c35a3c432f9ccfcd8d2a89c8209f5615b9571b42910e40cf
studio2/fase03/evidence/output/units/EVD-0104.evidence.json,179001,44cbe351172080639d5dad1aecf00e8f01c1a3bbd2d9a01a0c385c3845cd6b86
studio2/fase03/evidence/output/units/EVD-0104.features.csv,6340,2711b92e2784471faa246a67a4e8d7d5618eecc534c78f5a1d48adc6da470fa1
studio2/fase03/evidence/output/units/EVD-0104.signature.csv,4168,60c486ad84656b26d2d9b231535d636e3384afa43f9d09fe7783f85883951c39
studio2/fase03/evidence/output/units/EVD-0104.txt,943,d20631af7140137c517e0afab07ed709f6fe82e37907fd86e9da348e5b346012
studio2/fase03/evidence/output/units/EVD-0105.evidence.json,179144,4af1589318d3f2228a681ef93c3daaf33580bc0773ec5fc22aec8163fba965a5
studio2/fase03/evidence/output/units/EVD-0105.features.csv,6481,6a5197d6feb298afd56f3a86e87572460368023e8e8916e35a8a1c74ce39cd35
studio2/fase03/evidence/output/units/EVD-0105.signature.csv,4242,55ffff385562cebf7c84c856f26bdacb8ae012804073fb0e85084f9d4469893f
studio2/fase03/evidence/output/units/EVD-0105.txt,676,90447d691278f84bb3caab1dd39cfbd9386308ef5e85d3ec9e5027153594af3b
studio2/fase03/evidence/output/units/EVD-0106.evidence.json,178937,2f64ff8cb6870fcbd15ad3dc8221b0bf688cc885f885802e88507c76de796014
studio2/fase03/evidence/output/units/EVD-0106.features.csv,6395,936f0866cc57d535122aa5564a97652f703ee0228f3945b71e46f6f59f3620a3
studio2/fase03/evidence/output/units/EVD-0106.signature.csv,4174,a4f5791d0a739cff5555eb4f84572ade3c824bc849ceb813308e007ae0b89842
studio2/fase03/evidence/output/units/EVD-0106.txt,767,15f0594d2375b3db81162be099915279c4c99db6cbcce80fd306f52e56d4007f
studio2/fase03/evidence/output/units/EVD-0107.evidence.json,179076,f7bc8ed1ab9618aaeef415deb709c0b0a92497015a0074e937de6cbb1dd6cc0a
studio2/fase03/evidence/output/units/EVD-0107.features.csv,6401,f30f82d97fc7eccbcfd45188b54959e9eb112d899424eda22903d4178de57f83
studio2/fase03/evidence/output/units/EVD-0107.signature.csv,4204,4815ce4388880e73c075947db2eddb448c25b825c240976b9e1e9239e8ec200f
studio2/fase03/evidence/output/units/EVD-0107.txt,822,0801cb594d0bea62fb56a7445205881a17fe39bc7f4e6570e7a09a35fd445096
studio2/fase03/evidence/output/units/EVD-0108.evidence.json,178947,55673b9e2c201aeb54e3710efb935c2e32e7f9a693c3875b65beb2d2dfc8e69e
studio2/fase03/evidence/output/units/EVD-0108.features.csv,6339,bf70b85e29993acb62300e58d53952c9183a25c0afb8a6e2df55dd3479378c4f
studio2/fase03/evidence/output/units/EVD-0108.signature.csv,4148,e847eb57237920416a00a33d6e3f5771ce7eeb96bc34b6d54f802c6512b2eaa5
studio2/fase03/evidence/output/units/EVD-0108.txt,939,2c42f31825cc46eb501da5a8bd75f348ee3343ae4030b5e28fc1bb850eb35d42
studio2/fase03/evidence/output/units/EVD-0109.evidence.json,178998,d9b3c6643ebc6623f6bc77f5b06e88f35c821c7f728b9d3e6d83ba1a5bc93124
studio2/fase03/evidence/output/units/EVD-0109.features.csv,6337,3e8c9a02ab1f84d2ebd1780fc92ed4d9c0a2f7b81885a6ded44fcd04f7015003
studio2/fase03/evidence/output/units/EVD-0109.signature.csv,4158,d9760acde8f4e6ad4653a42ec904ce07e3c815a3e242ac1640549338b318c794
studio2/fase03/evidence/output/units/EVD-0109.txt,940,8aa39292e95c92bfe36cad7ae6fe5b74bfb66b89c1173bc82717410403bc1ee2
studio2/fase03/evidence/output/units/EVD-0110.evidence.json,179000,f4d3f06dfee98538b9235d27f0de8a18886572299ad38dcad11d9425ccd1e103
studio2/fase03/evidence/output/units/EVD-0110.features.csv,6351,368ff1127061c7b4dd79016ac7d55cdb710084fbaf6f54d4081f738bbc8449a8
studio2/fase03/evidence/output/units/EVD-0110.signature.csv,4170,a284928f77da89297f6ea343463a76a7b17a31eb1eab60feb7bde4053a271fde
studio2/fase03/evidence/output/units/EVD-0110.txt,943,907bf426e803eeea85b2e675e2d5f1f9a6d8c6c6ccccba41acba2ef4cb7141ee
studio2/fase03/evidence/output/units/EVD-0111.evidence.json,178953,f6473e23265146314c4a006730f86b8b0e9852575324fd521bafa0b40782237c
studio2/fase03/evidence/output/units/EVD-0111.features.csv,6349,3107ab65d417ad3e4c35681bc1c890e9657fd4c9f36b2047cd6c4726b61191ce
studio2/fase03/evidence/output/units/EVD-0111.signature.csv,4176,47dd3159e858ac6fb759f3dfd82f72053a219b869f811a3cc4ef90cad26f88f8
studio2/fase03/evidence/output/units/EVD-0111.txt,944,a766d17b1c5ccfbc1398802c7be2040b26907fa8151e15e99157e57da443d5ba
studio2/fase03/evidence/output/units/EVD-0112.evidence.json,178885,9de5f767a52e99709b28b5a88aad9b62d610df4a0db94f4a6a0ad5d83a42feb3
studio2/fase03/evidence/output/units/EVD-0112.features.csv,6341,8b008f875bde4a969633ebf14ae6cf15a16d532f3154c6b70706fe9d8a0605d7
studio2/fase03/evidence/output/units/EVD-0112.signature.csv,4158,49f7ed74905081cd2f45e428d6eb2beacd8167c2963456186f39d739afea7865
studio2/fase03/evidence/output/units/EVD-0112.txt,943,2ea0371e56eb2635a71640ebbd188c1f204d2cbff6ae80b21752c5f298af1e40
studio2/fase03/evidence/output/units/EVD-0113.evidence.json,179046,91a1a239ba3849316676be15b9c55168f3c677d9a46ce6973087694bcee788e5
studio2/fase03/evidence/output/units/EVD-0113.features.csv,6353,de7cfb3bef45d787c87fc89b18385ba8482f43c0c25b566f640463f46cd3cb75
studio2/fase03/evidence/output/units/EVD-0113.signature.csv,4170,1c33483d1f86324b3e627ebeab1f73ec11027a9e263ae399aa44e6871ae2b80f
studio2/fase03/evidence/output/units/EVD-0113.txt,941,ea8fab4f2bf5abe0d20fd3293e1831993f00f66430708e20988390be884554fc
studio2/fase03/evidence/output/units/EVD-0114.evidence.json,178947,f358e4e6c389e0cec8b7f6133a15314834970809652932aa9b4b1c485e7b9d39
studio2/fase03/evidence/output/units/EVD-0114.features.csv,6333,73de87287f9e1ca9d0b8778126dfc4b9d19ca4cb857ab36980ce141b76f2c679
studio2/fase03/evidence/output/units/EVD-0114.signature.csv,4154,41fc85bf92c5b80123b261235c70179036e18c2aad4d76e9272861a26a2489ca
studio2/fase03/evidence/output/units/EVD-0114.txt,941,041d1dad0ca934ae09c295e518fc5af3557e6ed8128c146a7f036f1e0ee28865
studio2/fase03/evidence/output/units/EVD-0115.evidence.json,179004,415dc193f6b4c616b81dec6b5629b07a13f4f0f329d0cee32fa702f93580cd27
studio2/fase03/evidence/output/units/EVD-0115.features.csv,6357,dffbfdb1add3502d9d96fb7cb25e753351d72d099d2ae1f3be61f532bce5f78b
studio2/fase03/evidence/output/units/EVD-0115.signature.csv,4160,225c773db9fbd7788d2fa0bce4a5e0caec9e8383797de36d13faf29c3b33d557
studio2/fase03/evidence/output/units/EVD-0115.txt,941,e05b20411de461f544d1a4fc58277645073003fe9e7d633c69265893ce6b002c
studio2/fase03/evidence/output/units/EVD-0116.evidence.json,179116,c4d34394faa482cfa3d2c4877dbfdf4c0a3360e537f893db32b8bcf9e358f8c9
studio2/fase03/evidence/output/units/EVD-0116.features.csv,6385,886b3458e962a2d2cbfbc29bd98cd1fb09a5b121f35372663626dbb2e808f45e
studio2/fase03/evidence/output/units/EVD-0116.signature.csv,4184,5a4fde7cdfe3bbf726d52b37b98a8664f9d91cae8c97c0ec784a6ecbc44e6f3f
studio2/fase03/evidence/output/units/EVD-0116.txt,941,eed78cc0ca1e9cfe49049ab7076f6bf9ca7c0755b94c20c77c5380c8afd3908d
studio2/fase03/evidence/output/units/EVD-0117.evidence.json,179022,2ac10226f1d99be701f2ad66e729b9fcc339c849100d2b34534f2aa6b9f7176f
studio2/fase03/evidence/output/units/EVD-0117.features.csv,6378,f77f2c75c6ff63a606855a92b90534a6c6dc0aacbe2c6ba3333ef700f4e673cf
studio2/fase03/evidence/output/units/EVD-0117.signature.csv,4184,e7a89159712a1132b7e9a640c875aa91224c181e20bc63fe2e50c72147414127
studio2/fase03/evidence/output/units/EVD-0117.txt,942,54aa0ec2a729259319989031efdf937c610d5eedb0028141c8b913b912caf240
studio2/fase03/evidence/output/units/EVD-0118.evidence.json,178945,6b8f50f77d2d32e7a43743433b5ac0ceb5b496eaa86560f3ac46d24557b5e0a3
studio2/fase03/evidence/output/units/EVD-0118.features.csv,6356,6022e294bcc417b52a65817d44e3a0c38dbca2c9aea38995746231299f433414
studio2/fase03/evidence/output/units/EVD-0118.signature.csv,4172,649d3346cda2a4a08dd034da6e61937c734936f1961b12073a8b44f5b2c91ce0
studio2/fase03/evidence/output/units/EVD-0118.txt,943,44557c612ce3ee6eeb182c496e0ac51f73c29c00717ec2d479e33b1ce7b41901
studio2/fase03/evidence/output/units/EVD-0119.evidence.json,178942,38b128f7b6224762aedb6a73cdf10c8a27557b90865d1b941cf7585c2ddd0c9d
studio2/fase03/evidence/output/units/EVD-0119.features.csv,6332,9478f583833e42b31e151c4f0e83546a1495671dd36b9321aa3a13c9a94f7179
studio2/fase03/evidence/output/units/EVD-0119.signature.csv,4154,242f6de5d74b8f204e15ff675732128cc868889aac2c1598e004b2251cd61a64
studio2/fase03/evidence/output/units/EVD-0119.txt,943,b198669ef6f2406a01031d0f770cf5c1e792d104a8711af1863ce57fb4e8f39e
studio2/fase03/evidence/output/units/EVD-0120.evidence.json,178885,eec298d4990d6a879631c423c47efa67495266217993192c7eba1d5f69ca074e
studio2/fase03/evidence/output/units/EVD-0120.features.csv,6315,fa2d4ad5f6cae7651fa5838c9a631e821126fd63af499c9600efb51ee47a982c
studio2/fase03/evidence/output/units/EVD-0120.signature.csv,4140,aa92a35866463ff3663c75e714079ce1854ba4a2b7161604cae66b65fb81787d
studio2/fase03/evidence/output/units/EVD-0120.txt,939,bec2cf9f25a434a2b98c6c7aa7f7c2081781c10b3868aeccba8b30cfa9ff4d32
studio2/fase03/evidence/output/units/EVD-0121.evidence.json,179291,1b1efc7914f453942da31756a088d55db563bdf9002dbf05f4a7013ac5076b23
studio2/fase03/evidence/output/units/EVD-0121.features.csv,6570,2348c2d2e0d1de3929577efbd941ffe958bd485ad69c9d8fef8a5cbf76340772
studio2/fase03/evidence/output/units/EVD-0121.signature.csv,4252,cccc437a5115804aaa3591392cc457e61340e4cd2089066f278196422e30f81a
studio2/fase03/evidence/output/units/EVD-0121.txt,642,f1d3fd50577d2c98a84c1532c52c823fb556f73e73fb1583faebb9e48b1aed3b
studio2/fase03/evidence/output/units/EVD-0122.evidence.json,179311,8ebf79435ae392f87aa142fee1e5f12dc07823d3bf9663968aa23d8517feb4e3
studio2/fase03/evidence/output/units/EVD-0122.features.csv,6536,89da4db152274de75b4c22ac3696351b5a0ff25295c94295849e6e2cc687b51f
studio2/fase03/evidence/output/units/EVD-0122.signature.csv,4252,ba260e9e6e53781188afc2cdea71d45d81224a5e516d758d573eb50e7b2151b8
studio2/fase03/evidence/output/units/EVD-0122.txt,642,2a702b790e603a85b3c2554a9b4ca68f7a69910970cdc76e53679ccf0ef75986
studio2/fase03/evidence/output/units/EVD-0123.evidence.json,179255,69cf84c6d17be07e94a17cc051f5b13edea66a0e37fd7eaeee85fd1e75c116d7
studio2/fase03/evidence/output/units/EVD-0123.features.csv,6548,2d8ccfca863992d804a9e86f8000ecbebd46d09fab526f1c60d41587a0ac077c
studio2/fase03/evidence/output/units/EVD-0123.signature.csv,4252,f0d822e64e6f2529f812a908aaa2d4cd950066b0280f8e9c5eaffa77f904e30d
studio2/fase03/evidence/output/units/EVD-0123.txt,639,85a67257bf68ade6574f0dc304ec5ddb81195ea64497c429eeb9b8e00db54f48
studio2/fase03/evidence/output/units/EVD-0124.evidence.json,179266,156f816899e5b021e491196e36857524aa9f7f32b09b05ba735b8238b4eb334b
studio2/fase03/evidence/output/units/EVD-0124.features.csv,6554,28fa20332c4c7731315a9fac867bf5ad2334193d537e7ec28976556611797941
studio2/fase03/evidence/output/units/EVD-0124.signature.csv,4252,69f2fb9f3581869986203f2909f7a89724fcb9effcba6170ea5bef43bde665bc
studio2/fase03/evidence/output/units/EVD-0124.txt,639,4d7968d03669daec455e65a3aa4a9bc853290d7da1ea5313aca12beb641622e0
studio2/fase03/evidence/output/units/EVD-0125.evidence.json,179267,36cf3c3beb8a3a73702f2d274be491f70ecdb5a68366635f9690504980f63f1c
studio2/fase03/evidence/output/units/EVD-0125.features.csv,6549,b409cfed14983693631affeeb417f70a91ec0e1872974e251906c8d7b114313a
studio2/fase03/evidence/output/units/EVD-0125.signature.csv,4252,f0d822e64e6f2529f812a908aaa2d4cd950066b0280f8e9c5eaffa77f904e30d
studio2/fase03/evidence/output/units/EVD-0125.txt,641,f5e4108373a2a7d19b1ba4f65809cf26da605955ef09a419d8780365988d2c35
studio2/fase03/evidence/output/units/EVD-0126.evidence.json,179278,5ea9580d6b1f2aa522c1557814d2c4f5fc7ed0ed4b834ce3559859a2428f081d
studio2/fase03/evidence/output/units/EVD-0126.features.csv,6534,c1c7a5f4f907ba14443b307f53cc6f26bd7942ff19ed894b3bef633bdb7a635f
studio2/fase03/evidence/output/units/EVD-0126.signature.csv,4252,f0d822e64e6f2529f812a908aaa2d4cd950066b0280f8e9c5eaffa77f904e30d
studio2/fase03/evidence/output/units/EVD-0126.txt,639,fe6628d5bc38fc2b6e2edaae049ae4b9c705d9f7983ce3f7134240ed91ed19d1
studio2/fase03/evidence/output/units/EVD-0127.evidence.json,179251,60f33539217945bc7eb2e58ab61f1c24c3eda4db060040d4b04acf98496518c8
studio2/fase03/evidence/output/units/EVD-0127.features.csv,6506,a3a664df8d54426149fb366a026d7c099793341518235510277ee5bfbe4e6f65
studio2/fase03/evidence/output/units/EVD-0127.signature.csv,4252,f0d822e64e6f2529f812a908aaa2d4cd950066b0280f8e9c5eaffa77f904e30d
studio2/fase03/evidence/output/units/EVD-0127.txt,642,2c2837ec682c79720cdb160e7e2f26a9fe124104e30f1d86d64dda874b0865e9
studio2/fase03/evidence/output/units/EVD-0128.evidence.json,179287,5d7bc48c498438367a6ae1b15cd65a9ad6819e28f22afde1d4882b1b4ddc2513
studio2/fase03/evidence/output/units/EVD-0128.features.csv,6527,807952cb7444aba5d4afa7ebad5a6d4c18c369fa166c55cae82cfe43e3300a82
studio2/fase03/evidence/output/units/EVD-0128.signature.csv,4252,ba260e9e6e53781188afc2cdea71d45d81224a5e516d758d573eb50e7b2151b8
studio2/fase03/evidence/output/units/EVD-0128.txt,639,a05514d06d248c3fb059eb07aedc7502d60abf841ab4605697b454f871c0734b
studio2/fase03/evidence/output/units/EVD-0129.evidence.json,179297,4544bc9c342985984e1e329e0b3f07ef4f459e03ede7c5ff8e8ab181b6764a09
studio2/fase03/evidence/output/units/EVD-0129.features.csv,6547,f0c8467718490e8bdb152fd80090b4eea29d7ceebf6e6b8ade44f4a1a56e2adf
studio2/fase03/evidence/output/units/EVD-0129.signature.csv,4252,3d29d7a1a66db85cb14f15278a0d01978e39e2cbb662b00f3ee0bbf7b850c425
studio2/fase03/evidence/output/units/EVD-0129.txt,642,59eb871fc2bd3c141e3c0b1904fe12747a05b404124d0b86373707094719f3d6
studio2/fase03/evidence/output/units/EVD-0130.evidence.json,179261,df241f864516fcc9008aa05e3e2f143255b4011078b66d675302424388b36cfa
studio2/fase03/evidence/output/units/EVD-0130.features.csv,6538,309fcc56a6878313f18195cb3d6ccb26698968e69dd5ab3d1c93bf47854c3351
studio2/fase03/evidence/output/units/EVD-0130.signature.csv,4252,f0d822e64e6f2529f812a908aaa2d4cd950066b0280f8e9c5eaffa77f904e30d
studio2/fase03/evidence/output/units/EVD-0130.txt,639,d2592cdec26066fc463198b9b9628501598b9c8d0fd4d733a6c1e4133fa03b06
studio2/fase03/evidence/output/units/EVD-0131.evidence.json,179294,7b65a6dbeb290385195873fcd5739c6195d2cfaca8d8652861e7c8d14c586a51
studio2/fase03/evidence/output/units/EVD-0131.features.csv,6573,34c24970883dd710e091948d103050113d56fda594f6759d06ffcb173bad0348
studio2/fase03/evidence/output/units/EVD-0131.signature.csv,4252,f0d822e64e6f2529f812a908aaa2d4cd950066b0280f8e9c5eaffa77f904e30d
studio2/fase03/evidence/output/units/EVD-0131.txt,639,8a80317b74b9369d5db6602a5dc95a9b4c0a733f3d39fad6f07bf0f0fb835905
studio2/fase03/evidence/output/units/EVD-0132.evidence.json,179267,6e5b74fc177e8864a6b733e8f3306e277648963a8bcd21b79e70ff1bbe887742
studio2/fase03/evidence/output/units/EVD-0132.features.csv,6536,37c453911ab020fe9f6c049f461ef02bbc82aa0187a4a7dab354dd3fc5e0b693
studio2/fase03/evidence/output/units/EVD-0132.signature.csv,4252,f0d822e64e6f2529f812a908aaa2d4cd950066b0280f8e9c5eaffa77f904e30d
studio2/fase03/evidence/output/units/EVD-0132.txt,641,142e33299d7bbb2aeeb5c4dff2ac5b766bc9a37245be62f4491f4ea782a52d74
studio2/fase03/evidence/output/units/EVD-0133.evidence.json,179278,0e940817c6e1b37b096755d28af3fc290c7011418682ebd08996e36bf011f461
studio2/fase03/evidence/output/units/EVD-0133.features.csv,6543,963ae320c11bdfa31461ba97e2538c9a5f2771e12e32abd328931e1e0ca154b1
studio2/fase03/evidence/output/units/EVD-0133.signature.csv,4252,f0d822e64e6f2529f812a908aaa2d4cd950066b0280f8e9c5eaffa77f904e30d
studio2/fase03/evidence/output/units/EVD-0133.txt,639,4cf7441dc54eb7a9b7caaaa2fce66bdbf1a5659dc5dd9920aa246c2be79a099e
studio2/fase03/evidence/output/units/EVD-0134.evidence.json,179278,13e8dd0335487d9c43775b938c19276b42fc94dbe8bf07a63263de585b9d737d
studio2/fase03/evidence/output/units/EVD-0134.features.csv,6548,3e1f0b2e3752d9f450d764e09ad107adf1470ea943de3280711a935a75f1369a
studio2/fase03/evidence/output/units/EVD-0134.signature.csv,4252,077bb42cc4dbb65afafe7beac67803a19e56f59d2dc54503aeb46f90763ca80f
studio2/fase03/evidence/output/units/EVD-0134.txt,641,e2302f32f6ffe111153eb1b88ea9ce3e8d9540393ba58b6a7bf34d1e1b9be122
studio2/fase03/evidence/output/units/EVD-0135.evidence.json,179277,437a6872102fccffa39999fc4dccd146ed7c1b2a86d9e6f264cbd1dafbfd55b5
studio2/fase03/evidence/output/units/EVD-0135.features.csv,6554,8068e93f24ebce71d8521081fdbe29d6405e6ed69128c8badf7f18bfd9dfc4d8
studio2/fase03/evidence/output/units/EVD-0135.signature.csv,4252,f0d822e64e6f2529f812a908aaa2d4cd950066b0280f8e9c5eaffa77f904e30d
studio2/fase03/evidence/output/units/EVD-0135.txt,642,c70c914608e3aeb7f4380b7c10fd1ca1cb6c3c8586df4e8bf4439c1dba7570ea
studio2/fase03/evidence/output/units/EVD-0136.evidence.json,179279,ebce6a8f0c7352128d42d4cf59bdee5fe55addcb4846b2820d726ecfecf2af45
studio2/fase03/evidence/output/units/EVD-0136.features.csv,6545,32273bdd56419332b98532a63f74c8881b3d266cd7dabb182e6c1482d539efc4
studio2/fase03/evidence/output/units/EVD-0136.signature.csv,4252,f0d822e64e6f2529f812a908aaa2d4cd950066b0280f8e9c5eaffa77f904e30d
studio2/fase03/evidence/output/units/EVD-0136.txt,639,4c46f04affb6a6bb5e2a922985e1ae93cfbbb68f56d8892cd4e6499e96b8a102
studio2/fase03/evidence/output/units/EVD-0137.evidence.json,179241,c2b78a17b72e328f6f746d6089725e3a7dbc0b8b88c6a9901af5e2c863faee62
studio2/fase03/evidence/output/units/EVD-0137.features.csv,6524,bfcfbb4a47aeb2ee258d266af1cae379efe3aee96890ddf45437ce2e67b0c359
studio2/fase03/evidence/output/units/EVD-0137.signature.csv,4252,f0d822e64e6f2529f812a908aaa2d4cd950066b0280f8e9c5eaffa77f904e30d
studio2/fase03/evidence/output/units/EVD-0137.txt,642,71f8eaefe899e4b687b855af57981466ed5b867f9857f84df0d7350047354d1c
studio2/fase03/evidence/output/units/EVD-0138.evidence.json,179283,a0072e40e8bc93c123d9d9b25bd88e5cd0256dd62e57454cb89ab6bccb863336
studio2/fase03/evidence/output/units/EVD-0138.features.csv,6555,83789b35ce9e9808d77e12dab37d656ff5c7f1e565eb0700313f410725b2395f
studio2/fase03/evidence/output/units/EVD-0138.signature.csv,4252,f0d822e64e6f2529f812a908aaa2d4cd950066b0280f8e9c5eaffa77f904e30d
studio2/fase03/evidence/output/units/EVD-0138.txt,639,81e88e76bc0ef9fc0cacf527caa084c6bb22b94ed1111b9150941478b0d82129
studio2/fase03/evidence/output/units/EVD-0139.evidence.json,179273,c7fd807028731779c9d2c72e95808febb14f2020309ead204d91565ec5b64f17
studio2/fase03/evidence/output/units/EVD-0139.features.csv,6533,f513f609a4b1c1cf2345252b1b51b028d7d3ed41c5e55d1efd6e84b5490b63b6
studio2/fase03/evidence/output/units/EVD-0139.signature.csv,4252,f0d822e64e6f2529f812a908aaa2d4cd950066b0280f8e9c5eaffa77f904e30d
studio2/fase03/evidence/output/units/EVD-0139.txt,641,bacf0fafd6cdddfb09529c12c52fd79f18d5d46380fad2e6133d0d1ea9916d0b
studio2/fase03/evidence/output/units/EVD-0140.evidence.json,179279,358d65c12c4956954aeb713881389d6641e170d45bf8ddaeafaef509369e5fe5
studio2/fase03/evidence/output/units/EVD-0140.features.csv,6560,15f4a7356e048fdb83b43b8a45f184992b7545b1b9cc02519a67c51f3b4dc32a
studio2/fase03/evidence/output/units/EVD-0140.signature.csv,4252,f0d822e64e6f2529f812a908aaa2d4cd950066b0280f8e9c5eaffa77f904e30d
studio2/fase03/evidence/output/units/EVD-0140.txt,639,4c24bfd63271e56fdc008499c23c7faa903df624a396d87a94bb1d5d7f67ba96
studio2/fase03/evidence/output/units/EVD-0141.evidence.json,179281,5fcf321d6aa4187eee0e74eb8ad1db45e2b89d538bdd47bd15cfbda56e294614
studio2/fase03/evidence/output/units/EVD-0141.features.csv,6556,ab445e3860dd632a1f2816bd2cc9106ca9244439ad89b8b730dc58289d8195a5
studio2/fase03/evidence/output/units/EVD-0141.signature.csv,4252,f0d822e64e6f2529f812a908aaa2d4cd950066b0280f8e9c5eaffa77f904e30d
studio2/fase03/evidence/output/units/EVD-0141.txt,639,d48e51e17baf539b632a0c94b89402c3bc2575445040a0dc7ee8bbd66efaaf01
studio2/fase03/evidence/output/units/EVD-0142.evidence.json,179275,c7d22f7b86502a372155e38c9da2c82ecd902bf6594779dbde59ff91009220b4
studio2/fase03/evidence/output/units/EVD-0142.features.csv,6561,54e4286765c4102cf85eacdf6263d34ad4a61a7a292fb1e591a1622d86ff7d7e
studio2/fase03/evidence/output/units/EVD-0142.signature.csv,4252,f0d822e64e6f2529f812a908aaa2d4cd950066b0280f8e9c5eaffa77f904e30d
studio2/fase03/evidence/output/units/EVD-0142.txt,639,76973ea6e719f53656fa6adcd3aca2a9bea9d9b62c2e9e0ddc4f3b0c57d387ed
studio2/fase03/evidence/output/units/EVD-0143.evidence.json,179281,6e9e436b979424a87e14a9c5e80ec9e342ae3723934104aefe1ff02146eeabd2
studio2/fase03/evidence/output/units/EVD-0143.features.csv,6551,9a438a8f80e7817b304473e7dc16b896756e6e20e77ed97d46b1a5fc9493323d
studio2/fase03/evidence/output/units/EVD-0143.signature.csv,4252,f0d822e64e6f2529f812a908aaa2d4cd950066b0280f8e9c5eaffa77f904e30d
studio2/fase03/evidence/output/units/EVD-0143.txt,641,24b09b667b911f59461e2999464e8c98714be2d6664c28961b3a5625d4a6498f
studio2/fase03/evidence/output/units/EVD-0144.evidence.json,179297,a16d2d6fe451edea1825c9c2f84bc55bd4eb5fff7294b3ed5281120a4e03ab5a
studio2/fase03/evidence/output/units/EVD-0144.features.csv,6580,ac46a659cd2c330d6da7d05d9d5ec435343a5b5ce1e137ccb71e86384ae0768a
studio2/fase03/evidence/output/units/EVD-0144.signature.csv,4252,f0d822e64e6f2529f812a908aaa2d4cd950066b0280f8e9c5eaffa77f904e30d
studio2/fase03/evidence/output/units/EVD-0144.txt,639,9111793443b5a43747664972045b2f04a7cf27bed1f2b9728059a1e6ea4be4f2
studio2/fase03/evidence/output/units/EVD-0145.evidence.json,179249,7c0662df12ce5095594017a64eee59628eab48fadbfe0e40f30c45e89905ed6b
studio2/fase03/evidence/output/units/EVD-0145.features.csv,6526,f0badbb5cde5266ecbcf66f62607b5f39fcb7be3621aebb02b2fbcd5e077e8cc
studio2/fase03/evidence/output/units/EVD-0145.signature.csv,4252,f0d822e64e6f2529f812a908aaa2d4cd950066b0280f8e9c5eaffa77f904e30d
studio2/fase03/evidence/output/units/EVD-0145.txt,642,67e2a6850a3fcc6370ba024a14f3784ca1a90637d7536a8b3b28784c8bac2880
studio2/fase03/evidence/output/units/EVD-0146.evidence.json,179258,c58cf91aeac8d83db338db7699210c6a742dd103d445fc90f27fede4fd0ab0eb
studio2/fase03/evidence/output/units/EVD-0146.features.csv,6528,3dd722c6c5e98839bb5a2f7ba34dd9e45c1aad097110c1d86044272ffd8b34ce
studio2/fase03/evidence/output/units/EVD-0146.signature.csv,4252,f0d822e64e6f2529f812a908aaa2d4cd950066b0280f8e9c5eaffa77f904e30d
studio2/fase03/evidence/output/units/EVD-0146.txt,639,5db8ca51107aa9388bfb172acd82a8878e1c4e0285657b10c7b3244d7eea42c3
studio2/fase03/evidence/output/units/EVD-0147.evidence.json,179246,9acb55756812084ae696b4ec9994a3894365e9bf9b0da93d53e56256e1c06671
studio2/fase03/evidence/output/units/EVD-0147.features.csv,6520,af10ed4b5277d053135ec6cefa3920a4e4d7a4e5d36456735a05401493f83aaf
studio2/fase03/evidence/output/units/EVD-0147.signature.csv,4252,f0d822e64e6f2529f812a908aaa2d4cd950066b0280f8e9c5eaffa77f904e30d
studio2/fase03/evidence/output/units/EVD-0147.txt,641,1ae9d43c4c302c629f07ed1d722164e1adbf4a36310f3d7172f9b11a5297bc9a
studio2/fase03/evidence/output/units/EVD-0148.evidence.json,179276,81567281b4012279b0ac52306be1701247b7a8998ded584ea42d204d167dba58
studio2/fase03/evidence/output/units/EVD-0148.features.csv,6555,d77f9b0a3e3bb74732bbf67aa7a525c8a06739cede0788ebed9d556ad453187a
studio2/fase03/evidence/output/units/EVD-0148.signature.csv,4252,f0d822e64e6f2529f812a908aaa2d4cd950066b0280f8e9c5eaffa77f904e30d
studio2/fase03/evidence/output/units/EVD-0148.txt,639,1a24f644a759476adad8ca67b75043c9478e6d3b664390618d932206ac30187b
studio2/fase03/evidence/output/units/EVD-0149.evidence.json,179294,782f228d72781fe8d622d7c1d82743cc797292f1c86be1d8d5ac7b4d2007dd3e
studio2/fase03/evidence/output/units/EVD-0149.features.csv,6559,76715fc49a2dc99a4b311edafdc168185c37a83a57fd6ee1092a9cf84be3b463
studio2/fase03/evidence/output/units/EVD-0149.signature.csv,4252,c7c25e731230f641405a1c5e6bbc7125def9eca511c48a40cb518864a8fccd5f
studio2/fase03/evidence/output/units/EVD-0149.txt,641,c6431deea23891585f997e89b79e0b12b58a55bfdfd908ed1c85214fdb632fe5
studio2/fase03/evidence/output/units/EVD-0150.evidence.json,179280,3e31eda11b21d21fe32a56a0dd83406c7d181cca42fc78ba06e855113d8b1682
studio2/fase03/evidence/output/units/EVD-0150.features.csv,6554,eed4743132c81045e51956e5cf43c5f9fbafac5bd0c633dc3747b3cfcfb5b963
studio2/fase03/evidence/output/units/EVD-0150.signature.csv,4252,5250195a6811af953667a830ffe1370cafc95e8a4283916e15ac1ee4d748dddb
studio2/fase03/evidence/output/units/EVD-0150.txt,642,dbbbd39a0429655bfdc36e794207814a128d634d667428d3ea1ea74f3f011a01
studio2/fase03/evidence/output/units/EVD-0151.evidence.json,179273,6184450ebcd00032bfd6f8623333c4830eeed88af7f13c9fbb3263b79d493f2c
studio2/fase03/evidence/output/units/EVD-0151.features.csv,6543,bc96b84bad70745d9c0ad2a61b395b9cf68f96bfeab93435e8ba934a0f6fa15e
studio2/fase03/evidence/output/units/EVD-0151.signature.csv,4252,f0d822e64e6f2529f812a908aaa2d4cd950066b0280f8e9c5eaffa77f904e30d
studio2/fase03/evidence/output/units/EVD-0151.txt,639,d7901d84da43bd121975f3c43322076652aba2686ef449b3cc419e0ad28b1cd8
studio2/fase03/evidence/output/units/EVD-0152.evidence.json,179269,08d6b4f76d25cb70b6ec0bbc9652f13ad1f9e789b65444dad70259ba43c1c39e
studio2/fase03/evidence/output/units/EVD-0152.features.csv,6546,ec96187a0227fc7d14b81d4843175335d9602960604f3c7282da0b94eaaca50f
studio2/fase03/evidence/output/units/EVD-0152.signature.csv,4252,f0d822e64e6f2529f812a908aaa2d4cd950066b0280f8e9c5eaffa77f904e30d
studio2/fase03/evidence/output/units/EVD-0152.txt,641,154a7d40d658ef83f9924235756ff7a55040831cef2f71a79b1d5f5791ba0e9f
studio2/fase03/evidence/output/units/EVD-0153.evidence.json,179283,e9a3b37c3189609fe35b84a1fe80e77e8fdb808b20949abaff38c53c8fe223bd
studio2/fase03/evidence/output/units/EVD-0153.features.csv,6565,ff2d3bcd16ffe85bae8d1d25d2395aeefd97661384fd38792d2897032eaab196
studio2/fase03/evidence/output/units/EVD-0153.signature.csv,4252,6302c1dd6157fa932d2f27b142c81dce128c12130570c0a0c173ad508dd98ca7
studio2/fase03/evidence/output/units/EVD-0153.txt,642,b8dd360a9dfca8849618b6a93ce73e9e2eb7c6ab49eb2ccaf24061e7e01e2062
studio2/fase03/evidence/output/units/EVD-0154.evidence.json,179266,4253b13c4ca452eacfc03de5aed810c42c2f73056e4c00129a30cefb9832444d
studio2/fase03/evidence/output/units/EVD-0154.features.csv,6553,24952e270c45e04721296ac032cc2625088e14a039988420438d3255b8ab2a03
studio2/fase03/evidence/output/units/EVD-0154.signature.csv,4252,f0d822e64e6f2529f812a908aaa2d4cd950066b0280f8e9c5eaffa77f904e30d
studio2/fase03/evidence/output/units/EVD-0154.txt,639,352d40c42822fb83369c10d6bd365f16f11bec4e60aa8c3899d42c6d261a13b8
studio2/fase03/evidence/output/units/EVD-0155.evidence.json,179309,48d97df76d2f8c1beb3930aaad663040a61916b210595e68d93ac433f352d149
studio2/fase03/evidence/output/units/EVD-0155.features.csv,6542,e9abf3dc43b690c56caaa869278feea10e6fa35c42dcca01a886013567641886
studio2/fase03/evidence/output/units/EVD-0155.signature.csv,4252,ba260e9e6e53781188afc2cdea71d45d81224a5e516d758d573eb50e7b2151b8
studio2/fase03/evidence/output/units/EVD-0155.txt,639,7a4402a0ced41213327ea177aa6031a4a0332ce5b4fc09d035bcca6095eafb3b
studio2/fase03/evidence/output/units/EVD-0156.evidence.json,179271,0002a72700a4b29dda0d4371a6adbd7b6c5616c3e69b201bb60e2783103abd9c
studio2/fase03/evidence/output/units/EVD-0156.features.csv,6536,d765cb499aa3df93e64e4e8fe448f7835e4c8f687bdf3fe73fb09f8744720884
studio2/fase03/evidence/output/units/EVD-0156.signature.csv,4252,f0d822e64e6f2529f812a908aaa2d4cd950066b0280f8e9c5eaffa77f904e30d
studio2/fase03/evidence/output/units/EVD-0156.txt,641,cfc06470f8db5fae61210dad931a2cc363756190f54e053200c85ae9adf7ad70
studio2/fase03/evidence/output/units/EVD-0157.evidence.json,179276,6daf93989649f6c7eb593097f39d2ec4ab1736c1b6a0ac75cf42bd8cd52560fe
studio2/fase03/evidence/output/units/EVD-0157.features.csv,6552,75800a737965e4df1b5580691d3d3a8f5b224792247401e0ea315e43c2ee6c43
studio2/fase03/evidence/output/units/EVD-0157.signature.csv,4252,f0d822e64e6f2529f812a908aaa2d4cd950066b0280f8e9c5eaffa77f904e30d
studio2/fase03/evidence/output/units/EVD-0157.txt,639,13f3bd6a9cf950daf2f5dd4022ddf86c22ff910230958fde374dbf317794a1e1
studio2/fase03/evidence/output/units/EVD-0158.evidence.json,179257,f0967e4a6183844259a04bff9a668470b41379749c1430b41a441d6bf9423da0
studio2/fase03/evidence/output/units/EVD-0158.features.csv,6538,082b7bc0efb6de0890863bc24262b6937e7b5790adb732416e2821ef0f7cfa79
studio2/fase03/evidence/output/units/EVD-0158.signature.csv,4252,5250195a6811af953667a830ffe1370cafc95e8a4283916e15ac1ee4d748dddb
studio2/fase03/evidence/output/units/EVD-0158.txt,641,049aab040f4d7040148c322a4e02196b6a968d72e16903877a3bcafe06a36a67
studio2/fase03/evidence/output/units/EVD-0159.evidence.json,179261,3d37df9b752931f93e5b716bc242225776c348c9794d60fd4d1d42f826639b06
studio2/fase03/evidence/output/units/EVD-0159.features.csv,6537,68fc500cdb307db2161e0fc7d56c2de0791e4671cb668c50d4eab8e757cb695e
studio2/fase03/evidence/output/units/EVD-0159.signature.csv,4252,f0d822e64e6f2529f812a908aaa2d4cd950066b0280f8e9c5eaffa77f904e30d
studio2/fase03/evidence/output/units/EVD-0159.txt,639,4993fce69760ad9945d7bf576330c8970fc5af62864f04208803e1c569c191d4
studio2/fase03/evidence/output/units/EVD-0160.evidence.json,179294,362d0b61a63f6bd1d4b97c09cf193239180042ad81a3e943f1df800348321105
studio2/fase03/evidence/output/units/EVD-0160.features.csv,6570,56d44192bb745d25479220907ca7f3550f23e6e6ab9b2c86e53b6f2495a931b3
studio2/fase03/evidence/output/units/EVD-0160.signature.csv,4252,f0d822e64e6f2529f812a908aaa2d4cd950066b0280f8e9c5eaffa77f904e30d
studio2/fase03/evidence/output/units/EVD-0160.txt,639,02ccb5ee29efc108c2dd95483085ddb0fe4283b7e646f3a17b303a6c010b28fb
studio2/fase03/evidence/output/units/EVD-0161.evidence.json,179133,4802f049e2776a56546a09e3c517a99f8beb43838ed23801a0181be597259850
studio2/fase03/evidence/output/units/EVD-0161.features.csv,6573,f48db1c1cf4080312d91a3961a113b1494c71aa816b41ca2b2ee5cc882875047
studio2/fase03/evidence/output/units/EVD-0161.signature.csv,4252,d3055112d7ade63ef051179c8fc4ec647c649fd1a5a61de00af61e512931e87a
studio2/fase03/evidence/output/units/EVD-0161.txt,374,2d10a4b56eaaa473129e292b6fe5fe217bed77fb6ecc7213f3bf73ff510553a6
studio2/fase03/evidence/output/units/EVD-0162.evidence.json,179132,085ddf997cd83d13137a371d055c00af60c64da59a8711ec8d8a4ee535a4ffbe
studio2/fase03/evidence/output/units/EVD-0162.features.csv,6570,a07e2ce6525c428d3600b15b7b40390e37d11476798028772063d4b7ad5c2936
studio2/fase03/evidence/output/units/EVD-0162.signature.csv,4252,d3055112d7ade63ef051179c8fc4ec647c649fd1a5a61de00af61e512931e87a
studio2/fase03/evidence/output/units/EVD-0162.txt,373,248927f81dcd34acef338c2809946720e2222babf8a00b4b3dcaada2b0cb37b4
studio2/fase03/evidence/output/units/EVD-0163.evidence.json,179146,a69b1eb9edfd4c9d724d8347a35acc547452666402487b40c9986b8892b0824c
studio2/fase03/evidence/output/units/EVD-0163.features.csv,6558,770586500f587734d9f399c580daf38efa849eed4f461bf87539139021b0bd0d
studio2/fase03/evidence/output/units/EVD-0163.signature.csv,4252,d3055112d7ade63ef051179c8fc4ec647c649fd1a5a61de00af61e512931e87a
studio2/fase03/evidence/output/units/EVD-0163.txt,374,6718fc3c052486226ac78fd30630db8372ec9c1f7ae31a8d3f12d02125d7328b
studio2/fase03/evidence/output/units/EVD-0164.evidence.json,179112,acd1f3e7423e0d561d4c5605b2716b763bc5167e013e927690263d9d2278a5c5
studio2/fase03/evidence/output/units/EVD-0164.features.csv,6546,5d048c39f1e869afa6eae1a9fdd98f669d0c897b3f0b85628cc301eec403de4b
studio2/fase03/evidence/output/units/EVD-0164.signature.csv,4252,d3055112d7ade63ef051179c8fc4ec647c649fd1a5a61de00af61e512931e87a
studio2/fase03/evidence/output/units/EVD-0164.txt,374,534248009b17d176b357871b4272a8c01a9a4349440c9e38c0df8b95eb753da1
studio2/fase03/evidence/output/units/EVD-0165.evidence.json,179122,1b8e9e83966c12fc5b7aab98b42df5aafb9fceace0fd00a4d403f97eb6ca0561
studio2/fase03/evidence/output/units/EVD-0165.features.csv,6569,d64d0d8f097d2dd0dcadce6196add92c687847c767c07dc44dc93332e0c4c4e7
studio2/fase03/evidence/output/units/EVD-0165.signature.csv,4252,d3055112d7ade63ef051179c8fc4ec647c649fd1a5a61de00af61e512931e87a
studio2/fase03/evidence/output/units/EVD-0165.txt,374,b3156da05b22728c3fdea3d10286d1837bda464e7b4ccbda4351e3ea01ed4808
studio2/fase03/evidence/output/units/EVD-0166.evidence.json,179138,4459f2ecdb17f35a5ccec973542224755772add38d05c0999867ae0ea4e92f02
studio2/fase03/evidence/output/units/EVD-0166.features.csv,6561,9376b1cc69b6160762038dbbead48592e28aa810f5f222c25064d3b513a1ce71
studio2/fase03/evidence/output/units/EVD-0166.signature.csv,4252,d3055112d7ade63ef051179c8fc4ec647c649fd1a5a61de00af61e512931e87a
studio2/fase03/evidence/output/units/EVD-0166.txt,374,2fb28adc3d010f79edbaf5d8a718dc1303f64eee22fde3f50d28e25c837fc14c
studio2/fase03/evidence/output/units/EVD-0167.evidence.json,179139,5e50690b4c4052ea291179212014082655c8ddf7fc2c9640d2b0432e69fe1eda
studio2/fase03/evidence/output/units/EVD-0167.features.csv,6575,a7594b507ab9fd374b1a37df4cd98dcb82488654b694767665a097aceaa719ce
studio2/fase03/evidence/output/units/EVD-0167.signature.csv,4252,d3055112d7ade63ef051179c8fc4ec647c649fd1a5a61de00af61e512931e87a
studio2/fase03/evidence/output/units/EVD-0167.txt,374,2be761d715a83cf49bd709ece7f5594f0032abe7010d2964455d00a4932136ff
studio2/fase03/evidence/output/units/EVD-0168.evidence.json,179122,489431a0a1b6df6281dea8846692a9cfe4bb6b316e3ac296889101b63f78a210
studio2/fase03/evidence/output/units/EVD-0168.features.csv,6565,281f3eb0b566f45cb7ce7c1af61613294ce926e317742a1becd1ed1c07de74ea
studio2/fase03/evidence/output/units/EVD-0168.signature.csv,4252,d3055112d7ade63ef051179c8fc4ec647c649fd1a5a61de00af61e512931e87a
studio2/fase03/evidence/output/units/EVD-0168.txt,374,ade05e1c2d3fa4cfa58b8aac912db65547f7a244cdbd7041ff5222af8868599a
studio2/fase03/evidence/output/units/EVD-0169.evidence.json,179134,43cefe1b7d3ca1252fda3d45e2429c61c523595680793db779235a9f0f2db933
studio2/fase03/evidence/output/units/EVD-0169.features.csv,6542,36c61718e5888b4e59923a9d75e95ccf3c2a80b2fe8c786b244e1d4ec4590ee0
studio2/fase03/evidence/output/units/EVD-0169.signature.csv,4250,b439be3d249a76a160784caedc97f40cbafb08f188e578876061d605b1c777f8
studio2/fase03/evidence/output/units/EVD-0169.txt,523,a8667040a072833485bab729d16e2c3c0ae9de747436e29ac607c8e6170d535e
studio2/fase03/evidence/output/units/EVD-0170.evidence.json,179081,42a239886ea44dc6989fd1eabef5a1a0c524ba5f104a5705aa8b715674951245
studio2/fase03/evidence/output/units/EVD-0170.features.csv,6515,0624806ef094a41bde27822ee2156fabb62c4959d8515ce088a081eb609d93c6
studio2/fase03/evidence/output/units/EVD-0170.signature.csv,4252,d3055112d7ade63ef051179c8fc4ec647c649fd1a5a61de00af61e512931e87a
studio2/fase03/evidence/output/units/EVD-0170.txt,373,3c54ceb86464c0d139e7d2065d602b5c114db7eefb72224339cc3b3bc9cad935
studio2/fase03/evidence/output/units/EVD-0171.evidence.json,179130,5ca7b4831eea0b1a3b06059f87aa93eeae0fe3ec81fc7bdb9e0369db492c5d9b
studio2/fase03/evidence/output/units/EVD-0171.features.csv,6536,48b707315a75cccb622f1d4c13c9d9cde14fdfc8eb7dbce8a7351ce084aa2b20
studio2/fase03/evidence/output/units/EVD-0171.signature.csv,4250,b439be3d249a76a160784caedc97f40cbafb08f188e578876061d605b1c777f8
studio2/fase03/evidence/output/units/EVD-0171.txt,523,9971ed9ed1d923101ae137584a3d598df89f83f6fa2957f7728cf0177bdbdb0c
studio2/fase03/evidence/output/units/EVD-0172.evidence.json,179124,237f5858796f81bc13873ff6d0f23345f01d39c1c8ca8b268e9aed10923ba4a6
studio2/fase03/evidence/output/units/EVD-0172.features.csv,6528,e3e6bac88869ee88edb5b41958eb140dd5008391b88e679dd8d4710900912551
studio2/fase03/evidence/output/units/EVD-0172.signature.csv,4250,213c90c5d08a6337f457d4eb35b88df25e2b9276b47dcd86d752be483e468b99
studio2/fase03/evidence/output/units/EVD-0172.txt,523,eb78e312e63b4313867edbf1ed25e58fec1b760e92c23c46d995dff845d13a18
studio2/fase03/evidence/output/units/EVD-0173.evidence.json,179108,2096a02881ae3aa634769cc24d401187310bd97e9f301461b950fe366cf8880f
studio2/fase03/evidence/output/units/EVD-0173.features.csv,6514,5996cddd319f52c7eafd246b80d98cd30024982d9b0adad5b9668caa2d9b05ce
studio2/fase03/evidence/output/units/EVD-0173.signature.csv,4252,d3055112d7ade63ef051179c8fc4ec647c649fd1a5a61de00af61e512931e87a
studio2/fase03/evidence/output/units/EVD-0173.txt,373,6f1f9f1fccbb692c65c421ca3e7a62244dc8fd1e11786d55e94cb75012306990
studio2/fase03/evidence/output/units/EVD-0174.evidence.json,179097,2ab9e1b733dbe438256daba4ccb1c05fc03bee22b12dbea2068ea391fa83f906
studio2/fase03/evidence/output/units/EVD-0174.features.csv,6532,7e533bf68e92f827045c1b3b63c14090b5e3121245c669583105dad28947ffa6
studio2/fase03/evidence/output/units/EVD-0174.signature.csv,4252,d3055112d7ade63ef051179c8fc4ec647c649fd1a5a61de00af61e512931e87a
studio2/fase03/evidence/output/units/EVD-0174.txt,374,87257e383c6b4149adcfcb9cde5899219431fb35598f94af5d221a9c39b659ca
studio2/fase03/evidence/output/units/EVD-0175.evidence.json,179115,3cd54204a5d6e2e549cc6c0c9f5e851eabda762967296e7785d23ab65c6c2062
studio2/fase03/evidence/output/units/EVD-0175.features.csv,6530,67507086b1fb3484bd28a4d6eab1138d44795b621940794a5c192cb190e2ba97
studio2/fase03/evidence/output/units/EVD-0175.signature.csv,4252,d3055112d7ade63ef051179c8fc4ec647c649fd1a5a61de00af61e512931e87a
studio2/fase03/evidence/output/units/EVD-0175.txt,374,f7eef65400ca7b93a09c846efe7c1b29ff7438ccdd44160a04b411bf0f7abeb6
studio2/fase03/evidence/output/units/EVD-0176.evidence.json,179117,783579b1cb6547e09cf20d436dd96c199a3f406cdb180b198e7ee37340831d5d
studio2/fase03/evidence/output/units/EVD-0176.features.csv,6543,3f688abfb24af20bf1a95ae69e97e238800ce6c7f8211a95f82afbf3e7ce7064
studio2/fase03/evidence/output/units/EVD-0176.signature.csv,4252,d3055112d7ade63ef051179c8fc4ec647c649fd1a5a61de00af61e512931e87a
studio2/fase03/evidence/output/units/EVD-0176.txt,374,89edd82e4f552701d3dca2cd836609d28d6b7bb608f7a16af6e5dcabe2c1b2a0
studio2/fase03/evidence/output/units/EVD-0177.evidence.json,179125,6856b60886df5d5e1a2ab5192f185a1c6fa83191715bf72f9483a279b33ac800
studio2/fase03/evidence/output/units/EVD-0177.features.csv,6517,018100aefa9ab3054b6dedbc1721174fe569c34e379a9c91f1f802c22901d166
studio2/fase03/evidence/output/units/EVD-0177.signature.csv,4252,e820a709a145a85e7c4e4fdf7532b01144164436f4efc2620c2cc1f7e499d4f6
studio2/fase03/evidence/output/units/EVD-0177.txt,465,2d09415918a7554eb159c535346988e421697a420c051d6c3fd1120e486ef8e1
studio2/fase03/evidence/output/units/EVD-0178.evidence.json,179117,ec1780e0d25cf5f9e1ef2462d635eb2275a952964c23e232032e854a650c8c81
studio2/fase03/evidence/output/units/EVD-0178.features.csv,6544,60177ecbba65c11f16613743bf7183d6b414bd4414842f0ea92feae9f2a8a604
studio2/fase03/evidence/output/units/EVD-0178.signature.csv,4252,d3055112d7ade63ef051179c8fc4ec647c649fd1a5a61de00af61e512931e87a
studio2/fase03/evidence/output/units/EVD-0178.txt,374,9210e89418e26c8383d07be73fa7829f036027598ab8a70a4e4a7b90626eeaf6
studio2/fase03/evidence/output/units/EVD-0179.evidence.json,179107,15998b1d44ebd5cffbe10936833d448e2568e8cf39e5980db05c0ab749551a42
studio2/fase03/evidence/output/units/EVD-0179.features.csv,6531,1f8e018ab0595b4830e1daa39452b7f443a6d688e085a4794d86b374dd5d79eb
studio2/fase03/evidence/output/units/EVD-0179.signature.csv,4252,d3055112d7ade63ef051179c8fc4ec647c649fd1a5a61de00af61e512931e87a
studio2/fase03/evidence/output/units/EVD-0179.txt,374,d41856286a8034760e871a7217edf73281112ccad17203a7b8fd111bc47710e0
studio2/fase03/evidence/output/units/EVD-0180.evidence.json,179123,fb395a43528c7e3711c82b468c434447720280398894465caa8ca8ee91c1339d
studio2/fase03/evidence/output/units/EVD-0180.features.csv,6555,e6e08f0a0f822e874a4faf04af28af5b9cba749a392919d3cc3e241db9b72862
studio2/fase03/evidence/output/units/EVD-0180.signature.csv,4252,3592fd0220fe4edd17d8de2d8e84f6203e9750359451e2525ef860438a05d4ce
studio2/fase03/evidence/output/units/EVD-0180.txt,429,2ccf1280d4092a84b69e6be929c400d5a6a76c6b23f6e504e53ee34727c1d7c4
studio2/fase03/evidence/output/units/EVD-0181.evidence.json,179132,7d7076529349951a94f21aaee2417e4e2e412fcb6c424ca6710f84ff7adc54e7
studio2/fase03/evidence/output/units/EVD-0181.features.csv,6556,aaf817490a86ec0005a99231c6420534c92776ceeb926b949cf8d790b0485ba0
studio2/fase03/evidence/output/units/EVD-0181.signature.csv,4252,decb198611bf4c4398b091b45a8175a83f83bf11a903d6d4cecc064020005e52
studio2/fase03/evidence/output/units/EVD-0181.txt,429,5acadb5d5a37056db1a731afc5f2a5125d73e885d6d7820d8b6109f9d076283a
studio2/fase03/evidence/output/units/EVD-0182.evidence.json,179091,6dde039742540928e103ee10bd4d6c3a19a00504bf48ab6d8cc0eab205bc5e9f
studio2/fase03/evidence/output/units/EVD-0182.features.csv,6538,f49946058547f742ca27e7c3b3d26b419797fafb45b8a32b8f30fddfebf8f05d
studio2/fase03/evidence/output/units/EVD-0182.signature.csv,4252,d3055112d7ade63ef051179c8fc4ec647c649fd1a5a61de00af61e512931e87a
studio2/fase03/evidence/output/units/EVD-0182.txt,373,bd01f2d246b762a4df4540a86a53f53813a83688e4cec4b6575fca7b1fbedd10
studio2/fase03/evidence/output/units/EVD-0183.evidence.json,179155,78f1c410268f55991d9f56dcf6d6509e14d637d4eca95e94c1b77ffeb0f2344e
studio2/fase03/evidence/output/units/EVD-0183.features.csv,6570,8f0a295c3407ffcf7a318a943afffa50691f1fe8867fc1e5588730e13aee6b4a
studio2/fase03/evidence/output/units/EVD-0183.signature.csv,4252,d3055112d7ade63ef051179c8fc4ec647c649fd1a5a61de00af61e512931e87a
studio2/fase03/evidence/output/units/EVD-0183.txt,374,354aa72664c557a34cf4de5908751b65ab805422a9b6f24d19278a0ce231ecc6
studio2/fase03/evidence/output/units/EVD-0184.evidence.json,179129,adb7556b65b89d6693ba8f32b1562a8c90644f326333653e0152c1fd073d1d8b
studio2/fase03/evidence/output/units/EVD-0184.features.csv,6556,8be6b501ae9520bce05f4d743439fcd9f4cfd61e24d695913cc094badd590b74
studio2/fase03/evidence/output/units/EVD-0184.signature.csv,4252,d3055112d7ade63ef051179c8fc4ec647c649fd1a5a61de00af61e512931e87a
studio2/fase03/evidence/output/units/EVD-0184.txt,374,11c03e51eeec14c2ccb5e913e2d4d876609372a9440eb4cfadb8146de057b084
studio2/fase03/evidence/output/units/EVD-0185.evidence.json,179125,d57d4f0638f4fe0bfe89ec4a116bb7480fb4071362d7203d00cc4707294e68ac
studio2/fase03/evidence/output/units/EVD-0185.features.csv,6542,39b68d1faa3e0d418711c0402fb2fea793fbb6be8ef17971bbfec01820404c2e
studio2/fase03/evidence/output/units/EVD-0185.signature.csv,4252,decb198611bf4c4398b091b45a8175a83f83bf11a903d6d4cecc064020005e52
studio2/fase03/evidence/output/units/EVD-0185.txt,429,c34b97291ff34412853effa50f3301410ef86001f2f68bb36ddb8a70f2827e6d
studio2/fase03/evidence/output/units/EVD-0186.evidence.json,179137,5eaa58353530b594f13110b92b3ad39a6c6621a73082dffb356d0ad7a451a685
studio2/fase03/evidence/output/units/EVD-0186.features.csv,6569,2f95eb69b8048ae25594026b7962b87273089c1a07c8601919d2c49e0bb0b961
studio2/fase03/evidence/output/units/EVD-0186.signature.csv,4252,d3055112d7ade63ef051179c8fc4ec647c649fd1a5a61de00af61e512931e87a
studio2/fase03/evidence/output/units/EVD-0186.txt,374,da8a024edc34162415d5f0c1fd650e8d43a6ba91532ba556b1af8cf86ac6032d
studio2/fase03/evidence/output/units/EVD-0187.evidence.json,179130,74fb6b5ff01a5fdc3cbb446715d704232dede73462471dd310f045c13cf42095
studio2/fase03/evidence/output/units/EVD-0187.features.csv,6565,cff9b77ebe1fa035699574b6ff88fa73c338cf4bf445572979dbca0f658579b6
studio2/fase03/evidence/output/units/EVD-0187.signature.csv,4252,d3055112d7ade63ef051179c8fc4ec647c649fd1a5a61de00af61e512931e87a
studio2/fase03/evidence/output/units/EVD-0187.txt,374,be4c1bc7d954bcaf979dabc342953ec67cc23a0efe214fa8b9a96bdf649ccb47
studio2/fase03/evidence/output/units/EVD-0188.evidence.json,179118,e7ae46633eb64bf264386f002a38fb3100a2a842a5bf50619f947df39e1372d4
studio2/fase03/evidence/output/units/EVD-0188.features.csv,6555,0a948f5a78ca7e2df2fd7fc7e440560c1bee25cba0282fd7b44459b1ca0cd3be
studio2/fase03/evidence/output/units/EVD-0188.signature.csv,4252,d3055112d7ade63ef051179c8fc4ec647c649fd1a5a61de00af61e512931e87a
studio2/fase03/evidence/output/units/EVD-0188.txt,373,182e4a46a51937e8a44e0f62e3da01af533b85064e5c363a74e9e1deefcac005
studio2/fase03/evidence/output/units/EVD-0189.evidence.json,179134,b177f7675209c7f66cb855a06b75cf187773b0fee62fc065a11b282c97bcd662
studio2/fase03/evidence/output/units/EVD-0189.features.csv,6570,259d1c58e0c7e110239affdade5965205d8075048f10359e631c214d5ab97034
studio2/fase03/evidence/output/units/EVD-0189.signature.csv,4252,d3055112d7ade63ef051179c8fc4ec647c649fd1a5a61de00af61e512931e87a
studio2/fase03/evidence/output/units/EVD-0189.txt,374,5988590bcf65795de8b5d1b6108ea20c4c17ef225ae88bdbbbdc9bcb604e6c41
studio2/fase03/evidence/output/units/EVD-0190.evidence.json,179119,b28990ac5df21fd7a850522a9533894ae49462b9ce8037d350e6bd5814423ac3
studio2/fase03/evidence/output/units/EVD-0190.features.csv,6550,63ce71141b4e4ed9854b5113e1c85768476bd512dc84ca91ccf1f6d11f9bc67e
studio2/fase03/evidence/output/units/EVD-0190.signature.csv,4252,d3055112d7ade63ef051179c8fc4ec647c649fd1a5a61de00af61e512931e87a
studio2/fase03/evidence/output/units/EVD-0190.txt,374,4ee176e4b44ba3efeb436a46416b5905b3fa6292d8eb8e6c838472b3d09a9511
studio2/fase03/evidence/output/units/EVD-0191.evidence.json,179150,f47dc99b5bf722b5ea058197165e112309e270f54bada2bbc4cdab3995700166
studio2/fase03/evidence/output/units/EVD-0191.features.csv,6589,8038d4740be247d4ab862e1256d52f6424d43e28483bd7e38492b5c7d0bc0a27
studio2/fase03/evidence/output/units/EVD-0191.signature.csv,4252,d3055112d7ade63ef051179c8fc4ec647c649fd1a5a61de00af61e512931e87a
studio2/fase03/evidence/output/units/EVD-0191.txt,374,271d73e8429bbe83831968ab7f39624f07f58b5e0b6caa20bd0c96cbac4cbd0b
studio2/fase03/evidence/output/units/EVD-0192.evidence.json,179155,dbb2a41404d4aac94946fd496fa13ec5583f085a82f5a7e5b0f63184b2f5da87
studio2/fase03/evidence/output/units/EVD-0192.features.csv,6551,1c11ff296e7b9cbf3006e616921c2182496a9158edee7c962552ce44efc577e7
studio2/fase03/evidence/output/units/EVD-0192.signature.csv,4252,621f60ca075f747ac522d2045658efd3a6e1307e72ce85771a2256e2443e617b
studio2/fase03/evidence/output/units/EVD-0192.txt,429,372331fef60bd337b3cf464a9b80f9b6cc506f0d9352826c40ee8fd710cf1137
studio2/fase03/evidence/output/units/EVD-0193.evidence.json,179121,f0e826a5d8b3e5b4f54f022e274f8541518818a8a7e6c1e3191102276fa6f22e
studio2/fase03/evidence/output/units/EVD-0193.features.csv,6556,f59dc37bb0fdf3bdcefc56ec871695d01526b71aa111fb6da040f544f6f72d6e
studio2/fase03/evidence/output/units/EVD-0193.signature.csv,4252,d3055112d7ade63ef051179c8fc4ec647c649fd1a5a61de00af61e512931e87a
studio2/fase03/evidence/output/units/EVD-0193.txt,373,ce924f52cd341b5069f89ab9b6b75b6443623a7ff4030dae60c5c27bcd374cc1
studio2/fase03/evidence/output/units/EVD-0194.evidence.json,179111,93bc0f265298a0604cdf6d0c439e6e581b06ea21d72dd568c062ccc6c9c1a969
studio2/fase03/evidence/output/units/EVD-0194.features.csv,6549,b10c2d3491547e1a4084fd8ad8d5810ff678b1db1996da24eb369902f4cf1155
studio2/fase03/evidence/output/units/EVD-0194.signature.csv,4252,d3055112d7ade63ef051179c8fc4ec647c649fd1a5a61de00af61e512931e87a
studio2/fase03/evidence/output/units/EVD-0194.txt,374,a015d4a4578433214d3e5c0644566ab7a1d16c1551808d55f879be166a2821ff
studio2/fase03/evidence/output/units/EVD-0195.evidence.json,179106,41a48ea47da58875241d5b666d57c6728ea27e9c4cfb9b45ccfcb2c9993fc1d7
studio2/fase03/evidence/output/units/EVD-0195.features.csv,6532,55f15cba8b24ee2c25f41aceec5fcc04e9f733cdf05452e2058fe5937550530d
studio2/fase03/evidence/output/units/EVD-0195.signature.csv,4252,d3055112d7ade63ef051179c8fc4ec647c649fd1a5a61de00af61e512931e87a
studio2/fase03/evidence/output/units/EVD-0195.txt,374,638f74b9f08c0dd256388bb700f1980ad9cc23533fb7c9ba007fdfc5e9c65cf1
studio2/fase03/evidence/output/units/EVD-0196.evidence.json,179103,864af219e71e29919262e44b4744bcf9155387384836b09adc3f2626d8f37405
studio2/fase03/evidence/output/units/EVD-0196.features.csv,6550,ff75c632f77cc1c21c08ff3d7922e6e26bc13aa37f7013f6d5af0ca0efcd3a8e
studio2/fase03/evidence/output/units/EVD-0196.signature.csv,4252,d3055112d7ade63ef051179c8fc4ec647c649fd1a5a61de00af61e512931e87a
studio2/fase03/evidence/output/units/EVD-0196.txt,374,9213a5c91414387af1f57cfdbdacd1961936facdfcd37ede133d77d4aefb4bec
studio2/fase03/evidence/output/units/EVD-0197.evidence.json,179119,a82f9e37ee23133f1f4ba11b1f46447ac25b7f6d66a289dec8b38bfc6e9199cd
studio2/fase03/evidence/output/units/EVD-0197.features.csv,6549,c2658dd04d8bff5df5bb533dc60788389744bb43999b45083694351866b98a3a
studio2/fase03/evidence/output/units/EVD-0197.signature.csv,4252,d3055112d7ade63ef051179c8fc4ec647c649fd1a5a61de00af61e512931e87a
studio2/fase03/evidence/output/units/EVD-0197.txt,374,513d56b22bd3038ba10d5b245ff5fda364165359e1985304ed290ec2bd1e0e40
studio2/fase03/evidence/output/units/EVD-0198.evidence.json,179116,c425ace7292c3b00d820dc640a6d36414c3ddb1af556c29572bd4a92cda3ca51
studio2/fase03/evidence/output/units/EVD-0198.features.csv,6560,aec91934e6cb2665e44bff3826fb65520f668cd33b3ee73116f4bb4115a39f5c
studio2/fase03/evidence/output/units/EVD-0198.signature.csv,4252,d3055112d7ade63ef051179c8fc4ec647c649fd1a5a61de00af61e512931e87a
studio2/fase03/evidence/output/units/EVD-0198.txt,374,9a1efe98c1737c1c5b94b265702410e45066e82c72163449405e064ce18b8a32
studio2/fase03/evidence/output/units/EVD-0199.evidence.json,179168,60ef60f50a219948c1236c90acadc6ff2a0816afe833b0667d9548c787b0ed32
studio2/fase03/evidence/output/units/EVD-0199.features.csv,6596,af6f6c99af70b0c6b1efedc4a2d29af69aad695b1d1b29bd4830c68f040d5030
studio2/fase03/evidence/output/units/EVD-0199.signature.csv,4252,030ddc1efeb0adfa5c29f567cef1df66dfe7d5c1f481d75789892dae9244c29d
studio2/fase03/evidence/output/units/EVD-0199.txt,465,62cf9ef739f438e8539b5edde27fce53dcd72eb33081fbc9a9e1c472e2999eaa
studio2/fase03/evidence/output/units/EVD-0200.evidence.json,179102,bda4dfc1636e920832bffed8fe5f39cb6d326d2f41a4e93541fe37adf12104c2
studio2/fase03/evidence/output/units/EVD-0200.features.csv,6532,71ae27612bdc0e8dce51f59941409584b1c1aea9b20e7644e5e48234de8d8d83
studio2/fase03/evidence/output/units/EVD-0200.signature.csv,4252,d3055112d7ade63ef051179c8fc4ec647c649fd1a5a61de00af61e512931e87a
studio2/fase03/evidence/output/units/EVD-0200.txt,374,6a81e38f9e6999ff4260666b68c5249cdef736ae6e304b6fbb2af7c6d0408210
studio2/fase03/evidence/output/units/EVD-0201.evidence.json,179110,76a07b42fcc6d28010ec09586c455730f341b6b535ce76c5ac1080753dce586b
studio2/fase03/evidence/output/units/EVD-0201.features.csv,6382,f3f927c1b862cb470d38fe8f2f821fe2dfea5eaddc268d37ab9422c83cafab34
studio2/fase03/evidence/output/units/EVD-0201.signature.csv,4206,9450e114edf289b6ffe6a088b4f9c34e50db5c501300a247eb8eb3cc2919cbbb
studio2/fase03/evidence/output/units/EVD-0201.txt,822,aeede3600fdfac069ee9441482d272081e8aaaa0e42bc5c3e14fcbbfca96f74d
studio2/fase03/evidence/output/units/EVD-0202.evidence.json,179058,1c009f116aaa012e3dfdd3e736f89e5becdb3558fa9b5b32dfb1c8cc59fa7d45
studio2/fase03/evidence/output/units/EVD-0202.features.csv,6410,23f30a5cbb1a051b231f3bf2b35f31b42375b90b98354570dc8884eeb0a42e01
studio2/fase03/evidence/output/units/EVD-0202.signature.csv,4208,a15a679d1fdd1f4e73b97c68e69d6f4ceedc0681e720aae4eeaccd23bd84cdee
studio2/fase03/evidence/output/units/EVD-0202.txt,676,f9ce310a2a5d3eff44d766e79c3a137849355c811666952813321274af0374f1
studio2/fase03/evidence/output/units/EVD-0203.evidence.json,179087,3f3e92613d8a9b4f21f9b12d2a9680318d50c21a09e94a384f7af9b5780db7ae
studio2/fase03/evidence/output/units/EVD-0203.features.csv,6468,e25843506951dc083fe100c4e57b5ce92292e9f226cc8244059d2e446ac697ab
studio2/fase03/evidence/output/units/EVD-0203.signature.csv,4212,937d6515ac718e32634c09a93ec7f8d09845120bf5e1b42a89ac7ce9d5297972
studio2/fase03/evidence/output/units/EVD-0203.txt,676,f20e954ccef6ea90dc14923d8dc67ffe375d4182976dbbfdcbaaa918bb0c6eea
studio2/fase03/evidence/output/units/EVD-0204.evidence.json,179098,cce5047027060501beab2b4e0effe9891732c02089db79af67b8b1a1aa922e59
studio2/fase03/evidence/output/units/EVD-0204.features.csv,6490,87cc1fb40e4b82f3be55f6ba4b243e79398e579130f46a66a8139fe850c85721
studio2/fase03/evidence/output/units/EVD-0204.signature.csv,4214,dc70c84c1d0f8a895201abc76bfc383f8cca32f2dd7fc6b42cbf1a1baa8de4da
studio2/fase03/evidence/output/units/EVD-0204.txt,676,ec655962bb072561ef7f2f2e174fce31e6317e9d523abe30fe0d8a77c218cd3e
studio2/fase03/evidence/output/units/EVD-0205.evidence.json,179060,c18637e4c33ef4b95fe12e3c91ad81953146aa898b76beba29922713defb157e
studio2/fase03/evidence/output/units/EVD-0205.features.csv,6483,283819219e08fb95ada92af5051691634ec0ac002d76bf691fb20f91d530cce4
studio2/fase03/evidence/output/units/EVD-0205.signature.csv,4218,a803a69816b8072815510fee130f9bb114af158fba82f554e112901a137c6dbe
studio2/fase03/evidence/output/units/EVD-0205.txt,525,7dcc11b3cd924faa5baec9699eddf019ac3633a8ebb16e891fc09e18a448aefe
studio2/fase03/evidence/output/units/EVD-0206.evidence.json,179051,0a8d906de381d8fe97b7d8b6bc92ca522b958b75579b2662df9fbc9c328c72e4
studio2/fase03/evidence/output/units/EVD-0206.features.csv,6480,1401249c4246734f5c7abedf000bf01c70427898ff50c5bad0a9aa4197c6c0d1
studio2/fase03/evidence/output/units/EVD-0206.signature.csv,4218,a803a69816b8072815510fee130f9bb114af158fba82f554e112901a137c6dbe
studio2/fase03/evidence/output/units/EVD-0206.txt,525,cdda9473e2d1b1f42647de96f1b6f3a5a1dfdc935a6f86426a16c5ce5ba68939
studio2/fase03/evidence/output/units/EVD-0207.evidence.json,179088,8749bb7e5283996f0f1570b9dee9253fb428d758ce6a00398a9d827c93371c5e
studio2/fase03/evidence/output/units/EVD-0207.features.csv,6515,8a7d5ba4918efbf602448b00093c4124753504bea3e0bf3d67c9c9124162acdc
studio2/fase03/evidence/output/units/EVD-0207.signature.csv,4218,a803a69816b8072815510fee130f9bb114af158fba82f554e112901a137c6dbe
studio2/fase03/evidence/output/units/EVD-0207.txt,525,d56cd5a253cc4b2779b9f4d478049fb7a1f174b9f81e666547c52b6169673f6b
studio2/fase03/evidence/output/units/EVD-0208.evidence.json,179064,ff507e717891a98b376d041eb80f33ef0cedb2ed109711549dbb5404976658f0
studio2/fase03/evidence/output/units/EVD-0208.features.csv,6492,b2cafade65574338aeabae21c0df4ea0b96e88dddfe4932c9fe03070df55916e
studio2/fase03/evidence/output/units/EVD-0208.signature.csv,4218,a803a69816b8072815510fee130f9bb114af158fba82f554e112901a137c6dbe
studio2/fase03/evidence/output/units/EVD-0208.txt,525,5d464e258321dfa36d0aa1c91cb6ece5d00ebe3867940f755796f8381e050317
studio2/fase03/evidence/output/units/EVD-0209.evidence.json,179099,f068fda42f99c8f3a28b14d0541e0c2eaf2a5b630bfd79d635d56871283d1fea
studio2/fase03/evidence/output/units/EVD-0209.features.csv,6391,3ddcb0d37c9f68fa192d526bc36207d10651539362677a725e158e754ed72626
studio2/fase03/evidence/output/units/EVD-0209.signature.csv,4208,9f65c49c9f9d98eacd18e0aa2a6cb38c7377fe1c49d7407f8942b5500ad11fff
studio2/fase03/evidence/output/units/EVD-0209.txt,767,87d070a8bf869c68ad934803f71ee80497411811dc32d7595ee6a50efbcca9a4
studio2/fase03/evidence/output/units/EVD-0210.evidence.json,179058,ccbfbaebb0fddad395f706468329c9037ae23f1215454337a5d9f25c01d00b0c
studio2/fase03/evidence/output/units/EVD-0210.features.csv,6407,cec06ed0eded02394d062c3c943660ac89971b3e3ae3e59f329672c71a60795c
studio2/fase03/evidence/output/units/EVD-0210.signature.csv,4212,992f50ec697fadc87cff158f4550fb042f720050bcd63d97f4defc9b297c74e1
studio2/fase03/evidence/output/units/EVD-0210.txt,676,f4d7af671f16e481d02ee042d2a839b397747c83ea55ba5262c00ba803d15f6c
studio2/fase03/evidence/output/units/EVD-0211.evidence.json,179111,d0302739c3a38f40cd5e0f89b3064e72c55a46778ec0a65f976a74b4080fe753
studio2/fase03/evidence/output/units/EVD-0211.features.csv,6473,564052aa04d449912990bfa5f6e503e4caa9a056f6d06dab651f5f3df6fd4736
studio2/fase03/evidence/output/units/EVD-0211.signature.csv,4210,c1e6faf2cdc9957654ee24ba21f5c2a7aa1c56c107ad74393ca15561c839e68d
studio2/fase03/evidence/output/units/EVD-0211.txt,676,a366f2dec47cd05294ed95ed4964e0b5602a4f4035500463346f8ddeb3f214b3
studio2/fase03/evidence/output/units/EVD-0212.evidence.json,179084,31294fcc3f02b4f312607c58079e02bbff6c54cb873c6c43cae7f3deeecfb476
studio2/fase03/evidence/output/units/EVD-0212.features.csv,6475,37a982ab92b20efb883d4cb1cc4922178faf8b37a7a1bb88bc5f4d38a5dcc110
studio2/fase03/evidence/output/units/EVD-0212.signature.csv,4214,dc70c84c1d0f8a895201abc76bfc383f8cca32f2dd7fc6b42cbf1a1baa8de4da
studio2/fase03/evidence/output/units/EVD-0212.txt,676,c73ab27550f3305d2d1f3d4e0acd779d85e06eb447952a657b7e3f021e836942
studio2/fase03/evidence/output/units/EVD-0213.evidence.json,179068,aff12054c1a5f714bc55e9bb6f71a0e7cd110945a20b571528209ba47b010ce7
studio2/fase03/evidence/output/units/EVD-0213.features.csv,6498,a02eeba0f5bb75b368cd9c2878d4e56897f6dbe92943ede65921dd126bc17458
studio2/fase03/evidence/output/units/EVD-0213.signature.csv,4218,a803a69816b8072815510fee130f9bb114af158fba82f554e112901a137c6dbe
studio2/fase03/evidence/output/units/EVD-0213.txt,525,7a77887e0bf4fe08d6cd7bb62cb5f8850f8adaa2e49a9fe95779de56bd1fcd6e
studio2/fase03/evidence/output/units/EVD-0214.evidence.json,179058,78946ef7698b789b58522f6a75c91f946835ca9f6c49172e15ed4a1baa4f63d3
studio2/fase03/evidence/output/units/EVD-0214.features.csv,6483,be2bf922389131145dfaa7763d02e034a4c27aa1667eb469c660c11a375258e4
studio2/fase03/evidence/output/units/EVD-0214.signature.csv,4218,a803a69816b8072815510fee130f9bb114af158fba82f554e112901a137c6dbe
studio2/fase03/evidence/output/units/EVD-0214.txt,525,429572ef1510600514891f22277f50171d37543eda7ac37d47430f36f9b5bcf0
studio2/fase03/evidence/output/units/EVD-0215.evidence.json,179066,e4208af57afc35dd2ad37ecc5fcb4c58f4aab3bcbde1c7d97e8539240abdc37f
studio2/fase03/evidence/output/units/EVD-0215.features.csv,6494,cb9e632da291e50a6f6765a611f251539ef99a53195e752cd076f02265b96e0f
studio2/fase03/evidence/output/units/EVD-0215.signature.csv,4218,a803a69816b8072815510fee130f9bb114af158fba82f554e112901a137c6dbe
studio2/fase03/evidence/output/units/EVD-0215.txt,525,1edbde0fc2bd627ae93e105ba370830cbc17c821e9ba61f6fcb75a7af6c28136
studio2/fase03/evidence/output/units/EVD-0216.evidence.json,179047,1e84dc599127726bfc91658083809a08543bf7fab4abb9f31a2c7f0f98d02c59
studio2/fase03/evidence/output/units/EVD-0216.features.csv,6478,0b22d5c7e9a1a1d0da41a8074567140535fa5f02711a3d45a3d931b980aed417
studio2/fase03/evidence/output/units/EVD-0216.signature.csv,4214,1e8441c914c89bab39ec9690477451dd9016c873e4fad5ddc996f97ad00caa3f
studio2/fase03/evidence/output/units/EVD-0216.txt,525,7c8ea04064e1af9ff813f734a925f5358eedb13e285c8120773d59ccd7e05cb1
studio2/fase03/evidence/output/units/EVD-0217.evidence.json,179120,919fcf1c3f324ec8b36bb83ddded833816eb8932d18d9a7c111664ef0ca6fa93
studio2/fase03/evidence/output/units/EVD-0217.features.csv,6413,70f57a937c4a8a300d391041683230e0f57db90ebb87b68b3c985a11496d830c
studio2/fase03/evidence/output/units/EVD-0217.signature.csv,4206,867b97ebbe17700c442f5ffff014251439430b951e6bbcabe20f128c8e5213c1
studio2/fase03/evidence/output/units/EVD-0217.txt,767,8bda7805e66cc9f8dfb53596d27d10ea64403e2c70bc4bedb90141525bbbbe42
studio2/fase03/evidence/output/units/EVD-0218.evidence.json,179047,66c0fac829ecee3cc303908cb3ba9486e2aa0803266530ff952bbe1f136d4e67
studio2/fase03/evidence/output/units/EVD-0218.features.csv,6418,4e771b18e140150fa44fdb7b0c8fa6d22d81184c6092bcc44eac438c34f753f3
studio2/fase03/evidence/output/units/EVD-0218.signature.csv,4206,abeb570ce32f43f23349506b8258efc0d238b9a29ec054ee5c9ec07e7469c68d
studio2/fase03/evidence/output/units/EVD-0218.txt,676,0acb182c939d562b8a9b6264b78bdb3225c05e1ee6c60828547d701a73f6d11b
studio2/fase03/evidence/output/units/EVD-0219.evidence.json,179091,8c0540602de09f527d1c49f76dc7b1fbfb08ed1449d263bc31acfa2c29eea841
studio2/fase03/evidence/output/units/EVD-0219.features.csv,6445,bea5e8e8f29d5dc87e0c5bf25f0e2cc9f56557d5f3e290af06cf2e1d41275492
studio2/fase03/evidence/output/units/EVD-0219.signature.csv,4214,a418a06dcd77c89fc6fd908d98b5f605daad2cd77aed785eafe558decb1de0b5
studio2/fase03/evidence/output/units/EVD-0219.txt,676,d4247395bcf2185b70002d4c79313d322d4d52e6cf44565a74a9ea9734cf0cd7
studio2/fase03/evidence/output/units/EVD-0220.evidence.json,179065,2f8fd7d17136bcdb2fc2d76f531082097996ee4818e54aeeedb38cd2e655a6f1
studio2/fase03/evidence/output/units/EVD-0220.features.csv,6489,ad2626fe84d1e94a4f64800801a189aa6711cc9568261bd5503eba17eaa2b5bf
studio2/fase03/evidence/output/units/EVD-0220.signature.csv,4216,c1efc7ac3fe8f35944b4615cf2d87264547d8f95983e5d29b5e96afe53c24ad0
studio2/fase03/evidence/output/units/EVD-0220.txt,676,da83e8aa7a6c213bad36e3527a0933a8c4c37c8d39e9a7abd2e4637dd10f5433
studio2/fase03/evidence/output/units/EVD-0221.evidence.json,179074,326d5def85ba1d0913459de6247bee880dd8dc4faf5715396eb2f5bafd281deb
studio2/fase03/evidence/output/units/EVD-0221.features.csv,6490,094cb3c0ae9970644b770e4288fa4a02a8e7be133244f9b47abdba269dde0cd7
studio2/fase03/evidence/output/units/EVD-0221.signature.csv,4218,a803a69816b8072815510fee130f9bb114af158fba82f554e112901a137c6dbe
studio2/fase03/evidence/output/units/EVD-0221.txt,525,30e5b3d3592aa6b0d6f90bb5e2c8c1032520cedea89d376e0c84fb4b173ad2d3
studio2/fase03/evidence/output/units/EVD-0222.evidence.json,179033,07bdc4f24292429f560221e9b1fe93e99fc830e9c161c3312a1956ad505f9f6c
studio2/fase03/evidence/output/units/EVD-0222.features.csv,6459,5ca6f532744df180484b19caf53ef008bb6c8e6caf03522229bfa96c4e8a365c
studio2/fase03/evidence/output/units/EVD-0222.signature.csv,4218,a803a69816b8072815510fee130f9bb114af158fba82f554e112901a137c6dbe
studio2/fase03/evidence/output/units/EVD-0222.txt,525,b2fb67c358cb551993bff7f45c36489303e271eefc2aaa61706d81e60e0ea316
studio2/fase03/evidence/output/units/EVD-0223.evidence.json,179076,bc20b53a2bec4766a714a213066238fc1f4f0be2f3e4322efbf3b06519e62a6e
studio2/fase03/evidence/output/units/EVD-0223.features.csv,6501,c522c98c9e4860f4316334e9937ca921905d03af794a8d67c7aca1081637fb92
studio2/fase03/evidence/output/units/EVD-0223.signature.csv,4218,a803a69816b8072815510fee130f9bb114af158fba82f554e112901a137c6dbe
studio2/fase03/evidence/output/units/EVD-0223.txt,525,ee757c3398b02acec7e2f048b2d58ff0f7d8bce35e81ab42962d6befc7ebf69f
studio2/fase03/evidence/output/units/EVD-0224.evidence.json,179048,8cc0388eaf525f2322c81fea8c4ddc1123d5609c4dc9804a08f640cefab4655e
studio2/fase03/evidence/output/units/EVD-0224.features.csv,6480,c9caffc740e508418ba90de3ab9c00b53d0e82e39b2bd3afd8f1c586e9b83903
studio2/fase03/evidence/output/units/EVD-0224.signature.csv,4218,a803a69816b8072815510fee130f9bb114af158fba82f554e112901a137c6dbe
studio2/fase03/evidence/output/units/EVD-0224.txt,525,37f7964582d0c8e5a2c9574464b95f9adf397dcf5c2b444f1d7e18fcf5492970
studio2/fase03/evidence/output/units/EVD-0225.evidence.json,179139,cd2cc4efe2569e59b3f2cc0c941b789b70add309ec6422749b42025c9cf4e0e7
studio2/fase03/evidence/output/units/EVD-0225.features.csv,6430,40ece4696831bc53d22099e8621f99e35a46ffcef1a7f56fd8e59688d5cf4590
studio2/fase03/evidence/output/units/EVD-0225.signature.csv,4206,a0a05450eecc037c428849d9404eeb00279a01255c0e5071e06e612b9c64a810
studio2/fase03/evidence/output/units/EVD-0225.txt,767,8bda7805e66cc9f8dfb53596d27d10ea64403e2c70bc4bedb90141525bbbbe42
studio2/fase03/evidence/output/units/EVD-0226.evidence.json,179046,9196ac355d300ccbc8243ab43ed5084906d629cf3cd3dff4a410ae8633af4a9d
studio2/fase03/evidence/output/units/EVD-0226.features.csv,6399,98b1e5b17234db8b93efc5002eb30742153b94369e4b9df78b2f192587cb50a9
studio2/fase03/evidence/output/units/EVD-0226.signature.csv,4210,278009a960e02723f05ce47eefd59b225cf600152b2ded6101583ec8978743e1
studio2/fase03/evidence/output/units/EVD-0226.txt,676,56447fa4a06fe5528681620adf58d637c1a1286ca8a5bb20fb34f438916ead83
studio2/fase03/evidence/output/units/EVD-0227.evidence.json,179083,bf0aa1b869332a60a64961b03de1ef7daa2c8fef3de919ed7a9d25f96f95be4e
studio2/fase03/evidence/output/units/EVD-0227.features.csv,6472,e0c0f8aaa46a77212760fe2abfe3b7686dc0bbb8db40a2ea62d51993cdde9f02
studio2/fase03/evidence/output/units/EVD-0227.signature.csv,4214,dc70c84c1d0f8a895201abc76bfc383f8cca32f2dd7fc6b42cbf1a1baa8de4da
studio2/fase03/evidence/output/units/EVD-0227.txt,676,1f8b903f1b249da03f324c659362d22788f049f1c1e2c8821e5e8350ea82d3f3
studio2/fase03/evidence/output/units/EVD-0228.evidence.json,179069,77a851e89d97a487709ca7a6ca823a0a6015b68da121aaf9c71548563ab1c4bf
studio2/fase03/evidence/output/units/EVD-0228.features.csv,6488,c55c25067d67ebf5ad76f8848788799b858b23c25f0e0478c5d11122912b6ec0
studio2/fase03/evidence/output/units/EVD-0228.signature.csv,4214,dc70c84c1d0f8a895201abc76bfc383f8cca32f2dd7fc6b42cbf1a1baa8de4da
studio2/fase03/evidence/output/units/EVD-0228.txt,676,0c72550359e0df4375baf1c191c34556ec4b92e2227b0f9f41f79b4b570717e6
studio2/fase03/evidence/output/units/EVD-0229.evidence.json,179041,13b92c0a7e120c08b10466b8db46ace844eb36ab3e6f201567e30a968a9d4d88
studio2/fase03/evidence/output/units/EVD-0229.features.csv,6468,877cf9f2f6de0da014e60a6e6e7f47cbb612148eabe49a50e6ea143af954edf3
studio2/fase03/evidence/output/units/EVD-0229.signature.csv,4218,a803a69816b8072815510fee130f9bb114af158fba82f554e112901a137c6dbe
studio2/fase03/evidence/output/units/EVD-0229.txt,525,b353659156afa1372d5956c31d3affae3566975ce22bb29517451dcb0cc06c78
studio2/fase03/evidence/output/units/EVD-0230.evidence.json,179044,530bac05fb5c79881477235e39de7ac113e979d72c14d27d27e468a8139ef71f
studio2/fase03/evidence/output/units/EVD-0230.features.csv,6490,af69c36ca297127f0c76a5462778e7ff757befaf8510221b1931c925358779e6
studio2/fase03/evidence/output/units/EVD-0230.signature.csv,4218,a803a69816b8072815510fee130f9bb114af158fba82f554e112901a137c6dbe
studio2/fase03/evidence/output/units/EVD-0230.txt,525,47b8001ce331bf15947be06e74aaea5bc26f754cc5f228a5ed6d38daf82e2609
studio2/fase03/evidence/output/units/EVD-0231.evidence.json,179054,2ec8d806202aaf81d92879862e3df20062433d874ac1d9ae0b53f78e47a3b6ef
studio2/fase03/evidence/output/units/EVD-0231.features.csv,6495,1fb6b916cc6d5c29546cb5d59235f1be2e7de5312e3e90b004a5542951142f83
studio2/fase03/evidence/output/units/EVD-0231.signature.csv,4214,1e8441c914c89bab39ec9690477451dd9016c873e4fad5ddc996f97ad00caa3f
studio2/fase03/evidence/output/units/EVD-0231.txt,525,7e40c7934f14c87145971ab4dde02c64c3670ca1b152feac06b746be0c22c6fa
studio2/fase03/evidence/output/units/EVD-0232.evidence.json,179056,d290f4982937cd95e3a40fadfb3c0fc6163ddc70136a3562bacfa2cd9d0dd082
studio2/fase03/evidence/output/units/EVD-0232.features.csv,6493,ca2746b84da6664a7ad01f746f1848c2afb60612bc40cafee7131cc7f0e22fd5
studio2/fase03/evidence/output/units/EVD-0232.signature.csv,4218,a803a69816b8072815510fee130f9bb114af158fba82f554e112901a137c6dbe
studio2/fase03/evidence/output/units/EVD-0232.txt,524,83df4aabf10a8bf4eeb999e3a6bbcc730724ee5c16f341c2c914af5aea595a82
studio2/fase03/evidence/output/units/EVD-0233.evidence.json,179085,e2b8facaac63ce113c5e283af6518360bb095a3e41aefde17fbced05a20d60d9
studio2/fase03/evidence/output/units/EVD-0233.features.csv,6388,31a578330d9868d793abf3eee4fe1d5d1e0aab741ea6b7bea8a4ec9c62e16f9e
studio2/fase03/evidence/output/units/EVD-0233.signature.csv,4202,db88e34a6440a0bb11af00d32c7df92de7e4c8cd48a34b331f2e31f10ba2e2f4
studio2/fase03/evidence/output/units/EVD-0233.txt,767,13cad4a651bf85663ef35ccc4c337140d4642dbbd5131983f14eb0c7afb56475
studio2/fase03/evidence/output/units/EVD-0234.evidence.json,179069,6bff70cfb08528baad34513f6063f8da24cb77a2701ddee4a0e0e304893099bd
studio2/fase03/evidence/output/units/EVD-0234.features.csv,6413,0e738b83f796256c2a5662e44ef7393e2a951a7bc927b9834d09f658a3d79e5d
studio2/fase03/evidence/output/units/EVD-0234.signature.csv,4210,dc1ef87cd9e465ea8e168ffb209db0e24aaea36bb94251ad2f0b15784f2070ee
studio2/fase03/evidence/output/units/EVD-0234.txt,676,f30ef7f8c3b0960c39d34af53063e435007afe3b04f954cdbde944f5e148e59e
studio2/fase03/evidence/output/units/EVD-0235.evidence.json,179071,6296df60069cfdbebdaba25589b77713a555935cf73503477d9f6da5d5179920
studio2/fase03/evidence/output/units/EVD-0235.features.csv,6448,2ba778b82689da816feb15d14d51c786e51241164e9d5e0ca3eacb73d93097d8
studio2/fase03/evidence/output/units/EVD-0235.signature.csv,4212,937d6515ac718e32634c09a93ec7f8d09845120bf5e1b42a89ac7ce9d5297972
studio2/fase03/evidence/output/units/EVD-0235.txt,676,f20e954ccef6ea90dc14923d8dc67ffe375d4182976dbbfdcbaaa918bb0c6eea
studio2/fase03/evidence/output/units/EVD-0236.evidence.json,179042,dd621919d23ca83b168884b57c464f71f73615e0f04117a197043f72b7ba8b24
studio2/fase03/evidence/output/units/EVD-0236.features.csv,6446,8697024029aef89f9155945d7de38492c2cc5043c9f90fb0785a780dd1cb95b3
studio2/fase03/evidence/output/units/EVD-0236.signature.csv,4216,c1efc7ac3fe8f35944b4615cf2d87264547d8f95983e5d29b5e96afe53c24ad0
studio2/fase03/evidence/output/units/EVD-0236.txt,676,7e84f52eba6a000faea77d94ca60bf898dda76f98ddc97ae2816c862f7c2dc40
studio2/fase03/evidence/output/units/EVD-0237.evidence.json,179070,d7b3a79b5031cf53c8999d9cf84a3acff20c4e73949ad69134baf8a0d78a170f
studio2/fase03/evidence/output/units/EVD-0237.features.csv,6479,79489bccafc85055868164e3a0288b26d186488839c2aa234a91d8de6e599193
studio2/fase03/evidence/output/units/EVD-0237.signature.csv,4216,c1efc7ac3fe8f35944b4615cf2d87264547d8f95983e5d29b5e96afe53c24ad0
studio2/fase03/evidence/output/units/EVD-0237.txt,676,7008f52534204fe2de2187dfd48cb9750d21855878928cafa8594f19ab9f40a3
studio2/fase03/evidence/output/units/EVD-0238.evidence.json,179039,8fda29ac3b0e7b44a8850bd1fe344b17bdac5d3ea3dcc4451f4b81c11b1e291d
studio2/fase03/evidence/output/units/EVD-0238.features.csv,6474,e603a881ac010b05e1d7cf0a77ff2cc61f084865d7fe500f5486747bcd475ef2
studio2/fase03/evidence/output/units/EVD-0238.signature.csv,4214,1e8441c914c89bab39ec9690477451dd9016c873e4fad5ddc996f97ad00caa3f
studio2/fase03/evidence/output/units/EVD-0238.txt,525,8b22fbc8efa825789f421e772753ce0d8c55d6b10a05aee2cd117ee94e200a6d
studio2/fase03/evidence/output/units/EVD-0239.evidence.json,179039,0dc60ace7a04022f123408af70bf5c1aa4a47612956e22894e8bdcf03df61ed4
studio2/fase03/evidence/output/units/EVD-0239.features.csv,6476,47767b7d20e07a292e2342f7aaa1b1a7cbf53d0d64241c955fe4d383fda8376e
studio2/fase03/evidence/output/units/EVD-0239.signature.csv,4214,1e8441c914c89bab39ec9690477451dd9016c873e4fad5ddc996f97ad00caa3f
studio2/fase03/evidence/output/units/EVD-0239.txt,525,047c0c00872ea28c109eac1ba5bc4727707c5f3160bd6b322f20a2500073c028
studio2/fase03/evidence/output/units/EVD-0240.evidence.json,179043,f2b70beb9920d39becb926942bf6eca24ba7fb2b6a1bd79ae635042ce3e33095
studio2/fase03/evidence/output/units/EVD-0240.features.csv,6471,9a73fddc46ba350e00c5f7bb1f0e907170d0f9405beaeabdf154ab42d8abaf03
studio2/fase03/evidence/output/units/EVD-0240.signature.csv,4218,a803a69816b8072815510fee130f9bb114af158fba82f554e112901a137c6dbe
studio2/fase03/evidence/output/units/EVD-0240.txt,525,5db746cd6da2b55e012fd23843b9d4a576229db7297feb69838a97cf4957aac6
studio2/fase03/evidence/output/units/EVD-0241.evidence.json,179137,c4991f7bc2b77ce2a6045f6e07118137c368a3f4c489d455bfe45941b29e3670
studio2/fase03/evidence/output/units/EVD-0241.features.csv,6567,5806bfcb2c717e5c46dbc20a4132479d172394caf60a4e76df102a4f38357a29
studio2/fase03/evidence/output/units/EVD-0241.signature.csv,4252,d3055112d7ade63ef051179c8fc4ec647c649fd1a5a61de00af61e512931e87a
studio2/fase03/evidence/output/units/EVD-0241.txt,374,26c409a4ef059d00dc82a3532b0e72f90fb473003fbf3a4added5d5bfa15227e
studio2/fase03/evidence/output/units/EVD-0242.evidence.json,179126,217488be28176311055dc47109dbda7d1761c04d9c2f2fe9b915b088aa46e91c
studio2/fase03/evidence/output/units/EVD-0242.features.csv,6551,ee3d468183f54083201fc3cb802722b7c2d345ea7dfd0b8c0edead3e89492858
studio2/fase03/evidence/output/units/EVD-0242.signature.csv,4252,d3055112d7ade63ef051179c8fc4ec647c649fd1a5a61de00af61e512931e87a
studio2/fase03/evidence/output/units/EVD-0242.txt,374,ac4fda4ad73c1c3f430595af94107e0de331d9e60f56bdee0c91ad7e2a0a5422
studio2/fase03/evidence/output/units/EVD-0243.evidence.json,179121,6476182e1d49fd6316516bed972e3a46d6f72d2eeafec9b8d477ec2fba26ed1d
studio2/fase03/evidence/output/units/EVD-0243.features.csv,6539,bab8227bdfe85a974e4bb2426f000f721b5c97bf5ec1aa375b3880cfac80c01c
studio2/fase03/evidence/output/units/EVD-0243.signature.csv,4252,d3055112d7ade63ef051179c8fc4ec647c649fd1a5a61de00af61e512931e87a
studio2/fase03/evidence/output/units/EVD-0243.txt,374,76748a86decefde853aca33d4be1cae742a819c308657d10965450e532b41c0d
studio2/fase03/evidence/output/units/EVD-0244.evidence.json,179122,9e5404b10a1a1378aa9d617af4d22176995665a8de94f9f21669591f80b2bd62
studio2/fase03/evidence/output/units/EVD-0244.features.csv,6565,5f8805bb8269b2cbf58abd06b608ab7ac2ea1d6bf5c04d00bf9223547b9b3e8f
studio2/fase03/evidence/output/units/EVD-0244.signature.csv,4252,d3055112d7ade63ef051179c8fc4ec647c649fd1a5a61de00af61e512931e87a
studio2/fase03/evidence/output/units/EVD-0244.txt,374,f6867d81b1223461c48f045ed4784d6911eccc4b65b0d6eab3028eec3ee6330d
studio2/fase03/evidence/output/units/EVD-0245.evidence.json,179206,bb5a539b0f6db8d28256de421cc066a77f9a95fef9702ad1ebc9dc1ae2b08bd8
studio2/fase03/evidence/output/units/EVD-0245.features.csv,6555,69d6ce26637d08f24d22ba72e5ddae018a07024b9ce222bab3052762ef9f5a67
studio2/fase03/evidence/output/units/EVD-0245.signature.csv,4252,a99536d4aeb2ad6792d0f353963de08bcb909ba711f3cb7ad74d84cc48607b0c
studio2/fase03/evidence/output/units/EVD-0245.txt,641,3bc01b07948be4b801b90984e47eb78341054409fcdcd233d420beab19027cb7
studio2/fase03/evidence/output/units/EVD-0246.evidence.json,179120,7c7f9f4c08c69e89c161fbf1c84000515f940168045a14790f9a933fc588e7e6
studio2/fase03/evidence/output/units/EVD-0246.features.csv,6553,8c49da19c5cb70be47963df7bfac90d47552f10718fb43a4ec979f4ea213dee6
studio2/fase03/evidence/output/units/EVD-0246.signature.csv,4252,d3055112d7ade63ef051179c8fc4ec647c649fd1a5a61de00af61e512931e87a
studio2/fase03/evidence/output/units/EVD-0246.txt,374,7a9f05589417aaa1ee011a3ee652cb2d4c93794820b1099c5c97d44f8d7ac2fd
studio2/fase03/evidence/output/units/EVD-0247.evidence.json,179120,15c5ad06a924780931f0f7f4ce2f40dfb14323046ae8f0d7d227a53684b0ad59
studio2/fase03/evidence/output/units/EVD-0247.features.csv,6556,dcdfb7a4e83158f2d89cef002b596c5ef328bc800728ad7a1bed7ee11c46fadc
studio2/fase03/evidence/output/units/EVD-0247.signature.csv,4252,d3055112d7ade63ef051179c8fc4ec647c649fd1a5a61de00af61e512931e87a
studio2/fase03/evidence/output/units/EVD-0247.txt,374,ce60f5942ba8411208f92eb82ca8059a9fcba9f0ea31c75db21b36393fc9203b
studio2/fase03/evidence/output/units/EVD-0248.evidence.json,179110,61dbd9ca03bc98f221490d27f31924951390655de5096c50a5117d2af26b3555
studio2/fase03/evidence/output/units/EVD-0248.features.csv,6540,2a010d769858e1bd30f42e6abae473a71686baee4c6c8edaae7115711581a747
studio2/fase03/evidence/output/units/EVD-0248.signature.csv,4252,d3055112d7ade63ef051179c8fc4ec647c649fd1a5a61de00af61e512931e87a
studio2/fase03/evidence/output/units/EVD-0248.txt,374,a2109af48745fddc667fd7e10e5d4527c8f8a33bec2039808c606b5afbb3eb1e
studio2/fase03/evidence/output/units/EVD-0249.evidence.json,179099,957ef2f3005849cb1d051fab6eb6c61d4dade04d56f86312ae50213efefafa29
studio2/fase03/evidence/output/units/EVD-0249.features.csv,6546,9f96f036402956fbbaad90734fbfa200f341681290e822e774497af31a6595d2
studio2/fase03/evidence/output/units/EVD-0249.signature.csv,4252,d3055112d7ade63ef051179c8fc4ec647c649fd1a5a61de00af61e512931e87a
studio2/fase03/evidence/output/units/EVD-0249.txt,374,bdeea7b2d1f3fc67d18994c17ca41ad79f27ae640b336048cb366e25c1683b30
studio2/fase03/evidence/output/units/EVD-0250.evidence.json,179140,ce2cd40aa2904ccc038ab3ec1d96e564ebc9c2061631b3f21a640df358977db0
studio2/fase03/evidence/output/units/EVD-0250.features.csv,6576,7ac15f4b208cfb79755859a6a1f78d2aa396da026702710b222e107fba2799d5
studio2/fase03/evidence/output/units/EVD-0250.signature.csv,4252,d3055112d7ade63ef051179c8fc4ec647c649fd1a5a61de00af61e512931e87a
studio2/fase03/evidence/output/units/EVD-0250.txt,374,031f3a2bed10510435cf64c4ef2a26a086bfe0ef58bed3b31cbabb0c51b0af92
studio2/fase03/evidence/output/units/EVD-0251.evidence.json,179108,d80c39e6afbfe407e263256c6461d93fb5870a4680af62fd6cddda3e4a7070f4
studio2/fase03/evidence/output/units/EVD-0251.features.csv,6550,d9748f87c2e888ce390e3f6ab90babe1a192ae76fc1af495db1b0e5a34b3ccb1
studio2/fase03/evidence/output/units/EVD-0251.signature.csv,4252,d3055112d7ade63ef051179c8fc4ec647c649fd1a5a61de00af61e512931e87a
studio2/fase03/evidence/output/units/EVD-0251.txt,374,ee7faec8c830f435e56791c063a847c03689380d8fdf9121f38285fa37be58f8
studio2/fase03/evidence/output/units/EVD-0252.evidence.json,179102,9de003591b5b02c8ee0619a12527510f98cd422b63a90285a692b1dddc1f6332
studio2/fase03/evidence/output/units/EVD-0252.features.csv,6561,99019ea2c082c44dcd55d2d4880dd45f436bb92b6f3f45ed8b73fdd5789f4c32
studio2/fase03/evidence/output/units/EVD-0252.signature.csv,4252,d3055112d7ade63ef051179c8fc4ec647c649fd1a5a61de00af61e512931e87a
studio2/fase03/evidence/output/units/EVD-0252.txt,374,ca3e317f47cccfcfb56424328a0d0e16b7ccc4ae463eebc9a089efb8c2dd6e74
studio2/fase03/evidence/output/units/EVD-0253.evidence.json,179142,52a320145b5b6db5c4814d8084a22e400879d7a975c309975a2f65c90808ab84
studio2/fase03/evidence/output/units/EVD-0253.features.csv,6583,7bc71f8190a2414ef9ce6326bb3f3047771e3172901d0b0e0f64eee76bda97c4
studio2/fase03/evidence/output/units/EVD-0253.signature.csv,4252,d3055112d7ade63ef051179c8fc4ec647c649fd1a5a61de00af61e512931e87a
studio2/fase03/evidence/output/units/EVD-0253.txt,374,e7a567b49204fac231acfdbb8b45f59281751ec18836026f56924cea10a703e1
studio2/fase03/evidence/output/units/EVD-0254.evidence.json,179123,7c24f6d4d4aeb5361f1af88ed699a8fca0d6370cc457e26a9836c8c6fd0eea9e
studio2/fase03/evidence/output/units/EVD-0254.features.csv,6563,461dc8bdde0064a92e4507bfaa6dd1a42e1225c7b19ad61b9f65d72a6127b6b2
studio2/fase03/evidence/output/units/EVD-0254.signature.csv,4252,d3055112d7ade63ef051179c8fc4ec647c649fd1a5a61de00af61e512931e87a
studio2/fase03/evidence/output/units/EVD-0254.txt,374,f25b356a770ddd8a49b4e492e0ced37fb4426f8b94a8f89f9f5d4ce053baf686
studio2/fase03/evidence/output/units/EVD-0255.evidence.json,179156,dcea1b80095f7c75618254699578f1af642c216445c9b59d2423931c55c7ba7b
studio2/fase03/evidence/output/units/EVD-0255.features.csv,6557,72d50337f2e34722edfa0316a4d0db582110b520697b45f38d98854df8bc80e8
studio2/fase03/evidence/output/units/EVD-0255.signature.csv,4252,621f60ca075f747ac522d2045658efd3a6e1307e72ce85771a2256e2443e617b
studio2/fase03/evidence/output/units/EVD-0255.txt,429,0cf9f6f32718b5581440eb50edbb66ac853caa8b18631ccbfcba183154c1528a
studio2/fase03/evidence/output/units/EVD-0256.evidence.json,179146,becf143ae63e8de39f3f4cd41b708cfd33735b7e433952e0d637d842cb9f5ebe
studio2/fase03/evidence/output/units/EVD-0256.features.csv,6555,442e45ccc1a7966833fa0ed19de9ec30289c6d3649cce6a938bc3c199d824093
studio2/fase03/evidence/output/units/EVD-0256.signature.csv,4250,0f7751b34a696cf3a1cdedd834ee713c11686c33d86b0424a3b90cd04e16133d
studio2/fase03/evidence/output/units/EVD-0256.txt,525,2a08c55aa750831677829a198d283f72c4664bb8c431c47b7c28a356976cb380
studio2/fase03/evidence/output/units/EVD-0257.evidence.json,179136,bb0ab3c38992e568dc255bd5c95fe287b388f22ee3068a798eb3ecd4ced7832d
studio2/fase03/evidence/output/units/EVD-0257.features.csv,6552,c4dbb9a49fb3f65a18b5b9d6b1a2c161bdfc14e9f4ce0ffea58976aab8c581f2
studio2/fase03/evidence/output/units/EVD-0257.signature.csv,4252,f666ec79b8fd93691a6fbeb421d2543497e82c75c87e67c7450b5f290aeb7db3
studio2/fase03/evidence/output/units/EVD-0257.txt,429,09df8c2313a1e448c8437f35efe69eb876ae9cfeb630069d08998032ceff73d6
studio2/fase03/evidence/output/units/EVD-0258.evidence.json,179104,56e0f5babd5982676c2295e2bdd038d6c9a30e2d8a8ccb339876b20a21941090
studio2/fase03/evidence/output/units/EVD-0258.features.csv,6532,acc95e8864d2a8a8fe1df3c959f0f367540f5075fe74c1a7a7b937189b4c43f4
studio2/fase03/evidence/output/units/EVD-0258.signature.csv,4252,d3055112d7ade63ef051179c8fc4ec647c649fd1a5a61de00af61e512931e87a
studio2/fase03/evidence/output/units/EVD-0258.txt,373,53ac911d55154c2cdeee6f6e2e2136d15c37096c6658a9aa99a702a58bbf434a
studio2/fase03/evidence/output/units/EVD-0259.evidence.json,179115,2dabfd02adc2a757ac641716ca3e195591d6460ba2c6261eb8ce9e2494faccc1
studio2/fase03/evidence/output/units/EVD-0259.features.csv,6551,0ed74c5fb0f66e0744498981ea51482db0db5181fb879402afd7af6a09b107bf
studio2/fase03/evidence/output/units/EVD-0259.signature.csv,4252,d3055112d7ade63ef051179c8fc4ec647c649fd1a5a61de00af61e512931e87a
studio2/fase03/evidence/output/units/EVD-0259.txt,374,119e9c9dbdeb6585a27ef9f11f7a89223ee892881792669ba1cad22f3111b52f
studio2/fase03/evidence/output/units/EVD-0260.evidence.json,179139,251c64eadcd2ea12473dda04910650247fa560388b6436cf2b61934352f30304
studio2/fase03/evidence/output/units/EVD-0260.features.csv,6537,ac01951c37e8c940fbb9a12323ecd42553f59c0acc3cf502b7ca0ea9154eb242
studio2/fase03/evidence/output/units/EVD-0260.signature.csv,4252,621f60ca075f747ac522d2045658efd3a6e1307e72ce85771a2256e2443e617b
studio2/fase03/evidence/output/units/EVD-0260.txt,429,63ff5e73f3170c4db82c368cd7dfa42866483f30ed92d3c4086280196b055f99
studio2/fase03/evidence/output/units/EVD-0261.evidence.json,179097,1ab9c9174ae133e2f09b4309c95bc8334b9c8a873bf57f145da707412c36e210
studio2/fase03/evidence/output/units/EVD-0261.features.csv,6513,c637a8b0ccb0b5c9bb8e0da9b268a49bd93875b98cd496d212840a9bb02bb24f
studio2/fase03/evidence/output/units/EVD-0261.signature.csv,4252,d3055112d7ade63ef051179c8fc4ec647c649fd1a5a61de00af61e512931e87a
studio2/fase03/evidence/output/units/EVD-0261.txt,374,3319af65a315b3a011082d6cf1797fdd6461ed5f010ae60b8783ac37029cc286
studio2/fase03/evidence/output/units/EVD-0262.evidence.json,179134,1e6b96777db71725efa85153415deeb59f36d08aea0109812cd40ff0fb7e9509
studio2/fase03/evidence/output/units/EVD-0262.features.csv,6561,339f2c1b2d8f8749cbe18c48e3b5297d17ff11664c3f31ec441108967628fcc3
studio2/fase03/evidence/output/units/EVD-0262.signature.csv,4252,d3055112d7ade63ef051179c8fc4ec647c649fd1a5a61de00af61e512931e87a
studio2/fase03/evidence/output/units/EVD-0262.txt,374,56afa3a3ff7820be239a8016c91a390ab3df21540b40e9a7dfc9274fbd545229
studio2/fase03/evidence/output/units/EVD-0263.evidence.json,179094,8caece870599e82d33e3571df311df60a6b9e6f6967ac072b80a9ca31825e164
studio2/fase03/evidence/output/units/EVD-0263.features.csv,6519,d95d4568d18741a64e1cf0f0963c1f3ded5d8e0dcfce04b1c153848d3783f496
studio2/fase03/evidence/output/units/EVD-0263.signature.csv,4252,d3055112d7ade63ef051179c8fc4ec647c649fd1a5a61de00af61e512931e87a
studio2/fase03/evidence/output/units/EVD-0263.txt,374,cf9f66038cc50ea82d86f22f728b792d38f17af3f620373e72a3900b16b380c8
studio2/fase03/evidence/output/units/EVD-0264.evidence.json,179101,9f7d5b5535ff97b97cd20432c343214bbacda1ac4dbb6f05dfe42ca78a115fc4
studio2/fase03/evidence/output/units/EVD-0264.features.csv,6539,8db607ac44d2c4bb2a159401426bb80c2eeb8f472cc0e64c49505ba7f628922c
studio2/fase03/evidence/output/units/EVD-0264.signature.csv,4252,d3055112d7ade63ef051179c8fc4ec647c649fd1a5a61de00af61e512931e87a
studio2/fase03/evidence/output/units/EVD-0264.txt,374,fe46505b7ee9abcf939ad61f89f589e1e6dce5941e2bb365da2826b05018a82f
studio2/fase03/evidence/output/units/EVD-0265.evidence.json,179114,07f8ed39b4dc5b8e444d8d58196f556306f5f1f3ad0333da4a8d9a776aea5b86
studio2/fase03/evidence/output/units/EVD-0265.features.csv,6532,876f9b80c7c761f8b959d51ce9455514011f435368783be0bbe1c18c8359d3c2
studio2/fase03/evidence/output/units/EVD-0265.signature.csv,4252,d3055112d7ade63ef051179c8fc4ec647c649fd1a5a61de00af61e512931e87a
studio2/fase03/evidence/output/units/EVD-0265.txt,374,d51f85006973607b5b9d679c1836094646fbdfd5d2b43172f1c22511ef102bd8
studio2/fase03/evidence/output/units/EVD-0266.evidence.json,179137,be4a31c92a08d05d4a06ddce7b5d7fffbd4d04d311d0282f2cbbf335ef0b9a8b
studio2/fase03/evidence/output/units/EVD-0266.features.csv,6591,1b6f2c6483378dbf97571c31c2ffc4762f68474f717bc905b682bf8dda72a195
studio2/fase03/evidence/output/units/EVD-0266.signature.csv,4252,d3055112d7ade63ef051179c8fc4ec647c649fd1a5a61de00af61e512931e87a
studio2/fase03/evidence/output/units/EVD-0266.txt,374,605a2c183f929b7729ae9d68f52eb98dccf7bdf50dc8bf4c91c591a155928c7f
studio2/fase03/evidence/output/units/EVD-0267.evidence.json,179119,1c9d7b2356455856b64f3910abb0bd92d581015cf7f31f834c28b3c67739a066
studio2/fase03/evidence/output/units/EVD-0267.features.csv,6539,30f098c8342a21f713ea968e7055c8b1a8ed4107d502290512a30467b611f056
studio2/fase03/evidence/output/units/EVD-0267.signature.csv,4252,d3055112d7ade63ef051179c8fc4ec647c649fd1a5a61de00af61e512931e87a
studio2/fase03/evidence/output/units/EVD-0267.txt,373,9ae3e2961288a2f1229eee9f0cfd64763c9d48cd663db7b821195a7d2b723868
studio2/fase03/evidence/output/units/EVD-0268.evidence.json,179123,0c59dc0586a4bbd77424ad6392c722ce8ff2f93b67fbd66a612d89d829992613
studio2/fase03/evidence/output/units/EVD-0268.features.csv,6557,3b783357d17a878f1b19b30637527b30443ff40ad1b2811e7c72e528116947dd
studio2/fase03/evidence/output/units/EVD-0268.signature.csv,4252,d3055112d7ade63ef051179c8fc4ec647c649fd1a5a61de00af61e512931e87a
studio2/fase03/evidence/output/units/EVD-0268.txt,374,7c56a274aafe063eb77bc249796bd78590ec6a2fb862ca3d3fc1cd6cfe880cd9
studio2/fase03/evidence/output/units/EVD-0269.evidence.json,179127,d6f70b873aaedef808574e743e4ed5a20eb88788a9fb92ac1db566937b5763e2
studio2/fase03/evidence/output/units/EVD-0269.features.csv,6578,3fb691ec3dd28e692ccb0528d21d33c72f14f5cc9bac2ac3a1a57a245f645926
studio2/fase03/evidence/output/units/EVD-0269.signature.csv,4252,d3055112d7ade63ef051179c8fc4ec647c649fd1a5a61de00af61e512931e87a
studio2/fase03/evidence/output/units/EVD-0269.txt,374,c69e1eb0e56ca3f27f64b9c4432a76f67ce7c0cc5481d49efc8e083135659705
studio2/fase03/evidence/output/units/EVD-0270.evidence.json,179114,21181d62fce20309e9782c610b4f6a562ebdbe53a92d57b04b7ca9963235690e
studio2/fase03/evidence/output/units/EVD-0270.features.csv,6544,86bc1c3ff6b4bb7b438f553e2b133f359a47ef3c22e22d15be6d0b0de8ca942f
studio2/fase03/evidence/output/units/EVD-0270.signature.csv,4252,d3055112d7ade63ef051179c8fc4ec647c649fd1a5a61de00af61e512931e87a
studio2/fase03/evidence/output/units/EVD-0270.txt,374,6c73f912764a87196ccf297e1e15a9e38ad3ecbcce3eda6ec94c8864974c630a
studio2/fase03/evidence/output/units/EVD-0271.evidence.json,179138,9587ba8adb5d277b3bb1ce06519036e2a34105e917b9a3003d982d0bd8f6091f
studio2/fase03/evidence/output/units/EVD-0271.features.csv,6568,b5aff818e25670bd5f0789f511aefea2b6a8217780317c92ccdff2acbd003fd1
studio2/fase03/evidence/output/units/EVD-0271.signature.csv,4252,d3055112d7ade63ef051179c8fc4ec647c649fd1a5a61de00af61e512931e87a
studio2/fase03/evidence/output/units/EVD-0271.txt,374,d4ea6277f95829b00a93bf62078f2c1561af7afe0d45a8ab54f31d1bf44d24a7
studio2/fase03/evidence/output/units/EVD-0272.evidence.json,179117,ddded5d3aea54d7cc6e7fd8b719f6b71dce70b784579eaa99ce4131865f39b02
studio2/fase03/evidence/output/units/EVD-0272.features.csv,6548,0673b706e25859605324248e7d1c610523d80d9465a6dc68acccb4e09289cbae
studio2/fase03/evidence/output/units/EVD-0272.signature.csv,4252,d3055112d7ade63ef051179c8fc4ec647c649fd1a5a61de00af61e512931e87a
studio2/fase03/evidence/output/units/EVD-0272.txt,374,a7993ea70b0b15c4e229d2f396de38f4082802fa313b227bca252003ba1f379c
studio2/fase03/evidence/output/units/EVD-0273.evidence.json,179142,28222b8e61a242fe8f6773bdd4ab4ef82993f297d8ac418ab650ec03757f2a99
studio2/fase03/evidence/output/units/EVD-0273.features.csv,6552,ef58939d50f3e8926956beb885158277e5533ab3f29e8712dcc00f88ddcfb078
studio2/fase03/evidence/output/units/EVD-0273.signature.csv,4252,621f60ca075f747ac522d2045658efd3a6e1307e72ce85771a2256e2443e617b
studio2/fase03/evidence/output/units/EVD-0273.txt,429,52476b5a8efa68504d71118ad19bd1ed09bf904b4072d4bd7e1abbcdab27a68b
studio2/fase03/evidence/output/units/EVD-0274.evidence.json,179117,e9e61685f08e0566b00279b876b9c2fd79dcb4f54a5bf44927083164b0b8cbf3
studio2/fase03/evidence/output/units/EVD-0274.features.csv,6559,66f138e5fd52ad05fb443742db50532cebaccb729a30957c5911b6029d3a1b24
studio2/fase03/evidence/output/units/EVD-0274.signature.csv,4252,d3055112d7ade63ef051179c8fc4ec647c649fd1a5a61de00af61e512931e87a
studio2/fase03/evidence/output/units/EVD-0274.txt,374,d982b481c4c4e912cc37acb59ca4789b1fd9392c0aed632b338127e10306b5bf
studio2/fase03/evidence/output/units/EVD-0275.evidence.json,179143,1d2cd736dbcb2b15f86ff6168363d1de1e5583d25c88ca987f4119696056abed
studio2/fase03/evidence/output/units/EVD-0275.features.csv,6577,40f6b28ce69ff2a5310803e96caad35359c842362ecf7451ab68eb1d21a735d1
studio2/fase03/evidence/output/units/EVD-0275.signature.csv,4252,d3055112d7ade63ef051179c8fc4ec647c649fd1a5a61de00af61e512931e87a
studio2/fase03/evidence/output/units/EVD-0275.txt,374,5e4ebaf0fd8166ff84681030967b420f35c658b374e8004aea278ff30ef8f6fd
studio2/fase03/evidence/output/units/EVD-0276.evidence.json,179124,f4b9482e53a09809112cc969d58bc9d740fb81eadf7ec1b26923f583e9d31e52
studio2/fase03/evidence/output/units/EVD-0276.features.csv,6542,73c5e1823b691cb6d86a3d9f68022e4c4beacc7fb4b097ca93ddbd770c63b8b9
studio2/fase03/evidence/output/units/EVD-0276.signature.csv,4252,decb198611bf4c4398b091b45a8175a83f83bf11a903d6d4cecc064020005e52
studio2/fase03/evidence/output/units/EVD-0276.txt,429,48f129a267d750aa28cc6594a847363f850fb0c78a1742a112b3242c4c8bbfd9
studio2/fase03/evidence/output/units/EVD-0277.evidence.json,179125,ab830eb929207a5160d12d982b45ff9f8809ac22be2fa5a2a3e332be53a628de
studio2/fase03/evidence/output/units/EVD-0277.features.csv,6553,f544996dc813367e2d30555e922cfb005247bd352c493f0f291fdedcedfad08d
studio2/fase03/evidence/output/units/EVD-0277.signature.csv,4252,d3055112d7ade63ef051179c8fc4ec647c649fd1a5a61de00af61e512931e87a
studio2/fase03/evidence/output/units/EVD-0277.txt,374,3a7287d0d1dec6733645ddebadedcbbecb2e4b132a9b61324f9033d6e29f7454
studio2/fase03/evidence/output/units/EVD-0278.evidence.json,179138,6e1bdd85ecdd93e21b9ef8c6bf81a76cd82560f2c4338b4925d516a5e95dcbfb
studio2/fase03/evidence/output/units/EVD-0278.features.csv,6563,a1a39e69fd89d01d3067ab98fd40601df083a446b6eb29c1e8cbc2b6b4fb70b1
studio2/fase03/evidence/output/units/EVD-0278.signature.csv,4252,d3055112d7ade63ef051179c8fc4ec647c649fd1a5a61de00af61e512931e87a
studio2/fase03/evidence/output/units/EVD-0278.txt,374,87ce1a933df52f46e1079acf1f082575550c8076f7d615ab7d557815acd0aa63
studio2/fase03/evidence/output/units/EVD-0279.evidence.json,179129,a8e707abdb712e47e0ae2259644a2ccfdfc1544d1d022a52776a5be855048a53
studio2/fase03/evidence/output/units/EVD-0279.features.csv,6551,437172d07b3d39272741d056fd8aa48cf352b5e3a93c8f46b02c915699f691b9
studio2/fase03/evidence/output/units/EVD-0279.signature.csv,4250,213c90c5d08a6337f457d4eb35b88df25e2b9276b47dcd86d752be483e468b99
studio2/fase03/evidence/output/units/EVD-0279.txt,523,1c6e1eee8896e242eb565ed4c9621c8db7f8cfe731c8445edc7514d7ff44d24a
studio2/fase03/evidence/output/units/EVD-0280.evidence.json,179104,618b875fbd6b8efeac5fc963a74dcddfdc9673524bda39aa3d751068220f9b37
studio2/fase03/evidence/output/units/EVD-0280.features.csv,6506,ef9136cc7f6739e06f2acaf207388c0d29cc7f488114f27f8b11026e0058abf2
studio2/fase03/evidence/output/units/EVD-0280.signature.csv,4252,d3055112d7ade63ef051179c8fc4ec647c649fd1a5a61de00af61e512931e87a
studio2/fase03/evidence/output/units/EVD-0280.txt,373,65d8de9b635891312433dd892a2ff15475aadb130cfc9d0c14b1c6d0c5c4d8f4
studio2/fase03/evidence/output/units/EVD-0281.evidence.json,179218,8e8eade52c8d47253d60ac4880c5d0da9870c852bf17ce0a8b0be42c8126e322
studio2/fase03/evidence/output/units/EVD-0281.features.csv,6418,5627d13af0800df6d52b3bc0a7904f1883c44065a2fa541795a9b8de9c617ce7
studio2/fase03/evidence/output/units/EVD-0281.signature.csv,4210,42ab6dfe8eb8a026a15191b61b70b31ea59587139c56ce86e910ca4cb258980b
studio2/fase03/evidence/output/units/EVD-0281.txt,941,cf06ce980f9e6cd67edee870132f744d4f72ea8610dbe2fc9195142ca210668b
studio2/fase03/evidence/output/units/EVD-0282.evidence.json,179074,495953c0d1c5ec36fb9bf4203b6852c9f4ce72b91aa6a4105a0095ac073e97b8
studio2/fase03/evidence/output/units/EVD-0282.features.csv,6370,0b006e8cdbf56c81a27ec889bb9bc23dd4ea600e4df43c76e38dfdbeffa89e8c
studio2/fase03/evidence/output/units/EVD-0282.signature.csv,4176,6cefa2b4c5ad7a96d4c9697a54f98ebb654ff593825af0c5315792b146ee8dd8
studio2/fase03/evidence/output/units/EVD-0282.txt,941,daa40e9fd2ff4722c8804850a59e654118315519631cf21b4df7a24b5aeb9e4e
studio2/fase03/evidence/output/units/EVD-0283.evidence.json,178987,3c9d57d6d85a52063c96343b4433ee5d9c5a7910dae9025dcd3104468f35d020
studio2/fase03/evidence/output/units/EVD-0283.features.csv,6328,a63c9aa88b714c49b1b98a73ba0abdc5417666e06f4c4e488ae69add180fe115
studio2/fase03/evidence/output/units/EVD-0283.signature.csv,4162,d6e80c5bb785c5873d81534ea72465b8c0e6eff690c6944f3089a40cb1c2b502
studio2/fase03/evidence/output/units/EVD-0283.txt,940,32b4e9239635e84730642353db930de206d223ccef7e7c8dd7b85bd852263055
studio2/fase03/evidence/output/units/EVD-0284.evidence.json,179084,dfbdb6fcad2e91f10d14035f37eafa660ec76c65da6adabd5d4a1057faa72eae
studio2/fase03/evidence/output/units/EVD-0284.features.csv,6383,59ed30f476a1833ffc5762ea782f3c0d50133bf70b94ef0129d8793f55f4b734
studio2/fase03/evidence/output/units/EVD-0284.signature.csv,4166,d0cce5cf4eacaa22832d0c69321423329576907bdffe07b1b8f807f2315f4ddf
studio2/fase03/evidence/output/units/EVD-0284.txt,942,6d773afdaf0605433d896cd62006f8a42b653c4a65de10672ed4026b9ed2c626
studio2/fase03/evidence/output/units/EVD-0285.evidence.json,178979,184ff74d0ec488b4eb128633dfde9d48f620576f7973ac440b554834aa24cceb
studio2/fase03/evidence/output/units/EVD-0285.features.csv,6361,bb7301c212da05323ac548cdef812b18b1556d13f29bc7553f14a545d7a69b3b
studio2/fase03/evidence/output/units/EVD-0285.signature.csv,4156,2e089a344081c07ec93c12dceb61fa41876f097b8de77f83b2ba68683cc1c798
studio2/fase03/evidence/output/units/EVD-0285.txt,941,6eb2455e8d83cc09ddee113bcaa85b45fbd5495f1b09cded225dff7f7309104d
studio2/fase03/evidence/output/units/EVD-0286.evidence.json,179093,7e31a57ce16e0d4739431184883bd8c1fc439e360994c360be4673df1c318177
studio2/fase03/evidence/output/units/EVD-0286.features.csv,6404,ce10ef13ecedea5cd817753a32720a2900754f706f3f34b701a9ca3cedf8d935
studio2/fase03/evidence/output/units/EVD-0286.signature.csv,4198,73703fc1fbf90e436d18a0b399cd9c23f4d1f26253ff71f25a017f0b99e9ccea
studio2/fase03/evidence/output/units/EVD-0286.txt,941,a02621fa444f8b2a1b830373681373fbfa834ffd6b2fdc7266b6c0130119672e
studio2/fase03/evidence/output/units/EVD-0287.evidence.json,179135,f8095e055992a14a159c810fa69b32b975afe3a113335b47b874b945234c9674
studio2/fase03/evidence/output/units/EVD-0287.features.csv,6391,5860d5a52d0b3c5dc61440c03fa92eea49fda73cf3d9d37373238cfa7f67d0fa
studio2/fase03/evidence/output/units/EVD-0287.signature.csv,4192,e4763eee9263d08a9d18da58ea75795f720f65d1fe0e933a1575b01b6c96128e
studio2/fase03/evidence/output/units/EVD-0287.txt,940,60a1dd5e8e0d7c41cd2dd5050f8de6b4d57e391e1e003e88a0f00189d16ac755
studio2/fase03/evidence/output/units/EVD-0288.evidence.json,179033,e24611049ef0345ee2177c01571900fbec87328cf2de30f28ba41979077eddc7
studio2/fase03/evidence/output/units/EVD-0288.features.csv,6389,aad4112b442654dadc0690c74924fb0b8d15026cda97b091df2713e9daf597d8
studio2/fase03/evidence/output/units/EVD-0288.signature.csv,4212,567dd9f43d1f7248f76ad97ddb012f8b4c030a51ca6567e242378c9e766614b1
studio2/fase03/evidence/output/units/EVD-0288.txt,766,89a9faf6c3b20854d95b8c4d0cc6361babb7d8ec34537cf74071bb3d07a1e02e
studio2/fase03/evidence/output/units/EVD-0289.evidence.json,179047,ca7a17e7f385f44eb79621c6f79428509c2fa251343cafd81ba2326fb5945a02
studio2/fase03/evidence/output/units/EVD-0289.features.csv,6395,d6d3404c1951c79ab17b204fcb5f3ee6f0a974a6b2acdbf515391bb1e4b771f2
studio2/fase03/evidence/output/units/EVD-0289.signature.csv,4204,c74ee747fa2eec8202e35eeced2b6814493e447334fb5c66de502da6886151d1
studio2/fase03/evidence/output/units/EVD-0289.txt,765,29331b695ce706dc7935f41284fb30114c7637dddc82163a216695762f4674ef
studio2/fase03/evidence/output/units/EVD-0290.evidence.json,178808,431fb3db4ba8baab8e5b2af05e33585b2d26755898abafd66864f136dfb52ddb
studio2/fase03/evidence/output/units/EVD-0290.features.csv,6306,1b2297408e5abdff951a39166d7c69b184aa0df38bf1cc74388366133891d5f5
studio2/fase03/evidence/output/units/EVD-0290.signature.csv,4140,4a27c7d7347cd320d658ff394b15a9e6e32685f6a1de068ed157e2fbe24166bb
studio2/fase03/evidence/output/units/EVD-0290.txt,943,c973af04f40dd9f1495352eb8e8d94f1ddcc3c498014c8ddf74c78476ec072af
studio2/fase03/evidence/output/units/EVD-0291.evidence.json,178818,71fcfb875986d067873ebc5a9579755d61e8a2b6c093b948e5d6fe07639cdacb
studio2/fase03/evidence/output/units/EVD-0291.features.csv,6306,c949419f215577bc1218e677e310906d875c6dbdfe35b923687e9d5b8f23a8be
studio2/fase03/evidence/output/units/EVD-0291.signature.csv,4126,12586fe77fabb020fc30c528171fb31675947129dcc9e65cbfa315c2b145d486
studio2/fase03/evidence/output/units/EVD-0291.txt,940,e60a4fd4872be79574abf214dc21671c9d504832ad0e6b5ee7ae58158f195aa4
studio2/fase03/evidence/output/units/EVD-0292.evidence.json,178810,edc7034942994d6bb65a921b9bb2301e5fcc88bcd0bfc314bf46ca78bac72fef
studio2/fase03/evidence/output/units/EVD-0292.features.csv,6332,445938fdf1993a6b60b6478e821246e850f3ffe578593f2f30f6bfe3579d0d89
studio2/fase03/evidence/output/units/EVD-0292.signature.csv,4132,6900d21a800777d822be775cb406c7493bf6681551c1b738a89b963318e69c35
studio2/fase03/evidence/output/units/EVD-0292.txt,941,0002027425dc704c6c6f44ccb80961877a81cc5c24b0f8f2d0418369231d2944
studio2/fase03/evidence/output/units/EVD-0293.evidence.json,178899,2e36085e0783ed9bca20d3b2c87678d3aafb22dc853797057ca9f840ccf2df35
studio2/fase03/evidence/output/units/EVD-0293.features.csv,6304,b87d22c289b0511bb897798b8d91dff7afb5b999e909dfb5c677134123bcebaa
studio2/fase03/evidence/output/units/EVD-0293.signature.csv,4142,fa3448d29888806c67f664afb5ce4f124b13be7d4145becc3f8a079f0fc71d03
studio2/fase03/evidence/output/units/EVD-0293.txt,941,f647360030de863bbe003db9d92747e64fc8039b2cf26cda8aeb3f2915a81c2b
studio2/fase03/evidence/output/units/EVD-0294.evidence.json,178955,8c06c9fba0baba9b11f3b8fffbabc19f7b32e40b7c833aca50137eab0c0d6ca6
studio2/fase03/evidence/output/units/EVD-0294.features.csv,6344,a32cf6e9d3cca02f6803d2a2893d0e326a8e679af0f619c8170fc03f78099522
studio2/fase03/evidence/output/units/EVD-0294.signature.csv,4166,98a98fd24853c582eb77851e683181d8f5a2f6c79f3f40754d9f1ce874870f59
studio2/fase03/evidence/output/units/EVD-0294.txt,943,6bf6b5f1ed50ce42697eced9498a1497448a41d3d69456f20967d7b8edced053
studio2/fase03/evidence/output/units/EVD-0295.evidence.json,178909,1bc7f67b2c65e8c4e42abac100a65c900dc31f94c2769da583cc05b2544c97af
studio2/fase03/evidence/output/units/EVD-0295.features.csv,6331,bc8a28fd7040c62a69bddbd5b924941563836cbbdface3d06fb2fddbcabb82fe
studio2/fase03/evidence/output/units/EVD-0295.signature.csv,4164,5ebcf384d1ba84a4ef5835f6ef02cd1cf33a6195ad2b49a22f3db7fad0d18a6f
studio2/fase03/evidence/output/units/EVD-0295.txt,939,28032ac1862d40af78dd5ca44b0c462280b817b79fe573770d47bd160aac6a5a
studio2/fase03/evidence/output/units/EVD-0296.evidence.json,179015,831b933e269397f7d1f311ab0c24aa7f378df0c8765f78295b1febbc8f1f7144
studio2/fase03/evidence/output/units/EVD-0296.features.csv,6350,b17a769dd4e9ab4c4c9f46e17b2ac7bac691d0a94d56d60c7e5b35085a14a2d8
studio2/fase03/evidence/output/units/EVD-0296.signature.csv,4182,4a27dc6fdab61d5d56a842a130fe9bd462bbb0a541cafec37ffb078c060afb73
studio2/fase03/evidence/output/units/EVD-0296.txt,941,285c9333fca2154187d8ad5a631b451cd1f3e0a0132d5e4d327f7363d3af6356
studio2/fase03/evidence/output/units/EVD-0297.evidence.json,178920,4ce9b0646fda6a7b134ee2a62c477149bc8318c416503f041716ac8a22639c85
studio2/fase03/evidence/output/units/EVD-0297.features.csv,6358,9f7a5369fcae29ec76c521e0a946b007e2b92916b6da30130cdd328c8f92df03
studio2/fase03/evidence/output/units/EVD-0297.signature.csv,4164,6e3bfaf89a87502210de54a46b2b8b1938aeb8b1c40d65ac2624e4595674a3df
studio2/fase03/evidence/output/units/EVD-0297.txt,941,55f1ff1621adee6940764bc4fbfa7bb46f609618b6b40d96a6aa1c707b35b676
studio2/fase03/evidence/output/units/EVD-0298.evidence.json,178958,612819b2c8cde1556deee829536d5b10b2c9f7897ef91e35f984a6c84de463ad
studio2/fase03/evidence/output/units/EVD-0298.features.csv,6352,636a817452b581f1c12e41c417061d7e6497124ca5f5cf887358c83c01306aa2
studio2/fase03/evidence/output/units/EVD-0298.signature.csv,4164,0a85dea580f697b851d2477f7c85a0826dca15a1aff70ef9c5df7e07a05b4a70
studio2/fase03/evidence/output/units/EVD-0298.txt,942,86d350e1f831b0124c095683072d8959396fed1dbca6fa262eb08567935e68e9
studio2/fase03/evidence/output/units/EVD-0299.evidence.json,179008,c8e47ed7093ab6d82e59262e21386a5b0bd61727439b082ceb9f27a3fb1acb24
studio2/fase03/evidence/output/units/EVD-0299.features.csv,6348,eb2129acfd2dd86d602cbda0b8d51ed94e300cfb33c8de46d895d3b33ad6ac97
studio2/fase03/evidence/output/units/EVD-0299.signature.csv,4160,11b71da12197c3ff77271cd59df5c76853a924736abadf3fe6011402fb50c0ed
studio2/fase03/evidence/output/units/EVD-0299.txt,939,a9fa00e8fc95b94791c4b5bd2f2e14fbd2b067b88d2eb7ba4593fa607b574b35
studio2/fase03/evidence/output/units/EVD-0300.evidence.json,178830,96df92920e11414d21e5d93ade3bb67440e7e7fe742550afdbc0e72323d30b65
studio2/fase03/evidence/output/units/EVD-0300.features.csv,6327,1568ef86f8a140ed53fb44f59b21c235152fec4282e1c4c46fc1326f81f3af1d
studio2/fase03/evidence/output/units/EVD-0300.signature.csv,4148,b9b4ba899593a333f7d679b6b4874dce48ab161099838d81ecd321d20bf81165
studio2/fase03/evidence/output/units/EVD-0300.txt,943,55179548bb7f5f8f5bb2244796bd5484ece54631e7e656ed8c9ac21fd901bedb
studio2/fase03/evidence/output/units/EVD-0301.evidence.json,179054,fbaf5cad438aa22b65e71096c83072dfe8e8cd90fdfee7eee0acd090ce764b1d
studio2/fase03/evidence/output/units/EVD-0301.features.csv,6376,6518060d7d8971fe5feedf4b15d2d2336e6894a9d0805659013d395d325dea8f
studio2/fase03/evidence/output/units/EVD-0301.signature.csv,4180,5625958e2fc0c584680e8be987d0b981e34ea44a8f57667de8ac6f25e37b5f76
studio2/fase03/evidence/output/units/EVD-0301.txt,943,b05dfa7f2fde37ffea944e26903a327737146a102e71414af8f27cfed36cc18e
studio2/fase03/evidence/output/units/EVD-0302.evidence.json,179034,806bc99ec8979d3c234cfbc115036567acc73fc29892b6232b0f1e6a57983d3c
studio2/fase03/evidence/output/units/EVD-0302.features.csv,6351,cf67373bcc4e200a65814f5320b6cc923c44d59b948351ccaae38af2b7dbd2df
studio2/fase03/evidence/output/units/EVD-0302.signature.csv,4166,012f30ec09fb45edcf2d6466fc6710fab5191d2069f1f251b25759ccff14b125
studio2/fase03/evidence/output/units/EVD-0302.txt,941,ca73fcb3c01bbb3a8297c813066e06530fb9b11978092bb8eea9a58b05a5c5f7
studio2/fase03/evidence/output/units/EVD-0303.evidence.json,178928,0c669b59e41570c17f8bf949f44b9d7b3261481e3e313c056ca46594faba1880
studio2/fase03/evidence/output/units/EVD-0303.features.csv,6313,4b32ef0ba0f90cf4e049274c89a9a1d944805d1993c3ae8b92eeffe6cf30ff2e
studio2/fase03/evidence/output/units/EVD-0303.signature.csv,4152,61386efe410ccbdb819b4f9be56323a4eff49fb62c480f127cb403b3da19c7d0
studio2/fase03/evidence/output/units/EVD-0303.txt,943,9a3fe465e918552aecf9386587e99408ba96f8ae89c91829a9b394bf4972dedc
studio2/fase03/evidence/output/units/EVD-0304.evidence.json,179051,14c51285f83c8432e23aa43c06eef5386d72ce9aaac7aa782e87fe78ec9c3304
studio2/fase03/evidence/output/units/EVD-0304.features.csv,6374,786986304648ce87edf1ca868eca4f9088f29bba4c09651ff8b407c63344e809
studio2/fase03/evidence/output/units/EVD-0304.signature.csv,4172,7681eaac85d6dd03b6fcf2a7b4f6efdb191e8f69587df47491e4906554ae5859
studio2/fase03/evidence/output/units/EVD-0304.txt,943,2ae54da72c906d47478e1da2dee02481ac49cf1e6321275951010b4197c7947b
studio2/fase03/evidence/output/units/EVD-0305.evidence.json,179130,346642c445cb1efefe15bdae20b41f2314091dc179df0200fa28410a2b7e8a8e
studio2/fase03/evidence/output/units/EVD-0305.features.csv,6424,caa47df49e8173a22aaa27bcb065537cd8a4aa42e92dba54cb6aee7fc19b34e1
studio2/fase03/evidence/output/units/EVD-0305.signature.csv,4206,9982d7388932f96de63d64d2c6325083c84e1983379aec4f4ae3f4d17723049e
studio2/fase03/evidence/output/units/EVD-0305.txt,942,98d0b67b3ca611f6f524aee3b139b5eeb0c888d3cc7b8701b3e01448a8897221
studio2/fase03/evidence/output/units/EVD-0306.evidence.json,179096,e28fd6100995264c7dc7dfc5e58775f02053acdc132d5c1eba09da9924ad715d
studio2/fase03/evidence/output/units/EVD-0306.features.csv,6387,cc339e4651956784b6e62498d3f08e4bb9a6b66e3617ddcf006dcf895c2219c4
studio2/fase03/evidence/output/units/EVD-0306.signature.csv,4196,16616be273ad4f633e6937f5efb4c3363bb4ff66d86f7294382614dda5693808
studio2/fase03/evidence/output/units/EVD-0306.txt,942,334b5d89224cdc45bca9befa521d8f55e568d64935c757b0deba6e7514065139
studio2/fase03/evidence/output/units/EVD-0307.evidence.json,179056,c5163fd4228a705ef3c24116447b8e7ad14b96e40703110f991bee26f9dd5ac7
studio2/fase03/evidence/output/units/EVD-0307.features.csv,6366,b52e689ae6cf883a285de02d8ccc4efb1198d617794b48419c5965190c0120da
studio2/fase03/evidence/output/units/EVD-0307.signature.csv,4202,f55d08ed7b2530a421034365d0729449f9d7923ad8b0764fb04075ab5b342575
studio2/fase03/evidence/output/units/EVD-0307.txt,940,13d5b1e047fb1a2bbe7701b9710266072e0d1e962216d8a78832ca20d0767c57
studio2/fase03/evidence/output/units/EVD-0308.evidence.json,178992,650066d6bf43c344b16093a46c53d6260cd97999cac2c42a8ea7f6d1d7ab53cc
studio2/fase03/evidence/output/units/EVD-0308.features.csv,6325,1d8609363353547f38a3fe79923b0e55975a63a63f2da57430f694329b3f7ad6
studio2/fase03/evidence/output/units/EVD-0308.signature.csv,4168,6128fcb62fadf4a0a6d972b50b3b97ee057524600459f056ea5153f69ce6c1ad
studio2/fase03/evidence/output/units/EVD-0308.txt,942,0699e6167ee1176585f66782f958e3386614f0555c07ee582cdbeda3d54a6a01
studio2/fase03/evidence/output/units/EVD-0309.evidence.json,179246,2a4bad29d9751562dad43a2ca3c8185d5cf80b48edd2e66052ddf1ff67a34ef5
studio2/fase03/evidence/output/units/EVD-0309.features.csv,6457,ab137aa3a0d5130599820f87a70294b51a766612e661c45d8541e012319e96e4
studio2/fase03/evidence/output/units/EVD-0309.signature.csv,4230,d23434c7a90ec20a8f47a5d76a2547d7205864792387c8fd5d82e254cfae3e60
studio2/fase03/evidence/output/units/EVD-0309.txt,941,7f240e46d9b82ff73d7c95e2fe8bd40d4e25ce23661dfdd9bda9b13ce96093a1
studio2/fase03/evidence/output/units/EVD-0310.evidence.json,179084,79b7a9b8f09900fdf6ed32cdd857536689e3d9d7e0117e40d06f73406487add2
studio2/fase03/evidence/output/units/EVD-0310.features.csv,6357,0b70a04bedd3f040e208002a7bdb4da52349bd2f182f4f00759bdbc06946bd9a
studio2/fase03/evidence/output/units/EVD-0310.signature.csv,4182,42850698f41b17ae20d892b7e62dd3d6eb97f757feb9956f8e61ff40f5aa8663
studio2/fase03/evidence/output/units/EVD-0310.txt,941,bd065b58453b14ce43d49cff6c94ffb63e6af8fc704ceaffc4627ab02b5719b8
studio2/fase03/evidence/output/units/EVD-0311.evidence.json,179003,0f9f37a05cadd30d1fbc6659922c4683c1fb81f65b60c5cc8a268c14551a0e34
studio2/fase03/evidence/output/units/EVD-0311.features.csv,6353,99e3958a839e584feb7119cea13d64595d5213a35a47108daa83100cc92c23a4
studio2/fase03/evidence/output/units/EVD-0311.signature.csv,4162,5eb36eae191be2d467e357bede4673929a1398a3de170aafa96e9a386021f0bd
studio2/fase03/evidence/output/units/EVD-0311.txt,943,218513be0d8449a64a4326acc09cff69279cce2b1a218be27645e811f3c7dd17
studio2/fase03/evidence/output/units/EVD-0312.evidence.json,178951,5248da3a762dc1616b7cbff5321658e112725c5f6e81d09c00c720db01f19efb
studio2/fase03/evidence/output/units/EVD-0312.features.csv,6347,5a22df8fd392858894309ea604943b75900289e99b455ca60fdb56afff09eb3f
studio2/fase03/evidence/output/units/EVD-0312.signature.csv,4156,c68df779a346e2213df08ad3d57f3145da04341058c94772b59bdb90f592e05a
studio2/fase03/evidence/output/units/EVD-0312.txt,943,89a55adcf4c0bd7ba3fc9dee940fe38758e5e4187dd57480292416285add492b
studio2/fase03/evidence/output/units/EVD-0313.evidence.json,178948,120aee912281920cc3535c5c345a764f909c7a06277ea39e2a98031144ea95d6
studio2/fase03/evidence/output/units/EVD-0313.features.csv,6378,2e8938f26c02e749b5dbbf4abc5437e44b0946f3793d937a3d833c1dde1fe3cc
studio2/fase03/evidence/output/units/EVD-0313.signature.csv,4176,19bcd2e668ffd140d4972960e4fab551b2e719f283e4c933d5ad20dd35baf337
studio2/fase03/evidence/output/units/EVD-0313.txt,765,beb88029eead267fb712c2cf60583e422fddbcb151b2c50321e6c01bcd34edc8
studio2/fase03/evidence/output/units/EVD-0314.evidence.json,178985,22e14fba9d45bf5fc04e2b3936bb6c10b0222028a2614ae4652c87e4e8320988
studio2/fase03/evidence/output/units/EVD-0314.features.csv,6329,5218b747f9fafc142bfe106dbaf31de0471877effc1e587a7f7cb47b04d386b3
studio2/fase03/evidence/output/units/EVD-0314.signature.csv,4170,a98f1f95a72e9a060191ce6683e1e8ac1c063de0e03e1c5b899000c1abeeb45d
studio2/fase03/evidence/output/units/EVD-0314.txt,940,1015961f7e112b4ac9034cccc88b1a38c88e5193dba306df8c8418207f1bbd34
studio2/fase03/evidence/output/units/EVD-0315.evidence.json,179062,1e071537f363bd305eea4b61e8b699c22d815ce4abf8af538caf9f515050663c
studio2/fase03/evidence/output/units/EVD-0315.features.csv,6363,3e5a0275cfd63f412d2218dada008c4793d43eac00b277be0ac1d015fa17367e
studio2/fase03/evidence/output/units/EVD-0315.signature.csv,4180,29e6d847379cb485b18fac15b6aa5143e2900f18f22c2fe10ce191b5c1464c69
studio2/fase03/evidence/output/units/EVD-0315.txt,940,b8a858894190cab722863fb862bd0b730896c6f9bb66471dc219dedd1d9e1a63
studio2/fase03/evidence/output/units/EVD-0316.evidence.json,179006,2dc76dadb3cec1865b617d4ad3a41f37f8daa08be4b836c9eb0508c3c6bc72b9
studio2/fase03/evidence/output/units/EVD-0316.features.csv,6370,ad51922028beba7020704b5bdef9d36ada5a1e82ea5184308e0a2fa15b5c1acb
studio2/fase03/evidence/output/units/EVD-0316.signature.csv,4186,ac4de7fb21ad480e20b076bcd6545813346052bef7bf3e2b16c96a4232118a60
studio2/fase03/evidence/output/units/EVD-0316.txt,942,4deade07f266e32552193f67407272c2616aeeb292d7ec25f853fe9e62d882ff
studio2/fase03/evidence/output/units/EVD-0317.evidence.json,179057,19b6ac98c14e64ec3b551d43c9744dbb52535bf2803a72a1f7212cbc60a0012e
studio2/fase03/evidence/output/units/EVD-0317.features.csv,6375,ef1a6ba70083a2d091c23220afa36d658a5ebb2dfa8f156ed620f664184e57a4
studio2/fase03/evidence/output/units/EVD-0317.signature.csv,4186,daf39fe27c27349d0b6ed2a8a0aa0fcb78e30a21aca87a19ffd9f983a59e1720
studio2/fase03/evidence/output/units/EVD-0317.txt,941,3cd52b5ba241f1e90652a5f870539ae8b657c632a3e01c692d8821105235eba4
studio2/fase03/evidence/output/units/EVD-0318.evidence.json,178990,c7ff43530002ad6ff32efb8d2127831fdb89ab61688a7b82a0bec7b02b8b57cf
studio2/fase03/evidence/output/units/EVD-0318.features.csv,6387,30a9d36e8552b7619ac63cdb56d8195429b320f3134289295a8d8ff8beca53e9
studio2/fase03/evidence/output/units/EVD-0318.signature.csv,4192,1ab15ce2be995a39672f0c591e732198bf59b9b286a02564a40ff08d6f684678
studio2/fase03/evidence/output/units/EVD-0318.txt,764,68dc308b4ba4987b7937646f5f40e2deadff9794c1a06634a803638d361724b8
studio2/fase03/evidence/output/units/EVD-0319.evidence.json,179038,db50da54720618d0bac028e26ae5637576d589a0b1d196a5659ffb80a9835507
studio2/fase03/evidence/output/units/EVD-0319.features.csv,6377,d6f1f5ec8f36adbb41e8d160b913175025a29b04f778065f7d2d34b51bf47d38
studio2/fase03/evidence/output/units/EVD-0319.signature.csv,4178,654988b22532dd875c2cb7d7ca7d27917cc1dd44cef15d2c09c6b5c0bc7f2ec9
studio2/fase03/evidence/output/units/EVD-0319.txt,940,fee483a890c21fedc87f09ea68426000d2d8bbb17135fef152eabc86fe9a5885
studio2/fase03/evidence/output/units/EVD-0320.evidence.json,179049,4b93049d451f6f059e6163f8f4d0965ac84a3c06defd025cb76fd2ecabba85f6
studio2/fase03/evidence/output/units/EVD-0320.features.csv,6342,a81d790ae6f23cbc6a44d711e9cf822524f773d6951d1f012c6c828291ec49df
studio2/fase03/evidence/output/units/EVD-0320.signature.csv,4180,c75c4fbb29d40f1968bcb82581d4b0badf5b3dc7310db0d28d57659de7918363
studio2/fase03/evidence/output/units/EVD-0320.txt,941,d605cd3581569391799b6a4eef4569bb1da24e422d0dd6bc2fe72720d7ae58b1
