FOT_DIAG,0,0,48.5,0.5,51,45,45,35,40,1,1,41.105812072753906,18.113491058349609,35.944588369409736,12.209547880014606
FOT_DIAG,0.016666666666666666,0,48.5,0.5,51,45,45,35,40,1,1,36.069354094207554,10.626667833705545,35.926963607868714,12.021331482524117
FOT_DIAG,0.033333333333333333,0,48.5,0.5,51,45,45,35,40,1,1,35.900062214790076,10.958184256388655,35.908267845785829,12.165677606669263
FOT_DIAG,0.049999999999999996,0,48.5,0.5,51,45,45,35,40,1,1,35.923375199558429,14.134122084247444,35.975760926518767,14.167049947887003
FOT_DIAG,0.066666666666666666,0,48.5,0.5,51,45,45,35,40,1,1,35.92658304143982,10.834138353568928,35.910847701525732,11.776919159536943
FOT_DIAG,0.083333333333333329,0,48.5,0.5,51,45,45,35,40,1,1,35.771169832568908,9.9702383088858006,35.813578809769325,11.626627074949702
FOT_DIAG,0.099999999999999992,0,48.5,0.5,51,45,45,35,40,1,1,35.942097488458181,13.302089780270467,35.963811366645999,12.931590557201568
FOT_DIAG,0.11666666666666667,0,48.5,0.5,51,45,45,35,40,1,1,35.809843898453217,11.299858880161889,36.02915077900326,12.444627924524069
FOT_DIAG,0.13333333333333333,0,48.5,0.5,51,45,45,35,40,1,1,35.938778795022081,13.129137528530894,35.940767012780007,12.808604477829002
FOT_DIAG,0.14999999999999999,0,48.5,0.5,51,45,45,35,40,1,1,35.714805348159196,16.060792588520421,35.898827692857544,12.602207815630997
FOT_DIAG,0.16666666666666666,0,48.5,0.5,51,45,45,35,40,1,1,36.078377490275145,13.433951625633233,35.999673120162079,12.224935979244668
FOT_DIAG,0.18333333333333332,0,48.5,0.5,51,45,45,35,40,1,1,35.842932759210285,11.371880541040751,35.944127241916838,11.678510096361771
FOT_DIAG,0.19999999999999998,0,48.5,0.5,51,45,45,35,40,1,1,35.767175858260543,11.184291743165531,35.894443497956885,11.496607724286939
FOT_DIAG,0.21666666666666665,0,48.5,0.5,51,45,45,35,40,1,1,35.967995311232741,14.38038013770872,35.938121465346015,11.918889678274054
FOT_DIAG,0.23333333333333334,0,48.5,0.5,51,45,45,35,40,1,1,35.94624679814342,12.730527887384515,35.987751157926425,13.476360991107748
FOT_DIAG,0.25,0,48.5,0.5,51,45,45,35,40,1,1,35.854690797510159,7.8089294308965602,35.917612000328937,11.056026236529664
FOT_DIAG,0.26666666666666666,0,48.5,0.5,51,45,45,35,40,1,1,35.898514960681617,14.564587811761132,35.923038014715061,12.513770121811856
FOT_DIAG,0.28333333333333333,0,48.5,0.5,51,45,45,35,40,1,1,35.931885093604272,12.429220365666145,35.923526013472227,12.424990034232724
FOT_DIAG,0.29999999999999999,0,48.5,0.5,51,45,45,35,40,1,1,35.891381028852578,12.287604880280234,35.831699205678248,12.125192113193954
FOT_DIAG,0.31666666666666665,0,48.5,0.5,51,45,45,35,40,1,1,36.014683082403963,11.191482381127292,35.950790954947095,12.392397291085372
FOT_DIAG,0.33333333333333331,0,48.5,0.5,51,45,45,35,40,1,1,35.995976634800613,12.334420660447748,35.974619378833957,12.770213974664788
FOT_DIAG,0.34999999999999998,0,48.5,0.5,51,45,45,35,40,1,1,36.05058017335287,11.604625335142732,35.994892498020583,11.57512559725587
FOT_DIAG,0.36666666666666664,0,48.5,0.5,51,45,45,35,40,1,1,35.755441059089804,12.627458313051644,35.856600318631592,11.985590410509749
FOT_DIAG,0.3833333333333333,0,48.5,0.5,51,45,45,35,40,1,1,35.834444394560286,12.46846085840164,35.933978905370218,12.623187505540512
FOT_DIAG,0.39999999999999997,0,48.5,0.5,51,45,45,35,40,1,1,36.034371175751915,14.657372806964112,35.961057642183,12.691371089880207
FOT_DIAG,0.41666666666666663,0,48.5,0.5,51,45,45,35,40,1,1,35.876245180807736,11.110323893819597,35.883193855102235,12.70966918301208
FOT_DIAG,0.43333333333333329,0,48.5,0.5,51,45,45,35,40,1,1,36.025096317421358,14.70616623582681,35.906087414414074,11.802325663019916
FOT_DIAG,0.45000000000000001,0,48.5,0.5,51,45,45,35,40,1,1,36.013538168534076,11.318087714220354,35.965978533801049,12.45229823597052
FOT_DIAG,0.46666666666666667,0,48.5,0.5,51,45,45,35,40,1,1,35.979459722317493,13.529255428399971,35.932668998473197,13.250496965754071
FOT_DIAG,0.48333333333333334,0,48.5,0.5,51,45,45,35,40,1,1,35.932501561555,12.656937002747103,35.900413350291252,12.106116021620963
FOT_DIAG,0.5,0,48.5,0.5,51,45,45,35,40,1,1,35.850280404125527,12.536166695275433,35.903677433194183,12.302725877027553
FOT_DIAG,0.51666666666666661,0,48.5,0.5,51,45,45,35,40,1,1,35.898276038687094,13.352493068093638,35.874879132019885,12.918858571343538
FOT_DIAG,0.53333333333333333,0,48.5,0.5,51,45,45,35,40,1,1,35.828650173694854,12.175916980865077,35.894895548511762,12.309593504178439
FOT_DIAG,0.54999999999999993,0,48.5,0.5,51,45,45,35,40,1,1,35.863666637781989,12.180841728000713,35.914276387739548,12.578341303425466
FOT_DIAG,0.56666666666666665,0,48.5,0.5,51,45,45,35,40,1,1,35.985566942450085,16.019593937582727,35.952689607037826,12.373238960449504
FOT_DIAG,0.58333333333333326,0,48.5,0.5,51,45,45,35,40,1,1,35.686205059804124,11.887959038708914,35.853566075512475,12.615262100592901
FOT_DIAG,0.59999999999999998,0,48.5,0.5,51,45,45,35,40,1,1,35.855845146240348,11.972330113394481,35.926410995098067,11.977081990357769
FOT_DIAG,0.6166666666666667,0,48.5,0.5,51,45,45,35,40,1,1,35.857188211919159,13.201651870391276,35.861002236962861,12.691361556777196
FOT_DIAG,0.6333333333333333,0,48.5,0.5,51,45,45,35,40,1,1,35.871450231202068,12.491824687480261,35.874822645153422,12.616161028576233
FOT_DIAG,0.65000000000000002,0,48.5,0.5,51,45,45,35,40,1,1,35.998043103863125,11.597659177473286,35.947884547775068,12.541541738621888
FOT_DIAG,0.66666666666666663,0,48.5,0.5,51,45,45,35,40,1,1,35.835194749920923,13.202866267314866,35.927990000885814,12.672631175659857
FOT_DIAG,0.68333333333333335,0,48.5,0.5,51,45,45,35,40,1,1,35.969167190752195,15.51927348805479,35.937915652522989,12.429451062185482
FOT_DIAG,0.69999999999999996,0,48.5,0.5,51,45,45,35,40,1,1,36.024062595273371,12.015773240256532,35.953553067630786,11.330579107097487
FOT_DIAG,0.71666666666666667,0,48.5,0.5,51,45,45,35,40,1,1,35.967498899190907,11.819020653474135,35.918441837295624,11.686305720978879
FOT_DIAG,0.73333333333333328,0,48.5,0.5,51,45,45,35,40,1,1,36.162310456483738,12.104712507093247,36.02162449373197,12.803573182381207
FOT_DIAG,0.75,0,48.5,0.5,51,45,45,35,40,1,1,36.070202779812455,13.61191778952568,36.024262210161226,13.067173325643958
FOT_DIAG,0.76666666666666661,0,48.5,0.5,51,45,45,35,40,1,1,35.94320222248178,14.371957048148262,35.964569050944121,13.581858097314141
FOT_DIAG,0.78333333333333333,0,48.5,0.5,51,45,45,35,40,1,1,35.895961108235568,12.139839877457607,35.930743177856399,12.321568998425301
FOT_DIAG,0.79999999999999993,0,48.5,0.5,51,45,45,35,40,1,1,35.979207408969664,12.801223819925486,35.928113902731297,12.063672526594377
FOT_DIAG,0.81666666666666665,0,48.5,0.5,51,45,45,35,40,1,1,35.982560185885497,12.233407001321892,36.025434715477054,12.488806883216943
FOT_DIAG,0.83333333333333326,0,48.5,0.5,51,45,45,35,40,1,1,36.027622981654652,12.274179224767009,35.99144911907932,11.996235781928085
FOT_DIAG,0.84999999999999998,0,48.5,0.5,51,45,45,35,40,1,1,35.965770749927145,12.17028003490227,35.967884553446034,12.870574055096608
FOT_DIAG,0.86666666666666659,0,48.5,0.5,51,45,45,35,40,1,1,36.025403336622581,12.732584273454172,35.977842615331809,12.571566998852104
FOT_DIAG,0.8833333333333333,0,48.5,0.5,51,45,45,35,40,1,1,36.016712451237254,13.249522341033089,36.008719802186576,13.919508191517481
FOT_DIAG,0.90000000000000002,0,48.5,0.5,51,45,45,35,40,1,1,35.932177871434817,12.211706123796187,35.916909881841761,11.52409656544037
FOT_DIAG,0.91666666666666663,0,48.5,0.5,51,45,45,35,40,1,1,36.051108912819764,13.570755351002655,35.920524526987549,12.637984680135391
FOT_DIAG,0.93333333333333335,0,48.5,0.5,51,45,45,35,40,1,1,35.988256181732119,9.3952743795074003,35.942106337761174,11.64320102490724
FOT_DIAG,0.94999999999999996,0,48.5,0.5,51,45,45,35,40,1,1,36.136457114620164,10.337885893981012,36.043657478965038,12.509862698044863
FOT_DIAG,0.96666666666666667,0,48.5,0.5,51,45,45,35,40,1,1,35.911082148081029,12.948779384000773,35.895116666200401,13.061865703975316
FOT_DIAG,0.98333333333333328,0,48.5,0.5,51,45,45,35,40,1,1,35.909599357643856,11.782792133461996,35.941692254730576,12.621317123031574
FOT_DIAG,1,0,48.5,0.5,51,45,45,35,40,1,1,35.746286150658776,12.309994201591119,35.880945153863941,12.503735730765868
FOT_DIAG,1.0166666666666666,0,48.5,0.5,51,45,45,35,40,1,1,35.901740062167399,10.889679534777844,35.910875695137875,13.103429573440611
FOT_DIAG,1.0333333333333332,0,48.5,0.5,51,45,45,35,40,1,1,35.870876763052046,15.5822523617508,35.908533571686341,12.301273150584722
FOT_DIAG,1.05,0,48.5,0.5,51,45,45,35,40,1,1,35.996194579072615,13.929464497591717,35.904504900816008,12.161733364973987
FOT_DIAG,1.0666666666666667,0,48.5,0.5,51,45,45,35,40,1,1,35.921406357392605,11.762725955038203,35.915945725098361,11.790033533165589
FOT_DIAG,1.0833333333333333,0,48.5,0.5,51,45,45,35,40,1,1,35.853283170020902,10.812898952671542,35.988013549441725,12.509258519652505
FOT_DIAG,1.0999999999999999,0,48.5,0.5,51,45,45,35,40,1,1,35.981187820396826,12.007364662608991,35.947320181164223,12.201558264181108
FOT_DIAG,1.1166666666666667,0,48.5,0.5,51,45,45,35,40,1,1,36.042643062377714,10.984349896891015,35.99564054196518,12.084207758326164
FOT_DIAG,1.1333333333333333,0,48.5,0.5,51,45,45,35,40,1,1,35.891854830319915,14.491200154595974,35.921141136163811,13.093314843607411
FOT_DIAG,1.1499999999999999,0,48.5,0.5,51,45,45,35,40,1,1,36.1476391503057,14.659228890610185,36.040132386047489,13.425730633147451
FOT_DIAG,1.1666666666666665,0,48.5,0.5,51,45,45,35,40,1,1,36.01198284294977,10.48229474969758,35.996609818641282,11.537545742422653
FOT_DIAG,1.1833333333333333,0,48.5,0.5,51,45,45,35,40,1,1,35.816435656597399,10.293414226430711,35.935391235514871,12.877116942963418
FOT_DIAG,1.2,0,48.5,0.5,51,45,45,35,40,1,1,35.965074839798312,12.289396283020627,35.975496306024588,12.328701937354225
FOT_DIAG,1.2166666666666666,0,48.5,0.5,51,45,45,35,40,1,1,35.894268099726389,13.193931031828752,35.883458962753593,11.51948463607923
FOT_DIAG,1.2333333333333334,0,48.5,0.5,51,45,45,35,40,1,1,35.924511880907914,11.430043508923546,35.922064212240791,11.490284991398168
FOT_DIAG,1.25,0,48.5,0.5,51,45,45,35,40,1,1,35.961368382386389,13.700632789346503,35.972595087101638,12.507738690093197
FOT_DIAG,1.2666666666666666,0,48.5,0.5,51,45,45,35,40,1,1,35.802056993439443,16.05115982867072,35.95103495018575,13.225605376526291
FOT_DIAG,1.2833333333333332,0,48.5,0.5,51,45,45,35,40,1,1,35.94296568868927,12.527362264049277,35.91621148423495,11.95021727609269
FOT_DIAG,1.3,0,48.5,0.5,51,45,45,35,40,1,1,35.870131591320948,12.191108977795842,35.886910791662885,12.888508360122437
FOT_DIAG,1.3166666666666667,0,48.5,0.5,51,45,45,35,40,1,1,35.939422682834582,9.3023984989237718,35.939113342402798,12.184992742022091
FOT_DIAG,1.3333333333333333,0,48.5,0.5,51,45,45,35,40,1,1,35.987576394918968,11.852533127808936,35.880611498651916,11.540205750056742
FOT_DIAG,1.3499999999999999,0,48.5,0.5,51,45,45,35,40,1,1,35.937917854722514,11.400150850531981,35.969098575046743,12.380364732492643
FOT_DIAG,1.3666666666666667,0,48.5,0.5,51,45,45,35,40,1,1,35.910186779820712,11.10852810351739,35.914699703909172,12.300634776557096
FOT_DIAG,1.3833333333333333,0,48.5,0.5,51,45,45,35,40,1,1,36.033276155114315,12.502477226372314,35.922750270730603,11.819282778597785
FOT_DIAG,1.3999999999999999,0,48.5,0.5,51,45,45,35,40,1,1,35.897578983257837,9.1700316282199914,35.977664443877153,11.429235334542822
FOT_DIAG,1.4166666666666665,0,48.5,0.5,51,45,45,35,40,1,1,35.907452521177333,14.270833621467222,35.969647252383552,12.589561676125882
FOT_DIAG,1.4333333333333333,0,48.5,0.5,51,45,45,35,40,1,1,36.10031545029635,13.906958104182712,36.008768248455688,12.439438277171858
FOT_DIAG,1.45,0,48.5,0.5,51,45,45,35,40,1,1,35.852617799707566,11.529567608897716,35.942944358835085,11.68886649541526
FOT_DIAG,1.4666666666666666,0,48.5,0.5,51,45,45,35,40,1,1,35.900588925019441,12.770362390994055,35.943244603124,13.546577368179998
FOT_DIAG,1.4833333333333334,0,48.5,0.5,51,45,45,35,40,1,1,35.736516458473673,12.25738256016095,35.867321989850446,10.97471142638658
FOT_DIAG,1.5,0,48.5,0.5,51,45,45,35,40,1,1,35.852623089150043,13.628509672986533,35.941559266467742,13.10396909871081
FOT_DIAG,1.5166666666666666,0,48.5,0.5,51,45,45,35,40,1,1,35.934862603010387,10.48537899680473,35.915358529621962,12.947367136615679
FOT_DIAG,1.5333333333333332,0,48.5,0.5,51,45,45,35,40,1,1,35.961811666507259,10.485181461303462,35.89594014230336,12.522904731985271
FOT_DIAG,1.55,0,48.5,0.5,51,45,45,35,40,1,1,35.795174371414042,10.292463669184968,35.873157611018534,11.898045860530145
FOT_DIAG,1.5666666666666667,0,48.5,0.5,51,45,45,35,40,1,1,35.9189791559537,13.323366202141576,35.894065853738184,12.597934227102968
FOT_DIAG,1.5833333333333333,0,48.5,0.5,51,45,45,35,40,1,1,35.786903616663338,12.971105871667804,35.890760459532473,12.178383811287635
FOT_DIAG,1.5999999999999999,0,48.5,0.5,51,45,45,35,40,1,1,35.870458891322592,12.96455506478795,35.900762223131608,12.9502184822794
FOT_DIAG,1.6166666666666667,0,48.5,0.5,51,45,45,35,40,1,1,35.928553597593037,12.321217508021368,35.92745687854363,12.49590251191842
FOT_DIAG,1.6333333333333333,0,48.5,0.5,51,45,45,35,40,1,1,36.015798060252749,9.5839196357577272,35.965859013413933,11.482095286717227
FOT_DIAG,1.6499999999999999,0,48.5,0.5,51,45,45,35,40,1,1,35.871068791497784,14.619280739275981,35.863230655505184,12.539187831623371
FOT_DIAG,1.6666666666666665,0,48.5,0.5,51,45,45,35,40,1,1,35.907676546031261,12.18413393687899,35.876110474110398,11.753254405356158
FOT_DIAG,1.6833333333333333,0,48.5,0.5,51,45,45,35,40,1,1,35.80983214802265,12.375133781636338,35.848847667190334,13.13300331935047
FOT_DIAG,1.7,0,48.5,0.5,51,45,45,35,40,1,1,35.875099158979189,10.646864172800996,35.868784210078147,11.756177397888369
FOT_DIAG,1.7166666666666666,0,48.5,0.5,51,45,45,35,40,1,1,35.972154554489016,12.540364218130666,35.859005895564067,12.159499046389069
FOT_DIAG,1.7333333333333332,0,48.5,0.5,51,45,45,35,40,1,1,36.000792588720785,11.438538196227348,35.983977319254592,12.056446691412471
FOT_DIAG,1.75,0,48.5,0.5,51,45,45,35,40,1,1,35.828837812216541,14.293430138259495,35.872425273148515,12.10106011739496
FOT_DIAG,1.7666666666666666,0,48.5,0.5,51,45,45,35,40,1,1,35.907208823758211,10.675663326416968,35.891746628771138,12.390037079344447
FOT_DIAG,1.7833333333333332,0,48.5,0.5,51,45,45,35,40,1,1,35.851356570002388,14.678465735313218,35.897615948660523,12.444167994130796
FOT_DIAG,1.8,0,48.5,0.5,51,45,45,35,40,1,1,35.954661381156804,15.281124499537679,35.870085331823923,13.095024977370963
FOT_DIAG,1.8166666666666667,0,48.5,0.5,51,45,45,35,40,1,1,35.924647133030597,13.844929907720859,35.813323660086773,12.099665567479072
FOT_DIAG,1.8333333333333333,0,48.5,0.5,51,45,45,35,40,1,1,35.761532166763473,13.748457940732091,35.841012337679906,13.134639339061822
FOT_DIAG,1.8499999999999999,0,48.5,0.5,51,45,45,35,40,1,1,35.899932372965353,14.004681317524151,35.916342727307125,12.344987959897422
FOT_DIAG,1.8666666666666667,0,48.5,0.5,51,45,45,35,40,1,1,35.906265046309656,8.1060387877592692,35.882042663986937,11.552844489010859
FOT_DIAG,1.8833333333333333,0,48.5,0.5,51,45,45,35,40,1,1,35.847765603836727,14.328376190228493,35.912287867567343,12.127728506110694
FOT_DIAG,1.8999999999999999,0,48.5,0.5,51,45,45,35,40,1,1,35.826210843388012,12.703852181676705,35.811130838872892,12.229999806726115
FOT_DIAG,1.9166666666666665,0,48.5,0.5,51,45,45,35,40,1,1,35.908916145074812,11.496961309250583,35.902712703342736,11.651390958365333
FOT_DIAG,1.9333333333333333,0,48.5,0.5,51,45,45,35,40,1,1,35.991237114817416,11.04863743278047,35.931623873046597,11.038770349255607
FOT_DIAG,1.95,0,48.5,0.5,51,45,45,35,40,1,1,35.892704445299564,11.749381504785916,35.905815591567517,12.488516350513637
FOT_DIAG,1.9666666666666666,0,48.5,0.5,51,45,45,35,40,1,1,36.061286233047909,14.067464634442166,35.912168005810585,12.230946985884856
FOT_DIAG,1.9833333333333332,0,48.5,0.5,51,45,45,35,40,1,1,35.950715324824671,12.846399498621524,35.883978807614916,12.118580586441951
FOT_DIAG,2,0,48.5,0.5,51,45,45,35,40,1,1,35.868722636741651,10.42226757239718,35.894321209556495,11.917298237893878
FOT_DIAG,2.0166666666666666,0,48.5,0.5,51,45,45,35,40,1,1,35.982257390950814,11.968513184177091,35.928970181279908,12.574373355978492
FOT_DIAG,2.0333333333333332,0,48.5,0.5,51,45,45,35,40,1,1,35.858952092617017,15.139332249038336,35.954616431921913,12.843280769245872
FOT_DIAG,2.0499999999999998,0,48.5,0.5,51,45,45,35,40,1,1,35.957801137076864,13.626707657346875,35.941683002366425,13.156370558735906
FOT_DIAG,2.0666666666666664,0,48.5,0.5,51,45,45,35,40,1,1,35.771037702253928,11.668814269106822,35.847056311292263,11.508846302669003
FOT_DIAG,2.0833333333333335,0,48.5,0.5,51,45,45,35,40,1,1,35.744941472269218,11.045864145015029,35.870495783344438,12.332931931731862
FOT_DIAG,2.1000000000000001,0,48.5,0.5,51,45,45,35,40,1,1,35.763288460542348,10.709959262151898,35.813240866299502,12.219177178881067
FOT_DIAG,2.1166666666666667,0,48.5,0.5,51,45,45,35,40,1,1,35.890754372051966,13.432307597906,35.844838869261267,12.953145851394906
FOT_DIAG,2.1333333333333333,0,48.5,0.5,51,45,45,35,40,1,1,35.891729521378863,11.697428548753226,35.874559167475574,11.512697707427636
FOT_DIAG,2.1499999999999999,0,48.5,0.5,51,45,45,35,40,1,1,35.750010770850849,12.384975766089667,35.792275234164563,12.29441740276709
FOT_DIAG,2.1666666666666665,0,48.5,0.5,51,45,45,35,40,1,1,35.801877885623796,10.999673384024222,35.814051838887522,11.877107988798272
FOT_DIAG,2.1833333333333331,0,48.5,0.5,51,45,45,35,40,1,1,35.874597483829156,12.410436290878401,35.848421612595949,13.871722031639122
FOT_DIAG,2.1999999999999997,0,48.5,0.5,51,45,45,35,40,1,1,35.810182059196755,13.241667895241083,35.875471433552576,11.36042625269331
FOT_DIAG,2.2166666666666668,0,48.5,0.5,51,45,45,35,40,1,1,35.921308726926767,12.901614844454421,35.901875379051468,13.092145405802999
FOT_DIAG,2.2333333333333334,0,48.5,0.5,51,45,45,35,40,1,1,35.945246496890697,11.976752775069619,35.919545023831972,11.295764739605966
FOT_DIAG,2.25,0,48.5,0.5,51,45,45,35,40,1,1,35.911509423040208,14.167608848051179,35.93600746754678,12.204865714749616
FOT_DIAG,2.2666666666666666,0,48.5,0.5,51,45,45,35,40,1,1,35.904899670521836,12.791118362610183,35.88462550141179,12.922613185005218
FOT_DIAG,2.2833333333333332,0,48.5,0.5,51,45,45,35,40,1,1,35.826389822180879,13.526332371150957,35.900306963111007,12.697950387370323
FOT_DIAG,2.2999999999999998,0,48.5,0.5,51,45,45,35,40,1,1,35.808974679161516,11.524191010686403,35.809600246523409,12.407052073816272
FOT_DIAG,2.3166666666666664,0,48.5,0.5,51,45,45,35,40,1,1,35.970305042190581,12.377466487664403,35.856324034938801,11.755530659842561
FOT_DIAG,2.333333333333333,0,48.5,0.5,51,45,45,35,40,1,1,36.046002870128554,9.6618489617688166,35.902329382599312,11.829944266421158
FOT_DIAG,2.3500000000000001,0,48.5,0.5,51,45,45,35,40,1,1,36.049375090180853,13.062205994948133,35.877489077084078,12.682055520742288
FOT_DIAG,2.3666666666666667,0,48.5,0.5,51,45,45,35,40,1,1,35.919361962180879,10.498736961251238,35.957721153841213,12.192183849438162
FOT_DIAG,2.3833333333333333,0,48.5,0.5,51,45,45,35,40,1,1,35.952532746029668,13.616210009650924,35.904534323799844,12.370240397534911
FOT_DIAG,2.3999999999999999,0,48.5,0.5,51,45,45,35,40,1,1,35.880151134298707,10.808336563818886,35.901301893419699,11.935930925077116
FOT_DIAG,2.4166666666666665,0,48.5,0.5,51,45,45,35,40,1,1,36.037041648060324,11.656090746296977,35.988947881165544,11.694697145934015
FOT_DIAG,2.4333333333333331,0,48.5,0.5,51,45,45,35,40,1,1,35.913734319579241,11.911174626340326,35.967926071930755,10.920916785555105
FOT_DIAG,2.4499999999999997,0,48.5,0.5,51,45,45,35,40,1,1,36.047464676071321,11.884723514350277,36.051809222563008,12.488356137900764
FOT_DIAG,2.4666666666666668,0,48.5,0.5,51,45,45,35,40,1,1,35.90717356207962,13.039649263345915,35.998074080266058,12.28490013461054
FOT_DIAG,2.4833333333333334,0,48.5,0.5,51,45,45,35,40,1,1,35.817606668573376,15.144433877679763,35.933074647622497,12.125270692409606
FOT_DIAG,2.5,0,48.5,0.5,51,45,45,35,40,1,1,36.047359861582976,10.397412757733427,35.992744816038275,11.540409975690011
FOT_DIAG,2.5166666666666666,0,48.5,0.5,51,45,45,35,40,1,1,35.944639768305876,12.33392664425797,35.975501092089523,11.983895944341533
FOT_DIAG,2.5333333333333332,0,48.5,0.5,51,45,45,35,40,1,1,35.90548732810489,11.698762690651746,35.974726828137655,11.583193604404055
FOT_DIAG,2.5499999999999998,0,48.5,0.5,51,45,45,35,40,1,1,36.128586579803724,13.084634116807313,36.083600720918547,12.468742664439938
FOT_DIAG,2.5666666666666664,0,48.5,0.5,51,45,45,35,40,1,1,35.946783646990632,11.474802242430428,36.00106311722746,11.606127261501259
FOT_DIAG,2.583333333333333,0,48.5,0.5,51,45,45,35,40,1,1,35.920022141969959,14.784294772609552,35.933045845213286,13.095653047995372
FOT_DIAG,2.6000000000000001,0,48.5,0.5,51,45,45,35,40,1,1,36.023332365170127,10.705135471960178,36.041942458927593,13.03435346860611
FOT_DIAG,2.6166666666666667,0,48.5,0.5,51,45,45,35,40,1,1,36.152594005871052,9.1268160027855707,35.968532068468718,12.521096179021228
FOT_DIAG,2.6333333333333333,0,48.5,0.5,51,45,45,35,40,1,1,35.957895733126129,12.579777769843183,36.021381773931139,12.573154517728074
FOT_DIAG,2.6499999999999999,0,48.5,0.5,51,45,45,35,40,1,1,35.940259112303679,13.459582039474265,35.9173081297076,13.172583377388083
FOT_DIAG,2.6666666666666665,0,48.5,0.5,51,45,45,35,40,1,1,36.023137158754295,14.719546483352815,36.018924215609019,11.732760759021843
FOT_DIAG,2.6833333333333331,0,48.5,0.5,51,45,45,35,40,1,1,36.107340492271845,13.338326930731995,35.984140196373787,12.60057160182131
FOT_DIAG,2.6999999999999997,0,48.5,0.5,51,45,45,35,40,1,1,35.868413220477699,13.192930656173486,35.948136954917203,12.3202964564544
FOT_DIAG,2.7166666666666668,0,48.5,0.5,51,45,45,35,40,1,1,35.99672497676513,12.384766912297609,35.961153425017564,11.82169971360524
FOT_DIAG,2.7333333333333334,0,48.5,0.5,51,45,45,35,40,1,1,36.040591458003668,11.348868386444108,36.008828101001797,11.81852742841849
FOT_DIAG,2.75,0,48.5,0.5,51,45,45,35,40,1,1,36.004551324326933,10.228594029815273,36.038186080786154,11.413983543454213
FOT_DIAG,2.7666666666666666,0,48.5,0.5,51,45,45,35,40,1,1,35.943231132803916,13.605642693423242,35.995804471966075,13.14492717362109
FOT_DIAG,2.7833333333333332,0,48.5,0.5,51,45,45,35,40,1,1,35.844136355964878,12.29744183642879,35.922040239316807,11.907576926320056
FOT_DIAG,2.7999999999999998,0,48.5,0.5,51,45,45,35,40,1,1,35.981338846064894,12.07663847436859,35.97014378602006,11.86614545831242
FOT_DIAG,2.8166666666666664,0,48.5,0.5,51,45,45,35,40,1,1,36.088979166049903,11.056427175263147,36.068328355616138,11.429104685549998
FOT_DIAG,2.833333333333333,0,48.5,0.5,51,45,45,35,40,1,1,35.842011369952701,15.057352574722382,35.923608773293118,13.462218818206033
FOT_DIAG,2.8500000000000001,0,48.5,0.5,51,45,45,35,40,1,1,36.028333306837084,10.242791681420771,36.027236250582455,11.523722431782268
FOT_DIAG,2.8666666666666667,0,48.5,0.5,51,45,45,35,40,1,1,35.927487863766331,8.5624612291250415,35.933634614800887,12.579661697695538
FOT_DIAG,2.8833333333333333,0,48.5,0.5,51,45,45,35,40,1,1,35.995207179726371,13.187907241728631,36.097928960862561,11.72941213204451
FOT_DIAG,2.8999999999999999,0,48.5,0.5,51,45,45,35,40,1,1,35.98812371280551,14.551019040243226,35.966038889877964,12.011047513759758
FOT_DIAG,2.9166666666666665,0,48.5,0.5,51,45,45,35,40,1,1,36.034219120676738,11.94578883101542,35.996479159017682,12.734725545786388
FOT_DIAG,2.9333333333333331,0,48.5,0.5,51,45,45,35,40,1,1,35.886306766266614,12.965321281760055,35.959149367943922,12.637089146419399
FOT_DIAG,2.9499999999999997,0,48.5,0.5,51,45,45,35,40,1,1,35.896966037323132,9.8572191606163599,35.89307446735129,11.368452554407391
FOT_DIAG,2.9666666666666668,0,48.5,0.5,51,45,45,35,40,1,1,35.887311555140741,10.184372332641932,35.852864467770708,11.619600431957972
FOT_DIAG,2.9833333333333334,0,48.5,0.5,51,45,45,35,40,1,1,35.970363808704938,12.320165337807493,35.905391110274337,12.133552355877809
FOT_DIAG,3,0,48.5,0.5,51,45,45,35,40,1,1,35.939901168221041,10.69003437661595,35.922019959203617,11.284402762010773
FOT_DIAG,3.0166666666666666,0,48.5,0.5,51,45,45,35,40,1,1,36.085230747122544,9.424339200336286,35.963646865713457,13.455290145806559
FOT_DIAG,3.0333333333333332,0,48.5,0.5,51,45,45,35,40,1,1,35.918070734789737,14.495543739842137,35.987766824631485,12.977341074673154
FOT_DIAG,3.0499999999999998,0,48.5,0.5,51,45,45,35,40,1,1,36.009882205247344,10.571951618825207,35.968314963506437,10.790960727036449
FOT_DIAG,3.0666666666666664,0,48.5,0.5,51,45,45,35,40,1,1,35.946475184350426,11.618443898445777,36.034340761989924,12.281045671714326
FOT_DIAG,3.083333333333333,0,48.5,0.5,51,45,45,35,40,1,1,36.054192490818373,12.961322736827238,36.062725311581296,12.881439977864716
FOT_DIAG,3.1000000000000001,0,48.5,0.5,51,45,45,35,40,1,1,35.918879119239918,12.208231246993986,35.973674986884099,13.146587840762479
FOT_DIAG,3.1166666666666667,0,48.5,0.5,51,45,45,35,40,1,1,35.968672434091538,12.127881499845872,36.043943825876354,12.812616855900904
FOT_DIAG,3.1333333333333333,0,48.5,0.5,51,45,45,35,40,1,1,35.875317189996736,13.065491793116383,35.996560216635203,13.039665795967091
FOT_DIAG,3.1499999999999999,0,48.5,0.5,51,45,45,35,40,1,1,35.920815367886362,13.230476332368372,35.898838752550759,12.386797058361402
FOT_DIAG,3.1666666666666665,0,48.5,0.5,51,45,45,35,40,1,1,36.023584881986366,12.869484411100828,35.964850048005331,12.111496520589339
FOT_DIAG,3.1833333333333331,0,48.5,0.5,51,45,45,35,40,1,1,35.888279693458003,12.658710301122612,35.943545607277763,11.727586395518985
FOT_DIAG,3.1999999999999997,0,48.5,0.5,51,45,45,35,40,1,1,36.005951407579587,15.363142495227091,36.020638892102198,13.070275318492547
FOT_DIAG,3.2166666666666663,0,48.5,0.5,51,45,45,35,40,1,1,35.983008837953129,15.329978087172268,35.98883676380737,12.412974727406624
FOT_DIAG,3.2333333333333334,0,48.5,0.5,51,45,45,35,40,1,1,36.103318462932101,15.181261032020476,36.041056864070782,13.942023963153863
FOT_DIAG,3.25,0,48.5,0.5,51,45,45,35,40,1,1,35.968872665360294,7.9429459638160393,35.925812042716096,11.168048255095364
FOT_DIAG,3.2666666666666666,0,48.5,0.5,51,45,45,35,40,1,1,36.110801070765461,13.029595917300753,36.014312177241351,11.548352971841224
FOT_DIAG,3.2833333333333332,0,48.5,0.5,51,45,45,35,40,1,1,36.042043564451724,14.15566130233144,35.94014204172997,12.68250118974634
FOT_DIAG,3.2999999999999998,0,48.5,0.5,51,45,45,35,40,1,1,36.106378372750456,12.074714659452058,36.062763421461625,12.271278838731586
FOT_DIAG,3.3166666666666664,0,48.5,0.5,51,45,45,35,40,1,1,36.040230142911369,14.769433709666059,36.046050373786834,11.570316283912534
FOT_DIAG,3.333333333333333,0,48.5,0.5,51,45,45,35,40,1,1,35.945446601071154,9.7877031030247696,36.000887515983777,12.491400339049184
FOT_DIAG,3.3500000000000001,0,48.5,0.5,51,45,45,35,40,1,1,36.029032869308644,13.914408147110395,35.981119354347058,12.866567749184966
FOT_DIAG,3.3666666666666667,0,48.5,0.5,51,45,45,35,40,1,1,35.912685739178627,10.309023575453864,36.028536635153579,11.635147798387635
FOT_DIAG,3.3833333333333333,0,48.5,0.5,51,45,45,35,40,1,1,36.020280859518799,14.715469004603879,35.973678250430282,13.293543190284263
FOT_DIAG,3.3999999999999999,0,48.5,0.5,51,45,45,35,40,1,1,35.905532062915853,11.939317137242776,35.969818970534433,11.89039814318493
FOT_DIAG,3.4166666666666665,0,48.5,0.5,51,45,45,35,40,1,1,36.142055078770696,16.159047795444145,36.034404506113965,13.711920864842087
FOT_DIAG,3.4333333333333331,0,48.5,0.5,51,45,45,35,40,1,1,35.926501992307159,12.383293859529477,35.945112072007802,11.80822034746399
FOT_DIAG,3.4499999999999997,0,48.5,0.5,51,45,45,35,40,1,1,35.947168180506317,13.698014106056572,35.946320751449562,13.116724174139769
FOT_DIAG,3.4666666666666663,0,48.5,0.5,51,45,45,35,40,1,1,35.960424867170424,15.446899454177871,35.958432340374479,12.818454651937831
FOT_DIAG,3.4833333333333334,0,48.5,0.5,51,45,45,35,40,1,1,36.022895268326195,13.495557955859228,35.952100966817582,13.660467550083483
FOT_DIAG,3.5,0,48.5,0.5,51,45,45,35,40,1,1,36.051443206709799,10.807171901923265,36.019038682233109,11.974636166630695
FOT_DIAG,3.5166666666666666,0,48.5,0.5,51,45,45,35,40,1,1,35.953491504351696,11.58729324782,35.912939848443401,11.652456959130138
FOT_DIAG,3.5333333333333332,0,48.5,0.5,51,45,45,35,40,1,1,35.936315864156576,12.644859675059113,35.92098129862655,12.577292996180059
FOT_DIAG,3.5499999999999998,0,48.5,0.5,51,45,45,35,40,1,1,35.993166849426864,14.176515394430549,35.996220640127859,12.492364574568741
FOT_DIAG,3.5666666666666664,0,48.5,0.5,51,45,45,35,40,1,1,35.846372755548423,13.306884302504731,35.911659775512867,12.021662798572477
FOT_DIAG,3.583333333333333,0,48.5,0.5,51,45,45,35,40,1,1,36.092806170098058,12.403203811206923,35.965216885879485,13.158913320231767
FOT_DIAG,3.6000000000000001,0,48.5,0.5,51,45,45,35,40,1,1,36.018501821338027,12.771728514516173,35.974155529645586,12.218614597526557
FOT_DIAG,3.6166666666666667,0,48.5,0.5,51,45,45,35,40,1,1,35.799436237286066,10.702336692018177,35.965779285682252,12.797895647887465
FOT_DIAG,3.6333333333333333,0,48.5,0.5,51,45,45,35,40,1,1,36.006233573616299,11.963053932972993,35.997915139636099,13.323159607569393
FOT_DIAG,3.6499999999999999,0,48.5,0.5,51,45,45,35,40,1,1,36.011840222856335,11.085241617444494,36.018736091584906,12.291470886844282
FOT_DIAG,3.6666666666666665,0,48.5,0.5,51,45,45,35,40,1,1,35.90726538687462,12.68627798011318,35.9315484028361,12.577891239136623
FOT_DIAG,3.6833333333333331,0,48.5,0.5,51,45,45,35,40,1,1,36.005875391505562,11.180752606752716,35.986291387397564,11.749847027134283
FOT_DIAG,3.6999999999999997,0,48.5,0.5,51,45,45,35,40,1,1,36.126603581948473,10.474952726117372,36.038299261089037,11.302470984617262
FOT_DIAG,3.7166666666666663,0,48.5,0.5,51,45,45,35,40,1,1,35.821419052608121,9.6613444956753174,35.91472336893181,10.202351486399557
FOT_DIAG,3.7333333333333334,0,48.5,0.5,51,45,45,35,40,1,1,36.048008395774609,13.21217982040719,36.01184743638261,12.857521027318844
FOT_DIAG,3.75,0,48.5,0.5,51,45,45,35,40,1,1,36.003292522264886,11.256512850805066,36.023692416153331,11.557724010530551
FOT_DIAG,3.7666666666666666,0,48.5,0.5,51,45,45,35,40,1,1,35.910453901430124,12.954477768657361,35.927347084907339,12.193905919196949
FOT_DIAG,3.7833333333333332,0,48.5,0.5,51,45,45,35,40,1,1,35.893800181616392,11.393026936587557,35.984694804161037,12.74514812766725
FOT_DIAG,3.7999999999999998,0,48.5,0.5,51,45,45,35,40,1,1,35.844653508796092,10.993468318027904,35.966349771304678,12.415022633363456
FOT_DIAG,3.8166666666666664,0,48.5,0.5,51,45,45,35,40,1,1,36.146384830052426,13.113613754477594,36.049947892915043,12.319974279321118
FOT_DIAG,3.833333333333333,0,48.5,0.5,51,45,45,35,40,1,1,35.93139336397023,16.682640316547449,35.970194376526742,13.004553532964257
FOT_DIAG,3.8500000000000001,0,48.5,0.5,51,45,45,35,40,1,1,35.860149643515378,13.801711476232251,35.914754543548682,12.26320248076836
FOT_DIAG,3.8666666666666667,0,48.5,0.5,51,45,45,35,40,1,1,35.92977655964313,9.2258386640411345,35.863486666862805,11.622713422700075
FOT_DIAG,3.8833333333333333,0,48.5,0.5,51,45,45,35,40,1,1,35.89694198753854,11.638584173466541,35.899114602670998,12.070068100946196
FOT_DIAG,3.8999999999999999,0,48.5,0.5,51,45,45,35,40,1,1,35.992256320596596,11.388717894831764,35.92221628762907,12.204863589045207
FOT_DIAG,3.9166666666666665,0,48.5,0.5,51,45,45,35,40,1,1,35.865727901658587,11.580678790535138,35.930575726001088,11.628100065793877
FOT_DIAG,3.9333333333333331,0,48.5,0.5,51,45,45,35,40,1,1,36.032057350582484,9.0533132454534595,35.969811511095351,11.854186975290617
FOT_DIAG,3.9499999999999997,0,48.5,0.5,51,45,45,35,40,1,1,35.831926462531733,11.950344616127468,35.877794405851063,12.431494982325278
FOT_DIAG,3.9666666666666663,0,48.5,0.5,51,45,45,35,40,1,1,36.048390445778921,11.91518333886799,36.022838865080267,11.421636409760525
FOT_DIAG,3.9833333333333334,0,48.5,0.5,51,45,45,35,40,1,1,36.070304734527255,10.628932772959191,35.990204561587305,12.632799891620833
FOT_DIAG,4,0,48.5,0.5,51,45,45,35,40,1,1,35.772843484766312,14.11589852534863,35.891907408089558,11.684429497756687
FOT_DIAG,4.0166666666666666,0,48.5,0.5,51,45,45,35,40,1,1,35.899381021442132,12.464139743826681,35.86801303136096,13.102825693426738
FOT_DIAG,4.0333333333333332,0,48.5,0.5,51,45,45,35,40,1,1,35.949515880915619,14.283814236786263,35.975492359592799,13.398553460975361
FOT_DIAG,4.0499999999999998,0,48.5,0.5,51,45,45,35,40,1,1,35.885218789110425,11.613698699070483,35.918967975852091,12.079387409422553
FOT_DIAG,4.0666666666666664,0,48.5,0.5,51,45,45,35,40,1,1,35.909725378066597,14.661435925044513,35.917945896837857,12.811270352861028
FOT_DIAG,4.083333333333333,0,48.5,0.5,51,45,45,35,40,1,1,35.861981318699478,13.046283918871403,35.926965670850485,12.879327541170431
FOT_DIAG,4.0999999999999996,0,48.5,0.5,51,45,45,35,40,1,1,36.093409736331402,11.671409948645024,35.981896892852703,11.165350550822199
FOT_DIAG,4.1166666666666663,0,48.5,0.5,51,45,45,35,40,1,1,35.855823537420711,13.353310183518978,35.943764326074806,12.12620584366546
FOT_DIAG,4.1333333333333329,0,48.5,0.5,51,45,45,35,40,1,1,35.891209155643082,12.352053330956595,35.940125262527019,11.858181448724332
FOT_DIAG,4.1499999999999995,0,48.5,0.5,51,45,45,35,40,1,1,35.932415307189359,12.55033203124977,35.933916488186227,12.056570089333816
FOT_DIAG,4.166666666666667,0,48.5,0.5,51,45,45,35,40,1,1,36.024951953506879,16.997867641614977,35.960068848713924,12.609129899580717
FOT_DIAG,4.1833333333333336,0,48.5,0.5,51,45,45,35,40,1,1,35.824793824931639,13.606429995078871,35.876157145461654,13.637585875954457
FOT_DIAG,4.2000000000000002,0,48.5,0.5,51,45,45,35,40,1,1,36.020019622509139,10.998928208452021,35.934263071103686,11.03477857576325
FOT_DIAG,4.2166666666666668,0,48.5,0.5,51,45,45,35,40,1,1,36.022813829580492,11.260083707048187,35.913094969451414,12.604150063216538
FOT_DIAG,4.2333333333333334,0,48.5,0.5,51,45,45,35,40,1,1,35.825134865297514,13.013848147408501,35.909152358430262,11.990305074929367
FOT_DIAG,4.25,0,48.5,0.5,51,45,45,35,40,1,1,35.953227936607675,13.057385170679233,35.918130080637141,13.88093498495352
FOT_DIAG,4.2666666666666666,0,48.5,0.5,51,45,45,35,40,1,1,36.043444172350959,10.014529357979914,35.972558042023451,12.632567022790191
FOT_DIAG,4.2833333333333332,0,48.5,0.5,51,45,45,35,40,1,1,35.980910083338657,13.251312097643204,35.963291231763023,12.557135872874449
FOT_DIAG,4.2999999999999998,0,48.5,0.5,51,45,45,35,40,1,1,35.701829711572259,11.090964968958088,35.777007959836538,12.114765615408922
FOT_DIAG,4.3166666666666664,0,48.5,0.5,51,45,45,35,40,1,1,35.896635103304476,13.138511183959162,35.873234999012048,12.111126349685694
FOT_DIAG,4.333333333333333,0,48.5,0.5,51,45,45,35,40,1,1,36.018627064214861,11.435512176731397,35.944533106399767,12.60116984856394
FOT_DIAG,4.3499999999999996,0,48.5,0.5,51,45,45,35,40,1,1,35.930007448940451,12.431137114718645,35.893245475632881,12.703078336796771
FOT_DIAG,4.3666666666666663,0,48.5,0.5,51,45,45,35,40,1,1,35.799868125598429,12.952453663986191,35.890798150115216,12.293198720107256
FOT_DIAG,4.3833333333333329,0,48.5,0.5,51,45,45,35,40,1,1,35.865091505589312,13.003506352252222,35.901290628187475,12.287744895351322
FOT_DIAG,4.3999999999999995,0,48.5,0.5,51,45,45,35,40,1,1,35.751146886501502,11.053714326055474,35.839226496744359,11.458847599041654
FOT_DIAG,4.416666666666667,0,48.5,0.5,51,45,45,35,40,1,1,36.009598551400764,13.515237699470115,35.931048118641641,12.3546289716275
FOT_DIAG,4.4333333333333336,0,48.5,0.5,51,45,45,35,40,1,1,35.822881556677054,9.7212776233684544,35.793200212539972,10.872291711272693
FOT_DIAG,4.4500000000000002,0,48.5,0.5,51,45,45,35,40,1,1,35.972383675125847,10.19617570707449,35.964736903715654,11.973652514525769
FOT_DIAG,4.4666666666666668,0,48.5,0.5,51,45,45,35,40,1,1,35.932749507054318,15.104952504895385,35.867512342000076,12.553609496854612
FOT_DIAG,4.4833333333333334,0,48.5,0.5,51,45,45,35,40,1,1,35.809511202128583,10.746204694698967,35.854389268952978,10.924880875698507
FOT_DIAG,4.5,0,48.5,0.5,51,45,45,35,40,1,1,35.867484150561651,12.966374952154874,35.865210929795765,12.845708577098588
FOT_DIAG,4.5166666666666666,0,48.5,0.5,51,45,45,35,40,1,1,35.934161286308459,13.922180837716322,35.890113647792738,12.183285077035523
FOT_DIAG,4.5333333333333332,0,48.5,0.5,51,45,45,35,40,1,1,35.928160316545359,11.822750812352446,35.903354025732824,12.004405481910313
FOT_DIAG,4.5499999999999998,0,48.5,0.5,51,45,45,35,40,1,1,35.856771587591545,12.773833667132433,35.912237121321368,12.99887189002126
FOT_DIAG,4.5666666666666664,0,48.5,0.5,51,45,45,35,40,1,1,36.060880526294049,13.609441065863196,35.899696781674805,13.02072230445499
FOT_DIAG,4.583333333333333,0,48.5,0.5,51,45,45,35,40,1,1,35.862621203015856,11.96572999385106,35.889956603647214,12.653162504214141
FOT_DIAG,4.5999999999999996,0,48.5,0.5,51,45,45,35,40,1,1,35.894209758752822,9.7619182903610451,35.87877444369947,11.844257684472925
FOT_DIAG,4.6166666666666663,0,48.5,0.5,51,45,45,35,40,1,1,35.819727202249481,9.1763678686282795,35.853509433013222,11.668060571791374
FOT_DIAG,4.6333333333333329,0,48.5,0.5,51,45,45,35,40,1,1,36.092326171393523,14.454465541598259,35.980826996304252,11.734780899857117
FOT_DIAG,4.6499999999999995,0,48.5,0.5,51,45,45,35,40,1,1,35.947856025619259,14.294295626140636,35.982400329046357,13.967186535259561
FOT_DIAG,4.6666666666666661,0,48.5,0.5,51,45,45,35,40,1,1,35.997445256776125,12.854911179641245,35.989836135927717,13.667251405906773
FOT_DIAG,4.6833333333333336,0,48.5,0.5,51,45,45,35,40,1,1,35.9023653746017,10.822411541197438,35.895942028767855,13.087593236773772
FOT_DIAG,4.7000000000000002,0,48.5,0.5,51,45,45,35,40,1,1,35.865408633321323,13.867494715943815,35.921284221656578,11.886754822586067
FOT_DIAG,4.7166666666666668,0,48.5,0.5,51,45,45,35,40,1,1,35.990045282384258,11.081968655302035,35.971738243421761,11.600303907891979
FOT_DIAG,4.7333333333333334,0,48.5,0.5,51,45,45,35,40,1,1,35.975020297889976,11.155196827258667,35.914541710566418,12.036068715439619
FOT_DIAG,4.75,0,48.5,0.5,51,45,45,35,40,1,1,35.921388635488768,12.121239961274039,35.927416587434017,12.331908609807471
FOT_DIAG,4.7666666666666666,0,48.5,0.5,51,45,45,35,40,1,1,35.84099005318253,13.399032292284845,35.825405359958502,12.532577711392708
FOT_DIAG,4.7833333333333332,0,48.5,0.5,51,45,45,35,40,1,1,35.914304541541533,13.30520624170895,35.84537397411043,11.994865023578694
FOT_DIAG,4.7999999999999998,0,48.5,0.5,51,45,45,35,40,1,1,35.945102606531769,11.022499269095919,35.889020525026524,11.171153176201969
FOT_DIAG,4.8166666666666664,0,48.5,0.5,51,45,45,35,40,1,1,35.928955907848419,13.084754696613491,35.939535718743549,12.756133920386834
FOT_DIAG,4.833333333333333,0,48.5,0.5,51,45,45,35,40,1,1,35.936342338308158,11.782561175817472,35.939891170837839,13.303925972403654
FOT_DIAG,4.8499999999999996,0,48.5,0.5,51,45,45,35,40,1,1,35.888521546388368,12.588317717676496,35.875779589903416,11.851883483813777
FOT_DIAG,4.8666666666666663,0,48.5,0.5,51,45,45,35,40,1,1,35.923377546781225,14.143120754415886,35.943469226302625,12.58686844462019
FOT_DIAG,4.8833333333333329,0,48.5,0.5,51,45,45,35,40,1,1,36.088789514967516,12.273097612787106,35.929329453239625,12.511576567254835
FOT_DIAG,4.8999999999999995,0,48.5,0.5,51,45,45,35,40,1,1,35.973473065481315,12.076722760328929,35.99641285984292,12.795454828855709
FOT_DIAG,4.9166666666666661,0,48.5,0.5,51,45,45,35,40,1,1,35.919137364352018,14.776607756054588,35.951908094660439,13.136341662053701
FOT_DIAG,4.9333333333333336,0,48.5,0.5,51,45,45,35,40,1,1,35.988664313406645,13.048734137060485,35.992841012433232,12.622101772055677
FOT_DIAG,4.9500000000000002,0,48.5,0.5,51,45,45,35,40,1,1,36.064885871435678,10.797633881421905,35.968692473088716,11.912543487566909
FOT_DIAG,4.9666666666666668,0,48.5,0.5,51,45,45,35,40,1,1,36.097391019904578,11.385115491572716,36.038433828128802,11.562425841569931
FOT_DIAG,4.9833333333333334,0,48.5,0.5,51,45,45,35,40,1,1,36.032279897897666,15.372860994321881,35.93729735962912,12.370922844885969
FOT_DIAG,5,0,48.5,0.5,51,45,45,35,40,1,1,36.115223345502947,11.164733757425308,36.032346697797735,12.24650886916687
FOT_DIAG,5.0166666666666666,0,48.5,0.5,51,45,45,35,40,1,1,35.939676182111263,13.389463540477207,35.917534219161183,12.66094149673247
FOT_DIAG,5.0333333333333332,0,48.5,0.5,51,45,45,35,40,1,1,36.010496051804026,9.9572226406082098,35.886953970678206,11.618323517194634
FOT_DIAG,5.0499999999999998,0,48.5,0.5,51,45,45,35,40,1,1,36.102181578715893,12.670001106970149,36.049225294968906,12.370636115420309
FOT_DIAG,5.0666666666666664,0,48.5,0.5,51,45,45,35,40,1,1,35.961698643503297,11.605420740240939,35.991830906567429,13.003900315911828
FOT_DIAG,5.083333333333333,0,48.5,0.5,51,45,45,35,40,1,1,36.039087933806371,15.048387035580292,36.001074393234084,13.194511472784733
FOT_DIAG,5.0999999999999996,0,48.5,0.5,51,45,45,35,40,1,1,36.043065894738234,13.235538381829485,36.036201524258381,12.751932172938659
FOT_DIAG,5.1166666666666663,0,48.5,0.5,51,45,45,35,40,1,1,35.887899412135624,12.812659173435247,35.897569709863212,12.057449936216987
FOT_DIAG,5.1333333333333329,0,48.5,0.5,51,45,45,35,40,1,1,36.008916279107702,11.325572340154231,36.023103439647237,12.523170138469428
FOT_DIAG,5.1499999999999995,0,48.5,0.5,51,45,45,35,40,1,1,36.133151758656972,13.292490653720989,36.029829262188713,12.630054701238
FOT_DIAG,5.1666666666666661,0,48.5,0.5,51,45,45,35,40,1,1,35.905642867917408,10.911568708514729,35.91297043504602,12.184337034333188
FOT_DIAG,5.1833333333333336,0,48.5,0.5,51,45,45,35,40,1,1,35.857783289899686,12.87974074306055,35.927321594928024,11.974440997901256
FOT_DIAG,5.2000000000000002,0,48.5,0.5,51,45,45,35,40,1,1,35.918406286908457,14.780658160917895,35.9495625079389,13.115040078830685
FOT_DIAG,5.2166666666666668,0,48.5,0.5,51,45,45,35,40,1,1,35.96935747286431,12.028893635035619,35.981133342236035,11.891002039584297
FOT_DIAG,5.2333333333333334,0,48.5,0.5,51,45,45,35,40,1,1,36.043497722882577,12.578177458351409,35.959627998641686,12.094247747409014
FOT_DIAG,5.25,0,48.5,0.5,51,45,45,35,40,1,1,35.985133160734783,9.5684987883200794,35.954770920673326,11.33291675062833
FOT_DIAG,5.2666666666666666,0,48.5,0.5,51,45,45,35,40,1,1,35.915694908800369,14.306744733878915,35.931484301639337,12.870426547911356
FOT_DIAG,5.2833333333333332,0,48.5,0.5,51,45,45,35,40,1,1,35.895723388481059,10.800033871505839,36.029715481259636,11.673358772192802
FOT_DIAG,5.2999999999999998,0,48.5,0.5,51,45,45,35,40,1,1,35.984305043643083,12.373470608793259,36.003892323842756,13.188847034496977
FOT_DIAG,5.3166666666666664,0,48.5,0.5,51,45,45,35,40,1,1,35.815209219265363,10.105909373341275,35.891552266929914,12.554013112237804
FOT_DIAG,5.333333333333333,0,48.5,0.5,51,45,45,35,40,1,1,36.001606503097577,10.428323319288662,35.986171752461267,12.298324641711801
FOT_DIAG,5.3499999999999996,0,48.5,0.5,51,45,45,35,40,1,1,36.064728649699944,12.34690433814353,36.032745059088136,12.834242074684781
FOT_DIAG,5.3666666666666663,0,48.5,0.5,51,45,45,35,40,1,1,35.896122312297784,11.735101647940656,35.915635301188495,12.072228537404492
FOT_DIAG,5.3833333333333329,0,48.5,0.5,51,45,45,35,40,1,1,36.117373999719135,10.358416776472893,35.999748579629838,11.203245987683633
FOT_DIAG,5.3999999999999995,0,48.5,0.5,51,45,45,35,40,1,1,35.865170263930835,11.448979037063246,35.919041265143768,12.289464653707185
FOT_DIAG,5.4166666666666661,0,48.5,0.5,51,45,45,35,40,1,1,36.036334668102825,13.706870281703171,36.014529262679225,12.365801310783359
FOT_DIAG,5.4333333333333336,0,48.5,0.5,51,45,45,35,40,1,1,36.005277940914588,13.247049546748784,35.996110095813293,12.472803125198794
FOT_DIAG,5.4500000000000002,0,48.5,0.5,51,45,45,35,40,1,1,35.869481597664539,10.975242510711793,35.905900318374115,12.472454689557305
FOT_DIAG,5.4666666666666668,0,48.5,0.5,51,45,45,35,40,1,1,35.883156834080978,13.191945759162376,35.908987952606687,12.833563971726148
FOT_DIAG,5.4833333333333334,0,48.5,0.5,51,45,45,35,40,1,1,35.962005167256379,14.183319853130872,35.895578725463395,11.840842195643239
FOT_DIAG,5.5,0,48.5,0.5,51,45,45,35,40,1,1,35.791049436459083,11.591997392616062,35.797626695412717,12.204510510251522
FOT_DIAG,5.5166666666666666,0,48.5,0.5,51,45,45,35,40,1,1,35.891866339718476,12.751661175810323,35.919996985135576,11.812353424633413
FOT_DIAG,5.5333333333333332,0,48.5,0.5,51,45,45,35,40,1,1,35.839412748263548,10.502659217757516,35.913363593214434,11.627544732180995
FOT_DIAG,5.5499999999999998,0,48.5,0.5,51,45,45,35,40,1,1,35.873482285503009,9.7557116028432702,35.907357467468699,11.690751702794923
FOT_DIAG,5.5666666666666664,0,48.5,0.5,51,45,45,35,40,1,1,35.960666300018666,12.855340880080938,36.013760155834348,12.431628552445053
FOT_DIAG,5.583333333333333,0,48.5,0.5,51,45,45,35,40,1,1,35.837220633151702,12.159469529074805,35.910594897810547,12.393737977752775
FOT_DIAG,5.5999999999999996,0,48.5,0.5,51,45,45,35,40,1,1,35.864045123909214,11.667350093797941,35.906822329643866,12.21193253720878
FOT_DIAG,5.6166666666666663,0,48.5,0.5,51,45,45,35,40,1,1,35.952138803452279,14.692968770670966,36.014858571574869,12.820420746009104
FOT_DIAG,5.6333333333333329,0,48.5,0.5,51,45,45,35,40,1,1,36.001007862011718,10.085567791486712,35.924114615465811,12.146114439523599
FOT_DIAG,5.6499999999999995,0,48.5,0.5,51,45,45,35,40,1,1,36.043469879508592,15.265866845474742,36.011216345566957,13.519515690877387
FOT_DIAG,5.6666666666666661,0,48.5,0.5,51,45,45,35,40,1,1,35.996117208518875,11.053283430367774,35.945551586835258,12.434733330421809
FOT_DIAG,5.6833333333333336,0,48.5,0.5,51,45,45,35,40,1,1,35.858292431853478,11.41624963175693,35.998693329846041,12.292141627491493
FOT_DIAG,5.7000000000000002,0,48.5,0.5,51,45,45,35,40,1,1,35.939527461430394,12.426223211444642,35.926538079812602,12.690884731073499
FOT_DIAG,5.7166666666666668,0,48.5,0.5,51,45,45,35,40,1,1,35.955949297671054,10.552338599703374,35.902830637199258,12.961018075908964
FOT_DIAG,5.7333333333333334,0,48.5,0.5,51,45,45,35,40,1,1,35.98558531811041,7.8047486913514472,35.956571638782833,11.670160083967978
FOT_DIAG,5.75,0,48.5,0.5,51,45,45,35,40,1,1,35.915987068614626,12.909070372514297,35.994511915486299,12.825505921635431
FOT_DIAG,5.7666666666666666,0,48.5,0.5,51,45,45,35,40,1,1,35.843776625715385,11.255253247904044,35.890233160565636,11.611025890687891
FOT_DIAG,5.7833333333333332,0,48.5,0.5,51,45,45,35,40,1,1,36.01317213189261,12.346398462388192,35.973890852869495,13.257216659270975
FOT_DIAG,5.7999999999999998,0,48.5,0.5,51,45,45,35,40,1,1,35.979612265963034,12.215770580440275,35.955373419593435,11.683466465369401
FOT_DIAG,5.8166666666666664,0,48.5,0.5,51,45,45,35,40,1,1,36.060406710259223,10.033033266535604,36.025678487579391,11.014386538641023
FOT_DIAG,5.833333333333333,0,48.5,0.5,51,45,45,35,40,1,1,36.046718000997551,9.8911834747074181,35.946231521170105,12.238242096312714
FOT_DIAG,5.8499999999999996,0,48.5,0.5,51,45,45,35,40,1,1,35.91055226040713,13.545105146762772,35.954098974700273,12.022326589462457
FOT_DIAG,5.8666666666666663,0,48.5,0.5,51,45,45,35,40,1,1,36.001450079607714,12.930993288240325,36.032983417070561,12.7814143076539
FOT_DIAG,5.8833333333333329,0,48.5,0.5,51,45,45,35,40,1,1,35.933270179372087,14.119405593605038,35.949504918281875,13.380625803922626
FOT_DIAG,5.8999999999999995,0,48.5,0.5,51,45,45,35,40,1,1,35.877653029839024,12.561600280942473,35.949499615161137,11.709541899430338
FOT_DIAG,5.9166666666666661,0,48.5,0.5,51,45,45,35,40,1,1,35.957109029429155,12.327780831269109,35.892135135927532,12.020412695837406
FOT_DIAG,5.9333333333333336,0,48.5,0.5,51,45,45,35,40,1,1,36.006361677208695,13.887762203656251,35.926637615421505,12.221552490987403
FOT_DIAG,5.9500000000000002,0,48.5,0.5,51,45,45,35,40,1,1,35.945745958792578,13.116355065644875,35.946841062156302,12.231303381248937
FOT_DIAG,5.9666666666666668,0,48.5,0.5,51,45,45,35,40,1,1,35.869409132190292,10.885873404062874,35.976781596045761,13.185194062662626
FOT_DIAG,5.9833333333333334,0,48.5,0.5,51,45,45,35,40,1,1,35.992150254011825,11.48317432660156,35.992946493019595,12.176580422273872
FOT_DIAG,6,0,48.5,0.5,51,45,45,35,40,1,1,35.839901549909115,14.094140169038575,35.888154286903315,13.468840456153904
FOT_DIAG,6.0166666666666666,0,48.5,0.5,51,45,45,35,40,1,1,35.9383291783451,11.128597124030554,36.008857116209477,12.418638145774295
FOT_DIAG,6.0333333333333332,0,48.5,0.5,51,45,45,35,40,1,1,35.971916724791484,12.3704280903343,35.99560279392108,12.52330232996246
FOT_DIAG,6.0499999999999998,0,48.5,0.5,51,45,45,35,40,1,1,35.952493664790282,13.460212458787428,36.015264292985464,12.48014922821292
FOT_DIAG,6.0666666666666664,0,48.5,0.5,51,45,45,35,40,1,1,36.057684003050205,10.606541059945634,36.044516531737877,12.640300305114037
FOT_DIAG,6.083333333333333,0,48.5,0.5,51,45,45,35,40,1,1,35.912244806495892,10.373229127418114,35.957335853801233,12.153598234352426
FOT_DIAG,6.0999999999999996,0,48.5,0.5,51,45,45,35,40,1,1,35.973989003399574,10.140393749460618,35.950914701056668,12.547487373800108
FOT_DIAG,6.1166666666666663,0,48.5,0.5,51,45,45,35,40,1,1,36.020095910328607,10.064466338321989,36.0225603398018,12.318943473326931
FOT_DIAG,6.1333333333333329,0,48.5,0.5,51,45,45,35,40,1,1,35.964612021434498,12.581614076589682,36.002730192232725,12.765520637707693
FOT_DIAG,6.1499999999999995,0,48.5,0.5,51,45,45,35,40,1,1,36.008020818338757,8.4552229509465882,36.005994089390022,11.048916875794916
FOT_DIAG,6.1666666666666661,0,48.5,0.5,51,45,45,35,40,1,1,36.184410664542135,10.042686019069851,36.13894336225561,12.669588257789227
FOT_DIAG,6.1833333333333336,0,48.5,0.5,51,45,45,35,40,1,1,36.104946844217935,11.630098906789069,35.997847766087588,11.653765057145343
FOT_DIAG,6.2000000000000002,0,48.5,0.5,51,45,45,35,40,1,1,35.968627943106426,13.13706260524742,35.96633446978835,12.556155325593654
FOT_DIAG,6.2166666666666668,0,48.5,0.5,51,45,45,35,40,1,1,35.954897045829441,10.196810091718907,35.976425672440818,11.685748482707378
FOT_DIAG,6.2333333333333334,0,48.5,0.5,51,45,45,35,40,1,1,35.843074019554095,12.106035921113818,35.968193408054248,11.141357016828662
FOT_DIAG,6.25,0,48.5,0.5,51,45,45,35,40,1,1,35.981675929196534,13.600127637989521,35.957155087910095,12.117583376005198
FOT_DIAG,6.2666666666666666,0,48.5,0.5,51,45,45,35,40,1,1,36.194478206196109,10.763083468547528,36.060903101099157,11.193871299803556
FOT_DIAG,6.2833333333333332,0,48.5,0.5,51,45,45,35,40,1,1,36.034686487808543,11.55671075583486,36.03875635759001,11.496865433250228
FOT_DIAG,6.2999999999999998,0,48.5,0.5,51,45,45,35,40,1,1,35.927304136955051,12.883780076893286,35.993418649724674,13.578967205969537
FOT_DIAG,6.3166666666666664,0,48.5,0.5,51,45,45,35,40,1,1,35.90186037407733,14.37345781424078,35.945836978828112,12.685754164198579
FOT_DIAG,6.333333333333333,0,48.5,0.5,51,45,45,35,40,1,1,35.98278334923404,15.76643031044113,35.901794967366413,12.741288451151807
FOT_DIAG,6.3499999999999996,0,48.5,0.5,51,45,45,35,40,1,1,36.018154711929782,14.272767046336167,35.963589833167994,12.543077011994846
FOT_DIAG,6.3666666666666663,0,48.5,0.5,51,45,45,35,40,1,1,35.948283452589536,13.092355747443984,35.95635603315516,12.944881401810729
FOT_DIAG,6.3833333333333329,0,48.5,0.5,51,45,45,35,40,1,1,35.904087112795665,12.515556564487316,35.896219186549978,12.339855206172924
FOT_DIAG,6.3999999999999995,0,48.5,0.5,51,45,45,35,40,1,1,35.873247627431326,10.060233824755432,35.958912963237815,11.56075747819154
FOT_DIAG,6.4166666666666661,0,48.5,0.5,51,45,45,35,40,1,1,35.991078211521994,9.6252265490714777,35.98358674249512,11.82521668253781
FOT_DIAG,6.4333333333333327,0,48.5,0.5,51,45,45,35,40,1,1,36.029730425554789,14.083619102458739,35.931843585841584,12.72518807783867
FOT_DIAG,6.4500000000000002,0,48.5,0.5,51,45,45,35,40,1,1,35.97601259911356,11.578324619157829,35.959717158878227,13.102338665770931
FOT_DIAG,6.4666666666666668,0,48.5,0.5,51,45,45,35,40,1,1,35.873990759368112,12.092475376449709,35.901119673797695,13.347228943547107
FOT_DIAG,6.4833333333333334,0,48.5,0.5,51,45,45,35,40,1,1,35.980201352559902,12.774956349594204,35.92903198671479,11.95070259992108
FOT_DIAG,6.5,0,48.5,0.5,51,45,45,35,40,1,1,35.864864997813932,12.167193324090524,35.875589011851972,12.491284237706303
FOT_DIAG,6.5166666666666666,0,48.5,0.5,51,45,45,35,40,1,1,35.923514579510787,17.124940536491263,35.893958874948574,12.026265094058475
FOT_DIAG,6.5333333333333332,0,48.5,0.5,51,45,45,35,40,1,1,35.888121013988716,13.111875364666526,35.9184004372202,12.441921576776915
FOT_DIAG,6.5499999999999998,0,48.5,0.5,51,45,45,35,40,1,1,36.0404880083167,12.407517767994749,36.00174965245283,12.562639569805974
FOT_DIAG,6.5666666666666664,0,48.5,0.5,51,45,45,35,40,1,1,35.820648973427232,13.787865895869738,35.905620364440118,12.632590105831229
FOT_DIAG,6.583333333333333,0,48.5,0.5,51,45,45,35,40,1,1,35.988770183708134,11.874325698876163,35.938804752313381,12.171735698267478
FOT_DIAG,6.5999999999999996,0,48.5,0.5,51,45,45,35,40,1,1,35.878270499160941,10.136585711258135,35.905052326270059,11.453504500369839
FOT_DIAG,6.6166666666666663,0,48.5,0.5,51,45,45,35,40,1,1,36.031962387765269,9.2757284663652744,35.931526003379815,12.242430924683637
FOT_DIAG,6.6333333333333329,0,48.5,0.5,51,45,45,35,40,1,1,35.746635296250098,13.526210561597022,35.868104078054536,13.432582177618881
FOT_DIAG,6.6499999999999995,0,48.5,0.5,51,45,45,35,40,1,1,35.760630562539298,11.262387446383229,35.848527714128814,11.518189355207342
FOT_DIAG,6.6666666666666661,0,48.5,0.5,51,45,45,35,40,1,1,35.983372624396473,11.79154552625057,36.051796153750196,12.215536056464478
FOT_DIAG,6.6833333333333327,0,48.5,0.5,51,45,45,35,40,1,1,35.953868072282802,13.091529433274937,36.010201450071477,12.539172041154947
FOT_DIAG,6.7000000000000002,0,48.5,0.5,51,45,45,35,40,1,1,35.918639941415712,11.788867275703087,35.921852766450712,12.047212618141062
FOT_DIAG,6.7166666666666668,0,48.5,0.5,51,45,45,35,40,1,1,36.071324147114055,13.258147623740642,35.948824250313407,13.242138930395139
FOT_DIAG,6.7333333333333334,0,48.5,0.5,51,45,45,35,40,1,1,35.904051006659103,14.054497765480043,35.930439444015647,13.333324695880577
FOT_DIAG,6.75,0,48.5,0.5,51,45,45,35,40,1,1,35.90258233992688,12.477527058232187,35.835696545229865,11.319898493509067
FOT_DIAG,6.7666666666666666,0,48.5,0.5,51,45,45,35,40,1,1,36.05567266887892,11.580008658872771,35.943253554049761,12.810583175963391
FOT_DIAG,6.7833333333333332,0,48.5,0.5,51,45,45,35,40,1,1,35.985400200130989,11.900153112728066,35.962308917789038,12.016352098872671
FOT_DIAG,6.7999999999999998,0,48.5,0.5,51,45,45,35,40,1,1,35.912995274098733,12.148530726056331,35.882558457423904,12.566542822750179
FOT_DIAG,6.8166666666666664,0,48.5,0.5,51,45,45,35,40,1,1,35.95154220800633,10.106692196184415,35.93275463859176,12.734983537434349
FOT_DIAG,6.833333333333333,0,48.5,0.5,51,45,45,35,40,1,1,35.869338222339003,9.3565509733793668,35.873169171004591,11.733309031055581
FOT_DIAG,6.8499999999999996,0,48.5,0.5,51,45,45,35,40,1,1,35.870972952844909,12.118571796081453,35.846482120336056,11.677887018863235
FOT_DIAG,6.8666666666666663,0,48.5,0.5,51,45,45,35,40,1,1,35.958670652748921,12.087909662039733,35.897777194050768,13.097001714852583
FOT_DIAG,6.8833333333333329,0,48.5,0.5,51,45,45,35,40,1,1,35.742724513089222,9.5454781558891852,35.850780473461334,12.258608861674183
FOT_DIAG,6.8999999999999995,0,48.5,0.5,51,45,45,35,40,1,1,35.954302244503808,13.149538407180543,35.922755523524863,12.394113543528626
FOT_DIAG,6.9166666666666661,0,48.5,0.5,51,45,45,35,40,1,1,35.936711121202983,10.775408049733603,35.881069155277395,11.227114889104008
FOT_DIAG,6.9333333333333327,0,48.5,0.5,51,45,45,35,40,1,1,35.955673037448236,10.358426595973823,35.982118416074663,11.21958731992104
FOT_DIAG,6.9500000000000002,0,48.5,0.5,51,45,45,35,40,1,1,35.897871928452858,11.187552042439155,35.899119228043631,11.938268795228808
FOT_DIAG,6.9666666666666668,0,48.5,0.5,51,45,45,35,40,1,1,36.048474425632207,15.11775082948156,36.02716447512784,12.342625020499792
FOT_DIAG,6.9833333333333334,0,48.5,0.5,51,45,45,35,40,1,1,35.903981237876444,16.04153478062582,35.923897970502303,14.608004714684157
FOT_DIAG,7,0,48.5,0.5,51,45,45,35,40,1,1,35.875589578286856,14.443188370751347,35.848026793231078,13.041962957242568
FOT_DIAG,7.0166666666666666,0,48.5,0.5,51,45,45,35,40,1,1,35.932694277199772,12.646914120180359,35.896725959210201,11.428259913257852
FOT_DIAG,7.0333333333333332,0,48.5,0.5,51,45,45,35,40,1,1,35.967888575695682,13.101411733881022,35.941589261104561,12.513164001681483
FOT_DIAG,7.0499999999999998,0,48.5,0.5,51,45,45,35,40,1,1,36.078386916045481,11.945839597227092,35.94545640374691,13.4261070237875
FOT_DIAG,7.0666666666666664,0,48.5,0.5,51,45,45,35,40,1,1,35.934523015827352,11.100675434243207,35.993189786012614,11.696219511823903
FOT_DIAG,7.083333333333333,0,48.5,0.5,51,45,45,35,40,1,1,35.824995131168279,11.161966087948132,35.913087024673217,11.87670842753557
FOT_DIAG,7.0999999999999996,0,48.5,0.5,51,45,45,35,40,1,1,35.962210582602381,11.041957080431517,35.976388874573367,11.460016541963562
FOT_DIAG,7.1166666666666663,0,48.5,0.5,51,45,45,35,40,1,1,35.898533297483489,12.724515982137563,35.973221315538424,12.821087235012708
FOT_DIAG,7.1333333333333329,0,48.5,0.5,51,45,45,35,40,1,1,35.869601873326559,14.096724898931676,35.909437420153644,12.254630268010246
FOT_DIAG,7.1499999999999995,0,48.5,0.5,51,45,45,35,40,1,1,36.008174228746199,10.471781731700158,35.968291235445015,12.091087406053557
FOT_DIAG,7.1666666666666661,0,48.5,0.5,51,45,45,35,40,1,1,35.802110700646317,10.671614958709791,35.904390974691289,12.128340691001323
FOT_DIAG,7.1833333333333327,0,48.5,0.5,51,45,45,35,40,1,1,35.981960152883047,10.758743616165267,35.94074044425885,11.576804373457451
FOT_DIAG,7.2000000000000002,0,48.5,0.5,51,45,45,35,40,1,1,35.961281597770615,12.176843986136568,35.988549838762296,12.203766382438282
FOT_DIAG,7.2166666666666668,0,48.5,0.5,51,45,45,35,40,1,1,35.868876343966775,11.573097314827388,35.92407676532072,11.821656431037036
FOT_DIAG,7.2333333333333334,0,48.5,0.5,51,45,45,35,40,1,1,36.05316298500918,10.599291102543404,36.024711319263005,12.241686004115557
FOT_DIAG,7.25,0,48.5,0.5,51,45,45,35,40,1,1,36.090846722161743,12.328953418390553,35.951864414426176,12.281527440258346
FOT_DIAG,7.2666666666666666,0,48.5,0.5,51,45,45,35,40,1,1,35.89942304465405,11.757005440086061,35.918476916543803,11.461350532504142
FOT_DIAG,7.2833333333333332,0,48.5,0.5,51,45,45,35,40,1,1,35.940562070998162,13.759011163459235,35.966591583996554,13.314090549718049
FOT_DIAG,7.2999999999999998,0,48.5,0.5,51,45,45,35,40,1,1,35.963296939391469,11.374827183053263,35.918378843672443,11.725325815020463
FOT_DIAG,7.3166666666666664,0,48.5,0.5,51,45,45,35,40,1,1,35.907243937869985,9.3611591865823218,35.946368685078014,11.998833544419467
FOT_DIAG,7.333333333333333,0,48.5,0.5,51,45,45,35,40,1,1,35.920423304938033,12.326136007371389,35.903716227154952,12.927363162009829
FOT_DIAG,7.3499999999999996,0,48.5,0.5,51,45,45,35,40,1,1,35.978074265508923,12.707780320968249,35.933603607472413,12.569412122932157
FOT_DIAG,7.3666666666666663,0,48.5,0.5,51,45,45,35,40,1,1,35.874790939562928,9.992557386582515,35.936755255834747,12.027590937969979
FOT_DIAG,7.3833333333333329,0,48.5,0.5,51,45,45,35,40,1,1,35.82088691716109,14.040846026657928,35.874539986838514,11.643480501692101
FOT_DIAG,7.3999999999999995,0,48.5,0.5,51,45,45,35,40,1,1,35.764178276871966,14.407886333855974,35.853045921983167,12.742417009680704
FOT_DIAG,7.4166666666666661,0,48.5,0.5,51,45,45,35,40,1,1,36.024846464501856,14.250754290953576,35.908760506649791,13.690556172533045
FOT_DIAG,7.4333333333333327,0,48.5,0.5,51,45,45,35,40,1,1,35.906035482997922,12.36973671862831,35.913158312146891,12.697280594190021
FOT_DIAG,7.4500000000000002,0,48.5,0.5,51,45,45,35,40,1,1,35.768090295807511,12.476703391363781,35.876298227133518,12.584271412540032
FOT_DIAG,7.4666666666666668,0,48.5,0.5,51,45,45,35,40,1,1,35.872564672559768,10.437709556864538,35.868341501011216,12.152655905119405
FOT_DIAG,7.4833333333333334,0,48.5,0.5,51,45,45,35,40,1,1,35.874259893939779,10.503664572991092,35.894001998642317,11.726906797194561
FOT_DIAG,7.5,0,48.5,0.5,51,45,45,35,40,1,1,35.885958048499383,10.187714771596795,35.904510020073999,12.35531429071321
FOT_DIAG,7.5166666666666666,0,48.5,0.5,51,45,45,35,40,1,1,35.944212694830895,9.5455695445940343,35.883009726670416,11.265497198782219
FOT_DIAG,7.5333333333333332,0,48.5,0.5,51,45,45,35,40,1,1,35.855626449170899,14.838848257363312,35.861633055755398,12.507415998580843
FOT_DIAG,7.5499999999999998,0,48.5,0.5,51,45,45,35,40,1,1,35.919166208424137,11.539814635674087,35.934964695661129,11.468462326529885
FOT_DIAG,7.5666666666666664,0,48.5,0.5,51,45,45,35,40,1,1,36.060022181353709,15.206099390227674,35.987057959852663,12.064426367347112
FOT_DIAG,7.583333333333333,0,48.5,0.5,51,45,45,35,40,1,1,35.997620343426505,11.578523349081429,35.951208711263781,13.468068618953186
FOT_DIAG,7.5999999999999996,0,48.5,0.5,51,45,45,35,40,1,1,36.041890390881889,12.904273620672646,35.981789120800528,12.547333479591503
FOT_DIAG,7.6166666666666663,0,48.5,0.5,51,45,45,35,40,1,1,35.882053716798737,12.556955689141265,35.873887407719657,11.794174325197593
FOT_DIAG,7.6333333333333329,0,48.5,0.5,51,45,45,35,40,1,1,36.123603497806286,10.748203653996802,35.916993899220486,12.255656628590021
FOT_DIAG,7.6499999999999995,0,48.5,0.5,51,45,45,35,40,1,1,35.981222396737984,12.914262452155791,35.957684915552207,12.26174593618849
FOT_DIAG,7.6666666666666661,0,48.5,0.5,51,45,45,35,40,1,1,35.928956219695714,13.573653293937641,35.884857825958775,13.28762815904282
FOT_DIAG,7.6833333333333327,0,48.5,0.5,51,45,45,35,40,1,1,35.965224682595796,10.239883172711924,35.975547602558734,13.193854407251141
FOT_DIAG,7.7000000000000002,0,48.5,0.5,51,45,45,35,40,1,1,35.836627262758974,11.329629323144751,35.866837041702439,11.745068914881532
FOT_DIAG,7.7166666666666668,0,48.5,0.5,51,45,45,35,40,1,1,35.863887851849405,13.386024826316586,35.854088055743432,12.873697755557995
FOT_DIAG,7.7333333333333334,0,48.5,0.5,51,45,45,35,40,1,1,35.796708207099762,15.086060914688662,35.848594585089877,12.788761593125953
FOT_DIAG,7.75,0,48.5,0.5,51,45,45,35,40,1,1,35.938106495843343,9.2778974066644082,35.953953200823889,11.160519227163293
FOT_DIAG,7.7666666666666666,0,48.5,0.5,51,45,45,35,40,1,1,35.866656556229024,14.159955000902302,35.880136544244934,12.806180450929146
FOT_DIAG,7.7833333333333332,0,48.5,0.5,51,45,45,35,40,1,1,35.814458037295452,13.145443608603136,35.91252070294609,12.723811023054347
FOT_DIAG,7.7999999999999998,0,48.5,0.5,51,45,45,35,40,1,1,36.059953224213899,14.417958365483276,35.97631363138747,13.121333514259153
FOT_DIAG,7.8166666666666664,0,48.5,0.5,51,45,45,35,40,1,1,35.916114603952273,13.280469978033544,35.942621889655335,12.049917351122119
FOT_DIAG,7.833333333333333,0,48.5,0.5,51,45,45,35,40,1,1,35.943354501946473,12.884101721909465,35.97068796343649,12.800088089337729
FOT_DIAG,7.8499999999999996,0,48.5,0.5,51,45,45,35,40,1,1,35.848295976457102,12.800827721761095,35.899476831551247,12.751832375380179
FOT_DIAG,7.8666666666666663,0,48.5,0.5,51,45,45,35,40,1,1,35.973066325010585,12.189017786560603,35.968252815929432,12.548929314923548
FOT_DIAG,7.8833333333333329,0,48.5,0.5,51,45,45,35,40,1,1,36.057006753743096,11.648459540943811,35.983577417308773,11.519108300782975
FOT_DIAG,7.8999999999999995,0,48.5,0.5,51,45,45,35,40,1,1,35.992735657546426,12.442588099652289,35.986455434734388,12.749624349506806
FOT_DIAG,7.9166666666666661,0,48.5,0.5,51,45,45,35,40,1,1,35.958738433066991,11.976123410127492,35.912501044110698,11.744809950953986
FOT_DIAG,7.9333333333333327,0,48.5,0.5,51,45,45,35,40,1,1,36.08913187526619,12.709580112268299,36.069395333115558,12.84074744838011
FOT_DIAG,7.9500000000000002,0,48.5,0.5,51,45,45,35,40,1,1,35.920290512440566,9.4878091296446314,35.940763924355466,11.52971048448979
FOT_DIAG,7.9666666666666668,0,48.5,0.5,51,45,45,35,40,1,1,36.150121482545551,12.988158821528414,35.93329755904621,13.579659992596776
FOT_DIAG,7.9833333333333334,0,48.5,0.5,51,45,45,35,40,1,1,35.935678420132248,8.7863509783891836,35.992613970621079,11.328669553072144
FOT_DIAG,8,0,48.5,0.5,51,45,45,35,40,1,1,35.927925396656953,16.982600786444621,35.94987406498548,13.919397711229548
FOT_DIAG,8.0166666666666657,0,48.5,0.5,51,45,45,35,40,1,1,35.931456194222982,13.863839501457283,35.969861662978609,12.06173130839597
FOT_DIAG,8.0333333333333332,0,48.5,0.5,51,45,45,35,40,1,1,35.870001455895505,14.47350630152741,35.884559901232265,12.697094867215252
FOT_DIAG,8.0499999999999989,0,48.5,0.5,51,45,45,35,40,1,1,35.866249973665035,11.975360316214184,35.870175144575242,11.588653605010329
FOT_DIAG,8.0666666666666664,0,48.5,0.5,51,45,45,35,40,1,1,35.929365977172168,13.368988257139058,35.905098410912096,12.440305605761603
FOT_DIAG,8.0833333333333339,0,48.5,0.5,51,45,45,35,40,1,1,35.886781748714206,16.117554090901443,35.965185302208567,12.674008896171443
FOT_DIAG,8.0999999999999996,0,48.5,0.5,51,45,45,35,40,1,1,35.925231847617653,12.00910920411267,35.996756554473663,12.925251971093516
FOT_DIAG,8.1166666666666671,0,48.5,0.5,51,45,45,35,40,1,1,35.890528056663179,10.710585516355415,35.938101979484536,12.347420902966631
FOT_DIAG,8.1333333333333329,0,48.5,0.5,51,45,45,35,40,1,1,35.903002819558111,11.988371325550293,35.965154549677962,12.138028410559013
FOT_DIAG,8.1500000000000004,0,48.5,0.5,51,45,45,35,40,1,1,36.045713115537822,14.729882388967848,36.024545427276877,13.588825800126447
FOT_DIAG,8.1666666666666661,0,48.5,0.5,51,45,45,35,40,1,1,36.04653965278932,12.451072662520041,36.001807740407827,11.399417284484784
FOT_DIAG,8.1833333333333336,0,48.5,0.5,51,45,45,35,40,1,1,35.939195770257626,9.8888917460905201,35.950147738953035,12.26601615471753
FOT_DIAG,8.1999999999999993,0,48.5,0.5,51,45,45,35,40,1,1,36.015318790897325,7.2450008679041931,36.016439815618291,10.679276766048527
FOT_DIAG,8.2166666666666668,0,48.5,0.5,51,45,45,35,40,1,1,36.063948941148425,11.379962959329598,35.999077785217438,12.931400556266475
FOT_DIAG,8.2333333333333325,0,48.5,0.5,51,45,45,35,40,1,1,35.933943770926646,13.533745958953554,35.919329405832471,12.130116139506809
FOT_DIAG,8.25,0,48.5,0.5,51,45,45,35,40,1,1,35.942043601105134,13.893591808504802,35.978103323184008,12.574872846911383
FOT_DIAG,8.2666666666666657,0,48.5,0.5,51,45,45,35,40,1,1,36.05987867386375,9.1748901323127878,35.971229856609696,12.164613442206852
FOT_DIAG,8.2833333333333332,0,48.5,0.5,51,45,45,35,40,1,1,36.021597335010668,13.350526493631696,36.044356456826364,13.27003784827458
FOT_DIAG,8.2999999999999989,0,48.5,0.5,51,45,45,35,40,1,1,35.918931061159171,11.5452239739719,36.015526511943719,12.472488666995554
FOT_DIAG,8.3166666666666664,0,48.5,0.5,51,45,45,35,40,1,1,35.886529777755818,9.5052933155977453,35.88822977456212,11.583222270775046
FOT_DIAG,8.3333333333333339,0,48.5,0.5,51,45,45,35,40,1,1,35.973163360917134,10.42523550318551,35.946286433044492,11.107281896537025
FOT_DIAG,8.3499999999999996,0,48.5,0.5,51,45,45,35,40,1,1,35.883505893421706,9.5061310800292667,35.87709904731058,10.950111839025384
FOT_DIAG,8.3666666666666671,0,48.5,0.5,51,45,45,35,40,1,1,36.141888107286235,11.896743972191581,36.058988438874181,13.241838459973629
FOT_DIAG,8.3833333333333329,0,48.5,0.5,51,45,45,35,40,1,1,35.929604370738758,12.686410257874241,36.010353544695612,12.422659853221479
FOT_DIAG,8.4000000000000004,0,48.5,0.5,51,45,45,35,40,1,1,36.065825156935027,11.555647329482685,36.026464113611453,12.785027981082296
FOT_DIAG,8.4166666666666661,0,48.5,0.5,51,45,45,35,40,1,1,36.077730229827424,13.827874824374387,36.003507715757472,12.751533460224339
FOT_DIAG,8.4333333333333336,0,48.5,0.5,51,45,45,35,40,1,1,35.947692611744181,14.201271857860235,36.022063866195083,12.127021414822835
FOT_DIAG,8.4499999999999993,0,48.5,0.5,51,45,45,35,40,1,1,36.006943709563366,11.810930223448523,36.007796414601557,11.934931661338441
FOT_DIAG,8.4666666666666668,0,48.5,0.5,51,45,45,35,40,1,1,36.084544424638224,12.909559346353863,36.026049809379451,12.574107249141406
FOT_DIAG,8.4833333333333325,0,48.5,0.5,51,45,45,35,40,1,1,36.064864672768302,13.847858990282171,36.080774006632872,12.356095654274077
FOT_DIAG,8.5,0,48.5,0.5,51,45,45,35,40,1,1,35.80219884026053,13.470172441035407,35.958150293580154,12.751288988015723
FOT_DIAG,8.5166666666666657,0,48.5,0.5,51,45,45,35,40,1,1,35.875122609856774,12.274079337311239,35.906377975589336,12.017697569527458
FOT_DIAG,8.5333333333333332,0,48.5,0.5,51,45,45,35,40,1,1,36.116695905180144,13.233532805166318,35.975073030949922,11.751126348614882
FOT_DIAG,8.5499999999999989,0,48.5,0.5,51,45,45,35,40,1,1,35.849441143418311,12.595922714276863,35.908157724020683,12.309317621829161
FOT_DIAG,8.5666666666666664,0,48.5,0.5,51,45,45,35,40,1,1,35.951842439127127,12.992521846814107,35.857753550753117,12.409353811122823
FOT_DIAG,8.5833333333333339,0,48.5,0.5,51,45,45,35,40,1,1,36.048231739636563,13.451258135270429,35.995333113594349,12.6083646007464
FOT_DIAG,8.5999999999999996,0,48.5,0.5,51,45,45,35,40,1,1,35.825695651323009,15.021010151413066,35.938087163492469,13.709231229350054
FOT_DIAG,8.6166666666666671,0,48.5,0.5,51,45,45,35,40,1,1,35.888410853179792,12.983514737297408,35.944101544380857,12.649082669417046
FOT_DIAG,8.6333333333333329,0,48.5,0.5,51,45,45,35,40,1,1,35.957729396830075,12.64798069200112,35.845352305131833,12.082614394473568
FOT_DIAG,8.6500000000000004,0,48.5,0.5,51,45,45,35,40,1,1,35.852341873214321,13.961359050103869,35.891286803077627,12.932723550303956
FOT_DIAG,8.6666666666666661,0,48.5,0.5,51,45,45,35,40,1,1,36.006672466657612,9.6162611540320189,35.929166630620998,11.812480606600859
FOT_DIAG,8.6833333333333336,0,48.5,0.5,51,45,45,35,40,1,1,36.020575966697983,12.415547103833244,35.913688684435307,12.350686068879666
FOT_DIAG,8.6999999999999993,0,48.5,0.5,51,45,45,35,40,1,1,35.909350533938685,12.262201239277996,35.940253886584117,12.24021224322887
FOT_DIAG,8.7166666666666668,0,48.5,0.5,51,45,45,35,40,1,1,35.902511211770296,14.309433829751743,35.894785490202729,13.313482870203563
FOT_DIAG,8.7333333333333325,0,48.5,0.5,51,45,45,35,40,1,1,36.04905167810896,12.423922427892622,35.946745140932308,12.069785359029522
FOT_DIAG,8.75,0,48.5,0.5,51,45,45,35,40,1,1,35.903537344735589,11.712666012520998,35.911778021247926,11.36565575267484
FOT_DIAG,8.7666666666666657,0,48.5,0.5,51,45,45,35,40,1,1,35.976235013196302,10.301997672966058,35.890332246522462,11.657930667047914
FOT_DIAG,8.7833333333333332,0,48.5,0.5,51,45,45,35,40,1,1,35.953148090617674,11.315630753499091,35.908170415158629,12.860343332120848
FOT_DIAG,8.7999999999999989,0,48.5,0.5,51,45,45,35,40,1,1,35.906226064299759,12.577381142686326,35.911831176910965,12.024270260559463
FOT_DIAG,8.8166666666666664,0,48.5,0.5,51,45,45,35,40,1,1,35.820599547202384,13.855030785764923,35.92247558632512,12.357942464291526
FOT_DIAG,8.8333333333333339,0,48.5,0.5,51,45,45,35,40,1,1,35.971104445297804,11.822505073643416,35.926590819801838,11.616496402746874
FOT_DIAG,8.8499999999999996,0,48.5,0.5,51,45,45,35,40,1,1,35.849318584020786,13.30557987680271,35.901033288460056,12.14863087112497
FOT_DIAG,8.8666666666666671,0,48.5,0.5,51,45,45,35,40,1,1,35.891494424757006,13.173622742978687,35.832587777367735,12.381256977488652
FOT_DIAG,8.8833333333333329,0,48.5,0.5,51,45,45,35,40,1,1,35.815812936073115,14.222898240983628,35.871051266596155,12.978799238512385
FOT_DIAG,8.9000000000000004,0,48.5,0.5,51,45,45,35,40,1,1,35.897317641990306,11.69326313227511,35.907341843302163,12.807296177982089
FOT_DIAG,8.9166666666666661,0,48.5,0.5,51,45,45,35,40,1,1,35.912486140014011,14.298829530454141,35.917395276799816,11.829187723210643
FOT_DIAG,8.9333333333333336,0,48.5,0.5,51,45,45,35,40,1,1,36.00363490418529,12.340307308655969,35.931500883711678,12.3716496083591
FOT_DIAG,8.9499999999999993,0,48.5,0.5,51,45,45,35,40,1,1,35.831061129695946,15.263140352075524,35.874840993035704,13.568091980988774
FOT_DIAG,8.9666666666666668,0,48.5,0.5,51,45,45,35,40,1,1,35.92510000684392,12.277652672375075,35.859896656220293,12.063500300231697
FOT_DIAG,8.9833333333333325,0,48.5,0.5,51,45,45,35,40,1,1,35.974154306019166,12.92158440846236,35.873831052527585,11.957385749799464
FOT_DIAG,9,0,48.5,0.5,51,45,45,35,40,1,1,35.740726859478755,12.331496010496554,35.827961863642344,12.074717947226894
FOT_DIAG,9.0166666666666657,0,48.5,0.5,51,45,45,35,40,1,1,35.947146813719939,13.866593776181821,35.863906064543812,12.058651696448324
FOT_DIAG,9.0333333333333332,0,48.5,0.5,51,45,45,35,40,1,1,35.914066629860912,9.8120426536233811,35.91386991005659,11.870801670863697
FOT_DIAG,9.0499999999999989,0,48.5,0.5,51,45,45,35,40,1,1,35.892911482144612,14.5312117809783,35.92108675252728,12.591762765589101
FOT_DIAG,9.0666666666666664,0,48.5,0.5,51,45,45,35,40,1,1,35.935288294523581,10.285946425759741,35.941043578549262,11.679015458645111
FOT_DIAG,9.0833333333333321,0,48.5,0.5,51,45,45,35,40,1,1,36.042522498713069,9.0646510136436653,35.997795926676709,12.204024838545159
FOT_DIAG,9.0999999999999996,0,48.5,0.5,51,45,45,35,40,1,1,36.089884661801989,9.182887908345414,35.932280972464987,11.368127498577627
FOT_DIAG,9.1166666666666671,0,48.5,0.5,51,45,45,35,40,1,1,35.809280430270924,11.367393578108443,35.928332619231988,12.507547558552545
FOT_DIAG,9.1333333333333329,0,48.5,0.5,51,45,45,35,40,1,1,35.808473008720405,13.968891726453865,35.85478726027096,13.095728376072373
FOT_DIAG,9.1500000000000004,0,48.5,0.5,51,45,45,35,40,1,1,35.979186247702771,10.869659736951045,35.908941800470657,11.196516493125003
FOT_DIAG,9.1666666666666661,0,48.5,0.5,51,45,45,35,40,1,1,35.95496607254421,12.157024373581329,35.934055125787175,13.264474928871056
FOT_DIAG,9.1833333333333336,0,48.5,0.5,51,45,45,35,40,1,1,35.869289841801127,12.001505003439918,35.876748203373992,11.735093357771563
FOT_DIAG,9.1999999999999993,0,48.5,0.5,51,45,45,35,40,1,1,35.810691159722381,11.916185531727276,35.925011340783435,12.931801714669673
FOT_DIAG,9.2166666666666668,0,48.5,0.5,51,45,45,35,40,1,1,35.831379356782264,13.460471653600475,35.978076609394122,12.226673182509941
FOT_DIAG,9.2333333333333325,0,48.5,0.5,51,45,45,35,40,1,1,36.011545532959779,12.735928165461944,35.917112497731132,12.688998620369734
FOT_DIAG,9.25,0,48.5,0.5,51,45,45,35,40,1,1,35.940184009627238,12.852783523788005,35.967789206639175,12.602155145150247
FOT_DIAG,9.2666666666666657,0,48.5,0.5,51,45,45,35,40,1,1,35.89801903468571,12.509126701132368,35.939400387819646,12.503402780767615
FOT_DIAG,9.2833333333333332,0,48.5,0.5,51,45,45,35,40,1,1,36.046002145514734,11.783907191462269,35.998475970241884,11.960679611960011
FOT_DIAG,9.2999999999999989,0,48.5,0.5,51,45,45,35,40,1,1,35.777287524080862,14.448930083372939,35.823354267781589,13.343024847760685
FOT_DIAG,9.3166666666666664,0,48.5,0.5,51,45,45,35,40,1,1,35.853992339692169,13.789008728202118,35.885029494687195,11.905997433596283
FOT_DIAG,9.3333333333333321,0,48.5,0.5,51,45,45,35,40,1,1,35.952764276952415,11.657798390927226,35.920187627966698,11.850920994927302
FOT_DIAG,9.3499999999999996,0,48.5,0.5,51,45,45,35,40,1,1,35.922604444470451,13.358878581296446,35.933179739716074,13.867347733866538
FOT_DIAG,9.3666666666666671,0,48.5,0.5,51,45,45,35,40,1,1,35.930989220743143,13.363280761025823,35.932736372378706,12.410494310725811
FOT_DIAG,9.3833333333333329,0,48.5,0.5,51,45,45,35,40,1,1,35.903720652609003,13.812292800383927,35.865321594710949,11.592093998096098
FOT_DIAG,9.4000000000000004,0,48.5,0.5,51,45,45,35,40,1,1,35.879900727381418,13.785105277498431,35.942834340363667,13.555731047193861
FOT_DIAG,9.4166666666666661,0,48.5,0.5,51,45,45,35,40,1,1,35.789201462220078,14.932362967428014,35.977623973475978,12.624290170188553
FOT_DIAG,9.4333333333333336,0,48.5,0.5,51,45,45,35,40,1,1,35.851264446678798,14.423962735632395,35.932307351558805,13.05481878296786
FOT_DIAG,9.4499999999999993,0,48.5,0.5,51,45,45,35,40,1,1,35.797956815914418,9.9001478776064396,35.867374574137017,11.977925441458336
FOT_DIAG,9.4666666666666668,0,48.5,0.5,51,45,45,35,40,1,1,36.110842111393289,14.162900972080052,35.942766071095235,12.607224191941439
FOT_DIAG,9.4833333333333325,0,48.5,0.5,51,45,45,35,40,1,1,35.87019216060942,10.46121187120702,35.84604234773137,12.528844471588101
FOT_DIAG,9.5,0,48.5,0.5,51,45,45,35,40,1,1,35.891725262746547,11.557149841537067,35.859138901841796,11.981643132438835
FOT_DIAG,9.5166666666666657,0,48.5,0.5,51,45,45,35,40,1,1,35.712135405091431,15.102529240125037,35.925530108268795,11.716542191730477
FOT_DIAG,9.5333333333333332,0,48.5,0.5,51,45,45,35,40,1,1,35.853584357903237,11.601548920123626,35.886560124299393,12.839839204235936
FOT_DIAG,9.5499999999999989,0,48.5,0.5,51,45,45,35,40,1,1,35.858898109487257,10.102689432841441,35.832461391236492,11.075031649949979
FOT_DIAG,9.5666666666666664,0,48.5,0.5,51,45,45,35,40,1,1,35.885248417752798,12.032252295325016,35.853682096519179,11.832436463500777
FOT_DIAG,9.5833333333333321,0,48.5,0.5,51,45,45,35,40,1,1,35.89141188759033,10.943981159139506,35.958021002155434,12.274021869386672
FOT_DIAG,9.5999999999999996,0,48.5,0.5,51,45,45,35,40,1,1,35.981372396639109,14.183513309384868,35.909585538576941,13.609870581402165
FOT_DIAG,9.6166666666666671,0,48.5,0.5,51,45,45,35,40,1,1,35.925194658597448,12.138543147010431,35.905955828815756,12.550072386861407
FOT_DIAG,9.6333333333333329,0,48.5,0.5,51,45,45,35,40,1,1,35.844491162224216,14.361251446052053,35.87472513087895,12.326428652771309
FOT_DIAG,9.6500000000000004,0,48.5,0.5,51,45,45,35,40,1,1,35.785174501842704,11.659283860435542,35.829494495276819,11.587240497041025
FOT_DIAG,9.6666666666666661,0,48.5,0.5,51,45,45,35,40,1,1,35.843366764038485,12.179446539365545,35.931427825395311,12.097373197329409
FOT_DIAG,9.6833333333333336,0,48.5,0.5,51,45,45,35,40,1,1,35.822456947988208,9.1557355704316592,35.890807342970433,10.198779415768362
FOT_DIAG,9.6999999999999993,0,48.5,0.5,51,45,45,35,40,1,1,36.105352934126785,10.311943337485909,36.002207496093654,11.831211822988285
FOT_DIAG,9.7166666666666668,0,48.5,0.5,51,45,45,35,40,1,1,35.964679697312143,12.321536991125441,36.064219460267914,12.73262093404955
FOT_DIAG,9.7333333333333325,0,48.5,0.5,51,45,45,35,40,1,1,36.019362984815878,15.739597582237081,36.01890258737064,13.786892329688442
FOT_DIAG,9.75,0,48.5,0.5,51,45,45,35,40,1,1,36.062496654634145,15.096721283790082,36.001996323429047,12.676998106025733
FOT_DIAG,9.7666666666666657,0,48.5,0.5,51,45,45,35,40,1,1,36.029654084537221,9.9459294204822886,35.981869068747301,11.622738679971381
FOT_DIAG,9.7833333333333332,0,48.5,0.5,51,45,45,35,40,1,1,36.059202572168886,12.82392586009828,36.025133101813232,12.004749107997435
FOT_DIAG,9.7999999999999989,0,48.5,0.5,51,45,45,35,40,1,1,35.832244612683667,10.172485809218756,35.860749834197108,12.482262948449426
FOT_DIAG,9.8166666666666664,0,48.5,0.5,51,45,45,35,40,1,1,36.046382153131518,11.267889655284966,35.97321657674069,9.9843701991733962
FOT_DIAG,9.8333333333333321,0,48.5,0.5,51,45,45,35,40,1,1,35.813446860367556,13.737951536941033,35.930251182529929,12.925096960523748
FOT_DIAG,9.8499999999999996,0,48.5,0.5,51,45,45,35,40,1,1,36.019666919994158,8.6107627470104564,35.912784480577571,11.213279513585547
FOT_DIAG,9.8666666666666671,0,48.5,0.5,51,45,45,35,40,1,1,36.001600079292061,14.325778982261779,35.948292246324108,12.171282455467173
FOT_DIAG,9.8833333333333329,0,48.5,0.5,51,45,45,35,40,1,1,35.894053360448261,12.20411519519233,35.960398477837565,11.930931045167798
FOT_DIAG,9.9000000000000004,0,48.5,0.5,51,45,45,35,40,1,1,36.008338066079453,14.084102787321596,35.953283926815779,13.098214423063379
FOT_DIAG,9.9166666666666661,0,48.5,0.5,51,45,45,35,40,1,1,35.812805112297433,11.798559470257558,35.913224505338505,12.83545068024825
FOT_DIAG,9.9333333333333336,0,48.5,0.5,51,45,45,35,40,1,1,36.013700391164981,11.462342891394735,35.934206374079203,12.256699759449628
FOT_DIAG,9.9499999999999993,0,48.5,0.5,51,45,45,35,40,1,1,35.833710039240756,13.705943273600123,35.87424183774209,13.516087596729413
FOT_DIAG,9.9666666666666668,0,48.5,0.5,51,45,45,35,40,1,1,35.972180168429631,11.190309371607857,35.976795179413962,11.787311902994631
FOT_DIAG,9.9833333333333325,0,48.5,0.5,51,45,45,35,40,1,1,35.900151287903789,11.58458585016553,35.920705878012114,12.531987185247131
FOT_DIAG,10,0,48.5,0.5,51,45,45,35,40,1,1,36.122679608794606,11.213509474608518,36.035110601738552,12.358795306893059
FOT_DIAG,10.016666666666666,0,48.5,0.5,51,45,45,35,40,1,1,35.944606765890136,14.641789137960284,35.969272354330158,12.805528912719213
FOT_DIAG,10.033333333333333,0,48.5,0.5,51,45,45,35,40,1,1,35.976019266835564,12.17520102797584,35.945936429844146,12.97720218305782
FOT_DIAG,10.049999999999999,0,48.5,0.5,51,45,45,35,40,1,1,36.109771384941787,11.248436298344442,36.008623926089349,11.746183688198496
FOT_DIAG,10.066666666666666,0,48.5,0.5,51,45,45,35,40,1,1,35.818480568574792,13.699891160814873,35.882051340542112,12.748604411144248
FOT_DIAG,10.083333333333332,0,48.5,0.5,51,45,45,35,40,1,1,36.073382760279785,12.768310805212387,36.038157953174576,12.897274857800284
FOT_DIAG,10.1,0,48.5,0.5,51,45,45,35,40,1,1,36.015061670885586,11.344662640003637,36.049466412427805,11.530819008444471
FOT_DIAG,10.116666666666667,0,48.5,0.5,51,45,45,35,40,1,1,36.067765793986915,14.414674587494858,35.978659090300965,12.674835788253903
FOT_DIAG,10.133333333333333,0,48.5,0.5,51,45,45,35,40,1,1,36.017458314467603,11.760990199596105,35.962121625137428,11.917622348724947
FOT_DIAG,10.15,0,48.5,0.5,51,45,45,35,40,1,1,36.02026570992993,14.154416740834222,36.027849181278441,13.135405595009393
FOT_DIAG,10.166666666666666,0,48.5,0.5,51,45,45,35,40,1,1,36.101132994336254,12.742597599988368,36.004818994454219,11.714887944843793
FOT_DIAG,10.183333333333334,0,48.5,0.5,51,45,45,35,40,1,1,35.893127746508604,12.674985268611653,35.984375933013695,12.342434546194637
FOT_DIAG,10.199999999999999,0,48.5,0.5,51,45,45,35,40,1,1,36.137058892973961,10.730686194445671,36.039661808556843,12.600119884441453
FOT_DIAG,10.216666666666667,0,48.5,0.5,51,45,45,35,40,1,1,36.030188851505422,13.841359322569318,36.030359130087831,13.226144305997122
FOT_DIAG,10.233333333333333,0,48.5,0.5,51,45,45,35,40,1,1,36.167997463955011,10.631960083635629,36.086855103915127,12.278011326968656
FOT_DIAG,10.25,0,48.5,0.5,51,45,45,35,40,1,1,35.995039029085909,10.83981687392704,35.977594407581911,11.872999599222252
FOT_DIAG,10.266666666666666,0,48.5,0.5,51,45,45,35,40,1,1,36.128267611381922,13.861952050587899,36.084062566628695,12.851892310113026
FOT_DIAG,10.283333333333333,0,48.5,0.5,51,45,45,35,40,1,1,35.949267562226289,9.5592597192977138,35.999177552370789,11.61021100068613
FOT_DIAG,10.299999999999999,0,48.5,0.5,51,45,45,35,40,1,1,35.988391767722455,10.047221844300562,36.015653755660004,11.064896741294074
FOT_DIAG,10.316666666666666,0,48.5,0.5,51,45,45,35,40,1,1,36.106177814231849,13.62965784011946,36.054743912213077,12.291998001898687
FOT_DIAG,10.333333333333332,0,48.5,0.5,51,45,45,35,40,1,1,36.09971813210521,10.460239525678947,35.99166452588274,12.335214673704618
FOT_DIAG,10.35,0,48.5,0.5,51,45,45,35,40,1,1,35.920515651709088,10.584621978773889,35.947895961173678,10.624445998672808
FOT_DIAG,10.366666666666667,0,48.5,0.5,51,45,45,35,40,1,1,36.131212664596113,12.188210024572443,36.034266465610834,12.356529128489472
FOT_DIAG,10.383333333333333,0,48.5,0.5,51,45,45,35,40,1,1,36.132593774284999,11.53060340659316,36.037867422155934,11.846007196835458
FOT_DIAG,10.4,0,48.5,0.5,51,45,45,35,40,1,1,36.0752313992555,16.12529472917748,35.987373872702975,13.846782563747078
FOT_DIAG,10.416666666666666,0,48.5,0.5,51,45,45,35,40,1,1,36.037540323982427,14.155782899188816,35.975295740878252,12.202139449132122
FOT_DIAG,10.433333333333334,0,48.5,0.5,51,45,45,35,40,1,1,36.05663586575681,14.086218620129381,35.961100746540126,12.280785442514853
FOT_DIAG,10.449999999999999,0,48.5,0.5,51,45,45,35,40,1,1,35.964559537481904,11.781352716367499,35.982554429141864,11.997660039170787
FOT_DIAG,10.466666666666667,0,48.5,0.5,51,45,45,35,40,1,1,36.025587318620261,11.709497339733252,36.043067959638428,12.239491138181462
FOT_DIAG,10.483333333333333,0,48.5,0.5,51,45,45,35,40,1,1,35.954212258027617,13.327986616868928,36.026521726378647,12.209711228099797
FOT_DIAG,10.5,0,48.5,0.5,51,45,45,35,40,1,1,36.088952070127633,11.615533158662608,36.057792677166027,12.620580062908417
FOT_DIAG,10.516666666666666,0,48.5,0.5,51,45,45,35,40,1,1,36.108023214236049,10.8368386067571,36.122017027247914,11.199243320376677
FOT_DIAG,10.533333333333333,0,48.5,0.5,51,45,45,35,40,1,1,35.964045242816738,10.224011874529689,36.022855835253047,12.072840584759946
FOT_DIAG,10.549999999999999,0,48.5,0.5,51,45,45,35,40,1,1,36.005822602914165,12.398352475101801,36.007719199304596,12.730335813695994
FOT_DIAG,10.566666666666666,0,48.5,0.5,51,45,45,35,40,1,1,36.124930870219821,13.744857758076375,35.96120796875099,13.418093417550041
FOT_DIAG,10.583333333333332,0,48.5,0.5,51,45,45,35,40,1,1,35.926509806715373,13.573939349926613,35.936012182971083,13.447607757155712
FOT_DIAG,10.6,0,48.5,0.5,51,45,45,35,40,1,1,35.87394122609718,10.268673914020411,35.936400644784321,12.355398600388872
FOT_DIAG,10.616666666666667,0,48.5,0.5,51,45,45,35,40,1,1,35.843892576328429,10.469564381702895,35.887153923550009,11.201743277911378
FOT_DIAG,10.633333333333333,0,48.5,0.5,51,45,45,35,40,1,1,36.056284160669286,13.462115073941982,36.00917953414509,12.270000829072451
FOT_DIAG,10.65,0,48.5,0.5,51,45,45,35,40,1,1,36.087229874567932,15.037195935641517,35.994341643672151,13.638128685025398
FOT_DIAG,10.666666666666666,0,48.5,0.5,51,45,45,35,40,1,1,35.890921047339305,11.361476653545404,35.965016355136946,11.895018235793595
FOT_DIAG,10.683333333333334,0,48.5,0.5,51,45,45,35,40,1,1,36.008674856074933,9.9448928159299008,35.99080412239153,11.749151364383629
FOT_DIAG,10.699999999999999,0,48.5,0.5,51,45,45,35,40,1,1,36.10391031249813,11.988038529396345,35.96976237229655,12.23986610776171
FOT_DIAG,10.716666666666667,0,48.5,0.5,51,45,45,35,40,1,1,35.854949759545718,12.39172094441424,35.963498268899386,12.688320263417422
FOT_DIAG,10.733333333333333,0,48.5,0.5,51,45,45,35,40,1,1,36.117271796089241,9.267599941672314,36.017059736693618,12.443750166920903
FOT_DIAG,10.75,0,48.5,0.5,51,45,45,35,40,1,1,35.987549047968258,12.007154709607756,35.984358259189364,12.369947229579976
FOT_DIAG,10.766666666666666,0,48.5,0.5,51,45,45,35,40,1,1,35.988428817284273,12.228351230400973,35.989159994108519,12.789107993170626
FOT_DIAG,10.783333333333333,0,48.5,0.5,51,45,45,35,40,1,1,35.902459018261958,11.794478812145002,35.966046288869713,12.79091464905742
FOT_DIAG,10.799999999999999,0,48.5,0.5,51,45,45,35,40,1,1,35.946590473070565,9.9183581033415535,35.878027798939499,10.92262723534694
FOT_DIAG,10.816666666666666,0,48.5,0.5,51,45,45,35,40,1,1,35.900131309997079,13.25481935742147,35.88895466458883,11.618619199639172
FOT_DIAG,10.833333333333332,0,48.5,0.5,51,45,45,35,40,1,1,35.987229493462728,12.870094731130683,35.920552632804664,12.768444857154414
FOT_DIAG,10.85,0,48.5,0.5,51,45,45,35,40,1,1,36.070804105988401,14.688528181005516,36.022005934345472,12.552327340713978
FOT_DIAG,10.866666666666667,0,48.5,0.5,51,45,45,35,40,1,1,35.955562173810407,12.682870795526462,35.953995294212078,11.855865493558642
FOT_DIAG,10.883333333333333,0,48.5,0.5,51,45,45,35,40,1,1,35.911503541392221,11.144252469067183,35.931729454988769,11.684979955324726
FOT_DIAG,10.9,0,48.5,0.5,51,45,45,35,40,1,1,35.843313579765564,14.833834835870839,35.906071474535729,13.544415842936026
FOT_DIAG,10.916666666666666,0,48.5,0.5,51,45,45,35,40,1,1,35.995485554600833,11.550237808393955,35.920245928466549,12.443480216797495
FOT_DIAG,10.933333333333334,0,48.5,0.5,51,45,45,35,40,1,1,35.940715764032738,9.1383414341026121,35.921322548453752,11.738987014766899
FOT_DIAG,10.949999999999999,0,48.5,0.5,51,45,45,35,40,1,1,35.909609249737159,10.559437844841003,35.925854273035796,11.907923444269773
FOT_DIAG,10.966666666666667,0,48.5,0.5,51,45,45,35,40,1,1,35.866756193888477,13.352164358025345,35.945970608291681,12.910257418378091
FOT_DIAG,10.983333333333333,0,48.5,0.5,51,45,45,35,40,1,1,35.870218363509849,10.173958778020676,35.925867842458963,11.368049828736684
FOT_DIAG,11,0,48.5,0.5,51,45,45,35,40,1,1,36.045580883352379,12.648215544376264,35.97076967679665,12.982186798495922
FOT_DIAG,11.016666666666666,0,48.5,0.5,51,45,45,35,40,1,1,35.907097739500188,15.11007423384792,35.986828201745759,13.522107068566356
FOT_DIAG,11.033333333333333,0,48.5,0.5,51,45,45,35,40,1,1,35.86223325839881,14.614573351032924,35.90031523469213,13.054877513750409
FOT_DIAG,11.049999999999999,0,48.5,0.5,51,45,45,35,40,1,1,35.853076124844819,9.9698304055853875,35.840331060338201,11.23715023052325
FOT_DIAG,11.066666666666666,0,48.5,0.5,51,45,45,35,40,1,1,35.964393749845648,12.717396339527964,35.864482486633548,12.776893276864628
FOT_DIAG,11.083333333333332,0,48.5,0.5,51,45,45,35,40,1,1,35.769950960627568,16.084844017746786,35.897571297372089,12.334131545693921
FOT_DIAG,11.1,0,48.5,0.5,51,45,45,35,40,1,1,36.026754571101165,11.953083419583615,35.952881223072211,12.685456664237233
FOT_DIAG,11.116666666666667,0,48.5,0.5,51,45,45,35,40,1,1,35.918681917091824,12.21166779572688,35.928209704495288,12.647718156127867
FOT_DIAG,11.133333333333333,0,48.5,0.5,51,45,45,35,40,1,1,35.891417523252791,11.440330817649976,35.944026493389892,12.648210103708065
FOT_DIAG,11.15,0,48.5,0.5,51,45,45,35,40,1,1,35.891985880251312,11.816073083993411,35.876263352782296,12.680178010691568
FOT_DIAG,11.166666666666666,0,48.5,0.5,51,45,45,35,40,1,1,36.004880515061068,13.576009649368268,35.932557722292984,12.514279955233304
FOT_DIAG,11.183333333333334,0,48.5,0.5,51,45,45,35,40,1,1,35.89025910145218,12.81261271296731,35.871594475663947,12.998504874976931
FOT_DIAG,11.199999999999999,0,48.5,0.5,51,45,45,35,40,1,1,35.871438093580707,11.502068917914855,35.880886899017128,12.509621815786733
FOT_DIAG,11.216666666666667,0,48.5,0.5,51,45,45,35,40,1,1,36.03425079314114,14.198369499185105,35.927290533829513,12.153701421078884
FOT_DIAG,11.233333333333333,0,48.5,0.5,51,45,45,35,40,1,1,35.844007663833878,13.195296666635349,35.877927544170547,12.237849885527698
FOT_DIAG,11.25,0,48.5,0.5,51,45,45,35,40,1,1,35.98519242863582,13.72774135209273,35.968565660927233,13.109652485628171
FOT_DIAG,11.266666666666666,0,48.5,0.5,51,45,45,35,40,1,1,35.862103905129274,12.566058799111531,35.868533096143537,12.660960768083225
FOT_DIAG,11.283333333333333,0,48.5,0.5,51,45,45,35,40,1,1,35.891094118526802,10.735484775022645,35.872848235146229,12.419470692144657
FOT_DIAG,11.299999999999999,0,48.5,0.5,51,45,45,35,40,1,1,35.926546144003325,13.796541261810315,35.930752876753814,12.57524652932574
FOT_DIAG,11.316666666666666,0,48.5,0.5,51,45,45,35,40,1,1,35.888158522005121,14.144716247076623,35.869782323514059,12.780243961922324
FOT_DIAG,11.333333333333332,0,48.5,0.5,51,45,45,35,40,1,1,35.868479402023873,11.167132197716448,35.922393110869962,11.87546698590787
FOT_DIAG,11.35,0,48.5,0.5,51,45,45,35,40,1,1,35.952952461352666,10.206419957812045,35.895509247793179,11.542487799817193
FOT_DIAG,11.366666666666667,0,48.5,0.5,51,45,45,35,40,1,1,35.956906721836674,13.906745926737317,35.966497554301398,13.121148144133416
FOT_DIAG,11.383333333333333,0,48.5,0.5,51,45,45,35,40,1,1,35.928519514598072,14.161286095640364,35.947339605436873,12.146954524586945
FOT_DIAG,11.4,0,48.5,0.5,51,45,45,35,40,1,1,35.850786713423439,11.352591708822285,35.921984483420253,11.637353221964288
FOT_DIAG,11.416666666666666,0,48.5,0.5,51,45,45,35,40,1,1,35.83868945969391,11.076503583641465,35.955312920738052,12.95444423903202
FOT_DIAG,11.433333333333334,0,48.5,0.5,51,45,45,35,40,1,1,35.88122643866253,12.976574296177578,35.894593162655454,13.332473871161083
FOT_DIAG,11.449999999999999,0,48.5,0.5,51,45,45,35,40,1,1,35.78495964206757,13.378117530072378,35.850358655639852,13.228408475815355
FOT_DIAG,11.466666666666667,0,48.5,0.5,51,45,45,35,40,1,1,36.049868997029115,12.804175022873283,35.959653875731902,12.933340421757551
FOT_DIAG,11.483333333333333,0,48.5,0.5,51,45,45,35,40,1,1,35.823380159615219,11.36111164895893,35.883028075142178,11.100300575212506
FOT_DIAG,11.5,0,48.5,0.5,51,45,45,35,40,1,1,36.004518163281539,12.738290580066018,35.97041245816937,12.625640793487968
FOT_DIAG,11.516666666666666,0,48.5,0.5,51,45,45,35,40,1,1,35.931171933151411,13.070399667334097,35.937768611191025,11.890944656986756
FOT_DIAG,11.533333333333333,0,48.5,0.5,51,45,45,35,40,1,1,35.934172301522423,11.325701895575689,35.936609142168358,11.32217029454694
FOT_DIAG,11.549999999999999,0,48.5,0.5,51,45,45,35,40,1,1,35.943002824870625,12.100852343946103,35.919757463774872,12.702564376312168
FOT_DIAG,11.566666666666666,0,48.5,0.5,51,45,45,35,40,1,1,35.889153668368294,11.836163047309128,35.940959631481853,11.938284514686512
FOT_DIAG,11.583333333333332,0,48.5,0.5,51,45,45,35,40,1,1,36.038299612574967,14.030156249615576,35.973027297946558,13.400196421361764
FOT_DIAG,11.6,0,48.5,0.5,51,45,45,35,40,1,1,35.927839261237416,12.405772459047201,35.930213560692366,12.208983970458524
FOT_DIAG,11.616666666666667,0,48.5,0.5,51,45,45,35,40,1,1,35.7847037908939,11.368959044129715,35.846012763666174,12.971404952437625
FOT_DIAG,11.633333333333333,0,48.5,0.5,51,45,45,35,40,1,1,35.937426442701067,10.821759817193293,35.919567050558797,12.016102096353521
FOT_DIAG,11.65,0,48.5,0.5,51,45,45,35,40,1,1,36.027137939932828,12.573766445860548,35.962226585563279,13.580574280959773
FOT_DIAG,11.666666666666666,0,48.5,0.5,51,45,45,35,40,1,1,35.924416269331722,11.061032296130092,35.893267392199299,11.93337855219416
FOT_DIAG,11.683333333333334,0,48.5,0.5,51,45,45,35,40,1,1,35.8631344613595,11.907534111587363,35.859958145892264,12.090943700102248
FOT_DIAG,11.699999999999999,0,48.5,0.5,51,45,45,35,40,1,1,36.114376596655596,9.8518830977620482,35.955523718775964,11.645142814482313
FOT_DIAG,11.716666666666667,0,48.5,0.5,51,45,45,35,40,1,1,35.986441929141975,12.995495366185763,35.917965700439147,12.265858390108455
FOT_DIAG,11.733333333333333,0,48.5,0.5,51,45,45,35,40,1,1,35.94205370824303,10.485334678015052,35.921817456681474,11.465317431354672
FOT_DIAG,11.75,0,48.5,0.5,51,45,45,35,40,1,1,35.995305918845851,14.356385625724503,35.939546791045537,12.640487010799324
FOT_DIAG,11.766666666666666,0,48.5,0.5,51,45,45,35,40,1,1,35.906091435314181,10.95750679763689,35.944466466104728,12.387281971392333
FOT_DIAG,11.783333333333333,0,48.5,0.5,51,45,45,35,40,1,1,36.058981836266945,13.90681134381105,36.031276807649519,13.123776890929575
FOT_DIAG,11.799999999999999,0,48.5,0.5,51,45,45,35,40,1,1,36.007812213550515,12.046247756941783,35.965613891446907,12.371688143288788
FOT_DIAG,11.816666666666666,0,48.5,0.5,51,45,45,35,40,1,1,36.025939198735074,13.449828667769372,35.961029390730175,12.340495353759419
FOT_DIAG,11.833333333333332,0,48.5,0.5,51,45,45,35,40,1,1,35.910157378726382,14.160173279991863,35.928278306332174,12.908770438629235
FOT_DIAG,11.85,0,48.5,0.5,51,45,45,35,40,1,1,36.111374248721475,12.349826802520134,35.991990227402646,12.673647354322885
FOT_DIAG,11.866666666666667,0,48.5,0.5,51,45,45,35,40,1,1,35.971555994221021,12.409553939532797,35.913317738515033,12.448306297349674
FOT_DIAG,11.883333333333333,0,48.5,0.5,51,45,45,35,40,1,1,35.900418457407923,14.146558261486609,35.974072637923598,11.646599675438628
FOT_DIAG,11.9,0,48.5,0.5,51,45,45,35,40,1,1,36.158928377649438,9.6156765299618492,36.074670265633259,12.247932482182392
FOT_DIAG,11.916666666666666,0,48.5,0.5,51,45,45,35,40,1,1,36.077094753909272,11.371101315238649,35.959021531251132,12.618166191952598
FOT_DIAG,11.933333333333334,0,48.5,0.5,51,45,45,35,40,1,1,36.031291750320278,12.71503514525018,35.962397402547239,11.658365072021148
FOT_DIAG,11.949999999999999,0,48.5,0.5,51,45,45,35,40,1,1,35.914249255232086,10.23884806233076,35.96788465473071,11.655669948931759
FOT_DIAG,11.966666666666667,0,48.5,0.5,51,45,45,35,40,1,1,35.973977297212635,12.977202342689461,36.035362828836718,12.192393153131587
FOT_DIAG,11.983333333333333,0,48.5,0.5,51,45,45,35,40,1,1,35.930125503062285,11.713369429585857,36.0387796905122,11.537516504692732
FOT_DIAG,12,0,48.5,0.5,51,45,45,35,40,1,1,35.992257236179491,14.22618518166003,35.995459763862684,12.677424015044334
FOT_DIAG,12.016666666666666,0,48.5,0.5,51,45,45,35,40,1,1,35.948765013864694,14.851041641698567,35.978234143930152,12.479914722015954
FOT_DIAG,12.033333333333333,0,48.5,0.5,51,45,45,35,40,1,1,35.920015079157899,12.803141159166545,35.917841756448297,12.916481776024327
FOT_DIAG,12.049999999999999,0,48.5,0.5,51,45,45,35,40,1,1,35.963549670217837,14.943504546532681,35.967980275128483,12.480984045024913
FOT_DIAG,12.066666666666666,0,48.5,0.5,51,45,45,35,40,1,1,35.950848921751749,11.950223606893243,35.964188501054807,12.390115663997515
FOT_DIAG,12.083333333333332,0,48.5,0.5,51,45,45,35,40,1,1,36.143197370355352,12.67255778565282,36.014769046768777,11.690212256737651
FOT_DIAG,12.1,0,48.5,0.5,51,45,45,35,40,1,1,35.951081605148616,12.562241507687778,35.993955953911843,13.166238313874914
FOT_DIAG,12.116666666666667,0,48.5,0.5,51,45,45,35,40,1,1,35.98800352931756,12.671475101031362,35.986987545890173,11.622874244597041
FOT_DIAG,12.133333333333333,0,48.5,0.5,51,45,45,35,40,1,1,35.882589439683223,11.628932783918394,35.903701552766371,11.837718049243454
FOT_DIAG,12.15,0,48.5,0.5,51,45,45,35,40,1,1,35.979995731561402,12.531136114957798,35.901194495489705,12.113633132221995
FOT_DIAG,12.166666666666666,0,48.5,0.5,51,45,45,35,40,1,1,35.958796321184167,14.149376370644333,35.953604809127029,12.299339338178438
FOT_DIAG,12.183333333333334,0,48.5,0.5,51,45,45,35,40,1,1,35.951051680356223,9.5399950194051648,35.92051214673603,11.397549448762424
FOT_DIAG,12.199999999999999,0,48.5,0.5,51,45,45,35,40,1,1,35.89747861109295,11.649522526160789,35.947055022412457,12.537543526028809
FOT_DIAG,12.216666666666667,0,48.5,0.5,51,45,45,35,40,1,1,36.062947470001149,14.891629660048444,35.954658126005427,11.569403285164846
FOT_DIAG,12.233333333333333,0,48.5,0.5,51,45,45,35,40,1,1,35.911504731077827,14.528578578846354,35.900205442943147,12.819459931116283
FOT_DIAG,12.25,0,48.5,0.5,51,45,45,35,40,1,1,35.963174617036202,12.430271807181134,35.943320275693885,12.943203417884133
FOT_DIAG,12.266666666666666,0,48.5,0.5,51,45,45,35,40,1,1,35.999552965402906,11.460931705693298,35.898413678788145,12.697060959111541
FOT_DIAG,12.283333333333333,0,48.5,0.5,51,45,45,35,40,1,1,35.936045205048394,13.781024737341255,35.877554072615752,11.985594948320676
FOT_DIAG,12.299999999999999,0,48.5,0.5,51,45,45,35,40,1,1,35.855956009980964,15.328273526144777,35.882086415958909,12.981446271421525
FOT_DIAG,12.316666666666666,0,48.5,0.5,51,45,45,35,40,1,1,35.936062636875526,10.576955945685153,35.999154258253967,12.072013268615398
FOT_DIAG,12.333333333333332,0,48.5,0.5,51,45,45,35,40,1,1,35.886239866937728,14.24738102173619,35.857851764492722,12.701570188291392
FOT_DIAG,12.35,0,48.5,0.5,51,45,45,35,40,1,1,35.917244497727033,11.581039536140016,35.934371809816099,11.854907637167976
FOT_DIAG,12.366666666666667,0,48.5,0.5,51,45,45,35,40,1,1,35.988394327598265,9.0929680333356657,35.954862180137937,12.752017809139264
FOT_DIAG,12.383333333333333,0,48.5,0.5,51,45,45,35,40,1,1,36.016532260500377,14.255085344597003,35.873956766858271,12.477715337822875
FOT_DIAG,12.4,0,48.5,0.5,51,45,45,35,40,1,1,35.849481573631564,11.649088591735481,35.929958936259951,12.617525513758888
FOT_DIAG,12.416666666666666,0,48.5,0.5,51,45,45,35,40,1,1,36.038320557134874,15.279988492599607,35.878588482869979,12.098431943198678
FOT_DIAG,12.433333333333334,0,48.5,0.5,51,45,45,35,40,1,1,35.948054768087331,10.896181802495736,35.909222839664807,12.581746139144528
FOT_DIAG,12.449999999999999,0,48.5,0.5,51,45,45,35,40,1,1,35.91455233297431,13.505907470854984,35.921702916302301,13.26060256300269
FOT_DIAG,12.466666666666667,0,48.5,0.5,51,45,45,35,40,1,1,35.918033826429522,11.484033472217739,35.940567407160636,12.76071389599759
FOT_DIAG,12.483333333333333,0,48.5,0.5,51,45,45,35,40,1,1,35.98264450529485,10.68446609674373,35.923256820791558,12.137496960260625
FOT_DIAG,12.5,0,48.5,0.5,51,45,45,35,40,1,1,36.139488721364081,15.163092101943768,36.027330460044951,12.944090256644156
FOT_DIAG,12.516666666666666,0,48.5,0.5,51,45,45,35,40,1,1,35.944671773820531,11.388023793320034,35.877979734744564,12.580725170330304
FOT_DIAG,12.533333333333333,0,48.5,0.5,51,45,45,35,40,1,1,36.038451236983668,14.190986390630536,35.937025825301198,11.936296494964841
FOT_DIAG,12.549999999999999,0,48.5,0.5,51,45,45,35,40,1,1,36.01260870159625,10.402717167849611,35.983131786312633,11.194653641244418
FOT_DIAG,12.566666666666666,0,48.5,0.5,51,45,45,35,40,1,1,36.07612656867974,13.077258287920129,35.98698460803913,13.266398631778882
FOT_DIAG,12.583333333333332,0,48.5,0.5,51,45,45,35,40,1,1,35.929954704218638,14.422291762402478,35.965166382116607,12.971741399482635
FOT_DIAG,12.6,0,48.5,0.5,51,45,45,35,40,1,1,35.90578793955931,11.753487338613059,35.914520451079909,12.361697501014833
FOT_DIAG,12.616666666666665,0,48.5,0.5,51,45,45,35,40,1,1,35.973673666558007,11.681825340266311,36.020552015549825,11.810870709284899
FOT_DIAG,12.633333333333333,0,48.5,0.5,51,45,45,35,40,1,1,35.812443801562168,12.027126014308282,35.954036272324132,12.558842827721151
FOT_DIAG,12.65,0,48.5,0.5,51,45,45,35,40,1,1,35.99732274523047,11.532418835720279,35.959548385667134,11.180888005136772
FOT_DIAG,12.666666666666666,0,48.5,0.5,51,45,45,35,40,1,1,35.959710204238839,11.167484406617035,35.987806099872508,13.492651531060945
FOT_DIAG,12.683333333333334,0,48.5,0.5,51,45,45,35,40,1,1,35.877446354801457,10.495851157481848,35.971139925503721,12.284146753195612
FOT_DIAG,12.699999999999999,0,48.5,0.5,51,45,45,35,40,1,1,36.10852271064838,14.116254777460673,36.035462336819272,12.919466692645425
FOT_DIAG,12.716666666666667,0,48.5,0.5,51,45,45,35,40,1,1,35.867026914737544,12.150449627241922,35.941264770484722,11.706309229841281
FOT_DIAG,12.733333333333333,0,48.5,0.5,51,45,45,35,40,1,1,35.992072866527224,11.725432094002961,35.993224929103413,12.234450792944394
FOT_DIAG,12.75,0,48.5,0.5,51,45,45,35,40,1,1,36.154495521051679,15.669474228769575,36.085564872350041,14.198864543613171
FOT_DIAG,12.766666666666666,0,48.5,0.5,51,45,45,35,40,1,1,35.908367566902726,11.942043326180327,35.976801699248945,12.410126516585272
FOT_DIAG,12.783333333333333,0,48.5,0.5,51,45,45,35,40,1,1,35.795715675097462,11.983453264973196,35.770031321789872,12.712350161662606
FOT_DIAG,12.799999999999999,0,48.5,0.5,51,45,45,35,40,1,1,36.019707800950741,12.68868071202925,35.946371348818005,12.840509510201173
FOT_DIAG,12.816666666666666,0,48.5,0.5,51,45,45,35,40,1,1,35.955208144705466,13.745713245470011,35.900041616292626,11.943482069832376
FOT_DIAG,12.833333333333332,0,48.5,0.5,51,45,45,35,40,1,1,35.945166268553507,14.107583751510811,35.961400137253506,11.89789527253887
FOT_DIAG,12.85,0,48.5,0.5,51,45,45,35,40,1,1,36.013617711590712,13.339727601562196,36.028335880482253,13.953434077949053
FOT_DIAG,12.866666666666665,0,48.5,0.5,51,45,45,35,40,1,1,36.103769806000095,12.68535546006415,36.082475424833817,12.016180891717577
FOT_DIAG,12.883333333333333,0,48.5,0.5,51,45,45,35,40,1,1,36.055622528051195,13.595332103614005,35.967818854925682,12.752853142726979
FOT_DIAG,12.9,0,48.5,0.5,51,45,45,35,40,1,1,35.961448420901604,12.961268479647064,35.939778657310853,12.189156036703885
FOT_DIAG,12.916666666666666,0,48.5,0.5,51,45,45,35,40,1,1,35.830616522970324,13.384830173272107,35.919614287678954,12.506088240873542
FOT_DIAG,12.933333333333334,0,48.5,0.5,51,45,45,35,40,1,1,35.889145253848106,13.319421192174815,36.028033744276833,13.032746152277124
FOT_DIAG,12.949999999999999,0,48.5,0.5,51,45,45,35,40,1,1,36.034367337054334,11.015447958075177,35.995209310192472,12.203438660214005
FOT_DIAG,12.966666666666667,0,48.5,0.5,51,45,45,35,40,1,1,35.882289102172884,12.21724993294961,35.942960507913313,11.189061415163794
FOT_DIAG,12.983333333333333,0,48.5,0.5,51,45,45,35,40,1,1,35.951065063808819,13.342040703472399,35.938869406254156,12.817895712454321
FOT_DIAG,13,0,48.5,0.5,51,45,45,35,40,1,1,35.789862452358733,11.452502211393163,35.901726391655529,11.593691887641585
FOT_DIAG,13.016666666666666,0,48.5,0.5,51,45,45,35,40,1,1,35.863170784453025,15.92057975232818,35.853617392118146,12.673201158090526
FOT_DIAG,13.033333333333333,0,48.5,0.5,51,45,45,35,40,1,1,35.70049702712376,12.166456200788804,35.883966581163669,11.960744920808137
FOT_DIAG,13.049999999999999,0,48.5,0.5,51,45,45,35,40,1,1,35.956877085520183,14.8728268042175,35.915734177771235,12.943151736270737
FOT_DIAG,13.066666666666666,0,48.5,0.5,51,45,45,35,40,1,1,35.975997323914328,14.250477571046478,35.963225440984409,13.193282951544456
FOT_DIAG,13.083333333333332,0,48.5,0.5,51,45,45,35,40,1,1,35.826978261857064,12.583043270306179,35.933062694350021,12.919679529180844
FOT_DIAG,13.1,0,48.5,0.5,51,45,45,35,40,1,1,35.851178891019529,13.150356841151629,35.935666188185941,12.755063977502306
FOT_DIAG,13.116666666666665,0,48.5,0.5,51,45,45,35,40,1,1,35.927990115836835,11.44772482681844,35.893840495277324,11.318678262740967
FOT_DIAG,13.133333333333333,0,48.5,0.5,51,45,45,35,40,1,1,35.938795810003128,10.330885209208407,35.942661215797187,11.801196423961555
FOT_DIAG,13.15,0,48.5,0.5,51,45,45,35,40,1,1,35.984679493794346,10.417734358951863,35.986934138922308,11.685075266344731
FOT_DIAG,13.166666666666666,0,48.5,0.5,51,45,45,35,40,1,1,35.815212682625997,13.129118291604341,35.91502989441652,12.854077640901117
FOT_DIAG,13.183333333333334,0,48.5,0.5,51,45,45,35,40,1,1,35.918613106151213,12.457450884105594,35.936451642242993,13.339206153499333
FOT_DIAG,13.199999999999999,0,48.5,0.5,51,45,45,35,40,1,1,35.936491843067202,11.019115353162128,35.933807591880587,11.91553901733719
FOT_DIAG,13.216666666666667,0,48.5,0.5,51,45,45,35,40,1,1,35.97410723931047,10.932522544030332,35.873203215495849,12.0124250527907
FOT_DIAG,13.233333333333333,0,48.5,0.5,51,45,45,35,40,1,1,35.992881870919142,10.254609159029664,35.883658214647021,11.338591932172148
FOT_DIAG,13.25,0,48.5,0.5,51,45,45,35,40,1,1,35.81815227757324,11.544892142501286,35.908393989295462,12.287163637310371
FOT_DIAG,13.266666666666666,0,48.5,0.5,51,45,45,35,40,1,1,35.905015513705564,10.954575773879341,35.947450383553424,12.035748275425089
FOT_DIAG,13.283333333333333,0,48.5,0.5,51,45,45,35,40,1,1,36.096284122792213,13.278785096868351,36.005161930963062,12.637730207545783
FOT_DIAG,13.299999999999999,0,48.5,0.5,51,45,45,35,40,1,1,35.928975837026037,11.569057224470134,35.957590991631811,13.438918345599163
FOT_DIAG,13.316666666666666,0,48.5,0.5,51,45,45,35,40,1,1,35.748599307213304,12.404102409169226,35.867553876826086,13.034849891278272
FOT_DIAG,13.333333333333332,0,48.5,0.5,51,45,45,35,40,1,1,35.972910733773411,12.031715523807494,35.909765054206069,12.954534713071123
FOT_DIAG,13.35,0,48.5,0.5,51,45,45,35,40,1,1,35.821590251254676,9.7952662427092658,35.916092589889367,10.701646417645597
FOT_DIAG,13.366666666666665,0,48.5,0.5,51,45,45,35,40,1,1,35.911892937725163,11.085630377418484,35.874756718766903,12.30531437599366
FOT_DIAG,13.383333333333333,0,48.5,0.5,51,45,45,35,40,1,1,35.933148802975474,15.002269463260998,35.903265526623869,13.013593446222101
FOT_DIAG,13.4,0,48.5,0.5,51,45,45,35,40,1,1,36.044310337858832,11.617718622940956,35.949533880051646,13.294982711229276
FOT_DIAG,13.416666666666666,0,48.5,0.5,51,45,45,35,40,1,1,35.962522212776165,11.529573550762713,35.826059530249118,12.008325775357209
FOT_DIAG,13.433333333333334,0,48.5,0.5,51,45,45,35,40,1,1,35.82710816655306,12.851903630071391,35.760197759332527,13.237559735448389
FOT_DIAG,13.449999999999999,0,48.5,0.5,51,45,45,35,40,1,1,35.998703616415121,15.035581539832181,35.953625940172778,13.225321368400532
FOT_DIAG,13.466666666666667,0,48.5,0.5,51,45,45,35,40,1,1,35.8121859099465,11.72596795308233,35.808456520306521,12.377896150016161
FOT_DIAG,13.483333333333333,0,48.5,0.5,51,45,45,35,40,1,1,35.72726456375905,11.573606702532064,35.781751064328503,11.631426990230375
FOT_DIAG,13.5,0,48.5,0.5,51,45,45,35,40,1,1,35.929553726647626,12.010478924989094,35.841365248454288,12.579330086822536
FOT_DIAG,13.516666666666666,0,48.5,0.5,51,45,45,35,40,1,1,35.924757650473531,14.282438524980591,35.916248566423128,12.894511145273061
FOT_DIAG,13.533333333333333,0,48.5,0.5,51,45,45,35,40,1,1,35.753766925835997,11.297813479636615,35.898150590794124,12.59181833946384
FOT_DIAG,13.549999999999999,0,48.5,0.5,51,45,45,35,40,1,1,35.68397675869619,11.368597547729184,35.761775125718898,11.966671207581303
FOT_DIAG,13.566666666666666,0,48.5,0.5,51,45,45,35,40,1,1,35.855632488230462,13.772840798763905,35.828275652619389,12.003334473272922
FOT_DIAG,13.583333333333332,0,48.5,0.5,51,45,45,35,40,1,1,35.858213366224547,13.195096973785793,35.879980419849787,12.331309861864719
FOT_DIAG,13.6,0,48.5,0.5,51,45,45,35,40,1,1,35.847353137355256,14.026147827178871,35.818372169703089,12.933668930538884
FOT_DIAG,13.616666666666665,0,48.5,0.5,51,45,45,35,40,1,1,35.865848772480881,12.92680701841665,35.864794396902013,10.812149151336452
FOT_DIAG,13.633333333333333,0,48.5,0.5,51,45,45,35,40,1,1,35.749933875740496,14.619233205063722,35.837387554784421,11.880612447133831
FOT_DIAG,13.65,0,48.5,0.5,51,45,45,35,40,1,1,35.897149404700009,13.991357575064733,35.887813772198143,11.747439609346428
FOT_DIAG,13.666666666666666,0,48.5,0.5,51,45,45,35,40,1,1,35.966802953956773,11.257555941307505,35.944806427760348,13.627628905048907
FOT_DIAG,13.683333333333334,0,48.5,0.5,51,45,45,35,40,1,1,35.881982520768545,10.310507097642235,35.885440591689466,12.297658741196498
FOT_DIAG,13.699999999999999,0,48.5,0.5,51,45,45,35,40,1,1,35.734301997698481,12.93870500866041,35.815877907608396,12.595303877815994
FOT_DIAG,13.716666666666667,0,48.5,0.5,51,45,45,35,40,1,1,36.031335545366481,11.995390960140252,35.897546003842407,12.286292021314379
FOT_DIAG,13.733333333333333,0,48.5,0.5,51,45,45,35,40,1,1,35.847097506614269,11.936375053802905,35.862159258512776,12.364011346050043
FOT_DIAG,13.75,0,48.5,0.5,51,45,45,35,40,1,1,35.901299320826794,12.979653183176303,35.88540643341296,11.922690982528058
FOT_DIAG,13.766666666666666,0,48.5,0.5,51,45,45,35,40,1,1,36.042145738603622,11.443964649783826,35.95352255459656,12.865804522181291
FOT_DIAG,13.783333333333333,0,48.5,0.5,51,45,45,35,40,1,1,35.748743387230256,13.408669725109423,35.885560140640557,12.44636994525913
FOT_DIAG,13.799999999999999,0,48.5,0.5,51,45,45,35,40,1,1,35.904948303620841,8.266633765932621,35.89092594445431,10.619273051740368
FOT_DIAG,13.816666666666666,0,48.5,0.5,51,45,45,35,40,1,1,36.023650395636977,11.665411310929864,35.91513967442927,12.561019116257043
FOT_DIAG,13.833333333333332,0,48.5,0.5,51,45,45,35,40,1,1,35.850320211577163,11.607433249433996,35.961740028673013,12.135380259035781
FOT_DIAG,13.85,0,48.5,0.5,51,45,45,35,40,1,1,35.848934609030493,12.220074456794048,35.878697902803353,12.34119090828937
FOT_DIAG,13.866666666666665,0,48.5,0.5,51,45,45,35,40,1,1,35.915354360544292,14.134209172062537,35.874254561475581,12.737450421685359
FOT_DIAG,13.883333333333333,0,48.5,0.5,51,45,45,35,40,1,1,35.961229204820604,13.527408209553156,35.987187425327804,13.3364799873303
FOT_DIAG,13.9,0,48.5,0.5,51,45,45,35,40,1,1,35.901803657009701,15.216922775027349,35.901637096254035,12.947186797827476
FOT_DIAG,13.916666666666666,0,48.5,0.5,51,45,45,35,40,1,1,35.673571322889579,12.20341834609756,35.788860640427202,12.578820130610499
FOT_DIAG,13.933333333333334,0,48.5,0.5,51,45,45,35,40,1,1,35.973855301492684,10.989652065337893,35.886707111494047,11.087417345947451
FOT_DIAG,13.949999999999999,0,48.5,0.5,51,45,45,35,40,1,1,35.896472315984418,12.584896824514576,35.954808256789107,12.660538327016363
FOT_DIAG,13.966666666666667,0,48.5,0.5,51,45,45,35,40,1,1,35.698120932060711,11.555661902299097,35.889572722386696,11.089961127224136
FOT_DIAG,13.983333333333333,0,48.5,0.5,51,45,45,35,40,1,1,36.045647035136,12.631618148831418,35.993815178253371,12.341294975022292
FOT_DIAG,14,0,48.5,0.5,51,45,45,35,40,1,1,35.865451332411666,16.361770321313347,35.956788095549811,13.178075220717053
FOT_DIAG,14.016666666666666,0,48.5,0.5,51,45,45,35,40,1,1,35.801584630169479,11.372977052066702,35.795108102273431,12.129675957098975
FOT_DIAG,14.033333333333333,0,48.5,0.5,51,45,45,35,40,1,1,35.831855350890812,14.709871342099573,35.887567949016116,13.203203175247499
FOT_DIAG,14.049999999999999,0,48.5,0.5,51,45,45,35,40,1,1,35.684251044321719,11.555476137008236,35.787886644502514,12.057411054637598
FOT_DIAG,14.066666666666666,0,48.5,0.5,51,45,45,35,40,1,1,35.85741862170903,12.578225401239909,35.886946143099337,11.925512795190759
FOT_DIAG,14.083333333333332,0,48.5,0.5,51,45,45,35,40,1,1,35.970273564665533,11.102178170761873,35.897503859506799,12.112801944725293
FOT_DIAG,14.1,0,48.5,0.5,51,45,45,35,40,1,1,35.891983381606295,14.787645543253861,35.871406843131062,13.10726734685834
FOT_DIAG,14.116666666666665,0,48.5,0.5,51,45,45,35,40,1,1,35.791886718998462,11.173793217239993,35.896147918393538,11.334253124668455
FOT_DIAG,14.133333333333333,0,48.5,0.5,51,45,45,35,40,1,1,35.960787804479885,12.647461475213165,35.928513253386704,12.147076079304698
FOT_DIAG,14.15,0,48.5,0.5,51,45,45,35,40,1,1,35.979657605673758,14.413770152031638,35.98239297954018,12.85631632283085
FOT_DIAG,14.166666666666666,0,48.5,0.5,51,45,45,35,40,1,1,35.981318253247927,10.494947033048721,35.957612629838444,11.64472083993731
FOT_DIAG,14.183333333333334,0,48.5,0.5,51,45,45,35,40,1,1,36.020550613019523,8.5189264012515586,35.972889151028575,11.193880833651594
FOT_DIAG,14.199999999999999,0,48.5,0.5,51,45,45,35,40,1,1,35.889700866922659,12.806322844367582,35.923767872144772,12.941628285118211
FOT_DIAG,14.216666666666667,0,48.5,0.5,51,45,45,35,40,1,1,35.963633338739385,11.637265072574877,36.009667571757042,12.60962294327523
FOT_DIAG,14.233333333333333,0,48.5,0.5,51,45,45,35,40,1,1,35.861490001321968,10.483082363199625,35.952715052297428,12.785062946614758
FOT_DIAG,14.25,0,48.5,0.5,51,45,45,35,40,1,1,35.905826385317468,16.395190675065091,35.924601594490312,13.645358253947977
FOT_DIAG,14.266666666666666,0,48.5,0.5,51,45,45,35,40,1,1,35.780846097177481,12.210284204565836,35.908439770594839,11.128479751737892
FOT_DIAG,14.283333333333333,0,48.5,0.5,51,45,45,35,40,1,1,36.039801163346809,12.460762606221623,36.023467085749772,12.978559852172664
FOT_DIAG,14.299999999999999,0,48.5,0.5,51,45,45,35,40,1,1,35.970570540636331,11.703973731679351,35.934727735397111,12.968514803814209
FOT_DIAG,14.316666666666666,0,48.5,0.5,51,45,45,35,40,1,1,36.060102660828413,12.146574241028533,35.967246740823157,13.702383516600451
FOT_DIAG,14.333333333333332,0,48.5,0.5,51,45,45,35,40,1,1,36.006933986410573,9.2903562243826912,35.934062652655477,11.837888046450798
FOT_DIAG,14.35,0,48.5,0.5,51,45,45,35,40,1,1,35.881501603984056,9.2647496148814596,35.837292765332045,10.456327247568733
FOT_DIAG,14.366666666666665,0,48.5,0.5,51,45,45,35,40,1,1,35.932995191242384,11.404051909965812,35.926808636711634,11.866536784038408
FOT_DIAG,14.383333333333333,0,48.5,0.5,51,45,45,35,40,1,1,35.952267360080498,12.878716065869684,35.996367115248532,12.852746722702205
FOT_DIAG,14.4,0,48.5,0.5,51,45,45,35,40,1,1,36.038961492053943,11.659402411462857,35.976829833396259,13.075436078019846
FOT_DIAG,14.416666666666666,0,48.5,0.5,51,45,45,35,40,1,1,35.877142199256511,10.567803699834981,35.928219379737307,12.075109271317684
FOT_DIAG,14.433333333333334,0,48.5,0.5,51,45,45,35,40,1,1,35.985474181422894,12.607466735645859,35.984378445027474,11.883525214701017
FOT_DIAG,14.449999999999999,0,48.5,0.5,51,45,45,35,40,1,1,36.039353475274567,12.622937155659935,35.947918948952719,12.661497782035841
FOT_DIAG,14.466666666666667,0,48.5,0.5,51,45,45,35,40,1,1,35.998082294283066,14.262692073755606,35.919906699251868,12.099838674728396
FOT_DIAG,14.483333333333333,0,48.5,0.5,51,45,45,35,40,1,1,36.061351968296279,9.7745486572100493,35.957943463564327,10.437030055938997
FOT_DIAG,14.5,0,48.5,0.5,51,45,45,35,40,1,1,35.876893379018625,14.572138017256115,35.928525534242169,13.76928381237531
FOT_DIAG,14.516666666666666,0,48.5,0.5,51,45,45,35,40,1,1,35.931519662772359,10.369624934483923,35.930329129944631,13.194880298632963
FOT_DIAG,14.533333333333333,0,48.5,0.5,51,45,45,35,40,1,1,35.946337324052678,11.616490507290802,35.927827519688542,11.5056196627473
FOT_DIAG,14.549999999999999,0,48.5,0.5,51,45,45,35,40,1,1,36.004574111560608,14.067386165064486,35.949455254593893,13.10278105588614
FOT_DIAG,14.566666666666666,0,48.5,0.5,51,45,45,35,40,1,1,35.864779283695135,10.670665766569325,35.844105996914514,11.775454513444226
FOT_DIAG,14.583333333333332,0,48.5,0.5,51,45,45,35,40,1,1,35.914746711489066,10.681926536050558,35.958997787533377,12.445835281996972
FOT_DIAG,14.6,0,48.5,0.5,51,45,45,35,40,1,1,35.925087407028713,12.928382596234119,35.920936834703809,11.884262669458268
FOT_DIAG,14.616666666666665,0,48.5,0.5,51,45,45,35,40,1,1,36.034396460494314,12.573376614048184,35.891737486465772,12.430655711249525
FOT_DIAG,14.633333333333333,0,48.5,0.5,51,45,45,35,40,1,1,35.937984524812528,11.661573499829878,35.903925287561179,12.072294184439164
FOT_DIAG,14.65,0,48.5,0.5,51,45,45,35,40,1,1,35.86783241521173,10.749820906079837,35.894951371875578,11.527946241440755
FOT_DIAG,14.666666666666666,0,48.5,0.5,51,45,45,35,40,1,1,35.974599478192523,10.788869026686914,35.907615601196348,11.794796195073198
FOT_DIAG,14.683333333333334,0,48.5,0.5,51,45,45,35,40,1,1,36.126257735669924,10.952057617569363,36.000827314256888,11.932505550658298
FOT_DIAG,14.699999999999999,0,48.5,0.5,51,45,45,35,40,1,1,36.106706402351293,12.508322229480507,36.007320979606092,12.131063586077849
FOT_DIAG,14.716666666666667,0,48.5,0.5,51,45,45,35,40,1,1,35.799668376090821,14.867015405142423,35.912402430464944,12.927751608286819
FOT_DIAG,14.733333333333333,0,48.5,0.5,51,45,45,35,40,1,1,35.932944940715089,11.814247797837433,35.943065738964847,13.472378179536998
FOT_DIAG,14.75,0,48.5,0.5,51,45,45,35,40,1,1,35.830773632681264,9.5158378420183514,35.860172482813361,11.394778074704844
FOT_DIAG,14.766666666666666,0,48.5,0.5,51,45,45,35,40,1,1,35.876942950363187,11.105107331638839,35.898668525538994,11.043854588663836
FOT_DIAG,14.783333333333333,0,48.5,0.5,51,45,45,35,40,1,1,35.868683111843424,13.210024507838476,35.914473966881452,12.927225025495989
FOT_DIAG,14.799999999999999,0,48.5,0.5,51,45,45,35,40,1,1,36.008251361019759,12.04693968921471,35.919681134769284,12.14822217412893
FOT_DIAG,14.816666666666666,0,48.5,0.5,51,45,45,35,40,1,1,36.032514271832113,11.905403176281794,35.958226224788056,12.676208785982668
FOT_DIAG,14.833333333333332,0,48.5,0.5,51,45,45,35,40,1,1,35.887184555269627,12.069886339761139,35.941971778065195,11.42603844007763
FOT_DIAG,14.85,0,48.5,0.5,51,45,45,35,40,1,1,35.969239410033403,9.6242323638543859,35.991251622792902,11.718623036354886
FOT_DIAG,14.866666666666665,0,48.5,0.5,51,45,45,35,40,1,1,35.987791469026384,13.237044400983976,35.995379614936972,12.260594793912629
FOT_DIAG,14.883333333333333,0,48.5,0.5,51,45,45,35,40,1,1,35.986699002805715,11.575564682249567,35.974652320423445,12.544041179576116
FOT_DIAG,14.9,0,48.5,0.5,51,45,45,35,40,1,1,36.089756636470554,12.289164531990515,36.020214636538952,11.736172894768082
FOT_DIAG,14.916666666666666,0,48.5,0.5,51,45,45,35,40,1,1,35.999526400077322,12.726867500995628,35.966520096972751,12.254597088972726
FOT_DIAG,14.933333333333334,0,48.5,0.5,51,45,45,35,40,1,1,35.888166528088355,10.114371862330032,35.899396970418032,11.617286567566328
FOT_DIAG,14.949999999999999,0,48.5,0.5,51,45,45,35,40,1,1,36.003701955472472,13.451385365570065,36.003098947997728,12.776321503644581
FOT_DIAG,14.966666666666667,0,48.5,0.5,51,45,45,35,40,1,1,35.876703825615252,12.636893343547642,35.913501940553545,12.622915395128819
FOT_DIAG,14.983333333333333,0,48.5,0.5,51,45,45,35,40,1,1,35.979396717697696,10.822770004403557,35.993059298521068,12.568804976155702
FOT_DIAG,15,0,48.5,0.5,51,45,45,35,40,1,1,35.917587626187071,8.8477162725123328,35.944198297981607,11.26219738504351
FOT_DIAG,15.016666666666666,0,48.5,0.5,51,45,45,35,40,1,1,36.094242262588367,14.452171046409342,36.092444725609894,11.053097271488236
FOT_DIAG,15.033333333333333,0,48.5,0.5,51,45,45,35,40,1,1,35.961067404230576,10.984906932317296,36.033993188103203,11.998371989795247
FOT_DIAG,15.049999999999999,0,48.5,0.5,51,45,45,35,40,1,1,35.905927664354856,11.580876664071802,35.923493363579858,12.819671027841613
FOT_DIAG,15.066666666666666,0,48.5,0.5,51,45,45,35,40,1,1,36.044723185409808,13.61619379244096,35.919633132769356,12.383311349751814
FOT_DIAG,15.083333333333332,0,48.5,0.5,51,45,45,35,40,1,1,35.836216581444035,15.105744971888193,35.933898336484532,12.901316620595569
FOT_DIAG,15.1,0,48.5,0.5,51,45,45,35,40,1,1,36.060421775661034,12.547888493076643,36.000206237884548,12.748454751504987
FOT_DIAG,15.116666666666665,0,48.5,0.5,51,45,45,35,40,1,1,35.959570443043539,13.654546596511098,35.934843340922825,13.409721360087785
FOT_DIAG,15.133333333333333,0,48.5,0.5,51,45,45,35,40,1,1,35.911224726947736,11.518158960848986,35.918312044713794,12.154683739432553
FOT_DIAG,15.15,0,48.5,0.5,51,45,45,35,40,1,1,35.927288986512536,11.059896779186822,35.976257681632418,11.623770698298332
FOT_DIAG,15.166666666666666,0,48.5,0.5,51,45,45,35,40,1,1,35.894132482987665,14.121699615238127,35.901083755988545,12.556406294954675
FOT_DIAG,15.183333333333334,0,48.5,0.5,51,45,45,35,40,1,1,35.92566131421173,10.749271595386654,35.977390591681718,13.248275958533037
FOT_DIAG,15.199999999999999,0,48.5,0.5,51,45,45,35,40,1,1,36.056563913390896,11.614559039116271,35.957789616949299,11.786032798105678
FOT_DIAG,15.216666666666667,0,48.5,0.5,51,45,45,35,40,1,1,35.893627458073219,11.355456164568576,36.006758781917014,12.874389600590833
FOT_DIAG,15.233333333333333,0,48.5,0.5,51,45,45,35,40,1,1,35.90659793944355,13.518093371595784,35.933640654411882,12.626481578127493
FOT_DIAG,15.25,0,48.5,0.5,51,45,45,35,40,1,1,36.03829538758918,13.239916772845781,35.998877568369032,13.443245994639625
FOT_DIAG,15.266666666666666,0,48.5,0.5,51,45,45,35,40,1,1,35.891847775186186,11.639756801313546,35.945422234204706,11.691780108659858
FOT_DIAG,15.283333333333333,0,48.5,0.5,51,45,45,35,40,1,1,35.80900963172563,11.851871756405501,35.882788117173661,12.881955602884554
FOT_DIAG,15.299999999999999,0,48.5,0.5,51,45,45,35,40,1,1,36.067977343409424,13.996394193592248,35.959360517111698,12.28363349582221
FOT_DIAG,15.316666666666666,0,48.5,0.5,51,45,45,35,40,1,1,35.91384425382283,13.806280016339239,35.913865194417994,12.935285003086861
FOT_DIAG,15.333333333333332,0,48.5,0.5,51,45,45,35,40,1,1,35.973783171708746,9.450148600416572,35.930213530679374,11.700730383008583
FOT_DIAG,15.35,0,48.5,0.5,51,45,45,35,40,1,1,36.048300249212524,11.799106316334795,35.945835821523879,12.017539833786442
FOT_DIAG,15.366666666666665,0,48.5,0.5,51,45,45,35,40,1,1,35.896990454931426,11.600894638267206,35.920802757180773,12.303714034969049
FOT_DIAG,15.383333333333333,0,48.5,0.5,51,45,45,35,40,1,1,35.865227085758477,8.3368202963077174,35.839596080372715,10.717578120131831
FOT_DIAG,15.4,0,48.5,0.5,51,45,45,35,40,1,1,35.8535789235519,12.239800642334867,35.873141989865466,12.379985263871591
FOT_DIAG,15.416666666666666,0,48.5,0.5,51,45,45,35,40,1,1,36.042267461457733,15.112954967205518,36.005636160089409,13.473748215662086
FOT_DIAG,15.433333333333334,0,48.5,0.5,51,45,45,35,40,1,1,35.985068169364695,9.9536036301157118,35.975621978578054,12.31025045333441
FOT_DIAG,15.449999999999999,0,48.5,0.5,51,45,45,35,40,1,1,35.814557047538571,11.853757066520734,35.902082504715949,12.916695504860693
FOT_DIAG,15.466666666666667,0,48.5,0.5,51,45,45,35,40,1,1,35.850511482722055,10.536520054556014,35.893130049980201,11.917997118251659
FOT_DIAG,15.483333333333333,0,48.5,0.5,51,45,45,35,40,1,1,35.966749123775685,15.080175269816598,35.965532012370687,13.658521753187657
FOT_DIAG,15.5,0,48.5,0.5,51,45,45,35,40,1,1,35.806484222063055,16.216551167523054,35.872034959478,12.882832202492191
FOT_DIAG,15.516666666666666,0,48.5,0.5,51,45,45,35,40,1,1,35.858033549281494,11.072514481377022,35.853106416035892,12.414599170575567
FOT_DIAG,15.533333333333333,0,48.5,0.5,51,45,45,35,40,1,1,35.857705341301369,12.737153842135232,35.877536458973459,11.395161857327231
FOT_DIAG,15.549999999999999,0,48.5,0.5,51,45,45,35,40,1,1,35.904821633922488,13.701979932097807,35.882926555283198,12.441562408565828
FOT_DIAG,15.566666666666666,0,48.5,0.5,51,45,45,35,40,1,1,35.888472445771868,15.876260285453029,35.935071647044687,12.120696851204261
FOT_DIAG,15.583333333333332,0,48.5,0.5,51,45,45,35,40,1,1,35.980372000090192,12.706350593256413,35.972117653597309,11.689801518410629
FOT_DIAG,15.6,0,48.5,0.5,51,45,45,35,40,1,1,35.946450838630348,12.19379770429739,35.927041810653101,12.298575055720708
FOT_DIAG,15.616666666666665,0,48.5,0.5,51,45,45,35,40,1,1,35.9430663135348,15.276075397257618,35.893583838833422,12.170775437523879
FOT_DIAG,15.633333333333333,0,48.5,0.5,51,45,45,35,40,1,1,36.015031154815759,11.543123488620118,35.954131294515918,12.280342017920946
FOT_DIAG,15.65,0,48.5,0.5,51,45,45,35,40,1,1,35.892042377160877,12.593517041346116,35.889470692067739,12.278773071271019
FOT_DIAG,15.666666666666666,0,48.5,0.5,51,45,45,35,40,1,1,35.782516045425453,13.194644183522366,35.82711605386028,11.813565568421321
FOT_DIAG,15.683333333333334,0,48.5,0.5,51,45,45,35,40,1,1,35.85603610700808,14.364694068517583,35.945147256754552,12.335101684120723
FOT_DIAG,15.699999999999999,0,48.5,0.5,51,45,45,35,40,1,1,36.107169054965389,12.939125616144274,36.07263748520208,12.597822653227885
FOT_DIAG,15.716666666666667,0,48.5,0.5,51,45,45,35,40,1,1,35.949034557138305,13.46972783458733,35.978811030295496,13.183342960341204
FOT_DIAG,15.733333333333333,0,48.5,0.5,51,45,45,35,40,1,1,35.958305650847599,13.745825346383953,35.94322737499261,12.734266423814731
FOT_DIAG,15.75,0,48.5,0.5,51,45,45,35,40,1,1,35.989471642094955,10.761017670908343,35.971916953768478,11.666933244856281
FOT_DIAG,15.766666666666666,0,48.5,0.5,51,45,45,35,40,1,1,35.939697766504878,10.901222206838273,35.904909323144373,11.502145553758568
FOT_DIAG,15.783333333333333,0,48.5,0.5,51,45,45,35,40,1,1,36.103513263913207,10.374396299968666,35.967097352840987,12.613517525204308
FOT_DIAG,15.799999999999999,0,48.5,0.5,51,45,45,35,40,1,1,35.7976589683987,10.509550672932367,35.914418672309189,12.675848699847268
FOT_DIAG,15.816666666666666,0,48.5,0.5,51,45,45,35,40,1,1,35.830727972005462,13.214014570314019,35.974521159453168,11.547690433084083
FOT_DIAG,15.833333333333332,0,48.5,0.5,51,45,45,35,40,1,1,35.823334479384961,11.907638401408525,35.908602441413137,12.210973785821288
FOT_DIAG,15.85,0,48.5,0.5,51,45,45,35,40,1,1,35.963409815614966,11.220789261795321,35.89000216395241,12.010425229685845
FOT_DIAG,15.866666666666665,0,48.5,0.5,51,45,45,35,40,1,1,36.060480680383655,12.487575250431545,35.958563585049568,12.96235837284225
FOT_DIAG,15.883333333333333,0,48.5,0.5,51,45,45,35,40,1,1,35.990446498851256,9.9460492019636391,35.96002515768722,11.908487006307386
FOT_DIAG,15.9,0,48.5,0.5,51,45,45,35,40,1,1,35.959463462080677,11.252429319480324,35.945903810251906,12.193473980737073
FOT_DIAG,15.916666666666666,0,48.5,0.5,51,45,45,35,40,1,1,35.806768169980955,16.660344657561204,35.866458099397533,12.385629656812847
FOT_DIAG,15.933333333333334,0,48.5,0.5,51,45,45,35,40,1,1,35.70132860855152,13.409266600638645,35.815242448702989,13.034389267974859
FOT_DIAG,15.949999999999999,0,48.5,0.5,51,45,45,35,40,1,1,36.010565283246194,10.624624895003461,35.90555125623036,11.885032067528126
FOT_DIAG,15.966666666666667,0,48.5,0.5,51,45,45,35,40,1,1,35.859478142151161,11.311260437991054,35.834727358341176,11.087517304586207
FOT_DIAG,15.983333333333333,0,48.5,0.5,51,45,45,35,40,1,1,35.902908169123833,12.849354772510285,35.85136361119077,12.509574334904695
FOT_DIAG,16,0,48.5,0.5,51,45,45,35,40,1,1,35.901650108214987,12.99346366050565,35.878627628392493,13.428264425204031
FOT_DIAG,16.016666666666666,0,48.5,0.5,51,45,45,35,40,1,1,35.820923414924174,13.739262511895678,35.93860393522624,11.693182120379229
FOT_DIAG,16.033333333333331,0,48.5,0.5,51,45,45,35,40,1,1,35.958727759609609,13.310927326373481,35.927026804153492,13.021354589125515
FOT_DIAG,16.050000000000001,0,48.5,0.5,51,45,45,35,40,1,1,35.942124818773998,12.303797523219053,35.969220057722595,11.943131318760802
FOT_DIAG,16.066666666666666,0,48.5,0.5,51,45,45,35,40,1,1,35.848291365303275,12.48452891315481,35.904786506901331,12.335994311133492
FOT_DIAG,16.083333333333332,0,48.5,0.5,51,45,45,35,40,1,1,35.824871869901095,13.481064274680486,35.879742892506016,12.914671388445248
FOT_DIAG,16.099999999999998,0,48.5,0.5,51,45,45,35,40,1,1,35.893540831202742,10.883587413290408,35.916666274575178,11.96142964445577
FOT_DIAG,16.116666666666667,0,48.5,0.5,51,45,45,35,40,1,1,35.78718016784606,12.401128203316008,35.855682333464514,12.197199123755379
FOT_DIAG,16.133333333333333,0,48.5,0.5,51,45,45,35,40,1,1,35.864139510085266,13.267472786274169,35.93251360706617,13.553335274942729
FOT_DIAG,16.149999999999999,0,48.5,0.5,51,45,45,35,40,1,1,35.986300906187623,9.3768957540783209,35.876026725888636,11.793155011770237
FOT_DIAG,16.166666666666668,0,48.5,0.5,51,45,45,35,40,1,1,35.89026006168875,9.872000312849174,35.951456878884606,11.191440625938704
FOT_DIAG,16.183333333333334,0,48.5,0.5,51,45,45,35,40,1,1,35.994112055836766,13.828577095417264,35.946656260894557,11.970312734134547
FOT_DIAG,16.199999999999999,0,48.5,0.5,51,45,45,35,40,1,1,35.869089029571363,14.996523636603689,35.931328323513441,12.984166606476203
FOT_DIAG,16.216666666666665,0,48.5,0.5,51,45,45,35,40,1,1,36.029137834281251,11.407196287175328,35.959057560521707,12.501298763307027
FOT_DIAG,16.233333333333334,0,48.5,0.5,51,45,45,35,40,1,1,35.99362497663644,15.169952567002138,35.973253158733939,12.696959828755777
FOT_DIAG,16.25,0,48.5,0.5,51,45,45,35,40,1,1,36.106615123417505,14.026495405195719,35.964964112026145,13.073124465187513
FOT_DIAG,16.266666666666666,0,48.5,0.5,51,45,45,35,40,1,1,36.040042498020121,11.512619740172996,36.006523770341204,12.03694126129982
FOT_DIAG,16.283333333333331,0,48.5,0.5,51,45,45,35,40,1,1,35.931243342257154,13.708190810164506,35.92222929201224,13.421037837519199
FOT_DIAG,16.300000000000001,0,48.5,0.5,51,45,45,35,40,1,1,35.803641677912253,9.5757862938032545,35.848115017015978,11.510832286010645
FOT_DIAG,16.316666666666666,0,48.5,0.5,51,45,45,35,40,1,1,35.897396933484735,12.107355312742031,35.94188004686675,11.53595137113836
FOT_DIAG,16.333333333333332,0,48.5,0.5,51,45,45,35,40,1,1,35.966476093306333,14.293956968195364,35.902948807613413,11.884574530059334
FOT_DIAG,16.349999999999998,0,48.5,0.5,51,45,45,35,40,1,1,36.044495870118766,12.852990583792526,35.9065760461271,12.376710158134392
FOT_DIAG,16.366666666666667,0,48.5,0.5,51,45,45,35,40,1,1,35.75921908142363,13.517142053841004,35.905623899216984,12.726934807518861
FOT_DIAG,16.383333333333333,0,48.5,0.5,51,45,45,35,40,1,1,35.876917952713065,8.8076612443464626,35.904098087805657,10.735358729827132
FOT_DIAG,16.399999999999999,0,48.5,0.5,51,45,45,35,40,1,1,35.856080743174886,13.512634794267683,35.849431711283323,12.066671466998612
FOT_DIAG,16.416666666666668,0,48.5,0.5,51,45,45,35,40,1,1,35.829322313968817,10.136020669957915,35.867961302795017,9.8803261574790273
FOT_DIAG,16.433333333333334,0,48.5,0.5,51,45,45,35,40,1,1,35.963849108928812,10.879660291430161,35.929481697114952,11.907100024663999
FOT_DIAG,16.449999999999999,0,48.5,0.5,51,45,45,35,40,1,1,36.024007202347313,13.065391918822735,35.994195204571092,12.833460895162982
FOT_DIAG,16.466666666666665,0,48.5,0.5,51,45,45,35,40,1,1,35.89486572784466,13.457392267879609,35.891381605140111,11.853178657649051
FOT_DIAG,16.483333333333334,0,48.5,0.5,51,45,45,35,40,1,1,35.961103797866322,9.3173445641079216,35.950423511459405,12.120805784952026
FOT_DIAG,16.5,0,48.5,0.5,51,45,45,35,40,1,1,35.950350101192512,10.286564384632536,35.943455643155581,11.986740631221487
FOT_DIAG,16.516666666666666,0,48.5,0.5,51,45,45,35,40,1,1,35.894490358517913,11.456644331387338,36.020216131172795,11.725585008440138
FOT_DIAG,16.533333333333331,0,48.5,0.5,51,45,45,35,40,1,1,35.888021448684391,6.8338396901633676,35.877829489641087,10.640623211106469
FOT_DIAG,16.550000000000001,0,48.5,0.5,51,45,45,35,40,1,1,35.955824685308606,13.09047036256843,35.932751349777774,12.129687063471948
FOT_DIAG,16.566666666666666,0,48.5,0.5,51,45,45,35,40,1,1,35.954691317448727,12.100668587044169,35.942034462428424,12.164464651310814
FOT_DIAG,16.583333333333332,0,48.5,0.5,51,45,45,35,40,1,1,35.925189573916619,12.117989958933833,35.868878766843814,11.76835689172624
FOT_DIAG,16.599999999999998,0,48.5,0.5,51,45,45,35,40,1,1,35.945027791975996,11.634782110128977,35.933610686388811,12.511264690548472
FOT_DIAG,16.616666666666667,0,48.5,0.5,51,45,45,35,40,1,1,35.929864079344249,10.993341332462641,35.954101290696286,12.032346546294809
FOT_DIAG,16.633333333333333,0,48.5,0.5,51,45,45,35,40,1,1,35.838007243888363,11.673970858465058,35.874437285018395,12.041488817274411
FOT_DIAG,16.649999999999999,0,48.5,0.5,51,45,45,35,40,1,1,35.972030270827517,12.452609150159992,35.937747559024295,12.898375347508127
FOT_DIAG,16.666666666666668,0,48.5,0.5,51,45,45,35,40,1,1,35.926810363744927,13.811483897117759,35.901493426718069,12.483442450823606
FOT_DIAG,16.683333333333334,0,48.5,0.5,51,45,45,35,40,1,1,35.940559025343127,13.05152461432885,35.919650250463334,12.546978256660788
FOT_DIAG,16.699999999999999,0,48.5,0.5,51,45,45,35,40,1,1,35.925392086993817,11.426956461840909,35.903659142212121,11.59492895964831
FOT_DIAG,16.716666666666665,0,48.5,0.5,51,45,45,35,40,1,1,35.956112511328463,11.892087436533924,35.927112866872775,12.102230645946294
FOT_DIAG,16.733333333333334,0,48.5,0.5,51,45,45,35,40,1,1,35.958781405944293,10.379560436291177,35.965817566077867,12.832245943770795
FOT_DIAG,16.75,0,48.5,0.5,51,45,45,35,40,1,1,35.993442333791329,12.49314708590582,35.973181431662702,12.358574487241389
FOT_DIAG,16.766666666666666,0,48.5,0.5,51,45,45,35,40,1,1,35.916736011051043,14.425408881281056,36.003167389758389,13.219733485332416
FOT_DIAG,16.783333333333331,0,48.5,0.5,51,45,45,35,40,1,1,35.750699257401685,10.26972306225648,35.868018698780965,12.192793553655529
FOT_DIAG,16.800000000000001,0,48.5,0.5,51,45,45,35,40,1,1,35.809725609695199,11.431719041057963,35.859782615041141,12.089408625930099
FOT_DIAG,16.816666666666666,0,48.5,0.5,51,45,45,35,40,1,1,35.95755729341419,12.077481118788119,36.008410455616172,11.189871519318356
FOT_DIAG,16.833333333333332,0,48.5,0.5,51,45,45,35,40,1,1,36.028206144182235,14.516298816128369,35.99440993920669,12.740637986368789
FOT_DIAG,16.849999999999998,0,48.5,0.5,51,45,45,35,40,1,1,35.825577936791554,11.117927146104632,35.960743451395665,12.268142671135902
FOT_DIAG,16.866666666666667,0,48.5,0.5,51,45,45,35,40,1,1,35.896030440118821,12.699255145370229,36.040409543541337,12.737516807566445
FOT_DIAG,16.883333333333333,0,48.5,0.5,51,45,45,35,40,1,1,35.974710197055899,12.451527440923844,35.993749551406623,13.3257628383396
FOT_DIAG,16.899999999999999,0,48.5,0.5,51,45,45,35,40,1,1,35.960656730281514,9.744011816030838,35.984858874822514,10.673260706849133
FOT_DIAG,16.916666666666668,0,48.5,0.5,51,45,45,35,40,1,1,36.129130886859386,9.0047112013138388,35.99479107214578,12.646327437637254
FOT_DIAG,16.933333333333334,0,48.5,0.5,51,45,45,35,40,1,1,35.873154686706101,14.185676284467938,35.915198674003179,11.580449106302272
FOT_DIAG,16.949999999999999,0,48.5,0.5,51,45,45,35,40,1,1,36.009714457190924,12.070305382739534,36.030829365697656,12.345766246634183
FOT_DIAG,16.966666666666665,0,48.5,0.5,51,45,45,35,40,1,1,35.915914556944458,14.184071563665444,35.929998563459804,12.300691100722501
FOT_DIAG,16.983333333333334,0,48.5,0.5,51,45,45,35,40,1,1,35.969167926673983,10.586570119289901,35.932918153522749,12.22902172060054
FOT_DIAG,17,0,48.5,0.5,51,45,45,35,40,1,1,35.985486525543713,10.595568246665756,35.927218963615424,10.920683868476097
FOT_DIAG,17.016666666666666,0,48.5,0.5,51,45,45,35,40,1,1,35.969284891104678,12.080020661662703,35.89277789263781,12.666578945663739
FOT_DIAG,17.033333333333331,0,48.5,0.5,51,45,45,35,40,1,1,36.079226186685105,11.347707201104658,36.002087361733764,10.709310544757338
FOT_DIAG,17.050000000000001,0,48.5,0.5,51,45,45,35,40,1,1,35.951988992748532,11.540889544858519,35.904449694512451,12.222463504752319
FOT_DIAG,17.066666666666666,0,48.5,0.5,51,45,45,35,40,1,1,36.081391576192779,10.361502213340177,35.945327106970694,11.191084338091596
FOT_DIAG,17.083333333333332,0,48.5,0.5,51,45,45,35,40,1,1,35.907470285505831,11.266198701161713,35.954429156819621,12.256628935765134
FOT_DIAG,17.099999999999998,0,48.5,0.5,51,45,45,35,40,1,1,35.916055196233515,11.685609104264268,35.930760209726294,11.766119997486744
FOT_DIAG,17.116666666666667,0,48.5,0.5,51,45,45,35,40,1,1,35.985205269477191,14.349375983076943,35.92423970426352,11.885025855497595
FOT_DIAG,17.133333333333333,0,48.5,0.5,51,45,45,35,40,1,1,35.793520901690272,14.187176743960869,35.869296889345605,12.890025283278195
FOT_DIAG,17.149999999999999,0,48.5,0.5,51,45,45,35,40,1,1,36.034136921581634,13.506154982164025,36.005281723959641,12.499177597186675
FOT_DIAG,17.166666666666668,0,48.5,0.5,51,45,45,35,40,1,1,35.63857104341146,11.049003131326177,35.852079005615657,11.544031984370585
FOT_DIAG,17.183333333333334,0,48.5,0.5,51,45,45,35,40,1,1,35.99284133560657,13.602700436135184,35.974699494738005,11.850363682735939
FOT_DIAG,17.199999999999999,0,48.5,0.5,51,45,45,35,40,1,1,36.014026446594386,9.6324586548823738,36.015695349093797,11.91871074644447
FOT_DIAG,17.216666666666665,0,48.5,0.5,51,45,45,35,40,1,1,35.893177096821823,12.252675536340261,35.979694927283781,11.911481457688371
FOT_DIAG,17.233333333333334,0,48.5,0.5,51,45,45,35,40,1,1,35.901278994300455,11.002960588404196,36.032336244390734,12.677395546455783
FOT_DIAG,17.25,0,48.5,0.5,51,45,45,35,40,1,1,36.044683674827233,14.883226483195994,36.024257048366721,13.672878179962197
FOT_DIAG,17.266666666666666,0,48.5,0.5,51,45,45,35,40,1,1,35.833919364578989,10.266879236329004,35.900923521666378,11.504503860906949
FOT_DIAG,17.283333333333331,0,48.5,0.5,51,45,45,35,40,1,1,35.93036562946466,13.531522321266133,35.953838440581521,12.541172044327482
FOT_DIAG,17.300000000000001,0,48.5,0.5,51,45,45,35,40,1,1,35.989310503089747,13.616526241803218,35.955550358175607,12.214030165639951
FOT_DIAG,17.316666666666666,0,48.5,0.5,51,45,45,35,40,1,1,35.941239353058236,13.473616205177171,35.978503120242749,12.307879735886385
FOT_DIAG,17.333333333333332,0,48.5,0.5,51,45,45,35,40,1,1,36.033121414577323,13.549585356013282,35.964613294723151,13.255449908973731
FOT_DIAG,17.349999999999998,0,48.5,0.5,51,45,45,35,40,1,1,36.073906881413883,15.169864797526801,35.993752948452915,12.002549657307382
FOT_DIAG,17.366666666666667,0,48.5,0.5,51,45,45,35,40,1,1,36.006725700526282,11.37870273140085,35.936469609255752,12.786987646318444
FOT_DIAG,17.383333333333333,0,48.5,0.5,51,45,45,35,40,1,1,35.996557463048156,10.932011964703793,35.938917872537949,12.992598485378021
FOT_DIAG,17.399999999999999,0,48.5,0.5,51,45,45,35,40,1,1,35.892325261460847,11.685479779076982,35.92879500170865,12.498993079394339
FOT_DIAG,17.416666666666668,0,48.5,0.5,51,45,45,35,40,1,1,36.025619963205834,11.20498295053526,35.948420410217011,12.726271194372407
FOT_DIAG,17.433333333333334,0,48.5,0.5,51,45,45,35,40,1,1,36.139564246319409,10.554968023737707,35.986888224783165,11.428008562994281
FOT_DIAG,17.449999999999999,0,48.5,0.5,51,45,45,35,40,1,1,35.898823715781241,11.657361495496302,35.922778295897629,13.055754440519337
FOT_DIAG,17.466666666666665,0,48.5,0.5,51,45,45,35,40,1,1,35.961243809848483,12.231971807068641,35.921959438675877,11.598865083633855
FOT_DIAG,17.483333333333334,0,48.5,0.5,51,45,45,35,40,1,1,35.981657790373539,10.037811924496257,35.972608543867018,12.229607480375114
FOT_DIAG,17.5,0,48.5,0.5,51,45,45,35,40,1,1,36.008057932268223,12.025256132934713,35.928380653203305,12.6111669577383
FOT_DIAG,17.516666666666666,0,48.5,0.5,51,45,45,35,40,1,1,35.875446034073043,10.579389701300331,35.949366111882938,12.294971699732715
FOT_DIAG,17.533333333333331,0,48.5,0.5,51,45,45,35,40,1,1,36.050680640421042,11.900132812842342,35.951767345433417,12.250026596879254
FOT_DIAG,17.550000000000001,0,48.5,0.5,51,45,45,35,40,1,1,35.980272076364173,14.475212111921987,35.930636022339769,13.158538565827589
FOT_DIAG,17.566666666666666,0,48.5,0.5,51,45,45,35,40,1,1,35.811798544439092,12.327109597045531,35.879338477742621,12.100740372332325
FOT_DIAG,17.583333333333332,0,48.5,0.5,51,45,45,35,40,1,1,35.774365733984673,9.7996854008356973,35.900386159753914,11.789167735415475
FOT_DIAG,17.599999999999998,0,48.5,0.5,51,45,45,35,40,1,1,35.852307331238315,10.876249803397162,35.934264222180715,11.4574971199443
FOT_DIAG,17.616666666666667,0,48.5,0.5,51,45,45,35,40,1,1,35.963678281965564,13.131173070072112,35.925671175912179,12.722604910331459
FOT_DIAG,17.633333333333333,0,48.5,0.5,51,45,45,35,40,1,1,35.866537529338522,12.462413836210013,35.904712435850044,12.655332986868855
FOT_DIAG,17.649999999999999,0,48.5,0.5,51,45,45,35,40,1,1,35.936778657053281,13.74434955596222,35.941785912184308,13.657455980402982
FOT_DIAG,17.666666666666668,0,48.5,0.5,51,45,45,35,40,1,1,35.873592257504043,14.684188079942125,35.940475583225307,11.447008056005194
FOT_DIAG,17.683333333333334,0,48.5,0.5,51,45,45,35,40,1,1,35.847453692463112,11.686701154797028,35.867388517124411,12.198398155179525
FOT_DIAG,17.699999999999999,0,48.5,0.5,51,45,45,35,40,1,1,35.957368073565121,10.875596080793287,35.907396431105809,11.918780437073115
FOT_DIAG,17.716666666666665,0,48.5,0.5,51,45,45,35,40,1,1,35.914135626499245,12.041588688268089,35.965547062002585,11.980539048749449
FOT_DIAG,17.733333333333334,0,48.5,0.5,51,45,45,35,40,1,1,36.066645387629663,12.070461434471179,36.042552801777802,12.474234093909123
FOT_DIAG,17.75,0,48.5,0.5,51,45,45,35,40,1,1,35.943092720333297,12.221590148682241,35.91854583047256,13.056035038516319
FOT_DIAG,17.766666666666666,0,48.5,0.5,51,45,45,35,40,1,1,35.905786433077594,13.299275683531912,35.962803452424453,14.218523372184652
FOT_DIAG,17.783333333333331,0,48.5,0.5,51,45,45,35,40,1,1,36.018817892764254,12.252202563324857,35.92402118240642,12.893084190328413
FOT_DIAG,17.800000000000001,0,48.5,0.5,51,45,45,35,40,1,1,36.09269239164604,12.127731443540258,35.971131218199858,12.626749022009164
FOT_DIAG,17.816666666666666,0,48.5,0.5,51,45,45,35,40,1,1,36.056427437019572,15.057998948918545,35.987935858189608,12.129477617779267
FOT_DIAG,17.833333333333332,0,48.5,0.5,51,45,45,35,40,1,1,36.052156046318466,13.854771435300655,35.945914139160998,11.993824217171269
FOT_DIAG,17.849999999999998,0,48.5,0.5,51,45,45,35,40,1,1,35.72340365676321,11.836271898516078,35.825454368203616,11.687612301707388
FOT_DIAG,17.866666666666667,0,48.5,0.5,51,45,45,35,40,1,1,36.023766288260596,14.212577610417112,35.978446467819616,12.633688512461143
FOT_DIAG,17.883333333333333,0,48.5,0.5,51,45,45,35,40,1,1,35.772888858120567,13.986624990597136,35.931805606944998,12.147214466488581
FOT_DIAG,17.899999999999999,0,48.5,0.5,51,45,45,35,40,1,1,35.884077528297439,14.15417769149412,35.917711436564446,13.397759848628979
FOT_DIAG,17.916666666666664,0,48.5,0.5,51,45,45,35,40,1,1,35.997492986868252,12.743486413893654,35.951725328921356,13.436908142320226
FOT_DIAG,17.933333333333334,0,48.5,0.5,51,45,45,35,40,1,1,36.127859276221145,11.308844976680785,36.031700585672894,12.038512342672709
FOT_DIAG,17.949999999999999,0,48.5,0.5,51,45,45,35,40,1,1,35.93292974478738,14.130857991625881,35.936455647718162,12.498531003194897
FOT_DIAG,17.966666666666665,0,48.5,0.5,51,45,45,35,40,1,1,36.07722023746328,13.124311272640941,35.968245868397503,11.196970171577156
FOT_DIAG,17.983333333333334,0,48.5,0.5,51,45,45,35,40,1,1,36.029332936812267,14.16769193190648,36.037129154511391,12.807554386682517
FOT_DIAG,18,0,48.5,0.5,51,45,45,35,40,1,1,35.792717214497401,13.975693460436984,35.89913719356403,13.665214741995621
FOT_DIAG,18.016666666666666,0,48.5,0.5,51,45,45,35,40,1,1,35.846446682058904,9.683659394173656,35.855858983030544,13.11558327471225
FOT_DIAG,18.033333333333331,0,48.5,0.5,51,45,45,35,40,1,1,36.016840232537866,11.284829172723356,35.9826560825664,11.982840013643065
FOT_DIAG,18.050000000000001,0,48.5,0.5,51,45,45,35,40,1,1,36.005477603210494,10.929541825660026,35.894480662032443,11.589240960828153
FOT_DIAG,18.066666666666666,0,48.5,0.5,51,45,45,35,40,1,1,35.925853376849929,13.895232701912125,35.950379929194497,12.385667395287854
FOT_DIAG,18.083333333333332,0,48.5,0.5,51,45,45,35,40,1,1,36.000304992820787,11.117079911876049,35.994711308772679,12.857774982209945
FOT_DIAG,18.099999999999998,0,48.5,0.5,51,45,45,35,40,1,1,35.959376721294085,12.730849489593268,35.979581200305319,12.542196643410433
FOT_DIAG,18.116666666666667,0,48.5,0.5,51,45,45,35,40,1,1,35.972301231304947,12.900511456698425,35.912097723603026,12.668260348105358
FOT_DIAG,18.133333333333333,0,48.5,0.5,51,45,45,35,40,1,1,36.011848080566082,12.177413994931445,35.95285430539905,13.064863183963585
FOT_DIAG,18.149999999999999,0,48.5,0.5,51,45,45,35,40,1,1,35.948439383299871,10.303722269989008,35.940350161833521,11.302350952257951
FOT_DIAG,18.166666666666664,0,48.5,0.5,51,45,45,35,40,1,1,36.107772365271245,12.69126361571054,36.037420414891393,12.47637098396077
FOT_DIAG,18.183333333333334,0,48.5,0.5,51,45,45,35,40,1,1,35.868545455208995,10.974396026893766,35.904017118707742,12.068746860445872
FOT_DIAG,18.199999999999999,0,48.5,0.5,51,45,45,35,40,1,1,35.946314273881136,13.138532148189947,35.956933475462186,12.836756608165039
FOT_DIAG,18.216666666666665,0,48.5,0.5,51,45,45,35,40,1,1,35.99110246372468,12.631030942377675,35.907955356952378,12.657354406716312
FOT_DIAG,18.233333333333334,0,48.5,0.5,51,45,45,35,40,1,1,35.962437896857814,13.629801881293421,35.920267760224917,11.3312732234299
FOT_DIAG,18.25,0,48.5,0.5,51,45,45,35,40,1,1,35.941844572629755,10.205052567298639,35.95292895457721,12.058002900335973
FOT_DIAG,18.266666666666666,0,48.5,0.5,51,45,45,35,40,1,1,35.757571135834503,13.19822508616453,35.902736848269356,11.678130718641128
FOT_DIAG,18.283333333333331,0,48.5,0.5,51,45,45,35,40,1,1,35.967554461966429,10.129733948554213,35.92144446659168,11.930408095382186
FOT_DIAG,18.300000000000001,0,48.5,0.5,51,45,45,35,40,1,1,35.943701946420553,16.261608644027991,35.931513358129862,13.271252248820883
FOT_DIAG,18.316666666666666,0,48.5,0.5,51,45,45,35,40,1,1,35.931102700238839,12.012892781755891,35.934135660961097,11.986066448989758
FOT_DIAG,18.333333333333332,0,48.5,0.5,51,45,45,35,40,1,1,35.726258947203817,9.506659126570904,35.860482820642261,11.084532279264144
FOT_DIAG,18.349999999999998,0,48.5,0.5,51,45,45,35,40,1,1,36.046010224173507,13.965024091146656,35.976909920344035,13.099630989023652
FOT_DIAG,18.366666666666667,0,48.5,0.5,51,45,45,35,40,1,1,35.741503402994631,10.901544779143771,35.882661837453142,12.115028601768195
FOT_DIAG,18.383333333333333,0,48.5,0.5,51,45,45,35,40,1,1,36.048347839346185,16.150507350208947,35.966261308747697,12.826025701801957
FOT_DIAG,18.399999999999999,0,48.5,0.5,51,45,45,35,40,1,1,35.944530042549992,10.997672615812583,35.883521660107547,11.988872215042075
FOT_DIAG,18.416666666666664,0,48.5,0.5,51,45,45,35,40,1,1,36.017232295661252,14.484886973484691,35.915952366009478,13.423107539128617
FOT_DIAG,18.433333333333334,0,48.5,0.5,51,45,45,35,40,1,1,35.746292869214713,13.708902343651976,35.884776738803829,13.992425347506931
FOT_DIAG,18.449999999999999,0,48.5,0.5,51,45,45,35,40,1,1,35.865357072896785,11.897875782555152,35.936352181393204,11.64240072483619
FOT_DIAG,18.466666666666665,0,48.5,0.5,51,45,45,35,40,1,1,35.911755940455045,11.574469392726638,35.902066140709849,12.174550820800015
FOT_DIAG,18.483333333333334,0,48.5,0.5,51,45,45,35,40,1,1,35.80335248587577,12.0436711011235,35.90209196112513,12.396624149535889
FOT_DIAG,18.5,0,48.5,0.5,51,45,45,35,40,1,1,35.921080296579234,10.941625327529515,35.913714224268652,12.182374645928027
FOT_DIAG,18.516666666666666,0,48.5,0.5,51,45,45,35,40,1,1,36.030474295768684,11.308951599869536,36.00910184866013,12.888738325389395
FOT_DIAG,18.533333333333331,0,48.5,0.5,51,45,45,35,40,1,1,36.155492546417072,10.851738904464357,36.055479678463236,12.553217951435176
FOT_DIAG,18.550000000000001,0,48.5,0.5,51,45,45,35,40,1,1,35.913653297599673,12.905620490219567,35.930069555105725,12.557729352384754
FOT_DIAG,18.566666666666666,0,48.5,0.5,51,45,45,35,40,1,1,35.922926810784368,12.414989597898561,35.910509196300168,11.658998632713956
FOT_DIAG,18.583333333333332,0,48.5,0.5,51,45,45,35,40,1,1,36.05722187022765,9.536378516473766,35.933285413091077,11.889537809429122
FOT_DIAG,18.599999999999998,0,48.5,0.5,51,45,45,35,40,1,1,35.829850937820765,11.65078380795258,35.89607609668861,10.855829254546506
FOT_DIAG,18.616666666666667,0,48.5,0.5,51,45,45,35,40,1,1,36.116805033012923,14.584037293661519,35.931375921137658,11.97366875760977
FOT_DIAG,18.633333333333333,0,48.5,0.5,51,45,45,35,40,1,1,35.897514117213674,11.190316930913855,35.983379114111194,12.211027475088864
FOT_DIAG,18.649999999999999,0,48.5,0.5,51,45,45,35,40,1,1,35.956713185255367,11.608360982780809,35.93841329795341,11.693704374972761
FOT_DIAG,18.666666666666664,0,48.5,0.5,51,45,45,35,40,1,1,35.945489492770946,16.015673716113294,35.966355636119893,12.309414792489502
FOT_DIAG,18.683333333333334,0,48.5,0.5,51,45,45,35,40,1,1,35.925654342277113,11.106512413656937,35.962726655037876,13.134042048454825
FOT_DIAG,18.699999999999999,0,48.5,0.5,51,45,45,35,40,1,1,35.866802733572989,14.073228031703666,35.967787556951627,12.64847276520457
FOT_DIAG,18.716666666666665,0,48.5,0.5,51,45,45,35,40,1,1,35.806935081821386,11.737603662786032,35.880402993356469,12.856230645893026
FOT_DIAG,18.733333333333334,0,48.5,0.5,51,45,45,35,40,1,1,35.976742325825875,13.027981971655674,35.963267383357731,12.869579059032802
FOT_DIAG,18.75,0,48.5,0.5,51,45,45,35,40,1,1,35.932856641900862,15.39211294507639,35.947246394563066,13.471529534521471
FOT_DIAG,18.766666666666666,0,48.5,0.5,51,45,45,35,40,1,1,35.92974087455076,9.8484017450675641,35.895775827154019,11.462126185387589
FOT_DIAG,18.783333333333331,0,48.5,0.5,51,45,45,35,40,1,1,35.918315609368825,13.072753918450301,35.954096769020779,12.249141558449228
FOT_DIAG,18.800000000000001,0,48.5,0.5,51,45,45,35,40,1,1,35.947284568450399,15.260393955126139,35.95573681536532,12.358439458291567
FOT_DIAG,18.816666666666666,0,48.5,0.5,51,45,45,35,40,1,1,35.9844997873181,12.900173580857935,35.951544150438821,12.974940796211939
FOT_DIAG,18.833333333333332,0,48.5,0.5,51,45,45,35,40,1,1,35.94975144359703,14.485094928059302,35.902318262979506,12.545545512216881
FOT_DIAG,18.849999999999998,0,48.5,0.5,51,45,45,35,40,1,1,35.93000400045031,13.805075240229424,35.939471983186294,13.308783640765791
FOT_DIAG,18.866666666666667,0,48.5,0.5,51,45,45,35,40,1,1,35.978462046417654,13.640190856397115,35.953283619879173,12.290681748991034
FOT_DIAG,18.883333333333333,0,48.5,0.5,51,45,45,35,40,1,1,35.824954363105,12.475556571172403,35.924608266321933,12.408129913229454
FOT_DIAG,18.899999999999999,0,48.5,0.5,51,45,45,35,40,1,1,36.099650813565795,12.939235387897106,35.988624448591345,13.440815827697051
FOT_DIAG,18.916666666666664,0,48.5,0.5,51,45,45,35,40,1,1,35.90924638465259,14.379502916026064,35.908156769878744,13.440090986834829
FOT_DIAG,18.933333333333334,0,48.5,0.5,51,45,45,35,40,1,1,35.964772634995562,11.98785072746278,35.96984088026575,11.587329419803146
FOT_DIAG,18.949999999999999,0,48.5,0.5,51,45,45,35,40,1,1,35.85944035473095,12.35325696682378,35.885456856761003,13.037098730691557
FOT_DIAG,18.966666666666665,0,48.5,0.5,51,45,45,35,40,1,1,35.927741179441163,14.876006644263501,35.880342070364946,12.222904518321347
FOT_DIAG,18.983333333333334,0,48.5,0.5,51,45,45,35,40,1,1,35.905906264537293,11.668473556580782,35.884833471804818,12.123023852099747
FOT_DIAG,19,0,48.5,0.5,51,45,45,35,40,1,1,35.857611279683681,12.1896996612974,35.836087649706833,12.38926490805507
FOT_DIAG,19.016666666666666,0,48.5,0.5,51,45,45,35,40,1,1,35.75418994286094,12.369920449707372,35.901427459136954,11.658746110675713
FOT_DIAG,19.033333333333331,0,48.5,0.5,51,45,45,35,40,1,1,35.921599888574463,15.082433391203264,35.923795598847377,13.422470387111286
FOT_DIAG,19.050000000000001,0,48.5,0.5,51,45,45,35,40,1,1,35.717114601910964,13.819572454795932,35.801584638807036,13.12488412744046
FOT_DIAG,19.066666666666666,0,48.5,0.5,51,45,45,35,40,1,1,35.850442864374848,13.823505350683854,35.896785038127582,12.528610808034967
FOT_DIAG,19.083333333333332,0,48.5,0.5,51,45,45,35,40,1,1,35.803361675123483,11.742033695058872,35.902587417156454,11.796439370316838
FOT_DIAG,19.099999999999998,0,48.5,0.5,51,45,45,35,40,1,1,35.915356191399539,12.865061748285987,35.901979087000505,12.916298467663523
FOT_DIAG,19.116666666666667,0,48.5,0.5,51,45,45,35,40,1,1,35.702505407175515,11.16692806115079,35.854362382602467,11.309502242431032
FOT_DIAG,19.133333333333333,0,48.5,0.5,51,45,45,35,40,1,1,35.818560556167,11.726958968759831,35.911449097873707,11.956168427893788
FOT_DIAG,19.149999999999999,0,48.5,0.5,51,45,45,35,40,1,1,35.966547221128835,10.362546978233208,35.910888691969156,10.983441230755719
FOT_DIAG,19.166666666666664,0,48.5,0.5,51,45,45,35,40,1,1,35.949205235902397,14.974936494527759,35.959991494500208,12.866920129551673
FOT_DIAG,19.183333333333334,0,48.5,0.5,51,45,45,35,40,1,1,35.926541400429528,12.725237509455015,35.942503294503339,12.77664737188597
FOT_DIAG,19.199999999999999,0,48.5,0.5,51,45,45,35,40,1,1,35.720768887835611,13.558145050956643,35.84073164035393,12.372195934061621
FOT_DIAG,19.216666666666665,0,48.5,0.5,51,45,45,35,40,1,1,35.990797947700344,10.656109048638138,35.906646819773869,11.19047545749156
FOT_DIAG,19.233333333333334,0,48.5,0.5,51,45,45,35,40,1,1,36.051284280863868,11.757652676838163,36.004088944692036,11.314100312334467
FOT_DIAG,19.25,0,48.5,0.5,51,45,45,35,40,1,1,35.693133124512102,16.590313376251629,35.872682136592971,14.14200290012497
FOT_DIAG,19.266666666666666,0,48.5,0.5,51,45,45,35,40,1,1,35.872534328823178,13.634457430545627,35.847023428360814,11.654479778006174
FOT_DIAG,19.283333333333331,0,48.5,0.5,51,45,45,35,40,1,1,35.899439331464947,10.957551034076944,35.947374056818695,12.455294700652308
FOT_DIAG,19.300000000000001,0,48.5,0.5,51,45,45,35,40,1,1,35.873420143592199,8.8384413786154887,35.873612267150932,11.242749293432425
FOT_DIAG,19.316666666666666,0,48.5,0.5,51,45,45,35,40,1,1,35.910384362721807,10.155321235129955,35.910093771417131,12.688247444760938
FOT_DIAG,19.333333333333332,0,48.5,0.5,51,45,45,35,40,1,1,35.823078242322843,12.695196332269912,35.882880354831926,12.35859469657122
FOT_DIAG,19.349999999999998,0,48.5,0.5,51,45,45,35,40,1,1,35.930117167114631,13.60027031376489,35.974974018096738,12.535155426395253
FOT_DIAG,19.366666666666667,0,48.5,0.5,51,45,45,35,40,1,1,36.111101196339085,12.927253480323596,35.892626657834995,12.203666135623365
FOT_DIAG,19.383333333333333,0,48.5,0.5,51,45,45,35,40,1,1,35.886316799503142,12.515009949586105,35.903161685955702,12.220314441194189
FOT_DIAG,19.399999999999999,0,48.5,0.5,51,45,45,35,40,1,1,35.982948255468592,12.343404942132299,35.903611718681709,12.477473531551198
FOT_DIAG,19.416666666666664,0,48.5,0.5,51,45,45,35,40,1,1,35.961748289227607,11.490633328712846,35.994632037917214,12.327275696102326
FOT_DIAG,19.433333333333334,0,48.5,0.5,51,45,45,35,40,1,1,35.966686944195907,10.244926750979234,35.881547517613228,11.170736150093285
FOT_DIAG,19.449999999999999,0,48.5,0.5,51,45,45,35,40,1,1,35.949795369549541,13.195651253626025,35.948529255152579,13.701954303974484
FOT_DIAG,19.466666666666665,0,48.5,0.5,51,45,45,35,40,1,1,35.913497623321433,10.421764462019414,35.914980594557733,11.891020975241933
FOT_DIAG,19.483333333333334,0,48.5,0.5,51,45,45,35,40,1,1,35.678402449582308,14.797779232063817,35.882565891638336,14.099151567597502
FOT_DIAG,19.5,0,48.5,0.5,51,45,45,35,40,1,1,35.964850189109697,13.134385902808477,35.91017002966187,12.301133419143346
FOT_DIAG,19.516666666666666,0,48.5,0.5,51,45,45,35,40,1,1,36.089808252964843,13.111161013376748,35.914575118375325,12.304632889289818
FOT_DIAG,19.533333333333331,0,48.5,0.5,51,45,45,35,40,1,1,35.933985611560786,10.949273618530842,35.925417620290567,11.449058132479696
FOT_DIAG,19.550000000000001,0,48.5,0.5,51,45,45,35,40,1,1,35.922338637205712,11.652642747517366,35.953399239962174,11.041815073544454
FOT_DIAG,19.566666666666666,0,48.5,0.5,51,45,45,35,40,1,1,36.127148225575148,15.644052454643006,35.940312464097914,13.919176274697108
FOT_DIAG,19.583333333333332,0,48.5,0.5,51,45,45,35,40,1,1,35.885299398539587,8.0361502049342413,35.930761981877779,12.39650399621069
FOT_DIAG,19.599999999999998,0,48.5,0.5,51,45,45,35,40,1,1,35.773221571591321,13.956348498039086,35.785062877948974,12.330380584100546
FOT_DIAG,19.616666666666667,0,48.5,0.5,51,45,45,35,40,1,1,35.899608002554025,11.576816815449643,35.84126782136142,12.484358778981049
FOT_DIAG,19.633333333333333,0,48.5,0.5,51,45,45,35,40,1,1,35.944213700632666,9.2549702691128104,35.881787766376753,11.342358145501981
FOT_DIAG,19.649999999999999,0,48.5,0.5,51,45,45,35,40,1,1,35.843879153641716,12.504030910502868,35.894907364101442,12.473109879587215
FOT_DIAG,19.666666666666664,0,48.5,0.5,51,45,45,35,40,1,1,35.774561644648486,11.717855115749927,35.770013343378686,11.89828251247568
FOT_DIAG,19.683333333333334,0,48.5,0.5,51,45,45,35,40,1,1,35.960930285217756,14.588206512032956,35.921519375734484,11.797534937192488
FOT_DIAG,19.699999999999999,0,48.5,0.5,51,45,45,35,40,1,1,35.95990371036423,13.528359025970889,35.909704384031542,13.385104509472754
FOT_DIAG,19.716666666666665,0,48.5,0.5,51,45,45,35,40,1,1,35.988899583208479,13.093475676506513,35.90827559666468,12.689195917372114
FOT_DIAG,19.733333333333334,0,48.5,0.5,51,45,45,35,40,1,1,35.991100681787543,13.044691098855047,35.884248044654512,12.148835424728293
FOT_DIAG,19.75,0,48.5,0.5,51,45,45,35,40,1,1,35.875387734013302,10.951239168612709,35.87551133626804,11.632636588464804
FOT_DIAG,19.766666666666666,0,48.5,0.5,51,45,45,35,40,1,1,35.779471541871139,12.672288695197381,35.802819389627238,12.479289209944488
FOT_DIAG,19.783333333333331,0,48.5,0.5,51,45,45,35,40,1,1,35.989468713500173,14.447111973417966,35.913984747068525,13.594045273455393
FOT_DIAG,19.800000000000001,0,48.5,0.5,51,45,45,35,40,1,1,36.080724112486898,11.018622934500126,35.992152956270175,11.736491713626794
FOT_DIAG,19.816666666666666,0,48.5,0.5,51,45,45,35,40,1,1,35.773174400362379,12.219954067733212,35.880108655180614,11.002588506541739
FOT_DIAG,19.833333333333332,0,48.5,0.5,51,45,45,35,40,1,1,35.896632713556926,11.125534669947148,35.899840370764124,12.612318171314461
FOT_DIAG,19.849999999999998,0,48.5,0.5,51,45,45,35,40,1,1,35.980600972034225,15.37961316392119,35.965223268582079,13.260651332359393
FOT_DIAG,19.866666666666667,0,48.5,0.5,51,45,45,35,40,1,1,36.053544062875183,14.492580379027293,35.964970843345597,12.096565772529633
FOT_DIAG,19.883333333333333,0,48.5,0.5,51,45,45,35,40,1,1,35.92826346751658,8.9255877439942353,35.909046070286067,12.485623492915099
FOT_DIAG,19.899999999999999,0,48.5,0.5,51,45,45,35,40,1,1,35.927499254107353,13.152256705962797,35.924292089613225,12.534826647779628
FOT_DIAG,19.916666666666664,0,48.5,0.5,51,45,45,35,40,1,1,35.826770554059252,12.660516364160422,35.843716117875545,12.43807737365095
FOT_DIAG,19.933333333333334,0,48.5,0.5,51,45,45,35,40,1,1,35.989556123844594,12.314833554447063,36.007320773256708,12.424459483095552
FOT_DIAG,19.949999999999999,0,48.5,0.5,51,45,45,35,40,1,1,35.771240442272983,14.071450736342133,35.911054223073926,12.842641870185872
FOT_DIAG,19.966666666666665,0,48.5,0.5,51,45,45,35,40,1,1,35.946249915730249,11.763289563556071,35.848960724719724,12.135175884005385
FOT_DIAG,19.983333333333334,0,48.5,0.5,51,45,45,35,40,1,1,35.883260833324258,10.279489782511394,35.941438248112938,11.174535113486666
FOT_DIAG,20,0,48.5,0.5,51,45,45,35,40,1,1,35.983543268352378,12.909759446270208,35.913419721054545,12.277064236431134
FOT_DIAG,20.016666666666666,0,48.5,0.5,51,45,45,35,40,1,1,36.098473225385902,14.580566628053013,35.910086503197533,12.188386329012154
FOT_DIAG,20.033333333333331,0,48.5,0.5,51,45,45,35,40,1,1,36.00140044668516,11.718909416763736,35.929863395782732,12.292715762959061
FOT_DIAG,20.050000000000001,0,48.5,0.5,51,45,45,35,40,1,1,35.968125776306657,9.7798219922681895,35.973901103702445,11.830220468871847
FOT_DIAG,20.066666666666666,0,48.5,0.5,51,45,45,35,40,1,1,35.887351229712465,10.503766334665631,35.916099368977285,12.529174024470302
FOT_DIAG,20.083333333333332,0,48.5,0.5,51,45,45,35,40,1,1,35.87878466219879,12.035992297693539,35.898117697851468,12.254354731938355
FOT_DIAG,20.099999999999998,0,48.5,0.5,51,45,45,35,40,1,1,35.818791275652927,16.1460787601895,35.879276121147491,13.102132131475157
FOT_DIAG,20.116666666666667,0,48.5,0.5,51,45,45,35,40,1,1,35.998061364570006,14.785982209816254,35.904734621171656,12.03126506833112
FOT_DIAG,20.133333333333333,0,48.5,0.5,51,45,45,35,40,1,1,36.032559523686118,11.751778869193888,35.897394310560998,12.088061718799711
FOT_DIAG,20.149999999999999,0,48.5,0.5,51,45,45,35,40,1,1,35.79811204191423,12.784253431591123,35.895383960126935,13.081345767215339
FOT_DIAG,20.166666666666664,0,48.5,0.5,51,45,45,35,40,1,1,35.961649828783798,12.677023062215344,35.944559358798415,13.086252118069911
FOT_DIAG,20.183333333333334,0,48.5,0.5,51,45,45,35,40,1,1,35.840042532366461,13.777326080565686,35.910014836867859,13.067861913232827
FOT_DIAG,20.199999999999999,0,48.5,0.5,51,45,45,35,40,1,1,35.900560505359699,13.24242080710005,35.87533868747051,12.739334819182613
FOT_DIAG,20.216666666666665,0,48.5,0.5,51,45,45,35,40,1,1,35.934957387977789,10.567546140983985,35.926270048077697,12.207697231737209
FOT_DIAG,20.233333333333334,0,48.5,0.5,51,45,45,35,40,1,1,35.866536449463929,11.114114436442364,35.879009139892531,11.944501129710783
FOT_DIAG,20.25,0,48.5,0.5,51,45,45,35,40,1,1,36.018152421886292,12.293271168914014,35.92193532222867,10.621329425282527
FOT_DIAG,20.266666666666666,0,48.5,0.5,51,45,45,35,40,1,1,36.008439466744235,13.046793272317386,35.995194174452045,12.678642790917532
FOT_DIAG,20.283333333333331,0,48.5,0.5,51,45,45,35,40,1,1,35.873238598789818,14.899759380538269,35.91554159624711,12.858974237394442
FOT_DIAG,20.300000000000001,0,48.5,0.5,51,45,45,35,40,1,1,35.800103797209864,12.106514864682062,35.887857042546038,13.116570196185529
FOT_DIAG,20.316666666666666,0,48.5,0.5,51,45,45,35,40,1,1,35.859518794840383,15.899244694240432,35.810680167124019,12.178360235539643
FOT_DIAG,20.333333333333332,0,48.5,0.5,51,45,45,35,40,1,1,35.783427470634201,10.635225974711206,35.856050985359218,12.040764466512442
FOT_DIAG,20.349999999999998,0,48.5,0.5,51,45,45,35,40,1,1,35.764509104824114,8.9785127589877618,35.83430047058431,11.508912636599296
FOT_DIAG,20.366666666666667,0,48.5,0.5,51,45,45,35,40,1,1,35.790493417573693,15.598577397314859,35.856440683080386,13.056112672776932
FOT_DIAG,20.383333333333333,0,48.5,0.5,51,45,45,35,40,1,1,35.893199749958981,14.703295414316539,35.869191624965374,12.216173403037123
FOT_DIAG,20.399999999999999,0,48.5,0.5,51,45,45,35,40,1,1,36.043400043195909,8.8196627771375837,36.011800982749655,11.960252695322982
FOT_DIAG,20.416666666666664,0,48.5,0.5,51,45,45,35,40,1,1,35.996473225795974,14.012132987537544,35.881892097605594,12.43924401406994
FOT_DIAG,20.433333333333334,0,48.5,0.5,51,45,45,35,40,1,1,35.852940581275448,10.690236864429158,35.897425788191768,12.254220371168728
FOT_DIAG,20.449999999999999,0,48.5,0.5,51,45,45,35,40,1,1,35.973935214628682,13.000853620521269,35.95518983868751,12.960534826443697
FOT_DIAG,20.466666666666665,0,48.5,0.5,51,45,45,35,40,1,1,35.834995965531,14.148179683124095,35.853319419251186,13.635235315911386
FOT_DIAG,20.483333333333334,0,48.5,0.5,51,45,45,35,40,1,1,36.000556149980248,10.276677911274982,35.914863676319293,11.617380946114329
FOT_DIAG,20.5,0,48.5,0.5,51,45,45,35,40,1,1,35.882441514403993,11.11961417534023,35.898880264826538,12.445367948184442
FOT_DIAG,20.516666666666666,0,48.5,0.5,51,45,45,35,40,1,1,36.014969575887804,10.729576582135067,35.867130089853973,11.531199161311493
FOT_DIAG,20.533333333333331,0,48.5,0.5,51,45,45,35,40,1,1,35.799944793867311,9.4415756938454152,35.888975392791259,11.48157512189421
FOT_DIAG,20.550000000000001,0,48.5,0.5,51,45,45,35,40,1,1,35.921883366388073,10.617593961106865,35.946197457489852,10.985554703944338
FOT_DIAG,20.566666666666666,0,48.5,0.5,51,45,45,35,40,1,1,35.95897872419733,11.222301043113752,35.988995627053242,11.767291402898708
FOT_DIAG,20.583333333333332,0,48.5,0.5,51,45,45,35,40,1,1,36.135317076093017,14.250442977204322,36.031572961952769,11.932112865914183
FOT_DIAG,20.599999999999998,0,48.5,0.5,51,45,45,35,40,1,1,35.938404338856714,11.59206349012827,35.949625632786187,11.915507473458961
FOT_DIAG,20.616666666666667,0,48.5,0.5,51,45,45,35,40,1,1,36.013592374153504,15.023210513647118,36.097778046987827,11.35128080214742
FOT_DIAG,20.633333333333333,0,48.5,0.5,51,45,45,35,40,1,1,35.908689907789913,14.206456339344793,35.967098810360667,12.755161185842599
FOT_DIAG,20.649999999999999,0,48.5,0.5,51,45,45,35,40,1,1,36.029069434896755,12.053272232382398,36.042985618979259,12.165100718309269
FOT_DIAG,20.666666666666664,0,48.5,0.5,51,45,45,35,40,1,1,36.192626062528348,11.818743383095084,36.063838434516938,11.942768366693683
FOT_DIAG,20.683333333333334,0,48.5,0.5,51,45,45,35,40,1,1,36.119426919100853,13.353023013009736,36.059587992847327,12.995628731547797
FOT_DIAG,20.699999999999999,0,48.5,0.5,51,45,45,35,40,1,1,35.964983850165318,14.685887259104067,35.957867844877192,12.463915382537081
FOT_DIAG,20.716666666666665,0,48.5,0.5,51,45,45,35,40,1,1,35.959825151283965,11.471431929390308,35.984980571352999,12.185698670721409
FOT_DIAG,20.733333333333334,0,48.5,0.5,51,45,45,35,40,1,1,35.94036115095453,11.51785755248663,35.948136552804691,12.708858013928063
FOT_DIAG,20.75,0,48.5,0.5,51,45,45,35,40,1,1,35.895314966243852,9.3271414550878262,35.923681614819785,11.863878809955956
FOT_DIAG,20.766666666666666,0,48.5,0.5,51,45,45,35,40,1,1,36.056973636288767,12.07922518013795,36.004595612143639,11.531380342053453
FOT_DIAG,20.783333333333331,0,48.5,0.5,51,45,45,35,40,1,1,35.982986579137197,11.938781953622756,35.976874378276577,11.819202634433859
FOT_DIAG,20.800000000000001,0,48.5,0.5,51,45,45,35,40,1,1,36.059339058872183,10.401551337698049,36.005269617144883,11.666982905949116
FOT_DIAG,20.816666666666666,0,48.5,0.5,51,45,45,35,40,1,1,35.957957166241279,12.616760304583249,36.01352000413457,13.134589644881531
FOT_DIAG,20.833333333333332,0,48.5,0.5,51,45,45,35,40,1,1,35.92904400032451,12.154540962106607,35.887811242597614,11.599870321946769
FOT_DIAG,20.849999999999998,0,48.5,0.5,51,45,45,35,40,1,1,36.069680480567655,11.246544893087762,35.975639848070848,11.549537256147238
FOT_DIAG,20.866666666666667,0,48.5,0.5,51,45,45,35,40,1,1,35.978518128841564,13.332868852965186,35.966922781903854,12.254798574627007
FOT_DIAG,20.883333333333333,0,48.5,0.5,51,45,45,35,40,1,1,35.922092174459912,9.8662707513734826,35.95365769304113,11.520893454988466
FOT_DIAG,20.899999999999999,0,48.5,0.5,51,45,45,35,40,1,1,35.913425480994078,9.4737631700371399,36.021312825314752,12.326794193315409
FOT_DIAG,20.916666666666664,0,48.5,0.5,51,45,45,35,40,1,1,36.154553378296576,16.18077107946042,36.015752154794285,12.824712732065349
FOT_DIAG,20.933333333333334,0,48.5,0.5,51,45,45,35,40,1,1,36.16552793870823,13.472556234648259,36.038990359440312,12.151411110413658
FOT_DIAG,20.949999999999999,0,48.5,0.5,51,45,45,35,40,1,1,36.080948965063307,11.686181924426528,35.966468348206106,12.385316584094634
FOT_DIAG,20.966666666666665,0,48.5,0.5,51,45,45,35,40,1,1,35.973715398335358,14.366480043454255,35.979617443360084,12.292855308711715
FOT_DIAG,20.983333333333334,0,48.5,0.5,51,45,45,35,40,1,1,35.948150448819199,11.718224860086876,35.94450584988558,12.225567806116343
FOT_DIAG,21,0,48.5,0.5,51,45,45,35,40,1,1,35.812177123399017,12.247595208975397,35.922769035938138,12.683207012180409
FOT_DIAG,21.016666666666666,0,48.5,0.5,51,45,45,35,40,1,1,35.936775651766673,15.376003778368256,35.908900795869052,12.613955247571852
FOT_DIAG,21.033333333333331,0,48.5,0.5,51,45,45,35,40,1,1,36.04448944525695,14.501611248831246,36.017361433883323,13.312167858142232
FOT_DIAG,21.050000000000001,0,48.5,0.5,51,45,45,35,40,1,1,35.839936772410255,15.204543637832712,35.871852219010044,13.749255273057775
FOT_DIAG,21.066666666666666,0,48.5,0.5,51,45,45,35,40,1,1,35.85686518386705,15.167950518205187,36.009925622375604,11.996687744219125
FOT_DIAG,21.083333333333332,0,48.5,0.5,51,45,45,35,40,1,1,35.785683398424915,10.036724813821689,35.941665995501964,12.457077548123458
FOT_DIAG,21.099999999999998,0,48.5,0.5,51,45,45,35,40,1,1,35.886343540554506,13.078641661543276,35.940845173862051,13.137568543555032
FOT_DIAG,21.116666666666667,0,48.5,0.5,51,45,45,35,40,1,1,35.840249510313036,8.6434207622711838,35.934362656227471,10.614893964726823
FOT_DIAG,21.133333333333333,0,48.5,0.5,51,45,45,35,40,1,1,36.002560959466251,8.7059602541443262,35.973422432396468,12.030483209697785
FOT_DIAG,21.149999999999999,0,48.5,0.5,51,45,45,35,40,1,1,35.805510965050665,12.834766027831765,35.866299105760774,11.82925686343426
FOT_DIAG,21.166666666666664,0,48.5,0.5,51,45,45,35,40,1,1,35.962191862068032,12.287740686564442,36.015126486375003,12.887892531325967
FOT_DIAG,21.183333333333334,0,48.5,0.5,51,45,45,35,40,1,1,36.015436264249416,14.407585350802453,36.031187846457968,11.702741587945976
FOT_DIAG,21.199999999999999,0,48.5,0.5,51,45,45,35,40,1,1,36.101361025174171,12.085600282551761,35.964345209013615,12.194185706496594
FOT_DIAG,21.216666666666665,0,48.5,0.5,51,45,45,35,40,1,1,36.014045961538351,12.607593213209988,36.003819984511999,11.819909375455854
FOT_DIAG,21.233333333333334,0,48.5,0.5,51,45,45,35,40,1,1,35.877751328340921,10.311480806483564,35.856996037823009,12.397258973313072
FOT_DIAG,21.25,0,48.5,0.5,51,45,45,35,40,1,1,36.170113154690739,13.6036405623826,36.061903649265908,12.57730856336409
FOT_DIAG,21.266666666666666,0,48.5,0.5,51,45,45,35,40,1,1,36.019385413967534,13.376557480633718,35.969769477285809,13.216145685118102
FOT_DIAG,21.283333333333331,0,48.5,0.5,51,45,45,35,40,1,1,35.987795274047784,13.000101976899531,35.974091201938045,12.607322148186119
FOT_DIAG,21.300000000000001,0,48.5,0.5,51,45,45,35,40,1,1,35.900860631671357,11.801652325515203,35.886530761653844,12.198026684735941
FOT_DIAG,21.316666666666666,0,48.5,0.5,51,45,45,35,40,1,1,35.794922677742342,11.900325488296126,35.896151536640943,12.363998113974946
FOT_DIAG,21.333333333333332,0,48.5,0.5,51,45,45,35,40,1,1,35.909208304753697,10.995063187099795,35.969213647184496,12.49861097338467
FOT_DIAG,21.349999999999998,0,48.5,0.5,51,45,45,35,40,1,1,36.013551095614282,11.221297961537768,35.988239515039169,11.735569852832471
FOT_DIAG,21.366666666666667,0,48.5,0.5,51,45,45,35,40,1,1,35.997930643905562,13.853720173561488,35.94208878742603,12.031121496559606
FOT_DIAG,21.383333333333333,0,48.5,0.5,51,45,45,35,40,1,1,35.906771106834341,12.559729557571146,35.924614901738963,11.713975854650156
FOT_DIAG,21.399999999999999,0,48.5,0.5,51,45,45,35,40,1,1,36.098473106222038,12.307963852087747,36.008221111019608,11.599395844932136
FOT_DIAG,21.416666666666664,0,48.5,0.5,51,45,45,35,40,1,1,36.010892851047409,13.493600174367632,36.009162554679115,12.424844645324159
FOT_DIAG,21.433333333333334,0,48.5,0.5,51,45,45,35,40,1,1,35.939496112406253,10.316002410243943,35.981984742270868,11.148500633240007
FOT_DIAG,21.449999999999999,0,48.5,0.5,51,45,45,35,40,1,1,35.930058000871334,12.279398164923045,35.940135655829927,13.321226392698399
FOT_DIAG,21.466666666666665,0,48.5,0.5,51,45,45,35,40,1,1,36.178736650114544,12.452495889329006,36.037641986693004,11.597774927532431
FOT_DIAG,21.483333333333334,0,48.5,0.5,51,45,45,35,40,1,1,35.958290206843223,13.041428437192772,35.960271870395765,12.660084559736449
FOT_DIAG,21.5,0,48.5,0.5,51,45,45,35,40,1,1,35.96720803918415,11.866384282825067,35.950312248073772,11.688612265785752
FOT_DIAG,21.516666666666666,0,48.5,0.5,51,45,45,35,40,1,1,36.04354303669048,12.794565292425855,35.983596841803582,11.742895346723712
FOT_DIAG,21.533333333333331,0,48.5,0.5,51,45,45,35,40,1,1,36.021506578480199,11.747745290885128,35.988537482782633,12.367978401378496
FOT_DIAG,21.550000000000001,0,48.5,0.5,51,45,45,35,40,1,1,36.004006490108573,11.748028106492665,36.025071231446063,11.978228587882054
FOT_DIAG,21.566666666666666,0,48.5,0.5,51,45,45,35,40,1,1,35.849984848578536,12.340019722929442,35.880147426218869,11.222799099889038
FOT_DIAG,21.583333333333332,0,48.5,0.5,51,45,45,35,40,1,1,35.886308206201953,12.786531987305114,35.968189091316532,13.31755856108879
FOT_DIAG,21.599999999999998,0,48.5,0.5,51,45,45,35,40,1,1,35.820578903328027,12.53071879739554,35.933307448022305,12.547741074230039
FOT_DIAG,21.616666666666667,0,48.5,0.5,51,45,45,35,40,1,1,35.898874735467786,9.3554468963973605,35.857172529675672,11.716243565205858
FOT_DIAG,21.633333333333333,0,48.5,0.5,51,45,45,35,40,1,1,35.912121324061339,10.304601296585716,35.923930243079482,11.178891051000445
FOT_DIAG,21.649999999999999,0,48.5,0.5,51,45,45,35,40,1,1,35.872593419441301,13.788048042703366,35.963775966092093,12.43745410730746
FOT_DIAG,21.666666666666664,0,48.5,0.5,51,45,45,35,40,1,1,36.116466410714168,10.331764909759986,36.060960506600857,12.416291228044992
FOT_DIAG,21.683333333333334,0,48.5,0.5,51,45,45,35,40,1,1,35.837208562725671,12.824430695485184,35.973717373794301,12.745749169194763
FOT_DIAG,21.699999999999999,0,48.5,0.5,51,45,45,35,40,1,1,36.005461428898158,12.309191859644619,35.920884295856595,12.357762128949018
FOT_DIAG,21.716666666666665,0,48.5,0.5,51,45,45,35,40,1,1,35.920846084975622,13.473994779654616,35.965107319418436,12.089164314992413
FOT_DIAG,21.733333333333334,0,48.5,0.5,51,45,45,35,40,1,1,36.037422246009861,15.059579647054989,36.026793092159664,13.29723774433338
FOT_DIAG,21.75,0,48.5,0.5,51,45,45,35,40,1,1,35.973995228347242,14.183574235658877,35.91345564128634,13.82809640526208
FOT_DIAG,21.766666666666666,0,48.5,0.5,51,45,45,35,40,1,1,35.948067570723246,10.593464583882866,35.898369922661928,12.510459452701561
FOT_DIAG,21.783333333333331,0,48.5,0.5,51,45,45,35,40,1,1,36.004193167141914,10.440694041762686,35.971776521600702,11.782559962062619
FOT_DIAG,21.800000000000001,0,48.5,0.5,51,45,45,35,40,1,1,36.113772271737709,13.630487571786967,36.031644216599297,13.361869427879734
FOT_DIAG,21.816666666666666,0,48.5,0.5,51,45,45,35,40,1,1,36.051076351519256,12.595459858584352,36.025391666131256,12.13071582770737
FOT_DIAG,21.833333333333332,0,48.5,0.5,51,45,45,35,40,1,1,35.864618477226657,13.160159313386371,35.985878627665357,12.599925648495532
FOT_DIAG,21.849999999999998,0,48.5,0.5,51,45,45,35,40,1,1,35.875107728649112,12.414631561449488,35.962659827607695,12.15628937874018
FOT_DIAG,21.866666666666667,0,48.5,0.5,51,45,45,35,40,1,1,35.918857953556326,11.457141447293553,35.908905214321038,11.553338211162176
FOT_DIAG,21.883333333333333,0,48.5,0.5,51,45,45,35,40,1,1,35.916364822671582,13.708612383416312,35.972250920168285,12.550484748028309
FOT_DIAG,21.899999999999999,0,48.5,0.5,51,45,45,35,40,1,1,36.019591775074176,12.533183593455151,35.948656391993964,12.19466031006149
FOT_DIAG,21.916666666666664,0,48.5,0.5,51,45,45,35,40,1,1,35.967341029001091,12.8778727203469,35.961331100788705,11.525161375388299
FOT_DIAG,21.933333333333334,0,48.5,0.5,51,45,45,35,40,1,1,35.925016048272468,12.624866178819326,36.015096732836007,12.994443639550775
FOT_DIAG,21.949999999999999,0,48.5,0.5,51,45,45,35,40,1,1,35.895465073307712,12.230377189188934,35.920408117317606,12.494456247089854
FOT_DIAG,21.966666666666665,0,48.5,0.5,51,45,45,35,40,1,1,36.010174499552626,11.656566414470594,35.940083424927458,11.934053633095383
FOT_DIAG,21.983333333333334,0,48.5,0.5,51,45,45,35,40,1,1,35.985140543589289,13.271539349344321,35.930088640057804,12.440369132226705
FOT_DIAG,22,0,48.5,0.5,51,45,45,35,40,1,1,35.974380911448556,12.384628113994427,35.87297560708884,12.289902702716596
FOT_DIAG,22.016666666666666,0,48.5,0.5,51,45,45,35,40,1,1,35.885792854796605,11.975127476956581,35.855574332888587,11.476975406851524
FOT_DIAG,22.033333333333331,0,48.5,0.5,51,45,45,35,40,1,1,35.912582639047791,12.089329298087044,35.953781919207813,12.091813411772357
FOT_DIAG,22.050000000000001,0,48.5,0.5,51,45,45,35,40,1,1,35.888918183992175,11.221189972563073,35.878329409091492,11.631976128656298
FOT_DIAG,22.066666666666666,0,48.5,0.5,51,45,45,35,40,1,1,35.986250591350831,11.493354025816284,35.989328084761702,11.874678374338901
FOT_DIAG,22.083333333333332,0,48.5,0.5,51,45,45,35,40,1,1,35.894225196641841,11.837295869684041,35.955020117263174,12.646956104075501
FOT_DIAG,22.099999999999998,0,48.5,0.5,51,45,45,35,40,1,1,35.889611449286527,12.159502462947142,35.909274834099293,12.979997011034362
FOT_DIAG,22.116666666666667,0,48.5,0.5,51,45,45,35,40,1,1,35.748158810598959,9.6479396661213901,35.895374401385467,11.703292200212697
FOT_DIAG,22.133333333333333,0,48.5,0.5,51,45,45,35,40,1,1,36.093914729227699,12.415227188541325,35.948612045562811,11.72429617865564
FOT_DIAG,22.149999999999999,0,48.5,0.5,51,45,45,35,40,1,1,35.931033786340251,11.477352666864618,35.895328569406182,11.034806164785994
FOT_DIAG,22.166666666666664,0,48.5,0.5,51,45,45,35,40,1,1,35.976436196433575,12.186519897248438,35.892720998905901,11.407315388006317
FOT_DIAG,22.183333333333334,0,48.5,0.5,51,45,45,35,40,1,1,35.728016974770171,14.901074428449073,35.949363778044805,13.017554624708589
FOT_DIAG,22.199999999999999,0,48.5,0.5,51,45,45,35,40,1,1,35.917108297451456,13.006088461868456,35.993274043628212,12.769027556040884
FOT_DIAG,22.216666666666665,0,48.5,0.5,51,45,45,35,40,1,1,35.877214633999401,13.181673313260736,35.85240477390095,12.463647235550129
FOT_DIAG,22.233333333333334,0,48.5,0.5,51,45,45,35,40,1,1,35.889701599133858,15.844941593924869,35.979226778514324,12.804773385171181
FOT_DIAG,22.25,0,48.5,0.5,51,45,45,35,40,1,1,35.911793836831038,11.707518473359226,35.883957786929429,11.693736785820334
FOT_DIAG,22.266666666666666,0,48.5,0.5,51,45,45,35,40,1,1,35.922332018150399,11.943268483450819,35.894707450033437,11.52396945896003
FOT_DIAG,22.283333333333331,0,48.5,0.5,51,45,45,35,40,1,1,36.01244226356949,14.350392518218102,35.949818985116337,12.192338393609564
FOT_DIAG,22.300000000000001,0,48.5,0.5,51,45,45,35,40,1,1,35.923225631659186,13.822127091466918,35.91804658646975,12.823984410955928
FOT_DIAG,22.316666666666666,0,48.5,0.5,51,45,45,35,40,1,1,35.933955852894414,11.089697493949135,35.928883936598247,11.834716398961838
FOT_DIAG,22.333333333333332,0,48.5,0.5,51,45,45,35,40,1,1,36.026296596611395,14.56479915084204,35.974214967505411,12.905626233980234
FOT_DIAG,22.349999999999998,0,48.5,0.5,51,45,45,35,40,1,1,35.943154680270311,9.4476543586252237,35.941165920895173,11.461163171700727
FOT_DIAG,22.366666666666667,0,48.5,0.5,51,45,45,35,40,1,1,35.89708819616164,14.050363675857218,35.954129309879541,13.087218065861673
FOT_DIAG,22.383333333333333,0,48.5,0.5,51,45,45,35,40,1,1,35.873771526067372,13.121737317147792,35.853091521851866,12.600585894570152
FOT_DIAG,22.399999999999999,0,48.5,0.5,51,45,45,35,40,1,1,35.734175298443375,12.354678435150655,35.844323506487378,12.020374613672972
FOT_DIAG,22.416666666666664,0,48.5,0.5,51,45,45,35,40,1,1,35.964553727519906,12.694222311445323,35.886918017494835,12.656014551029896
FOT_DIAG,22.433333333333334,0,48.5,0.5,51,45,45,35,40,1,1,36.02205416044665,12.085016831967117,35.939438667492233,12.560548041193433
FOT_DIAG,22.449999999999999,0,48.5,0.5,51,45,45,35,40,1,1,35.916616104146826,13.334636403623495,35.962110331370425,13.049661498186786
FOT_DIAG,22.466666666666665,0,48.5,0.5,51,45,45,35,40,1,1,35.86210307584593,11.403737594039441,35.926614281638159,11.879944234504157
FOT_DIAG,22.483333333333334,0,48.5,0.5,51,45,45,35,40,1,1,35.951344248426309,14.008663068844603,35.890719728885934,12.580717774947034
FOT_DIAG,22.5,0,48.5,0.5,51,45,45,35,40,1,1,35.992350704524483,13.776962879392748,35.917948919253234,12.37843540539839
FOT_DIAG,22.516666666666666,0,48.5,0.5,51,45,45,35,40,1,1,35.899943423911616,12.116640210651406,35.956892184713823,12.494756386086021
FOT_DIAG,22.533333333333331,0,48.5,0.5,51,45,45,35,40,1,1,35.927809015293519,8.3909977556725259,35.859601440028648,11.915832295737614
FOT_DIAG,22.550000000000001,0,48.5,0.5,51,45,45,35,40,1,1,36.015073448868854,10.395785117820921,35.935580729312967,12.263664313030976
FOT_DIAG,22.566666666666666,0,48.5,0.5,51,45,45,35,40,1,1,35.782016947781806,12.093927399279929,35.922078754445053,12.54332079557825
FOT_DIAG,22.583333333333332,0,48.5,0.5,51,45,45,35,40,1,1,35.831210480879662,11.312239539333968,35.905817479711452,11.723333342120178
FOT_DIAG,22.599999999999998,0,48.5,0.5,51,45,45,35,40,1,1,35.934276325726358,12.235465202152769,35.946571593632569,12.840408515431211
FOT_DIAG,22.616666666666667,0,48.5,0.5,51,45,45,35,40,1,1,35.912812719179591,12.4123573583985,35.89927261781191,12.297232868599238
FOT_DIAG,22.633333333333333,0,48.5,0.5,51,45,45,35,40,1,1,36.101889007505271,11.310836764148428,35.984429459563209,12.748187999548366
FOT_DIAG,22.649999999999999,0,48.5,0.5,51,45,45,35,40,1,1,36.051131017326988,10.401626151789438,35.931109905624929,11.730474676348466
FOT_DIAG,22.666666666666664,0,48.5,0.5,51,45,45,35,40,1,1,35.904775414737443,13.451624464936245,35.905953747905791,11.671865829946483
FOT_DIAG,22.683333333333334,0,48.5,0.5,51,45,45,35,40,1,1,36.003831151849461,11.987437499384216,35.965323014435569,12.948566128213905
FOT_DIAG,22.699999999999999,0,48.5,0.5,51,45,45,35,40,1,1,35.874558949845017,11.848184016998546,35.89270324445777,12.965548791657433
FOT_DIAG,22.716666666666665,0,48.5,0.5,51,45,45,35,40,1,1,35.965988732253898,14.648973460308628,35.902311110403055,12.125493809331823
FOT_DIAG,22.733333333333334,0,48.5,0.5,51,45,45,35,40,1,1,35.944367170916543,15.19459340616179,35.974881834370287,13.772836527211165
FOT_DIAG,22.75,0,48.5,0.5,51,45,45,35,40,1,1,35.912037006909287,12.228843900042468,35.943655428501962,12.358898488203751
FOT_DIAG,22.766666666666666,0,48.5,0.5,51,45,45,35,40,1,1,35.835638405422017,11.554386289694175,35.925802934234774,12.076828808399853
FOT_DIAG,22.783333333333331,0,48.5,0.5,51,45,45,35,40,1,1,35.922217334684738,12.396657316088863,35.976587257889427,12.706439701480024
FOT_DIAG,22.800000000000001,0,48.5,0.5,51,45,45,35,40,1,1,35.845753301458089,12.733692909270113,35.931694211117133,13.432537925298542
FOT_DIAG,22.816666666666666,0,48.5,0.5,51,45,45,35,40,1,1,36.053191651209026,14.726198441271464,35.947342385970828,13.495294619592434
FOT_DIAG,22.833333333333332,0,48.5,0.5,51,45,45,35,40,1,1,35.991440365073586,9.7533940373941785,35.980992383422645,11.569717474792789
FOT_DIAG,22.849999999999998,0,48.5,0.5,51,45,45,35,40,1,1,35.92232255535562,12.25784500988242,35.93286225777679,12.536842313493272
FOT_DIAG,22.866666666666667,0,48.5,0.5,51,45,45,35,40,1,1,35.952164422785764,14.350867856694801,35.94869147289986,11.651401647930729
FOT_DIAG,22.883333333333333,0,48.5,0.5,51,45,45,35,40,1,1,35.786386814778901,10.291052640368903,35.807224321531081,11.70237414206095
FOT_DIAG,22.899999999999999,0,48.5,0.5,51,45,45,35,40,1,1,35.999276168845803,12.96827341529586,35.936753109938543,12.63592794795944
FOT_DIAG,22.916666666666664,0,48.5,0.5,51,45,45,35,40,1,1,35.801633493991119,8.9613020758640118,35.919467746481644,12.01170369778829
FOT_DIAG,22.933333333333334,0,48.5,0.5,51,45,45,35,40,1,1,35.869484982620811,10.647294936994482,35.850608502273332,12.917414041305667
FOT_DIAG,22.949999999999999,0,48.5,0.5,51,45,45,35,40,1,1,35.807432987964447,10.846467841184763,35.848337624577468,12.078317012318847
FOT_DIAG,22.966666666666665,0,48.5,0.5,51,45,45,35,40,1,1,35.934641950477541,12.017645379309469,35.896684877248973,12.857805901600855
FOT_DIAG,22.983333333333334,0,48.5,0.5,51,45,45,35,40,1,1,35.919741883555631,11.39337475925333,35.870428053138241,12.131915335083095
FOT_DIAG,23,0,48.5,0.5,51,45,45,35,40,1,1,35.83404411795162,9.5001258695671922,35.824759550355004,11.329128456446401
FOT_DIAG,23.016666666666666,0,48.5,0.5,51,45,45,35,40,1,1,35.888101468356524,10.528497442392641,35.902704622139247,12.563607752072654
FOT_DIAG,23.033333333333331,0,48.5,0.5,51,45,45,35,40,1,1,35.854780897014194,12.190296448477241,35.94112522930282,12.292850486607968
FOT_DIAG,23.050000000000001,0,48.5,0.5,51,45,45,35,40,1,1,35.763044208095799,13.988108337347475,35.790451851978929,13.084896299182736
FOT_DIAG,23.066666666666666,0,48.5,0.5,51,45,45,35,40,1,1,35.896980116606549,10.230322207425658,35.882386024440507,12.225362371618855
FOT_DIAG,23.083333333333332,0,48.5,0.5,51,45,45,35,40,1,1,35.769827467969741,12.536114516399291,35.868055692472865,12.343869086894937
FOT_DIAG,23.099999999999998,0,48.5,0.5,51,45,45,35,40,1,1,35.848382644606133,11.46925218329134,35.868368173058926,12.384101240926617
FOT_DIAG,23.116666666666667,0,48.5,0.5,51,45,45,35,40,1,1,35.815660356790559,14.33553651959997,35.837548196121695,12.061731956322303
FOT_DIAG,23.133333333333333,0,48.5,0.5,51,45,45,35,40,1,1,35.881037974274726,12.70558000770351,35.947402447076328,12.896681660640338
FOT_DIAG,23.149999999999999,0,48.5,0.5,51,45,45,35,40,1,1,35.962123016132296,12.433431383552545,35.853040786607764,11.869787637812987
FOT_DIAG,23.166666666666664,0,48.5,0.5,51,45,45,35,40,1,1,35.848497214053374,11.830834795666116,35.912955077156568,12.456299065814434
FOT_DIAG,23.183333333333334,0,48.5,0.5,51,45,45,35,40,1,1,35.929877742539126,11.898593463441147,35.869272963823626,12.664375960290768
FOT_DIAG,23.199999999999999,0,48.5,0.5,51,45,45,35,40,1,1,35.972928194608286,13.245450853349743,35.907807544677887,13.30795943857396
FOT_DIAG,23.216666666666665,0,48.5,0.5,51,45,45,35,40,1,1,35.838626602639451,12.855991397148802,35.966159714976726,12.181914893814655
FOT_DIAG,23.233333333333334,0,48.5,0.5,51,45,45,35,40,1,1,35.921807881781568,12.448381763032152,35.912384027043913,13.02167953225962
FOT_DIAG,23.25,0,48.5,0.5,51,45,45,35,40,1,1,35.679231797170864,11.482290669368501,35.838202239393198,11.951974531756107
FOT_DIAG,23.266666666666666,0,48.5,0.5,51,45,45,35,40,1,1,35.918233284601982,12.530095291948548,35.861690952830614,12.646738596890561
FOT_DIAG,23.283333333333331,0,48.5,0.5,51,45,45,35,40,1,1,35.828514239146557,13.331390046588085,35.891168662666999,13.079233720265931
FOT_DIAG,23.300000000000001,0,48.5,0.5,51,45,45,35,40,1,1,35.994353173969188,10.757394764206172,35.917543775260519,12.556833496873153
FOT_DIAG,23.316666666666666,0,48.5,0.5,51,45,45,35,40,1,1,35.85282690782654,13.150921239744426,35.813880505407376,11.72599638897414
FOT_DIAG,23.333333333333332,0,48.5,0.5,51,45,45,35,40,1,1,35.861998938227352,12.488953214005745,35.864053371563671,11.417675707943932
FOT_DIAG,23.349999999999998,0,48.5,0.5,51,45,45,35,40,1,1,35.950938965481051,13.846339836301039,35.987109730928189,12.556422013565351
FOT_DIAG,23.366666666666667,0,48.5,0.5,51,45,45,35,40,1,1,35.86237412802128,9.0753122132582256,35.932929226084362,12.059767659228338
FOT_DIAG,23.383333333333333,0,48.5,0.5,51,45,45,35,40,1,1,36.028054491012895,13.041549099922408,35.948711009744883,12.417616179442742
FOT_DIAG,23.399999999999999,0,48.5,0.5,51,45,45,35,40,1,1,35.895820339680647,9.7479691817478624,35.961177999734275,11.185242154502332
FOT_DIAG,23.416666666666664,0,48.5,0.5,51,45,45,35,40,1,1,35.918522444430877,12.367099386584387,35.941671541073433,12.681037677404515
FOT_DIAG,23.433333333333334,0,48.5,0.5,51,45,45,35,40,1,1,35.980770072482109,12.913332643369939,35.937346685106682,13.192774675383907
FOT_DIAG,23.449999999999999,0,48.5,0.5,51,45,45,35,40,1,1,35.948689217352936,11.014104778163158,35.905090649742029,11.200073429225315
FOT_DIAG,23.466666666666665,0,48.5,0.5,51,45,45,35,40,1,1,35.743340087784226,10.356946593191035,35.930056908602239,12.192383902910246
FOT_DIAG,23.483333333333334,0,48.5,0.5,51,45,45,35,40,1,1,35.821739664880681,11.199720219795571,35.919290635930096,12.703257566354187
FOT_DIAG,23.5,0,48.5,0.5,51,45,45,35,40,1,1,35.820371599407821,14.544373056801872,35.874432266083438,12.775526539698905
FOT_DIAG,23.516666666666666,0,48.5,0.5,51,45,45,35,40,1,1,35.880599278829948,10.810414074628667,35.920752468537152,12.561447588190989
FOT_DIAG,23.533333333333331,0,48.5,0.5,51,45,45,35,40,1,1,36.034917345648431,11.41024668448806,35.936560554481325,11.965322419953711
FOT_DIAG,23.550000000000001,0,48.5,0.5,51,45,45,35,40,1,1,35.840547644738038,9.9925072289879662,35.958142761812262,11.25881530896735
FOT_DIAG,23.566666666666666,0,48.5,0.5,51,45,45,35,40,1,1,35.979054193957523,11.762976944200531,35.926616445357965,11.661902952047102
FOT_DIAG,23.583333333333332,0,48.5,0.5,51,45,45,35,40,1,1,36.063275456092782,12.957372275235038,36.030876975150115,13.010855952988539
FOT_DIAG,23.599999999999998,0,48.5,0.5,51,45,45,35,40,1,1,35.872324023859775,12.372045888757235,35.890357848182219,12.482668455207442
FOT_DIAG,23.616666666666667,0,48.5,0.5,51,45,45,35,40,1,1,35.908854198425345,10.138846236341459,35.880794076182831,12.452368365894666
FOT_DIAG,23.633333333333333,0,48.5,0.5,51,45,45,35,40,1,1,35.800970840981115,14.483147160822856,35.90607299960994,12.501023096827927
FOT_DIAG,23.649999999999999,0,48.5,0.5,51,45,45,35,40,1,1,35.867345988763539,11.324058755098404,35.909282949559362,12.279449417074986
FOT_DIAG,23.666666666666664,0,48.5,0.5,51,45,45,35,40,1,1,35.928128837230581,13.988284570258351,35.992679589922041,12.865137786899611
FOT_DIAG,23.683333333333334,0,48.5,0.5,51,45,45,35,40,1,1,35.968769154483397,11.358474641608238,35.941881263082792,11.369979862114942
FOT_DIAG,23.699999999999999,0,48.5,0.5,51,45,45,35,40,1,1,35.916732236695559,12.214402954966486,35.893893723566407,11.838724540492407
FOT_DIAG,23.716666666666665,0,48.5,0.5,51,45,45,35,40,1,1,35.928784197763477,14.518360223560069,35.957942970086009,12.379904324821251
FOT_DIAG,23.733333333333334,0,48.5,0.5,51,45,45,35,40,1,1,36.134678456433541,9.9691169336283618,36.02991568338021,10.591984122382883
FOT_DIAG,23.75,0,48.5,0.5,51,45,45,35,40,1,1,35.959584147885316,11.331082791004663,35.935849450839392,12.148322789510232
FOT_DIAG,23.766666666666666,0,48.5,0.5,51,45,45,35,40,1,1,35.892107764960166,11.204534625336766,35.969426741342431,13.190248882225987
FOT_DIAG,23.783333333333331,0,48.5,0.5,51,45,45,35,40,1,1,35.787221037379823,14.044388318776408,35.903066997240742,12.632659241031968
FOT_DIAG,23.800000000000001,0,48.5,0.5,51,45,45,35,40,1,1,35.846941012071518,11.114767884184271,35.88823689196596,12.183120639920114
FOT_DIAG,23.816666666666666,0,48.5,0.5,51,45,45,35,40,1,1,35.690358635451872,10.948433670487496,35.863028045294818,12.248338907282504
FOT_DIAG,23.833333333333332,0,48.5,0.5,51,45,45,35,40,1,1,35.931926409120088,13.68032710455504,35.962324011408683,12.722430089590363
FOT_DIAG,23.849999999999998,0,48.5,0.5,51,45,45,35,40,1,1,36.00338812663886,13.763152275096704,35.970757767032829,13.337605994866719
FOT_DIAG,23.866666666666667,0,48.5,0.5,51,45,45,35,40,1,1,35.879290948015409,16.609341552707455,35.880414889540624,11.83758626956241
FOT_DIAG,23.883333333333333,0,48.5,0.5,51,45,45,35,40,1,1,35.887795179414553,10.144643325457711,35.89276090790721,11.917082529833978
FOT_DIAG,23.899999999999999,0,48.5,0.5,51,45,45,35,40,1,1,35.975059083221325,10.707078325139499,35.956135691784304,11.975507676449316
FOT_DIAG,23.916666666666664,0,48.5,0.5,51,45,45,35,40,1,1,36.005824334193107,10.552906918175829,35.912975669833038,12.732948934409919
FOT_DIAG,23.933333333333334,0,48.5,0.5,51,45,45,35,40,1,1,35.971461436518638,12.900736275937682,35.96866940059428,12.344105763875884
FOT_DIAG,23.949999999999999,0,48.5,0.5,51,45,45,35,40,1,1,36.060408985933257,13.638171160361651,35.98309646000628,13.403615329875066
FOT_DIAG,23.966666666666665,0,48.5,0.5,51,45,45,35,40,1,1,35.956625288024625,14.450202742033721,35.879353726415147,13.547245724987352
FOT_DIAG,23.983333333333334,0,48.5,0.5,51,45,45,35,40,1,1,35.999830604706155,11.06997232985877,36.020437099792161,11.309776039348549
FOT_DIAG,24,0,48.5,0.5,51,45,45,35,40,1,1,36.002756406879996,13.46626234922914,35.932397500539508,12.172287295739395
FOT_DIAG,24.016666666666666,0,48.5,0.5,51,45,45,35,40,1,1,36.103699303600486,10.741115230240394,36.018419001707109,12.48111866421651
FOT_DIAG,24.033333333333331,0,48.5,0.5,51,45,45,35,40,1,1,35.991652002014355,15.15900663037673,36.028876722331582,12.788637286557362
FOT_DIAG,24.050000000000001,0,48.5,0.5,51,45,45,35,40,1,1,35.904269398738762,13.357406079587779,35.949279494243129,12.506018455796186
FOT_DIAG,24.066666666666666,0,48.5,0.5,51,45,45,35,40,1,1,35.936626657580227,12.803977940586975,35.954178708478103,11.692088579828749
FOT_DIAG,24.083333333333332,0,48.5,0.5,51,45,45,35,40,1,1,35.960916046338824,11.299741612605228,35.936149292107871,11.126465108870953
FOT_DIAG,24.099999999999998,0,48.5,0.5,51,45,45,35,40,1,1,36.095750751799301,11.397856163000551,36.067445637210291,13.392112802006693
FOT_DIAG,24.116666666666667,0,48.5,0.5,51,45,45,35,40,1,1,35.890304808953012,13.487758671813712,35.967005867126623,12.171887232742888
FOT_DIAG,24.133333333333333,0,48.5,0.5,51,45,45,35,40,1,1,35.941219000960665,10.763088970562642,35.895108741181396,13.37991207569366
FOT_DIAG,24.149999999999999,0,48.5,0.5,51,45,45,35,40,1,1,35.889271406347966,13.351818570117025,35.959384540603239,12.674747677780468
FOT_DIAG,24.166666666666664,0,48.5,0.5,51,45,45,35,40,1,1,35.909716631578576,9.0994231632413971,35.970739223228634,10.672568183580426
FOT_DIAG,24.183333333333334,0,48.5,0.5,51,45,45,35,40,1,1,36.048240158583141,9.9970718802427321,35.977922298383916,12.630474241238465
FOT_DIAG,24.199999999999999,0,48.5,0.5,51,45,45,35,40,1,1,36.120187078768375,12.12726714623771,36.047776305856601,12.88092101155879
FOT_DIAG,24.216666666666665,0,48.5,0.5,51,45,45,35,40,1,1,35.912971428385944,13.1595714333701,35.924840599336576,12.847440394440712
FOT_DIAG,24.233333333333334,0,48.5,0.5,51,45,45,35,40,1,1,36.076217411510157,13.204260833508165,35.945102980902917,12.441822284825315
FOT_DIAG,24.25,0,48.5,0.5,51,45,45,35,40,1,1,35.989876428326838,12.428477048149396,35.926960204110785,12.312489752305858
FOT_DIAG,24.266666666666666,0,48.5,0.5,51,45,45,35,40,1,1,35.900290460071304,10.665678061037109,35.881338456666683,11.664147340484986
FOT_DIAG,24.283333333333331,0,48.5,0.5,51,45,45,35,40,1,1,36.103815158943164,14.315799008658029,36.058353457357477,12.01882289266185
FOT_DIAG,24.300000000000001,0,48.5,0.5,51,45,45,35,40,1,1,35.966229319492996,11.921120480405612,36.005698147610438,13.120677425425491
FOT_DIAG,24.316666666666666,0,48.5,0.5,51,45,45,35,40,1,1,35.88806478221661,14.687811469888224,35.938825857329554,13.406086339382712
FOT_DIAG,24.333333333333332,0,48.5,0.5,51,45,45,35,40,1,1,35.836356466206645,14.004018664461217,35.967871028275226,11.966191372599337
FOT_DIAG,24.349999999999998,0,48.5,0.5,51,45,45,35,40,1,1,35.940765838087131,11.657106832466271,35.955200917220708,11.507643686637925
FOT_DIAG,24.366666666666667,0,48.5,0.5,51,45,45,35,40,1,1,35.969161187563749,10.972491448466146,35.949326791682125,13.643033248216504
FOT_DIAG,24.383333333333333,0,48.5,0.5,51,45,45,35,40,1,1,36.210382104568268,11.112903538349528,36.036118198268277,11.536721667310728
FOT_DIAG,24.399999999999999,0,48.5,0.5,51,45,45,35,40,1,1,35.998725581540413,11.20800134776918,36.00681831891383,11.831572123220784
FOT_DIAG,24.416666666666664,0,48.5,0.5,51,45,45,35,40,1,1,35.909157579137037,11.6524074582975,35.960479279976035,11.84574819522949
FOT_DIAG,24.433333333333334,0,48.5,0.5,51,45,45,35,40,1,1,35.875733848426286,9.4728294594456486,35.97482719204924,11.766922287532674
FOT_DIAG,24.449999999999999,0,48.5,0.5,51,45,45,35,40,1,1,35.990753343081224,13.208475934118589,36.017861162925911,12.915610083421557
FOT_DIAG,24.466666666666665,0,48.5,0.5,51,45,45,35,40,1,1,36.158941166222519,12.821538812706478,36.044102439106076,11.893460028573609
FOT_DIAG,24.483333333333334,0,48.5,0.5,51,45,45,35,40,1,1,35.930775554493053,12.582319317089338,36.004031029308152,11.787954561126867
FOT_DIAG,24.5,0,48.5,0.5,51,45,45,35,40,1,1,36.069675051668597,11.111147765130561,36.058751537197175,13.028409410848118
FOT_DIAG,24.516666666666666,0,48.5,0.5,51,45,45,35,40,1,1,35.968492867168642,11.247745408882803,36.072846358398884,12.569275939179263
FOT_DIAG,24.533333333333331,0,48.5,0.5,51,45,45,35,40,1,1,35.995655510803743,11.367433412181827,36.009154731142026,11.622421837108107
FOT_DIAG,24.550000000000001,0,48.5,0.5,51,45,45,35,40,1,1,35.861429178072328,11.895003626710093,35.946740953911906,11.952379769259585
FOT_DIAG,24.566666666666666,0,48.5,0.5,51,45,45,35,40,1,1,35.948126323350664,11.149614479823693,36.028542461230749,12.758308142400926
FOT_DIAG,24.583333333333332,0,48.5,0.5,51,45,45,35,40,1,1,35.845153157725484,12.079699490786767,35.938983468825981,12.40868114245232
FOT_DIAG,24.599999999999998,0,48.5,0.5,51,45,45,35,40,1,1,36.025688896035192,11.928002158148663,35.990178076083595,11.392222029395652
FOT_DIAG,24.616666666666667,0,48.5,0.5,51,45,45,35,40,1,1,36.053854285157371,8.4322647113805829,35.94487405045296,11.312351058812958
FOT_DIAG,24.633333333333333,0,48.5,0.5,51,45,45,35,40,1,1,35.966008575297415,13.513735702350802,35.947248984546746,11.531458625948027
FOT_DIAG,24.649999999999999,0,48.5,0.5,51,45,45,35,40,1,1,36.00481489367094,13.436717637948931,36.002772320420718,13.312158738462264
FOT_DIAG,24.666666666666664,0,48.5,0.5,51,45,45,35,40,1,1,35.811612594301245,11.57117576457637,35.917667536690779,11.515381668181968
FOT_DIAG,24.683333333333334,0,48.5,0.5,51,45,45,35,40,1,1,36.193252679161077,9.7803125346766819,36.020369360413412,11.061651297317797
FOT_DIAG,24.699999999999999,0,48.5,0.5,51,45,45,35,40,1,1,35.871223351478477,14.417241983334515,35.947923600258569,12.414641041354496
FOT_DIAG,24.716666666666665,0,48.5,0.5,51,45,45,35,40,1,1,35.993485887396105,12.610540781134411,35.970904563483096,12.78848758691109
FOT_DIAG,24.733333333333334,0,48.5,0.5,51,45,45,35,40,1,1,35.950247708781198,11.098251681362775,35.937352315140387,11.731847047902471
FOT_DIAG,24.75,0,48.5,0.5,51,45,45,35,40,1,1,35.954766229543829,13.209841615316902,35.932992430419404,13.476948536249367
FOT_DIAG,24.766666666666666,0,48.5,0.5,51,45,45,35,40,1,1,35.842252657136619,14.850595440144204,35.862959499398372,12.980131766759962
FOT_DIAG,24.783333333333331,0,48.5,0.5,51,45,45,35,40,1,1,35.844428196690394,12.924000611615691,35.863151224133219,12.510367858111763
FOT_DIAG,24.800000000000001,0,48.5,0.5,51,45,45,35,40,1,1,35.854330434280463,12.516764663437744,35.850558261837683,12.343829442089785
FOT_DIAG,24.816666666666666,0,48.5,0.5,51,45,45,35,40,1,1,35.965390769236379,15.342944973396044,35.931217465258641,12.476426370794089
FOT_DIAG,24.833333333333332,0,48.5,0.5,51,45,45,35,40,1,1,36.039187769783418,13.766078279476091,35.957085928814919,12.638493419320877
FOT_DIAG,24.849999999999998,0,48.5,0.5,51,45,45,35,40,1,1,35.786456986554612,11.867298433939283,35.854653112455914,12.944269753627683
FOT_DIAG,24.866666666666667,0,48.5,0.5,51,45,45,35,40,1,1,35.917837019365045,13.196826453968661,35.920985843015636,12.295758748514938
FOT_DIAG,24.883333333333333,0,48.5,0.5,51,45,45,35,40,1,1,35.844236671024724,15.206309256423951,35.926368988490943,13.864831919496416
FOT_DIAG,24.899999999999999,0,48.5,0.5,51,45,45,35,40,1,1,35.859808278032759,10.511914075544116,35.900433298711633,11.760327524703445
FOT_DIAG,24.916666666666664,0,48.5,0.5,51,45,45,35,40,1,1,36.074317288242597,11.288963538318773,35.908547300756517,13.277262409624226
FOT_DIAG,24.933333333333334,0,48.5,0.5,51,45,45,35,40,1,1,35.9988652241518,13.809332613787841,35.970270154844606,12.94692306367492
FOT_DIAG,24.949999999999999,0,48.5,0.5,51,45,45,35,40,1,1,35.907718380981756,12.345103555601678,35.895593482114137,12.264951951511033
FOT_DIAG,24.966666666666665,0,48.5,0.5,51,45,45,35,40,1,1,35.985858206615504,11.903909239123919,35.89279804278106,12.501429239570502
FOT_DIAG,24.983333333333331,0,48.5,0.5,51,45,45,35,40,1,1,36.050218425681933,10.048445790911966,36.032420366271168,12.086166720704506
FOT_DIAG,25,0,48.5,0.5,51,45,45,35,40,1,1,35.877922336986543,10.299940372504381,35.958994296653501,12.485595329014682
FOT_IDV,25.000410376861183,1
FOT_DIAG,25.016666666666666,1,45.499999999999993,0.5,54,45,45,35,40,1,1,35.909394644869387,11.35293455329904,35.888199048457324,12.755255134020716
FOT_DIAG,25.033333333333331,1,45.499999999999993,0.5,54,45,45,35,40,1,1,35.991370605875495,11.723849079433473,35.925577207918785,12.698480081651285
FOT_DIAG,25.050000000000001,1,45.499999999999993,0.5,54,45,45,35,40,1,1,35.764621623926004,12.268449309475436,35.81976895713666,12.405094288177123
FOT_DIAG,25.066666666666666,1,45.499999999999993,0.5,54,45,45,35,40,1,1,35.827742709374583,12.667660831878521,35.853315895294301,12.549845359548854
FOT_DIAG,25.083333333333332,1,45.499999999999993,0.5,54,45,45,35,40,1,1,35.842747807771985,10.997937601152833,35.786706384374284,11.812840173657255
FOT_DIAG,25.100000000000001,1,45.499999999999993,0.5,54,45,45,35,40,1,1,35.643750937041851,10.726690351942826,35.748467741129517,11.444271825577303
[Warning: The specified buffer for '<a href="matlab:open_and_hilite_hyperlink ('MultiLoop_mode1/Variable Time Delay','error')">MultiLoop_mode1/Variable Time Delay</a>' was too
small. During simulation, the buffer size was temporarily increased to 80896.
In order to generate code, you need to update the buffer size parameter] 
[> In <a href="matlab:matlab.lang.internal.introspective.errorDocCallback('generate_fault_runs', '/Users/luker/fot-tep/studio2/fase03/fault_runs/generate_fault_runs.m', 95)" style="font-weight:bold">generate_fault_runs</a> (<a href="matlab: opentoline('/Users/luker/fot-tep/studio2/fase03/fault_runs/generate_fault_runs.m',95,0)">line 95</a>)] 
