time_h,idv_mask,feed_a_pct,feed_b_pct,feed_c_pct,d_feed_temp,c_feed_temp,reactor_cw_temp,condenser_cw_temp,kinetic_r1,kinetic_r2,reactor_valve_command,condenser_valve_command,reactor_valve_position,condenser_valve_position
0.0,0.0,48.5,0.5,51.0,45.0,45.0,35.0,40.0,1.0,1.0,41.105812072753906,18.11349105834961,35.944588369409736,12.209547880014606
0.016666666666666666,0.0,48.5,0.5,51.0,45.0,45.0,35.0,40.0,1.0,1.0,36.069354094207554,10.626667833705545,35.926963607868714,12.021331482524117
0.03333333333333333,0.0,48.5,0.5,51.0,45.0,45.0,35.0,40.0,1.0,1.0,35.900062214790076,10.958184256388655,35.90826784578583,12.165677606669263
0.049999999999999996,0.0,48.5,0.5,51.0,45.0,45.0,35.0,40.0,1.0,1.0,35.92337519955843,14.134122084247444,35.97576092651877,14.167049947887003
0.06666666666666667,0.0,48.5,0.5,51.0,45.0,45.0,35.0,40.0,1.0,1.0,35.92658304143982,10.834138353568928,35.91084770152573,11.776919159536943
0.08333333333333333,0.0,48.5,0.5,51.0,45.0,45.0,35.0,40.0,1.0,1.0,35.77116983256891,9.9702383088858,35.813578809769325,11.626627074949702
0.09999999999999999,0.0,48.5,0.5,51.0,45.0,45.0,35.0,40.0,1.0,1.0,35.94209748845818,13.302089780270467,35.963811366646,12.931590557201568
0.11666666666666667,0.0,48.5,0.5,51.0,45.0,45.0,35.0,40.0,1.0,1.0,35.80984389845322,11.299858880161889,36.02915077900326,12.444627924524069
0.13333333333333333,0.0,48.5,0.5,51.0,45.0,45.0,35.0,40.0,1.0,1.0,35.93877879502208,13.129137528530894,35.94076701278001,12.808604477829002
0.15,0.0,48.5,0.5,51.0,45.0,45.0,35.0,40.0,1.0,1.0,35.714805348159196,16.06079258852042,35.898827692857544,12.602207815630997
0.16666666666666666,0.0,48.5,0.5,51.0,45.0,45.0,35.0,40.0,1.0,1.0,36.078377490275145,13.433951625633233,35.99967312016208,12.224935979244668
0.18333333333333332,0.0,48.5,0.5,51.0,45.0,45.0,35.0,40.0,1.0,1.0,35.842932759210285,11.37188054104075,35.94412724191684,11.678510096361771
0.19999999999999998,0.0,48.5,0.5,51.0,45.0,45.0,35.0,40.0,1.0,1.0,35.76717585826054,11.18429174316553,35.894443497956885,11.496607724286939
0.21666666666666665,0.0,48.5,0.5,51.0,45.0,45.0,35.0,40.0,1.0,1.0,35.96799531123274,14.38038013770872,35.938121465346015,11.918889678274054
0.23333333333333334,0.0,48.5,0.5,51.0,45.0,45.0,35.0,40.0,1.0,1.0,35.94624679814342,12.730527887384515,35.987751157926425,13.476360991107748
0.25,0.0,48.5,0.5,51.0,45.0,45.0,35.0,40.0,1.0,1.0,35.85469079751016,7.80892943089656,35.91761200032894,11.056026236529664
0.26666666666666666,0.0,48.5,0.5,51.0,45.0,45.0,35.0,40.0,1.0,1.0,35.89851496068162,14.564587811761132,35.92303801471506,12.513770121811856
0.2833333333333333,0.0,48.5,0.5,51.0,45.0,45.0,35.0,40.0,1.0,1.0,35.93188509360427,12.429220365666145,35.92352601347223,12.424990034232724
0.3,0.0,48.5,0.5,51.0,45.0,45.0,35.0,40.0,1.0,1.0,35.89138102885258,12.287604880280234,35.83169920567825,12.125192113193954
0.31666666666666665,0.0,48.5,0.5,51.0,45.0,45.0,35.0,40.0,1.0,1.0,36.01468308240396,11.191482381127292,35.950790954947095,12.392397291085372
0.3333333333333333,0.0,48.5,0.5,51.0,45.0,45.0,35.0,40.0,1.0,1.0,35.99597663480061,12.334420660447748,35.97461937883396,12.770213974664788
0.35,0.0,48.5,0.5,51.0,45.0,45.0,35.0,40.0,1.0,1.0,36.05058017335287,11.604625335142732,35.99489249802058,11.57512559725587
0.36666666666666664,0.0,48.5,0.5,51.0,45.0,45.0,35.0,40.0,1.0,1.0,35.755441059089804,12.627458313051644,35.85660031863159,11.985590410509749
0.3833333333333333,0.0,48.5,0.5,51.0,45.0,45.0,35.0,40.0,1.0,1.0,35.834444394560286,12.46846085840164,35.93397890537022,12.623187505540512
0.39999999999999997,0.0,48.5,0.5,51.0,45.0,45.0,35.0,40.0,1.0,1.0,36.034371175751915,14.657372806964112,35.961057642183,12.691371089880207
0.41666666666666663,0.0,48.5,0.5,51.0,45.0,45.0,35.0,40.0,1.0,1.0,35.876245180807736,11.110323893819597,35.883193855102235,12.70966918301208
0.4333333333333333,0.0,48.5,0.5,51.0,45.0,45.0,35.0,40.0,1.0,1.0,36.02509631742136,14.70616623582681,35.906087414414074,11.802325663019916
0.45,0.0,48.5,0.5,51.0,45.0,45.0,35.0,40.0,1.0,1.0,36.013538168534076,11.318087714220354,35.96597853380105,12.45229823597052
0.4666666666666667,0.0,48.5,0.5,51.0,45.0,45.0,35.0,40.0,1.0,1.0,35.97945972231749,13.52925542839997,35.9326689984732,13.25049696575407
0.48333333333333334,0.0,48.5,0.5,51.0,45.0,45.0,35.0,40.0,1.0,1.0,35.932501561555,12.656937002747103,35.90041335029125,12.106116021620963
0.5,0.0,48.5,0.5,51.0,45.0,45.0,35.0,40.0,1.0,1.0,35.85028040412553,12.536166695275433,35.90367743319418,12.302725877027553
0.5166666666666666,0.0,48.5,0.5,51.0,45.0,45.0,35.0,40.0,1.0,1.0,35.898276038687094,13.352493068093638,35.874879132019885,12.918858571343538
0.5333333333333333,0.0,48.5,0.5,51.0,45.0,45.0,35.0,40.0,1.0,1.0,35.828650173694854,12.175916980865077,35.89489554851176,12.309593504178439
0.5499999999999999,0.0,48.5,0.5,51.0,45.0,45.0,35.0,40.0,1.0,1.0,35.86366663778199,12.180841728000713,35.91427638773955,12.578341303425466
0.5666666666666667,0.0,48.5,0.5,51.0,45.0,45.0,35.0,40.0,1.0,1.0,35.985566942450085,16.019593937582727,35.952689607037826,12.373238960449504
0.5833333333333333,0.0,48.5,0.5,51.0,45.0,45.0,35.0,40.0,1.0,1.0,35.686205059804124,11.887959038708914,35.853566075512475,12.6152621005929
0.6,0.0,48.5,0.5,51.0,45.0,45.0,35.0,40.0,1.0,1.0,35.85584514624035,11.97233011339448,35.92641099509807,11.97708199035777
0.6166666666666667,0.0,48.5,0.5,51.0,45.0,45.0,35.0,40.0,1.0,1.0,35.85718821191916,13.201651870391276,35.86100223696286,12.691361556777196
0.6333333333333333,0.0,48.5,0.5,51.0,45.0,45.0,35.0,40.0,1.0,1.0,35.87145023120207,12.49182468748026,35.87482264515342,12.616161028576233
0.65,0.0,48.5,0.5,51.0,45.0,45.0,35.0,40.0,1.0,1.0,35.998043103863125,11.597659177473286,35.94788454777507,12.541541738621888
0.6666666666666666,0.0,48.5,0.5,51.0,45.0,45.0,35.0,40.0,1.0,1.0,35.83519474992092,13.202866267314866,35.92799000088581,12.672631175659857
0.6833333333333333,0.0,48.5,0.5,51.0,45.0,45.0,35.0,40.0,1.0,1.0,35.969167190752195,15.51927348805479,35.93791565252299,12.429451062185482
0.7,0.0,48.5,0.5,51.0,45.0,45.0,35.0,40.0,1.0,1.0,36.02406259527337,12.015773240256532,35.953553067630786,11.330579107097487
0.7166666666666667,0.0,48.5,0.5,51.0,45.0,45.0,35.0,40.0,1.0,1.0,35.96749889919091,11.819020653474135,35.918441837295624,11.68630572097888
0.7333333333333333,0.0,48.5,0.5,51.0,45.0,45.0,35.0,40.0,1.0,1.0,36.16231045648374,12.104712507093247,36.02162449373197,12.803573182381207
0.75,0.0,48.5,0.5,51.0,45.0,45.0,35.0,40.0,1.0,1.0,36.070202779812455,13.61191778952568,36.024262210161226,13.067173325643958
0.7666666666666666,0.0,48.5,0.5,51.0,45.0,45.0,35.0,40.0,1.0,1.0,35.94320222248178,14.371957048148262,35.96456905094412,13.581858097314141
0.7833333333333333,0.0,48.5,0.5,51.0,45.0,45.0,35.0,40.0,1.0,1.0,35.89596110823557,12.139839877457607,35.9307431778564,12.3215689984253
0.7999999999999999,0.0,48.5,0.5,51.0,45.0,45.0,35.0,40.0,1.0,1.0,35.979207408969664,12.801223819925486,35.9281139027313,12.063672526594377
0.8166666666666667,0.0,48.5,0.5,51.0,45.0,45.0,35.0,40.0,1.0,1.0,35.9825601858855,12.233407001321892,36.025434715477054,12.488806883216943
0.8333333333333333,0.0,48.5,0.5,51.0,45.0,45.0,35.0,40.0,1.0,1.0,36.02762298165465,12.274179224767009,35.99144911907932,11.996235781928085
0.85,0.0,48.5,0.5,51.0,45.0,45.0,35.0,40.0,1.0,1.0,35.965770749927145,12.17028003490227,35.967884553446034,12.870574055096608
0.8666666666666666,0.0,48.5,0.5,51.0,45.0,45.0,35.0,40.0,1.0,1.0,36.02540333662258,12.732584273454172,35.97784261533181,12.571566998852104
0.8833333333333333,0.0,48.5,0.5,51.0,45.0,45.0,35.0,40.0,1.0,1.0,36.016712451237254,13.249522341033089,36.008719802186576,13.919508191517481
0.9,0.0,48.5,0.5,51.0,45.0,45.0,35.0,40.0,1.0,1.0,35.93217787143482,12.211706123796187,35.91690988184176,11.52409656544037
0.9166666666666666,0.0,48.5,0.5,51.0,45.0,45.0,35.0,40.0,1.0,1.0,36.051108912819764,13.570755351002655,35.92052452698755,12.637984680135391
0.9333333333333333,0.0,48.5,0.5,51.0,45.0,45.0,35.0,40.0,1.0,1.0,35.98825618173212,9.3952743795074,35.942106337761174,11.64320102490724
0.95,0.0,48.5,0.5,51.0,45.0,45.0,35.0,40.0,1.0,1.0,36.136457114620164,10.337885893981012,36.04365747896504,12.509862698044863
0.9666666666666667,0.0,48.5,0.5,51.0,45.0,45.0,35.0,40.0,1.0,1.0,35.91108214808103,12.948779384000773,35.8951166662004,13.061865703975316
0.9833333333333333,0.0,48.5,0.5,51.0,45.0,45.0,35.0,40.0,1.0,1.0,35.909599357643856,11.782792133461996,35.941692254730576,12.621317123031574
1.0,0.0,48.5,0.5,51.0,45.0,45.0,35.0,40.0,1.0,1.0,35.746286150658776,12.309994201591119,35.88094515386394,12.503735730765868
1.0166666666666666,0.0,48.5,0.5,51.0,45.0,45.0,35.0,40.0,1.0,1.0,35.9017400621674,10.889679534777844,35.910875695137875,13.10342957344061
1.0333333333333332,0.0,48.5,0.5,51.0,45.0,45.0,35.0,40.0,1.0,1.0,35.870876763052046,15.5822523617508,35.90853357168634,12.301273150584722
1.05,0.0,48.5,0.5,51.0,45.0,45.0,35.0,40.0,1.0,1.0,35.996194579072615,13.929464497591717,35.90450490081601,12.161733364973987
1.0666666666666667,0.0,48.5,0.5,51.0,45.0,45.0,35.0,40.0,1.0,1.0,35.921406357392605,11.762725955038203,35.91594572509836,11.79003353316559
1.0833333333333333,0.0,48.5,0.5,51.0,45.0,45.0,35.0,40.0,1.0,1.0,35.8532831700209,10.812898952671542,35.988013549441725,12.509258519652505
1.0999999999999999,0.0,48.5,0.5,51.0,45.0,45.0,35.0,40.0,1.0,1.0,35.981187820396826,12.00736466260899,35.94732018116422,12.201558264181108
1.1166666666666667,0.0,48.5,0.5,51.0,45.0,45.0,35.0,40.0,1.0,1.0,36.042643062377714,10.984349896891015,35.99564054196518,12.084207758326164
1.1333333333333333,0.0,48.5,0.5,51.0,45.0,45.0,35.0,40.0,1.0,1.0,35.891854830319915,14.491200154595974,35.92114113616381,13.093314843607411
1.15,0.0,48.5,0.5,51.0,45.0,45.0,35.0,40.0,1.0,1.0,36.1476391503057,14.659228890610185,36.04013238604749,13.42573063314745
1.1666666666666665,0.0,48.5,0.5,51.0,45.0,45.0,35.0,40.0,1.0,1.0,36.01198284294977,10.48229474969758,35.99660981864128,11.537545742422653
1.1833333333333333,0.0,48.5,0.5,51.0,45.0,45.0,35.0,40.0,1.0,1.0,35.8164356565974,10.293414226430711,35.93539123551487,12.877116942963418
1.2,0.0,48.5,0.5,51.0,45.0,45.0,35.0,40.0,1.0,1.0,35.96507483979831,12.289396283020627,35.97549630602459,12.328701937354225
1.2166666666666666,0.0,48.5,0.5,51.0,45.0,45.0,35.0,40.0,1.0,1.0,35.89426809972639,13.193931031828752,35.88345896275359,11.51948463607923
1.2333333333333334,0.0,48.5,0.5,51.0,45.0,45.0,35.0,40.0,1.0,1.0,35.924511880907914,11.430043508923546,35.92206421224079,11.490284991398168
1.25,0.0,48.5,0.5,51.0,45.0,45.0,35.0,40.0,1.0,1.0,35.96136838238639,13.700632789346503,35.97259508710164,12.507738690093197
1.2666666666666666,0.0,48.5,0.5,51.0,45.0,45.0,35.0,40.0,1.0,1.0,35.80205699343944,16.05115982867072,35.95103495018575,13.22560537652629
1.2833333333333332,0.0,48.5,0.5,51.0,45.0,45.0,35.0,40.0,1.0,1.0,35.94296568868927,12.527362264049277,35.91621148423495,11.95021727609269
1.3,0.0,48.5,0.5,51.0,45.0,45.0,35.0,40.0,1.0,1.0,35.87013159132095,12.191108977795842,35.886910791662885,12.888508360122437
1.3166666666666667,0.0,48.5,0.5,51.0,45.0,45.0,35.0,40.0,1.0,1.0,35.93942268283458,9.302398498923772,35.9391133424028,12.184992742022091
1.3333333333333333,0.0,48.5,0.5,51.0,45.0,45.0,35.0,40.0,1.0,1.0,35.98757639491897,11.852533127808936,35.880611498651916,11.540205750056742
1.3499999999999999,0.0,48.5,0.5,51.0,45.0,45.0,35.0,40.0,1.0,1.0,35.937917854722514,11.40015085053198,35.96909857504674,12.380364732492643
1.3666666666666667,0.0,48.5,0.5,51.0,45.0,45.0,35.0,40.0,1.0,1.0,35.91018677982071,11.10852810351739,35.91469970390917,12.300634776557096
1.3833333333333333,0.0,48.5,0.5,51.0,45.0,45.0,35.0,40.0,1.0,1.0,36.033276155114315,12.502477226372314,35.9227502707306,11.819282778597785
1.4,0.0,48.5,0.5,51.0,45.0,45.0,35.0,40.0,1.0,1.0,35.89757898325784,9.170031628219991,35.97766444387715,11.429235334542822
1.4166666666666665,0.0,48.5,0.5,51.0,45.0,45.0,35.0,40.0,1.0,1.0,35.90745252117733,14.270833621467222,35.96964725238355,12.589561676125882
1.4333333333333333,0.0,48.5,0.5,51.0,45.0,45.0,35.0,40.0,1.0,1.0,36.10031545029635,13.906958104182712,36.00876824845569,12.439438277171858
1.45,0.0,48.5,0.5,51.0,45.0,45.0,35.0,40.0,1.0,1.0,35.852617799707566,11.529567608897716,35.942944358835085,11.68886649541526
1.4666666666666666,0.0,48.5,0.5,51.0,45.0,45.0,35.0,40.0,1.0,1.0,35.90058892501944,12.770362390994055,35.943244603124,13.546577368179998
1.4833333333333334,0.0,48.5,0.5,51.0,45.0,45.0,35.0,40.0,1.0,1.0,35.73651645847367,12.25738256016095,35.867321989850446,10.97471142638658
1.5,0.0,48.5,0.5,51.0,45.0,45.0,35.0,40.0,1.0,1.0,35.85262308915004,13.628509672986533,35.94155926646774,13.10396909871081
1.5166666666666666,0.0,48.5,0.5,51.0,45.0,45.0,35.0,40.0,1.0,1.0,35.93486260301039,10.48537899680473,35.91535852962196,12.947367136615679
1.5333333333333332,0.0,48.5,0.5,51.0,45.0,45.0,35.0,40.0,1.0,1.0,35.96181166650726,10.485181461303462,35.89594014230336,12.522904731985271
1.55,0.0,48.5,0.5,51.0,45.0,45.0,35.0,40.0,1.0,1.0,35.79517437141404,10.292463669184968,35.873157611018534,11.898045860530145
1.5666666666666667,0.0,48.5,0.5,51.0,45.0,45.0,35.0,40.0,1.0,1.0,35.9189791559537,13.323366202141576,35.894065853738184,12.597934227102968
1.5833333333333333,0.0,48.5,0.5,51.0,45.0,45.0,35.0,40.0,1.0,1.0,35.78690361666334,12.971105871667804,35.89076045953247,12.178383811287635
1.5999999999999999,0.0,48.5,0.5,51.0,45.0,45.0,35.0,40.0,1.0,1.0,35.87045889132259,12.96455506478795,35.90076222313161,12.9502184822794
1.6166666666666667,0.0,48.5,0.5,51.0,45.0,45.0,35.0,40.0,1.0,1.0,35.92855359759304,12.321217508021368,35.92745687854363,12.49590251191842
1.6333333333333333,0.0,48.5,0.5,51.0,45.0,45.0,35.0,40.0,1.0,1.0,36.01579806025275,9.583919635757727,35.96585901341393,11.482095286717227
1.65,0.0,48.5,0.5,51.0,45.0,45.0,35.0,40.0,1.0,1.0,35.871068791497784,14.61928073927598,35.863230655505184,12.539187831623371
1.6666666666666665,0.0,48.5,0.5,51.0,45.0,45.0,35.0,40.0,1.0,1.0,35.90767654603126,12.18413393687899,35.8761104741104,11.753254405356158
1.6833333333333333,0.0,48.5,0.5,51.0,45.0,45.0,35.0,40.0,1.0,1.0,35.80983214802265,12.375133781636338,35.848847667190334,13.13300331935047
1.7,0.0,48.5,0.5,51.0,45.0,45.0,35.0,40.0,1.0,1.0,35.87509915897919,10.646864172800996,35.86878421007815,11.756177397888369
1.7166666666666666,0.0,48.5,0.5,51.0,45.0,45.0,35.0,40.0,1.0,1.0,35.972154554489016,12.540364218130666,35.85900589556407,12.159499046389069
1.7333333333333332,0.0,48.5,0.5,51.0,45.0,45.0,35.0,40.0,1.0,1.0,36.000792588720785,11.438538196227348,35.98397731925459,12.056446691412471
1.75,0.0,48.5,0.5,51.0,45.0,45.0,35.0,40.0,1.0,1.0,35.82883781221654,14.293430138259495,35.872425273148515,12.10106011739496
1.7666666666666666,0.0,48.5,0.5,51.0,45.0,45.0,35.0,40.0,1.0,1.0,35.90720882375821,10.675663326416968,35.89174662877114,12.390037079344447
1.7833333333333332,0.0,48.5,0.5,51.0,45.0,45.0,35.0,40.0,1.0,1.0,35.85135657000239,14.678465735313218,35.89761594866052,12.444167994130796
1.8,0.0,48.5,0.5,51.0,45.0,45.0,35.0,40.0,1.0,1.0,35.954661381156804,15.281124499537679,35.87008533182392,13.095024977370963
1.8166666666666667,0.0,48.5,0.5,51.0,45.0,45.0,35.0,40.0,1.0,1.0,35.9246471330306,13.844929907720859,35.81332366008677,12.099665567479072
1.8333333333333333,0.0,48.5,0.5,51.0,45.0,45.0,35.0,40.0,1.0,1.0,35.76153216676347,13.748457940732091,35.841012337679906,13.134639339061822
1.8499999999999999,0.0,48.5,0.5,51.0,45.0,45.0,35.0,40.0,1.0,1.0,35.89993237296535,14.00468131752415,35.916342727307125,12.344987959897422
1.8666666666666667,0.0,48.5,0.5,51.0,45.0,45.0,35.0,40.0,1.0,1.0,35.906265046309656,8.10603878775927,35.88204266398694,11.552844489010859
1.8833333333333333,0.0,48.5,0.5,51.0,45.0,45.0,35.0,40.0,1.0,1.0,35.84776560383673,14.328376190228493,35.91228786756734,12.127728506110694
1.9,0.0,48.5,0.5,51.0,45.0,45.0,35.0,40.0,1.0,1.0,35.82621084338801,12.703852181676705,35.81113083887289,12.229999806726115
1.9166666666666665,0.0,48.5,0.5,51.0,45.0,45.0,35.0,40.0,1.0,1.0,35.90891614507481,11.496961309250583,35.902712703342736,11.651390958365333
1.9333333333333333,0.0,48.5,0.5,51.0,45.0,45.0,35.0,40.0,1.0,1.0,35.991237114817416,11.04863743278047,35.9316238730466,11.038770349255607
1.95,0.0,48.5,0.5,51.0,45.0,45.0,35.0,40.0,1.0,1.0,35.892704445299564,11.749381504785916,35.90581559156752,12.488516350513637
1.9666666666666666,0.0,48.5,0.5,51.0,45.0,45.0,35.0,40.0,1.0,1.0,36.06128623304791,14.067464634442166,35.912168005810585,12.230946985884856
1.9833333333333332,0.0,48.5,0.5,51.0,45.0,45.0,35.0,40.0,1.0,1.0,35.95071532482467,12.846399498621524,35.883978807614916,12.11858058644195
2.0,0.0,48.5,0.5,51.0,45.0,45.0,35.0,40.0,1.0,1.0,35.86872263674165,10.42226757239718,35.894321209556495,11.917298237893878
2.0166666666666666,0.0,48.5,0.5,51.0,45.0,45.0,35.0,40.0,1.0,1.0,35.982257390950814,11.968513184177091,35.92897018127991,12.574373355978492
2.033333333333333,0.0,48.5,0.5,51.0,45.0,45.0,35.0,40.0,1.0,1.0,35.85895209261702,15.139332249038336,35.95461643192191,12.843280769245872
2.05,0.0,48.5,0.5,51.0,45.0,45.0,35.0,40.0,1.0,1.0,35.95780113707686,13.626707657346875,35.941683002366425,13.156370558735906
2.0666666666666664,0.0,48.5,0.5,51.0,45.0,45.0,35.0,40.0,1.0,1.0,35.77103770225393,11.668814269106822,35.84705631129226,11.508846302669003
2.0833333333333335,0.0,48.5,0.5,51.0,45.0,45.0,35.0,40.0,1.0,1.0,35.74494147226922,11.04586414501503,35.87049578334444,12.332931931731862
2.1,0.0,48.5,0.5,51.0,45.0,45.0,35.0,40.0,1.0,1.0,35.76328846054235,10.709959262151898,35.8132408662995,12.219177178881067
2.1166666666666667,0.0,48.5,0.5,51.0,45.0,45.0,35.0,40.0,1.0,1.0,35.890754372051966,13.432307597906,35.84483886926127,12.953145851394906
2.1333333333333333,0.0,48.5,0.5,51.0,45.0,45.0,35.0,40.0,1.0,1.0,35.89172952137886,11.697428548753226,35.874559167475574,11.512697707427636
2.15,0.0,48.5,0.5,51.0,45.0,45.0,35.0,40.0,1.0,1.0,35.75001077085085,12.384975766089667,35.79227523416456,12.29441740276709
2.1666666666666665,0.0,48.5,0.5,51.0,45.0,45.0,35.0,40.0,1.0,1.0,35.801877885623796,10.999673384024222,35.81405183888752,11.877107988798272
2.183333333333333,0.0,48.5,0.5,51.0,45.0,45.0,35.0,40.0,1.0,1.0,35.874597483829156,12.410436290878401,35.84842161259595,13.871722031639122
2.1999999999999997,0.0,48.5,0.5,51.0,45.0,45.0,35.0,40.0,1.0,1.0,35.810182059196755,13.241667895241083,35.875471433552576,11.36042625269331
2.216666666666667,0.0,48.5,0.5,51.0,45.0,45.0,35.0,40.0,1.0,1.0,35.92130872692677,12.901614844454421,35.90187537905147,13.092145405802999
2.2333333333333334,0.0,48.5,0.5,51.0,45.0,45.0,35.0,40.0,1.0,1.0,35.9452464968907,11.976752775069619,35.91954502383197,11.295764739605966
2.25,0.0,48.5,0.5,51.0,45.0,45.0,35.0,40.0,1.0,1.0,35.91150942304021,14.167608848051179,35.93600746754678,12.204865714749616
2.2666666666666666,0.0,48.5,0.5,51.0,45.0,45.0,35.0,40.0,1.0,1.0,35.904899670521836,12.791118362610183,35.88462550141179,12.922613185005218
2.283333333333333,0.0,48.5,0.5,51.0,45.0,45.0,35.0,40.0,1.0,1.0,35.82638982218088,13.526332371150957,35.90030696311101,12.697950387370323
2.3,0.0,48.5,0.5,51.0,45.0,45.0,35.0,40.0,1.0,1.0,35.808974679161516,11.524191010686403,35.80960024652341,12.407052073816272
2.3166666666666664,0.0,48.5,0.5,51.0,45.0,45.0,35.0,40.0,1.0,1.0,35.97030504219058,12.377466487664403,35.8563240349388,11.755530659842561
2.333333333333333,0.0,48.5,0.5,51.0,45.0,45.0,35.0,40.0,1.0,1.0,36.046002870128554,9.661848961768817,35.90232938259931,11.829944266421158
2.35,0.0,48.5,0.5,51.0,45.0,45.0,35.0,40.0,1.0,1.0,36.04937509018085,13.062205994948133,35.87748907708408,12.682055520742288
2.3666666666666667,0.0,48.5,0.5,51.0,45.0,45.0,35.0,40.0,1.0,1.0,35.91936196218088,10.498736961251238,35.95772115384121,12.192183849438162
2.3833333333333333,0.0,48.5,0.5,51.0,45.0,45.0,35.0,40.0,1.0,1.0,35.95253274602967,13.616210009650924,35.904534323799844,12.37024039753491
2.4,0.0,48.5,0.5,51.0,45.0,45.0,35.0,40.0,1.0,1.0,35.88015113429871,10.808336563818886,35.9013018934197,11.935930925077116
2.4166666666666665,0.0,48.5,0.5,51.0,45.0,45.0,35.0,40.0,1.0,1.0,36.037041648060324,11.656090746296977,35.988947881165544,11.694697145934015
2.433333333333333,0.0,48.5,0.5,51.0,45.0,45.0,35.0,40.0,1.0,1.0,35.91373431957924,11.911174626340326,35.967926071930755,10.920916785555105
2.4499999999999997,0.0,48.5,0.5,51.0,45.0,45.0,35.0,40.0,1.0,1.0,36.04746467607132,11.884723514350277,36.05180922256301,12.488356137900764
2.466666666666667,0.0,48.5,0.5,51.0,45.0,45.0,35.0,40.0,1.0,1.0,35.90717356207962,13.039649263345915,35.99807408026606,12.28490013461054
2.4833333333333334,0.0,48.5,0.5,51.0,45.0,45.0,35.0,40.0,1.0,1.0,35.817606668573376,15.144433877679763,35.9330746476225,12.125270692409606
2.5,0.0,48.5,0.5,51.0,45.0,45.0,35.0,40.0,1.0,1.0,36.047359861582976,10.397412757733427,35.992744816038275,11.540409975690011
2.5166666666666666,0.0,48.5,0.5,51.0,45.0,45.0,35.0,40.0,1.0,1.0,35.944639768305876,12.33392664425797,35.97550109208952,11.983895944341533
2.533333333333333,0.0,48.5,0.5,51.0,45.0,45.0,35.0,40.0,1.0,1.0,35.90548732810489,11.698762690651746,35.974726828137655,11.583193604404055
2.55,0.0,48.5,0.5,51.0,45.0,45.0,35.0,40.0,1.0,1.0,36.128586579803724,13.084634116807313,36.08360072091855,12.468742664439938
2.5666666666666664,0.0,48.5,0.5,51.0,45.0,45.0,35.0,40.0,1.0,1.0,35.94678364699063,11.474802242430428,36.00106311722746,11.606127261501259
2.583333333333333,0.0,48.5,0.5,51.0,45.0,45.0,35.0,40.0,1.0,1.0,35.92002214196996,14.784294772609552,35.933045845213286,13.095653047995372
2.6,0.0,48.5,0.5,51.0,45.0,45.0,35.0,40.0,1.0,1.0,36.02333236517013,10.705135471960178,36.04194245892759,13.03435346860611
2.6166666666666667,0.0,48.5,0.5,51.0,45.0,45.0,35.0,40.0,1.0,1.0,36.15259400587105,9.12681600278557,35.96853206846872,12.521096179021228
2.6333333333333333,0.0,48.5,0.5,51.0,45.0,45.0,35.0,40.0,1.0,1.0,35.95789573312613,12.579777769843183,36.02138177393114,12.573154517728074
2.65,0.0,48.5,0.5,51.0,45.0,45.0,35.0,40.0,1.0,1.0,35.94025911230368,13.459582039474265,35.9173081297076,13.172583377388083
2.6666666666666665,0.0,48.5,0.5,51.0,45.0,45.0,35.0,40.0,1.0,1.0,36.023137158754295,14.719546483352815,36.01892421560902,11.732760759021843
2.683333333333333,0.0,48.5,0.5,51.0,45.0,45.0,35.0,40.0,1.0,1.0,36.107340492271845,13.338326930731995,35.98414019637379,12.60057160182131
2.6999999999999997,0.0,48.5,0.5,51.0,45.0,45.0,35.0,40.0,1.0,1.0,35.8684132204777,13.192930656173486,35.9481369549172,12.3202964564544
2.716666666666667,0.0,48.5,0.5,51.0,45.0,45.0,35.0,40.0,1.0,1.0,35.99672497676513,12.384766912297609,35.961153425017564,11.82169971360524
2.7333333333333334,0.0,48.5,0.5,51.0,45.0,45.0,35.0,40.0,1.0,1.0,36.04059145800367,11.348868386444108,36.0088281010018,11.81852742841849
2.75,0.0,48.5,0.5,51.0,45.0,45.0,35.0,40.0,1.0,1.0,36.00455132432693,10.228594029815273,36.038186080786154,11.413983543454213
2.7666666666666666,0.0,48.5,0.5,51.0,45.0,45.0,35.0,40.0,1.0,1.0,35.943231132803916,13.605642693423242,35.995804471966075,13.14492717362109
2.783333333333333,0.0,48.5,0.5,51.0,45.0,45.0,35.0,40.0,1.0,1.0,35.84413635596488,12.29744183642879,35.92204023931681,11.907576926320056
2.8,0.0,48.5,0.5,51.0,45.0,45.0,35.0,40.0,1.0,1.0,35.981338846064894,12.07663847436859,35.97014378602006,11.86614545831242
2.8166666666666664,0.0,48.5,0.5,51.0,45.0,45.0,35.0,40.0,1.0,1.0,36.0889791660499,11.056427175263147,36.06832835561614,11.429104685549998
2.833333333333333,0.0,48.5,0.5,51.0,45.0,45.0,35.0,40.0,1.0,1.0,35.8420113699527,15.057352574722382,35.92360877329312,13.462218818206033
2.85,0.0,48.5,0.5,51.0,45.0,45.0,35.0,40.0,1.0,1.0,36.028333306837084,10.242791681420771,36.027236250582455,11.523722431782268
2.8666666666666667,0.0,48.5,0.5,51.0,45.0,45.0,35.0,40.0,1.0,1.0,35.92748786376633,8.562461229125041,35.93363461480089,12.579661697695538
2.8833333333333333,0.0,48.5,0.5,51.0,45.0,45.0,35.0,40.0,1.0,1.0,35.99520717972637,13.187907241728631,36.09792896086256,11.72941213204451
2.9,0.0,48.5,0.5,51.0,45.0,45.0,35.0,40.0,1.0,1.0,35.98812371280551,14.551019040243226,35.966038889877964,12.011047513759758
2.9166666666666665,0.0,48.5,0.5,51.0,45.0,45.0,35.0,40.0,1.0,1.0,36.03421912067674,11.94578883101542,35.99647915901768,12.734725545786388
2.933333333333333,0.0,48.5,0.5,51.0,45.0,45.0,35.0,40.0,1.0,1.0,35.886306766266614,12.965321281760055,35.95914936794392,12.637089146419399
2.9499999999999997,0.0,48.5,0.5,51.0,45.0,45.0,35.0,40.0,1.0,1.0,35.89696603732313,9.85721916061636,35.89307446735129,11.36845255440739
2.966666666666667,0.0,48.5,0.5,51.0,45.0,45.0,35.0,40.0,1.0,1.0,35.88731155514074,10.184372332641932,35.85286446777071,11.619600431957972
2.9833333333333334,0.0,48.5,0.5,51.0,45.0,45.0,35.0,40.0,1.0,1.0,35.97036380870494,12.320165337807493,35.90539111027434,12.133552355877809
3.0,0.0,48.5,0.5,51.0,45.0,45.0,35.0,40.0,1.0,1.0,35.93990116822104,10.69003437661595,35.92201995920362,11.284402762010773
3.0166666666666666,0.0,48.5,0.5,51.0,45.0,45.0,35.0,40.0,1.0,1.0,36.085230747122544,9.424339200336286,35.96364686571346,13.45529014580656
3.033333333333333,0.0,48.5,0.5,51.0,45.0,45.0,35.0,40.0,1.0,1.0,35.91807073478974,14.495543739842137,35.987766824631485,12.977341074673154
3.05,0.0,48.5,0.5,51.0,45.0,45.0,35.0,40.0,1.0,1.0,36.009882205247344,10.571951618825207,35.96831496350644,10.790960727036449
3.0666666666666664,0.0,48.5,0.5,51.0,45.0,45.0,35.0,40.0,1.0,1.0,35.946475184350426,11.618443898445777,36.034340761989924,12.281045671714326
3.083333333333333,0.0,48.5,0.5,51.0,45.0,45.0,35.0,40.0,1.0,1.0,36.05419249081837,12.961322736827238,36.062725311581296,12.881439977864716
3.1,0.0,48.5,0.5,51.0,45.0,45.0,35.0,40.0,1.0,1.0,35.91887911923992,12.208231246993986,35.9736749868841,13.146587840762479
3.1166666666666667,0.0,48.5,0.5,51.0,45.0,45.0,35.0,40.0,1.0,1.0,35.96867243409154,12.127881499845872,36.043943825876354,12.812616855900904
3.1333333333333333,0.0,48.5,0.5,51.0,45.0,45.0,35.0,40.0,1.0,1.0,35.875317189996736,13.065491793116383,35.9965602166352,13.03966579596709
3.15,0.0,48.5,0.5,51.0,45.0,45.0,35.0,40.0,1.0,1.0,35.92081536788636,13.230476332368372,35.89883875255076,12.386797058361402
3.1666666666666665,0.0,48.5,0.5,51.0,45.0,45.0,35.0,40.0,1.0,1.0,36.023584881986366,12.869484411100828,35.96485004800533,12.11149652058934
3.183333333333333,0.0,48.5,0.5,51.0,45.0,45.0,35.0,40.0,1.0,1.0,35.888279693458,12.658710301122612,35.94354560727776,11.727586395518985
3.1999999999999997,0.0,48.5,0.5,51.0,45.0,45.0,35.0,40.0,1.0,1.0,36.00595140757959,15.363142495227091,36.0206388921022,13.070275318492547
3.2166666666666663,0.0,48.5,0.5,51.0,45.0,45.0,35.0,40.0,1.0,1.0,35.98300883795313,15.329978087172268,35.98883676380737,12.412974727406624
3.2333333333333334,0.0,48.5,0.5,51.0,45.0,45.0,35.0,40.0,1.0,1.0,36.1033184629321,15.181261032020476,36.04105686407078,13.942023963153863
3.25,0.0,48.5,0.5,51.0,45.0,45.0,35.0,40.0,1.0,1.0,35.968872665360294,7.942945963816039,35.925812042716096,11.168048255095364
3.2666666666666666,0.0,48.5,0.5,51.0,45.0,45.0,35.0,40.0,1.0,1.0,36.11080107076546,13.029595917300753,36.01431217724135,11.548352971841224
3.283333333333333,0.0,48.5,0.5,51.0,45.0,45.0,35.0,40.0,1.0,1.0,36.042043564451724,14.15566130233144,35.94014204172997,12.68250118974634
3.3,0.0,48.5,0.5,51.0,45.0,45.0,35.0,40.0,1.0,1.0,36.106378372750456,12.074714659452058,36.062763421461625,12.271278838731586
3.3166666666666664,0.0,48.5,0.5,51.0,45.0,45.0,35.0,40.0,1.0,1.0,36.04023014291137,14.769433709666059,36.046050373786834,11.570316283912534
3.333333333333333,0.0,48.5,0.5,51.0,45.0,45.0,35.0,40.0,1.0,1.0,35.945446601071154,9.78770310302477,36.00088751598378,12.491400339049184
3.35,0.0,48.5,0.5,51.0,45.0,45.0,35.0,40.0,1.0,1.0,36.029032869308644,13.914408147110395,35.98111935434706,12.866567749184966
3.3666666666666667,0.0,48.5,0.5,51.0,45.0,45.0,35.0,40.0,1.0,1.0,35.91268573917863,10.309023575453864,36.02853663515358,11.635147798387635
3.3833333333333333,0.0,48.5,0.5,51.0,45.0,45.0,35.0,40.0,1.0,1.0,36.0202808595188,14.715469004603879,35.97367825043028,13.293543190284263
3.4,0.0,48.5,0.5,51.0,45.0,45.0,35.0,40.0,1.0,1.0,35.90553206291585,11.939317137242776,35.96981897053443,11.89039814318493
3.4166666666666665,0.0,48.5,0.5,51.0,45.0,45.0,35.0,40.0,1.0,1.0,36.142055078770696,16.159047795444145,36.034404506113965,13.711920864842087
3.433333333333333,0.0,48.5,0.5,51.0,45.0,45.0,35.0,40.0,1.0,1.0,35.92650199230716,12.383293859529477,35.9451120720078,11.80822034746399
3.4499999999999997,0.0,48.5,0.5,51.0,45.0,45.0,35.0,40.0,1.0,1.0,35.94716818050632,13.698014106056572,35.94632075144956,13.116724174139769
3.4666666666666663,0.0,48.5,0.5,51.0,45.0,45.0,35.0,40.0,1.0,1.0,35.960424867170424,15.44689945417787,35.95843234037448,12.81845465193783
3.4833333333333334,0.0,48.5,0.5,51.0,45.0,45.0,35.0,40.0,1.0,1.0,36.022895268326195,13.495557955859228,35.95210096681758,13.660467550083483
3.5,0.0,48.5,0.5,51.0,45.0,45.0,35.0,40.0,1.0,1.0,36.0514432067098,10.807171901923265,36.01903868223311,11.974636166630695
3.5166666666666666,0.0,48.5,0.5,51.0,45.0,45.0,35.0,40.0,1.0,1.0,35.953491504351696,11.58729324782,35.9129398484434,11.652456959130138
3.533333333333333,0.0,48.5,0.5,51.0,45.0,45.0,35.0,40.0,1.0,1.0,35.936315864156576,12.644859675059113,35.92098129862655,12.57729299618006
3.55,0.0,48.5,0.5,51.0,45.0,45.0,35.0,40.0,1.0,1.0,35.99316684942686,14.176515394430549,35.99622064012786,12.492364574568741
3.5666666666666664,0.0,48.5,0.5,51.0,45.0,45.0,35.0,40.0,1.0,1.0,35.84637275554842,13.30688430250473,35.91165977551287,12.021662798572477
3.583333333333333,0.0,48.5,0.5,51.0,45.0,45.0,35.0,40.0,1.0,1.0,36.09280617009806,12.403203811206923,35.965216885879485,13.158913320231767
3.6,0.0,48.5,0.5,51.0,45.0,45.0,35.0,40.0,1.0,1.0,36.01850182133803,12.771728514516173,35.974155529645586,12.218614597526557
3.6166666666666667,0.0,48.5,0.5,51.0,45.0,45.0,35.0,40.0,1.0,1.0,35.799436237286066,10.702336692018177,35.96577928568225,12.797895647887465
3.6333333333333333,0.0,48.5,0.5,51.0,45.0,45.0,35.0,40.0,1.0,1.0,36.0062335736163,11.963053932972993,35.9979151396361,13.323159607569393
3.65,0.0,48.5,0.5,51.0,45.0,45.0,35.0,40.0,1.0,1.0,36.011840222856335,11.085241617444494,36.018736091584906,12.291470886844282
3.6666666666666665,0.0,48.5,0.5,51.0,45.0,45.0,35.0,40.0,1.0,1.0,35.90726538687462,12.68627798011318,35.9315484028361,12.577891239136623
3.683333333333333,0.0,48.5,0.5,51.0,45.0,45.0,35.0,40.0,1.0,1.0,36.00587539150556,11.180752606752716,35.986291387397564,11.749847027134283
3.6999999999999997,0.0,48.5,0.5,51.0,45.0,45.0,35.0,40.0,1.0,1.0,36.12660358194847,10.474952726117372,36.03829926108904,11.302470984617262
3.7166666666666663,0.0,48.5,0.5,51.0,45.0,45.0,35.0,40.0,1.0,1.0,35.82141905260812,9.661344495675317,35.91472336893181,10.202351486399557
3.7333333333333334,0.0,48.5,0.5,51.0,45.0,45.0,35.0,40.0,1.0,1.0,36.04800839577461,13.21217982040719,36.01184743638261,12.857521027318844
3.75,0.0,48.5,0.5,51.0,45.0,45.0,35.0,40.0,1.0,1.0,36.003292522264886,11.256512850805066,36.02369241615333,11.557724010530551
3.7666666666666666,0.0,48.5,0.5,51.0,45.0,45.0,35.0,40.0,1.0,1.0,35.910453901430124,12.95447776865736,35.92734708490734,12.193905919196949
3.783333333333333,0.0,48.5,0.5,51.0,45.0,45.0,35.0,40.0,1.0,1.0,35.89380018161639,11.393026936587557,35.98469480416104,12.74514812766725
3.8,0.0,48.5,0.5,51.0,45.0,45.0,35.0,40.0,1.0,1.0,35.84465350879609,10.993468318027904,35.96634977130468,12.415022633363456
3.8166666666666664,0.0,48.5,0.5,51.0,45.0,45.0,35.0,40.0,1.0,1.0,36.146384830052426,13.113613754477594,36.04994789291504,12.319974279321118
3.833333333333333,0.0,48.5,0.5,51.0,45.0,45.0,35.0,40.0,1.0,1.0,35.93139336397023,16.68264031654745,35.97019437652674,13.004553532964257
3.85,0.0,48.5,0.5,51.0,45.0,45.0,35.0,40.0,1.0,1.0,35.86014964351538,13.801711476232251,35.91475454354868,12.26320248076836
3.8666666666666667,0.0,48.5,0.5,51.0,45.0,45.0,35.0,40.0,1.0,1.0,35.92977655964313,9.225838664041135,35.863486666862805,11.622713422700075
3.8833333333333333,0.0,48.5,0.5,51.0,45.0,45.0,35.0,40.0,1.0,1.0,35.89694198753854,11.63858417346654,35.899114602671,12.070068100946196
3.9,0.0,48.5,0.5,51.0,45.0,45.0,35.0,40.0,1.0,1.0,35.992256320596596,11.388717894831764,35.92221628762907,12.204863589045207
3.9166666666666665,0.0,48.5,0.5,51.0,45.0,45.0,35.0,40.0,1.0,1.0,35.86572790165859,11.580678790535138,35.93057572600109,11.628100065793877
3.933333333333333,0.0,48.5,0.5,51.0,45.0,45.0,35.0,40.0,1.0,1.0,36.032057350582484,9.05331324545346,35.96981151109535,11.854186975290617
3.9499999999999997,0.0,48.5,0.5,51.0,45.0,45.0,35.0,40.0,1.0,1.0,35.83192646253173,11.950344616127468,35.87779440585106,12.431494982325278
3.9666666666666663,0.0,48.5,0.5,51.0,45.0,45.0,35.0,40.0,1.0,1.0,36.04839044577892,11.91518333886799,36.02283886508027,11.421636409760525
3.9833333333333334,0.0,48.5,0.5,51.0,45.0,45.0,35.0,40.0,1.0,1.0,36.070304734527255,10.62893277295919,35.990204561587305,12.632799891620833
4.0,0.0,48.5,0.5,51.0,45.0,45.0,35.0,40.0,1.0,1.0,35.77284348476631,14.11589852534863,35.89190740808956,11.684429497756687
4.016666666666667,0.0,48.5,0.5,51.0,45.0,45.0,35.0,40.0,1.0,1.0,35.89938102144213,12.464139743826681,35.86801303136096,13.102825693426738
4.033333333333333,0.0,48.5,0.5,51.0,45.0,45.0,35.0,40.0,1.0,1.0,35.94951588091562,14.283814236786263,35.9754923595928,13.39855346097536
4.05,0.0,48.5,0.5,51.0,45.0,45.0,35.0,40.0,1.0,1.0,35.885218789110425,11.613698699070483,35.91896797585209,12.079387409422553
4.066666666666666,0.0,48.5,0.5,51.0,45.0,45.0,35.0,40.0,1.0,1.0,35.9097253780666,14.661435925044513,35.91794589683786,12.811270352861028
4.083333333333333,0.0,48.5,0.5,51.0,45.0,45.0,35.0,40.0,1.0,1.0,35.86198131869948,13.046283918871403,35.926965670850485,12.879327541170431
4.1,0.0,48.5,0.5,51.0,45.0,45.0,35.0,40.0,1.0,1.0,36.0934097363314,11.671409948645024,35.9818968928527,11.165350550822199
4.116666666666666,0.0,48.5,0.5,51.0,45.0,45.0,35.0,40.0,1.0,1.0,35.85582353742071,13.353310183518978,35.943764326074806,12.12620584366546
4.133333333333333,0.0,48.5,0.5,51.0,45.0,45.0,35.0,40.0,1.0,1.0,35.89120915564308,12.352053330956595,35.94012526252702,11.858181448724332
4.1499999999999995,0.0,48.5,0.5,51.0,45.0,45.0,35.0,40.0,1.0,1.0,35.93241530718936,12.55033203124977,35.93391648818623,12.056570089333816
4.166666666666667,0.0,48.5,0.5,51.0,45.0,45.0,35.0,40.0,1.0,1.0,36.02495195350688,16.997867641614977,35.960068848713924,12.609129899580717
4.183333333333334,0.0,48.5,0.5,51.0,45.0,45.0,35.0,40.0,1.0,1.0,35.82479382493164,13.606429995078871,35.876157145461654,13.637585875954457
4.2,0.0,48.5,0.5,51.0,45.0,45.0,35.0,40.0,1.0,1.0,36.02001962250914,10.998928208452021,35.934263071103686,11.03477857576325
4.216666666666667,0.0,48.5,0.5,51.0,45.0,45.0,35.0,40.0,1.0,1.0,36.02281382958049,11.260083707048187,35.913094969451414,12.604150063216538
4.233333333333333,0.0,48.5,0.5,51.0,45.0,45.0,35.0,40.0,1.0,1.0,35.825134865297514,13.0138481474085,35.90915235843026,11.990305074929367
4.25,0.0,48.5,0.5,51.0,45.0,45.0,35.0,40.0,1.0,1.0,35.953227936607675,13.057385170679233,35.91813008063714,13.88093498495352
4.266666666666667,0.0,48.5,0.5,51.0,45.0,45.0,35.0,40.0,1.0,1.0,36.04344417235096,10.014529357979914,35.97255804202345,12.632567022790191
4.283333333333333,0.0,48.5,0.5,51.0,45.0,45.0,35.0,40.0,1.0,1.0,35.98091008333866,13.251312097643204,35.96329123176302,12.557135872874449
4.3,0.0,48.5,0.5,51.0,45.0,45.0,35.0,40.0,1.0,1.0,35.70182971157226,11.090964968958088,35.77700795983654,12.114765615408922
4.316666666666666,0.0,48.5,0.5,51.0,45.0,45.0,35.0,40.0,1.0,1.0,35.896635103304476,13.138511183959162,35.87323499901205,12.111126349685694
4.333333333333333,0.0,48.5,0.5,51.0,45.0,45.0,35.0,40.0,1.0,1.0,36.01862706421486,11.435512176731397,35.94453310639977,12.60116984856394
4.35,0.0,48.5,0.5,51.0,45.0,45.0,35.0,40.0,1.0,1.0,35.93000744894045,12.431137114718645,35.89324547563288,12.703078336796771
4.366666666666666,0.0,48.5,0.5,51.0,45.0,45.0,35.0,40.0,1.0,1.0,35.79986812559843,12.95245366398619,35.89079815011522,12.293198720107256
4.383333333333333,0.0,48.5,0.5,51.0,45.0,45.0,35.0,40.0,1.0,1.0,35.86509150558931,13.003506352252222,35.901290628187475,12.287744895351322
4.3999999999999995,0.0,48.5,0.5,51.0,45.0,45.0,35.0,40.0,1.0,1.0,35.7511468865015,11.053714326055474,35.83922649674436,11.458847599041654
4.416666666666667,0.0,48.5,0.5,51.0,45.0,45.0,35.0,40.0,1.0,1.0,36.009598551400764,13.515237699470115,35.93104811864164,12.3546289716275
4.433333333333334,0.0,48.5,0.5,51.0,45.0,45.0,35.0,40.0,1.0,1.0,35.82288155667705,9.721277623368454,35.79320021253997,10.872291711272693
4.45,0.0,48.5,0.5,51.0,45.0,45.0,35.0,40.0,1.0,1.0,35.97238367512585,10.19617570707449,35.964736903715654,11.973652514525769
4.466666666666667,0.0,48.5,0.5,51.0,45.0,45.0,35.0,40.0,1.0,1.0,35.93274950705432,15.104952504895385,35.867512342000076,12.553609496854612
4.483333333333333,0.0,48.5,0.5,51.0,45.0,45.0,35.0,40.0,1.0,1.0,35.80951120212858,10.746204694698967,35.85438926895298,10.924880875698507
4.5,0.0,48.5,0.5,51.0,45.0,45.0,35.0,40.0,1.0,1.0,35.86748415056165,12.966374952154874,35.865210929795765,12.845708577098588
4.516666666666667,0.0,48.5,0.5,51.0,45.0,45.0,35.0,40.0,1.0,1.0,35.93416128630846,13.922180837716322,35.89011364779274,12.183285077035523
4.533333333333333,0.0,48.5,0.5,51.0,45.0,45.0,35.0,40.0,1.0,1.0,35.92816031654536,11.822750812352446,35.903354025732824,12.004405481910313
4.55,0.0,48.5,0.5,51.0,45.0,45.0,35.0,40.0,1.0,1.0,35.856771587591545,12.773833667132433,35.91223712132137,12.99887189002126
4.566666666666666,0.0,48.5,0.5,51.0,45.0,45.0,35.0,40.0,1.0,1.0,36.06088052629405,13.609441065863196,35.899696781674805,13.02072230445499
4.583333333333333,0.0,48.5,0.5,51.0,45.0,45.0,35.0,40.0,1.0,1.0,35.862621203015856,11.96572999385106,35.889956603647214,12.65316250421414
4.6,0.0,48.5,0.5,51.0,45.0,45.0,35.0,40.0,1.0,1.0,35.89420975875282,9.761918290361045,35.87877444369947,11.844257684472925
4.616666666666666,0.0,48.5,0.5,51.0,45.0,45.0,35.0,40.0,1.0,1.0,35.81972720224948,9.17636786862828,35.85350943301322,11.668060571791374
4.633333333333333,0.0,48.5,0.5,51.0,45.0,45.0,35.0,40.0,1.0,1.0,36.09232617139352,14.454465541598259,35.98082699630425,11.734780899857117
4.6499999999999995,0.0,48.5,0.5,51.0,45.0,45.0,35.0,40.0,1.0,1.0,35.94785602561926,14.294295626140636,35.98240032904636,13.967186535259561
4.666666666666666,0.0,48.5,0.5,51.0,45.0,45.0,35.0,40.0,1.0,1.0,35.997445256776125,12.854911179641245,35.98983613592772,13.667251405906773
4.683333333333334,0.0,48.5,0.5,51.0,45.0,45.0,35.0,40.0,1.0,1.0,35.9023653746017,10.822411541197438,35.895942028767855,13.087593236773772
4.7,0.0,48.5,0.5,51.0,45.0,45.0,35.0,40.0,1.0,1.0,35.86540863332132,13.867494715943815,35.92128422165658,11.886754822586067
4.716666666666667,0.0,48.5,0.5,51.0,45.0,45.0,35.0,40.0,1.0,1.0,35.99004528238426,11.081968655302035,35.97173824342176,11.600303907891979
4.733333333333333,0.0,48.5,0.5,51.0,45.0,45.0,35.0,40.0,1.0,1.0,35.97502029788998,11.155196827258667,35.91454171056642,12.036068715439619
4.75,0.0,48.5,0.5,51.0,45.0,45.0,35.0,40.0,1.0,1.0,35.92138863548877,12.12123996127404,35.92741658743402,12.33190860980747
4.766666666666667,0.0,48.5,0.5,51.0,45.0,45.0,35.0,40.0,1.0,1.0,35.84099005318253,13.399032292284845,35.8254053599585,12.532577711392708
4.783333333333333,0.0,48.5,0.5,51.0,45.0,45.0,35.0,40.0,1.0,1.0,35.91430454154153,13.30520624170895,35.84537397411043,11.994865023578694
4.8,0.0,48.5,0.5,51.0,45.0,45.0,35.0,40.0,1.0,1.0,35.94510260653177,11.022499269095919,35.889020525026524,11.171153176201969
4.816666666666666,0.0,48.5,0.5,51.0,45.0,45.0,35.0,40.0,1.0,1.0,35.92895590784842,13.08475469661349,35.93953571874355,12.756133920386834
4.833333333333333,0.0,48.5,0.5,51.0,45.0,45.0,35.0,40.0,1.0,1.0,35.93634233830816,11.782561175817472,35.93989117083784,13.303925972403654
4.85,0.0,48.5,0.5,51.0,45.0,45.0,35.0,40.0,1.0,1.0,35.88852154638837,12.588317717676496,35.875779589903416,11.851883483813777
4.866666666666666,0.0,48.5,0.5,51.0,45.0,45.0,35.0,40.0,1.0,1.0,35.923377546781225,14.143120754415886,35.943469226302625,12.58686844462019
4.883333333333333,0.0,48.5,0.5,51.0,45.0,45.0,35.0,40.0,1.0,1.0,36.088789514967516,12.273097612787106,35.929329453239625,12.511576567254835
4.8999999999999995,0.0,48.5,0.5,51.0,45.0,45.0,35.0,40.0,1.0,1.0,35.973473065481315,12.076722760328929,35.99641285984292,12.795454828855709
4.916666666666666,0.0,48.5,0.5,51.0,45.0,45.0,35.0,40.0,1.0,1.0,35.91913736435202,14.776607756054588,35.95190809466044,13.1363416620537
4.933333333333334,0.0,48.5,0.5,51.0,45.0,45.0,35.0,40.0,1.0,1.0,35.988664313406645,13.048734137060485,35.99284101243323,12.622101772055677
4.95,0.0,48.5,0.5,51.0,45.0,45.0,35.0,40.0,1.0,1.0,36.06488587143568,10.797633881421905,35.968692473088716,11.912543487566909
4.966666666666667,0.0,48.5,0.5,51.0,45.0,45.0,35.0,40.0,1.0,1.0,36.09739101990458,11.385115491572716,36.0384338281288,11.562425841569931
4.983333333333333,0.0,48.5,0.5,51.0,45.0,45.0,35.0,40.0,1.0,1.0,36.032279897897666,15.372860994321881,35.93729735962912,12.37092284488597
5.0,0.0,48.5,0.5,51.0,45.0,45.0,35.0,40.0,1.0,1.0,36.11522334550295,11.164733757425308,36.032346697797735,12.24650886916687
5.016666666666667,0.0,48.5,0.5,51.0,45.0,45.0,35.0,40.0,1.0,1.0,35.93967618211126,13.389463540477207,35.91753421916118,12.66094149673247
5.033333333333333,0.0,48.5,0.5,51.0,45.0,45.0,35.0,40.0,1.0,1.0,36.010496051804026,9.95722264060821,35.886953970678206,11.618323517194634
5.05,0.0,48.5,0.5,51.0,45.0,45.0,35.0,40.0,1.0,1.0,36.10218157871589,12.67000110697015,36.049225294968906,12.370636115420309
5.066666666666666,0.0,48.5,0.5,51.0,45.0,45.0,35.0,40.0,1.0,1.0,35.9616986435033,11.60542074024094,35.99183090656743,13.003900315911828
5.083333333333333,0.0,48.5,0.5,51.0,45.0,45.0,35.0,40.0,1.0,1.0,36.03908793380637,15.048387035580292,36.001074393234084,13.194511472784733
5.1,0.0,48.5,0.5,51.0,45.0,45.0,35.0,40.0,1.0,1.0,36.043065894738234,13.235538381829485,36.03620152425838,12.751932172938659
5.116666666666666,0.0,48.5,0.5,51.0,45.0,45.0,35.0,40.0,1.0,1.0,35.887899412135624,12.812659173435247,35.89756970986321,12.057449936216987
5.133333333333333,0.0,48.5,0.5,51.0,45.0,45.0,35.0,40.0,1.0,1.0,36.0089162791077,11.325572340154231,36.02310343964724,12.523170138469428
5.1499999999999995,0.0,48.5,0.5,51.0,45.0,45.0,35.0,40.0,1.0,1.0,36.13315175865697,13.29249065372099,36.02982926218871,12.630054701238
5.166666666666666,0.0,48.5,0.5,51.0,45.0,45.0,35.0,40.0,1.0,1.0,35.90564286791741,10.911568708514729,35.91297043504602,12.184337034333188
5.183333333333334,0.0,48.5,0.5,51.0,45.0,45.0,35.0,40.0,1.0,1.0,35.857783289899686,12.87974074306055,35.927321594928024,11.974440997901256
5.2,0.0,48.5,0.5,51.0,45.0,45.0,35.0,40.0,1.0,1.0,35.91840628690846,14.780658160917895,35.9495625079389,13.115040078830685
5.216666666666667,0.0,48.5,0.5,51.0,45.0,45.0,35.0,40.0,1.0,1.0,35.96935747286431,12.028893635035619,35.981133342236035,11.891002039584297
5.233333333333333,0.0,48.5,0.5,51.0,45.0,45.0,35.0,40.0,1.0,1.0,36.04349772288258,12.578177458351409,35.959627998641686,12.094247747409014
5.25,0.0,48.5,0.5,51.0,45.0,45.0,35.0,40.0,1.0,1.0,35.98513316073478,9.56849878832008,35.954770920673326,11.33291675062833
5.266666666666667,0.0,48.5,0.5,51.0,45.0,45.0,35.0,40.0,1.0,1.0,35.91569490880037,14.306744733878915,35.93148430163934,12.870426547911356
5.283333333333333,0.0,48.5,0.5,51.0,45.0,45.0,35.0,40.0,1.0,1.0,35.89572338848106,10.800033871505839,36.029715481259636,11.673358772192802
5.3,0.0,48.5,0.5,51.0,45.0,45.0,35.0,40.0,1.0,1.0,35.98430504364308,12.373470608793259,36.003892323842756,13.188847034496977
5.316666666666666,0.0,48.5,0.5,51.0,45.0,45.0,35.0,40.0,1.0,1.0,35.81520921926536,10.105909373341275,35.891552266929914,12.554013112237804
5.333333333333333,0.0,48.5,0.5,51.0,45.0,45.0,35.0,40.0,1.0,1.0,36.00160650309758,10.428323319288662,35.98617175246127,12.298324641711801
5.35,0.0,48.5,0.5,51.0,45.0,45.0,35.0,40.0,1.0,1.0,36.064728649699944,12.34690433814353,36.032745059088136,12.83424207468478
5.366666666666666,0.0,48.5,0.5,51.0,45.0,45.0,35.0,40.0,1.0,1.0,35.896122312297784,11.735101647940656,35.915635301188495,12.072228537404492
5.383333333333333,0.0,48.5,0.5,51.0,45.0,45.0,35.0,40.0,1.0,1.0,36.117373999719135,10.358416776472893,35.99974857962984,11.203245987683633
5.3999999999999995,0.0,48.5,0.5,51.0,45.0,45.0,35.0,40.0,1.0,1.0,35.865170263930835,11.448979037063246,35.91904126514377,12.289464653707185
5.416666666666666,0.0,48.5,0.5,51.0,45.0,45.0,35.0,40.0,1.0,1.0,36.036334668102825,13.706870281703171,36.014529262679225,12.36580131078336
5.433333333333334,0.0,48.5,0.5,51.0,45.0,45.0,35.0,40.0,1.0,1.0,36.00527794091459,13.247049546748784,35.99611009581329,12.472803125198794
5.45,0.0,48.5,0.5,51.0,45.0,45.0,35.0,40.0,1.0,1.0,35.86948159766454,10.975242510711793,35.905900318374115,12.472454689557305
5.466666666666667,0.0,48.5,0.5,51.0,45.0,45.0,35.0,40.0,1.0,1.0,35.88315683408098,13.191945759162376,35.90898795260669,12.833563971726148
5.483333333333333,0.0,48.5,0.5,51.0,45.0,45.0,35.0,40.0,1.0,1.0,35.96200516725638,14.183319853130872,35.895578725463395,11.840842195643239
5.5,0.0,48.5,0.5,51.0,45.0,45.0,35.0,40.0,1.0,1.0,35.79104943645908,11.591997392616062,35.79762669541272,12.204510510251522
5.516666666666667,0.0,48.5,0.5,51.0,45.0,45.0,35.0,40.0,1.0,1.0,35.891866339718476,12.751661175810323,35.919996985135576,11.812353424633413
5.533333333333333,0.0,48.5,0.5,51.0,45.0,45.0,35.0,40.0,1.0,1.0,35.83941274826355,10.502659217757516,35.913363593214434,11.627544732180995
5.55,0.0,48.5,0.5,51.0,45.0,45.0,35.0,40.0,1.0,1.0,35.87348228550301,9.75571160284327,35.9073574674687,11.690751702794923
5.566666666666666,0.0,48.5,0.5,51.0,45.0,45.0,35.0,40.0,1.0,1.0,35.960666300018666,12.855340880080938,36.01376015583435,12.431628552445053
5.583333333333333,0.0,48.5,0.5,51.0,45.0,45.0,35.0,40.0,1.0,1.0,35.8372206331517,12.159469529074805,35.91059489781055,12.393737977752775
5.6,0.0,48.5,0.5,51.0,45.0,45.0,35.0,40.0,1.0,1.0,35.864045123909214,11.66735009379794,35.906822329643866,12.21193253720878
5.616666666666666,0.0,48.5,0.5,51.0,45.0,45.0,35.0,40.0,1.0,1.0,35.95213880345228,14.692968770670966,36.01485857157487,12.820420746009104
5.633333333333333,0.0,48.5,0.5,51.0,45.0,45.0,35.0,40.0,1.0,1.0,36.00100786201172,10.085567791486712,35.92411461546581,12.146114439523599
5.6499999999999995,0.0,48.5,0.5,51.0,45.0,45.0,35.0,40.0,1.0,1.0,36.04346987950859,15.265866845474742,36.01121634556696,13.519515690877387
5.666666666666666,0.0,48.5,0.5,51.0,45.0,45.0,35.0,40.0,1.0,1.0,35.996117208518875,11.053283430367774,35.94555158683526,12.434733330421809
5.683333333333334,0.0,48.5,0.5,51.0,45.0,45.0,35.0,40.0,1.0,1.0,35.85829243185348,11.41624963175693,35.99869332984604,12.292141627491493
5.7,0.0,48.5,0.5,51.0,45.0,45.0,35.0,40.0,1.0,1.0,35.939527461430394,12.426223211444642,35.9265380798126,12.6908847310735
5.716666666666667,0.0,48.5,0.5,51.0,45.0,45.0,35.0,40.0,1.0,1.0,35.955949297671054,10.552338599703374,35.90283063719926,12.961018075908964
5.733333333333333,0.0,48.5,0.5,51.0,45.0,45.0,35.0,40.0,1.0,1.0,35.98558531811041,7.804748691351447,35.95657163878283,11.670160083967978
5.75,0.0,48.5,0.5,51.0,45.0,45.0,35.0,40.0,1.0,1.0,35.915987068614626,12.909070372514297,35.9945119154863,12.82550592163543
5.766666666666667,0.0,48.5,0.5,51.0,45.0,45.0,35.0,40.0,1.0,1.0,35.843776625715385,11.255253247904044,35.890233160565636,11.611025890687891
5.783333333333333,0.0,48.5,0.5,51.0,45.0,45.0,35.0,40.0,1.0,1.0,36.01317213189261,12.346398462388192,35.973890852869495,13.257216659270975
5.8,0.0,48.5,0.5,51.0,45.0,45.0,35.0,40.0,1.0,1.0,35.979612265963034,12.215770580440275,35.955373419593435,11.683466465369401
5.816666666666666,0.0,48.5,0.5,51.0,45.0,45.0,35.0,40.0,1.0,1.0,36.06040671025922,10.033033266535604,36.02567848757939,11.014386538641023
5.833333333333333,0.0,48.5,0.5,51.0,45.0,45.0,35.0,40.0,1.0,1.0,36.04671800099755,9.891183474707418,35.946231521170105,12.238242096312714
5.85,0.0,48.5,0.5,51.0,45.0,45.0,35.0,40.0,1.0,1.0,35.91055226040713,13.545105146762772,35.95409897470027,12.022326589462457
5.866666666666666,0.0,48.5,0.5,51.0,45.0,45.0,35.0,40.0,1.0,1.0,36.001450079607714,12.930993288240325,36.03298341707056,12.7814143076539
5.883333333333333,0.0,48.5,0.5,51.0,45.0,45.0,35.0,40.0,1.0,1.0,35.93327017937209,14.119405593605038,35.949504918281875,13.380625803922626
5.8999999999999995,0.0,48.5,0.5,51.0,45.0,45.0,35.0,40.0,1.0,1.0,35.877653029839024,12.561600280942473,35.94949961516114,11.709541899430338
5.916666666666666,0.0,48.5,0.5,51.0,45.0,45.0,35.0,40.0,1.0,1.0,35.957109029429155,12.32778083126911,35.89213513592753,12.020412695837406
5.933333333333334,0.0,48.5,0.5,51.0,45.0,45.0,35.0,40.0,1.0,1.0,36.006361677208695,13.887762203656251,35.926637615421505,12.221552490987403
5.95,0.0,48.5,0.5,51.0,45.0,45.0,35.0,40.0,1.0,1.0,35.94574595879258,13.116355065644875,35.9468410621563,12.231303381248937
5.966666666666667,0.0,48.5,0.5,51.0,45.0,45.0,35.0,40.0,1.0,1.0,35.86940913219029,10.885873404062874,35.97678159604576,13.185194062662626
5.983333333333333,0.0,48.5,0.5,51.0,45.0,45.0,35.0,40.0,1.0,1.0,35.992150254011825,11.48317432660156,35.992946493019595,12.176580422273872
6.0,0.0,48.5,0.5,51.0,45.0,45.0,35.0,40.0,1.0,1.0,35.839901549909115,14.094140169038575,35.888154286903315,13.468840456153904
6.016666666666667,0.0,48.5,0.5,51.0,45.0,45.0,35.0,40.0,1.0,1.0,35.9383291783451,11.128597124030554,36.00885711620948,12.418638145774295
6.033333333333333,0.0,48.5,0.5,51.0,45.0,45.0,35.0,40.0,1.0,1.0,35.971916724791484,12.3704280903343,35.99560279392108,12.52330232996246
6.05,0.0,48.5,0.5,51.0,45.0,45.0,35.0,40.0,1.0,1.0,35.95249366479028,13.460212458787428,36.015264292985464,12.48014922821292
6.066666666666666,0.0,48.5,0.5,51.0,45.0,45.0,35.0,40.0,1.0,1.0,36.057684003050205,10.606541059945634,36.04451653173788,12.640300305114037
6.083333333333333,0.0,48.5,0.5,51.0,45.0,45.0,35.0,40.0,1.0,1.0,35.91224480649589,10.373229127418114,35.95733585380123,12.153598234352426
6.1,0.0,48.5,0.5,51.0,45.0,45.0,35.0,40.0,1.0,1.0,35.97398900339957,10.140393749460618,35.95091470105667,12.547487373800108
6.116666666666666,0.0,48.5,0.5,51.0,45.0,45.0,35.0,40.0,1.0,1.0,36.02009591032861,10.064466338321989,36.0225603398018,12.31894347332693
6.133333333333333,0.0,48.5,0.5,51.0,45.0,45.0,35.0,40.0,1.0,1.0,35.9646120214345,12.581614076589682,36.002730192232725,12.765520637707693
6.1499999999999995,0.0,48.5,0.5,51.0,45.0,45.0,35.0,40.0,1.0,1.0,36.00802081833876,8.455222950946588,36.00599408939002,11.048916875794916
6.166666666666666,0.0,48.5,0.5,51.0,45.0,45.0,35.0,40.0,1.0,1.0,36.184410664542135,10.042686019069851,36.13894336225561,12.669588257789227
6.183333333333334,0.0,48.5,0.5,51.0,45.0,45.0,35.0,40.0,1.0,1.0,36.104946844217935,11.630098906789069,35.99784776608759,11.653765057145343
6.2,0.0,48.5,0.5,51.0,45.0,45.0,35.0,40.0,1.0,1.0,35.968627943106426,13.13706260524742,35.96633446978835,12.556155325593654
6.216666666666667,0.0,48.5,0.5,51.0,45.0,45.0,35.0,40.0,1.0,1.0,35.95489704582944,10.196810091718907,35.97642567244082,11.685748482707378
6.233333333333333,0.0,48.5,0.5,51.0,45.0,45.0,35.0,40.0,1.0,1.0,35.843074019554095,12.106035921113818,35.96819340805425,11.141357016828662
6.25,0.0,48.5,0.5,51.0,45.0,45.0,35.0,40.0,1.0,1.0,35.981675929196534,13.600127637989521,35.957155087910095,12.117583376005198
6.266666666666667,0.0,48.5,0.5,51.0,45.0,45.0,35.0,40.0,1.0,1.0,36.19447820619611,10.763083468547528,36.06090310109916,11.193871299803556
6.283333333333333,0.0,48.5,0.5,51.0,45.0,45.0,35.0,40.0,1.0,1.0,36.03468648780854,11.55671075583486,36.03875635759001,11.496865433250228
6.3,0.0,48.5,0.5,51.0,45.0,45.0,35.0,40.0,1.0,1.0,35.92730413695505,12.883780076893286,35.993418649724674,13.578967205969537
6.316666666666666,0.0,48.5,0.5,51.0,45.0,45.0,35.0,40.0,1.0,1.0,35.90186037407733,14.37345781424078,35.94583697882811,12.68575416419858
6.333333333333333,0.0,48.5,0.5,51.0,45.0,45.0,35.0,40.0,1.0,1.0,35.98278334923404,15.76643031044113,35.90179496736641,12.741288451151807
6.35,0.0,48.5,0.5,51.0,45.0,45.0,35.0,40.0,1.0,1.0,36.01815471192978,14.272767046336167,35.963589833167994,12.543077011994846
6.366666666666666,0.0,48.5,0.5,51.0,45.0,45.0,35.0,40.0,1.0,1.0,35.948283452589536,13.092355747443984,35.95635603315516,12.94488140181073
6.383333333333333,0.0,48.5,0.5,51.0,45.0,45.0,35.0,40.0,1.0,1.0,35.904087112795665,12.515556564487316,35.89621918654998,12.339855206172924
6.3999999999999995,0.0,48.5,0.5,51.0,45.0,45.0,35.0,40.0,1.0,1.0,35.873247627431326,10.060233824755432,35.958912963237815,11.56075747819154
6.416666666666666,0.0,48.5,0.5,51.0,45.0,45.0,35.0,40.0,1.0,1.0,35.991078211521994,9.625226549071478,35.98358674249512,11.82521668253781
6.433333333333333,0.0,48.5,0.5,51.0,45.0,45.0,35.0,40.0,1.0,1.0,36.02973042555479,14.083619102458739,35.931843585841584,12.72518807783867
6.45,0.0,48.5,0.5,51.0,45.0,45.0,35.0,40.0,1.0,1.0,35.97601259911356,11.57832461915783,35.95971715887823,13.102338665770931
6.466666666666667,0.0,48.5,0.5,51.0,45.0,45.0,35.0,40.0,1.0,1.0,35.87399075936811,12.092475376449709,35.901119673797695,13.347228943547107
6.483333333333333,0.0,48.5,0.5,51.0,45.0,45.0,35.0,40.0,1.0,1.0,35.9802013525599,12.774956349594204,35.92903198671479,11.95070259992108
6.5,0.0,48.5,0.5,51.0,45.0,45.0,35.0,40.0,1.0,1.0,35.86486499781393,12.167193324090524,35.87558901185197,12.491284237706303
6.516666666666667,0.0,48.5,0.5,51.0,45.0,45.0,35.0,40.0,1.0,1.0,35.92351457951079,17.124940536491263,35.893958874948574,12.026265094058475
6.533333333333333,0.0,48.5,0.5,51.0,45.0,45.0,35.0,40.0,1.0,1.0,35.888121013988716,13.111875364666526,35.9184004372202,12.441921576776915
6.55,0.0,48.5,0.5,51.0,45.0,45.0,35.0,40.0,1.0,1.0,36.0404880083167,12.407517767994749,36.00174965245283,12.562639569805974
6.566666666666666,0.0,48.5,0.5,51.0,45.0,45.0,35.0,40.0,1.0,1.0,35.82064897342723,13.787865895869738,35.90562036444012,12.632590105831229
6.583333333333333,0.0,48.5,0.5,51.0,45.0,45.0,35.0,40.0,1.0,1.0,35.988770183708134,11.874325698876163,35.93880475231338,12.171735698267478
6.6,0.0,48.5,0.5,51.0,45.0,45.0,35.0,40.0,1.0,1.0,35.87827049916094,10.136585711258135,35.90505232627006,11.453504500369839
6.616666666666666,0.0,48.5,0.5,51.0,45.0,45.0,35.0,40.0,1.0,1.0,36.03196238776527,9.275728466365274,35.931526003379815,12.242430924683637
6.633333333333333,0.0,48.5,0.5,51.0,45.0,45.0,35.0,40.0,1.0,1.0,35.7466352962501,13.526210561597022,35.868104078054536,13.432582177618881
6.6499999999999995,0.0,48.5,0.5,51.0,45.0,45.0,35.0,40.0,1.0,1.0,35.7606305625393,11.26238744638323,35.848527714128814,11.518189355207342
6.666666666666666,0.0,48.5,0.5,51.0,45.0,45.0,35.0,40.0,1.0,1.0,35.98337262439647,11.79154552625057,36.051796153750196,12.215536056464478
6.683333333333333,0.0,48.5,0.5,51.0,45.0,45.0,35.0,40.0,1.0,1.0,35.9538680722828,13.091529433274937,36.01020145007148,12.539172041154947
6.7,0.0,48.5,0.5,51.0,45.0,45.0,35.0,40.0,1.0,1.0,35.91863994141571,11.788867275703087,35.92185276645071,12.047212618141062
6.716666666666667,0.0,48.5,0.5,51.0,45.0,45.0,35.0,40.0,1.0,1.0,36.071324147114055,13.258147623740642,35.94882425031341,13.24213893039514
6.733333333333333,0.0,48.5,0.5,51.0,45.0,45.0,35.0,40.0,1.0,1.0,35.9040510066591,14.054497765480043,35.93043944401565,13.333324695880577
6.75,0.0,48.5,0.5,51.0,45.0,45.0,35.0,40.0,1.0,1.0,35.90258233992688,12.477527058232187,35.835696545229865,11.319898493509067
6.766666666666667,0.0,48.5,0.5,51.0,45.0,45.0,35.0,40.0,1.0,1.0,36.05567266887892,11.58000865887277,35.94325355404976,12.81058317596339
6.783333333333333,0.0,48.5,0.5,51.0,45.0,45.0,35.0,40.0,1.0,1.0,35.98540020013099,11.900153112728066,35.96230891778904,12.016352098872671
6.8,0.0,48.5,0.5,51.0,45.0,45.0,35.0,40.0,1.0,1.0,35.91299527409873,12.14853072605633,35.882558457423904,12.56654282275018
6.816666666666666,0.0,48.5,0.5,51.0,45.0,45.0,35.0,40.0,1.0,1.0,35.95154220800633,10.106692196184415,35.93275463859176,12.73498353743435
6.833333333333333,0.0,48.5,0.5,51.0,45.0,45.0,35.0,40.0,1.0,1.0,35.869338222339,9.356550973379367,35.87316917100459,11.733309031055581
6.85,0.0,48.5,0.5,51.0,45.0,45.0,35.0,40.0,1.0,1.0,35.87097295284491,12.118571796081453,35.846482120336056,11.677887018863235
6.866666666666666,0.0,48.5,0.5,51.0,45.0,45.0,35.0,40.0,1.0,1.0,35.95867065274892,12.087909662039733,35.89777719405077,13.097001714852583
6.883333333333333,0.0,48.5,0.5,51.0,45.0,45.0,35.0,40.0,1.0,1.0,35.74272451308922,9.545478155889185,35.850780473461334,12.258608861674183
6.8999999999999995,0.0,48.5,0.5,51.0,45.0,45.0,35.0,40.0,1.0,1.0,35.95430224450381,13.149538407180543,35.92275552352486,12.394113543528626
6.916666666666666,0.0,48.5,0.5,51.0,45.0,45.0,35.0,40.0,1.0,1.0,35.93671112120298,10.775408049733603,35.881069155277395,11.227114889104008
6.933333333333333,0.0,48.5,0.5,51.0,45.0,45.0,35.0,40.0,1.0,1.0,35.955673037448236,10.358426595973823,35.98211841607466,11.21958731992104
6.95,0.0,48.5,0.5,51.0,45.0,45.0,35.0,40.0,1.0,1.0,35.89787192845286,11.187552042439155,35.89911922804363,11.938268795228808
6.966666666666667,0.0,48.5,0.5,51.0,45.0,45.0,35.0,40.0,1.0,1.0,36.04847442563221,15.11775082948156,36.02716447512784,12.342625020499792
6.983333333333333,0.0,48.5,0.5,51.0,45.0,45.0,35.0,40.0,1.0,1.0,35.903981237876444,16.04153478062582,35.9238979705023,14.608004714684157
7.0,0.0,48.5,0.5,51.0,45.0,45.0,35.0,40.0,1.0,1.0,35.875589578286856,14.443188370751347,35.84802679323108,13.041962957242568
7.016666666666667,0.0,48.5,0.5,51.0,45.0,45.0,35.0,40.0,1.0,1.0,35.93269427719977,12.646914120180359,35.8967259592102,11.428259913257852
7.033333333333333,0.0,48.5,0.5,51.0,45.0,45.0,35.0,40.0,1.0,1.0,35.96788857569568,13.101411733881022,35.94158926110456,12.513164001681483
7.05,0.0,48.5,0.5,51.0,45.0,45.0,35.0,40.0,1.0,1.0,36.07838691604548,11.945839597227092,35.94545640374691,13.4261070237875
7.066666666666666,0.0,48.5,0.5,51.0,45.0,45.0,35.0,40.0,1.0,1.0,35.93452301582735,11.100675434243207,35.993189786012614,11.696219511823903
7.083333333333333,0.0,48.5,0.5,51.0,45.0,45.0,35.0,40.0,1.0,1.0,35.82499513116828,11.161966087948132,35.91308702467322,11.87670842753557
7.1,0.0,48.5,0.5,51.0,45.0,45.0,35.0,40.0,1.0,1.0,35.96221058260238,11.041957080431517,35.97638887457337,11.460016541963562
7.116666666666666,0.0,48.5,0.5,51.0,45.0,45.0,35.0,40.0,1.0,1.0,35.89853329748349,12.724515982137563,35.973221315538424,12.821087235012708
7.133333333333333,0.0,48.5,0.5,51.0,45.0,45.0,35.0,40.0,1.0,1.0,35.86960187332656,14.096724898931676,35.909437420153644,12.254630268010246
7.1499999999999995,0.0,48.5,0.5,51.0,45.0,45.0,35.0,40.0,1.0,1.0,36.0081742287462,10.471781731700158,35.968291235445015,12.091087406053557
7.166666666666666,0.0,48.5,0.5,51.0,45.0,45.0,35.0,40.0,1.0,1.0,35.80211070064632,10.67161495870979,35.90439097469129,12.128340691001323
7.183333333333333,0.0,48.5,0.5,51.0,45.0,45.0,35.0,40.0,1.0,1.0,35.98196015288305,10.758743616165267,35.94074044425885,11.57680437345745
7.2,0.0,48.5,0.5,51.0,45.0,45.0,35.0,40.0,1.0,1.0,35.961281597770615,12.176843986136568,35.988549838762296,12.203766382438282
7.216666666666667,0.0,48.5,0.5,51.0,45.0,45.0,35.0,40.0,1.0,1.0,35.868876343966775,11.573097314827388,35.92407676532072,11.821656431037036
7.233333333333333,0.0,48.5,0.5,51.0,45.0,45.0,35.0,40.0,1.0,1.0,36.05316298500918,10.599291102543404,36.024711319263005,12.241686004115557
7.25,0.0,48.5,0.5,51.0,45.0,45.0,35.0,40.0,1.0,1.0,36.09084672216174,12.328953418390553,35.951864414426176,12.281527440258346
7.266666666666667,0.0,48.5,0.5,51.0,45.0,45.0,35.0,40.0,1.0,1.0,35.89942304465405,11.757005440086061,35.9184769165438,11.461350532504142
7.283333333333333,0.0,48.5,0.5,51.0,45.0,45.0,35.0,40.0,1.0,1.0,35.94056207099816,13.759011163459235,35.96659158399655,13.314090549718049
7.3,0.0,48.5,0.5,51.0,45.0,45.0,35.0,40.0,1.0,1.0,35.96329693939147,11.374827183053263,35.91837884367244,11.725325815020463
7.316666666666666,0.0,48.5,0.5,51.0,45.0,45.0,35.0,40.0,1.0,1.0,35.907243937869985,9.361159186582322,35.94636868507801,11.998833544419467
7.333333333333333,0.0,48.5,0.5,51.0,45.0,45.0,35.0,40.0,1.0,1.0,35.92042330493803,12.326136007371389,35.90371622715495,12.92736316200983
7.35,0.0,48.5,0.5,51.0,45.0,45.0,35.0,40.0,1.0,1.0,35.97807426550892,12.707780320968249,35.93360360747241,12.569412122932157
7.366666666666666,0.0,48.5,0.5,51.0,45.0,45.0,35.0,40.0,1.0,1.0,35.87479093956293,9.992557386582515,35.93675525583475,12.027590937969979
7.383333333333333,0.0,48.5,0.5,51.0,45.0,45.0,35.0,40.0,1.0,1.0,35.82088691716109,14.040846026657928,35.87453998683851,11.643480501692101
7.3999999999999995,0.0,48.5,0.5,51.0,45.0,45.0,35.0,40.0,1.0,1.0,35.76417827687197,14.407886333855974,35.85304592198317,12.742417009680704
7.416666666666666,0.0,48.5,0.5,51.0,45.0,45.0,35.0,40.0,1.0,1.0,36.024846464501856,14.250754290953576,35.90876050664979,13.690556172533045
7.433333333333333,0.0,48.5,0.5,51.0,45.0,45.0,35.0,40.0,1.0,1.0,35.90603548299792,12.36973671862831,35.91315831214689,12.69728059419002
7.45,0.0,48.5,0.5,51.0,45.0,45.0,35.0,40.0,1.0,1.0,35.76809029580751,12.476703391363781,35.87629822713352,12.584271412540032
7.466666666666667,0.0,48.5,0.5,51.0,45.0,45.0,35.0,40.0,1.0,1.0,35.87256467255977,10.437709556864538,35.868341501011216,12.152655905119405
7.483333333333333,0.0,48.5,0.5,51.0,45.0,45.0,35.0,40.0,1.0,1.0,35.87425989393978,10.503664572991092,35.89400199864232,11.72690679719456
7.5,0.0,48.5,0.5,51.0,45.0,45.0,35.0,40.0,1.0,1.0,35.88595804849938,10.187714771596795,35.904510020074,12.35531429071321
7.516666666666667,0.0,48.5,0.5,51.0,45.0,45.0,35.0,40.0,1.0,1.0,35.944212694830895,9.545569544594034,35.883009726670416,11.265497198782219
7.533333333333333,0.0,48.5,0.5,51.0,45.0,45.0,35.0,40.0,1.0,1.0,35.8556264491709,14.838848257363312,35.8616330557554,12.507415998580843
7.55,0.0,48.5,0.5,51.0,45.0,45.0,35.0,40.0,1.0,1.0,35.91916620842414,11.539814635674087,35.93496469566113,11.468462326529885
7.566666666666666,0.0,48.5,0.5,51.0,45.0,45.0,35.0,40.0,1.0,1.0,36.06002218135371,15.206099390227674,35.98705795985266,12.064426367347112
7.583333333333333,0.0,48.5,0.5,51.0,45.0,45.0,35.0,40.0,1.0,1.0,35.997620343426505,11.57852334908143,35.95120871126378,13.468068618953186
7.6,0.0,48.5,0.5,51.0,45.0,45.0,35.0,40.0,1.0,1.0,36.04189039088189,12.904273620672646,35.98178912080053,12.547333479591503
7.616666666666666,0.0,48.5,0.5,51.0,45.0,45.0,35.0,40.0,1.0,1.0,35.88205371679874,12.556955689141265,35.87388740771966,11.794174325197593
7.633333333333333,0.0,48.5,0.5,51.0,45.0,45.0,35.0,40.0,1.0,1.0,36.123603497806286,10.748203653996802,35.916993899220486,12.255656628590021
7.6499999999999995,0.0,48.5,0.5,51.0,45.0,45.0,35.0,40.0,1.0,1.0,35.981222396737984,12.914262452155791,35.95768491555221,12.26174593618849
7.666666666666666,0.0,48.5,0.5,51.0,45.0,45.0,35.0,40.0,1.0,1.0,35.92895621969571,13.57365329393764,35.884857825958775,13.28762815904282
7.683333333333333,0.0,48.5,0.5,51.0,45.0,45.0,35.0,40.0,1.0,1.0,35.965224682595796,10.239883172711924,35.975547602558734,13.193854407251141
7.7,0.0,48.5,0.5,51.0,45.0,45.0,35.0,40.0,1.0,1.0,35.836627262758974,11.32962932314475,35.86683704170244,11.745068914881532
7.716666666666667,0.0,48.5,0.5,51.0,45.0,45.0,35.0,40.0,1.0,1.0,35.863887851849405,13.386024826316586,35.85408805574343,12.873697755557995
7.733333333333333,0.0,48.5,0.5,51.0,45.0,45.0,35.0,40.0,1.0,1.0,35.79670820709976,15.086060914688662,35.84859458508988,12.788761593125953
7.75,0.0,48.5,0.5,51.0,45.0,45.0,35.0,40.0,1.0,1.0,35.93810649584334,9.277897406664408,35.95395320082389,11.160519227163293
7.766666666666667,0.0,48.5,0.5,51.0,45.0,45.0,35.0,40.0,1.0,1.0,35.866656556229024,14.159955000902302,35.880136544244934,12.806180450929146
7.783333333333333,0.0,48.5,0.5,51.0,45.0,45.0,35.0,40.0,1.0,1.0,35.81445803729545,13.145443608603136,35.91252070294609,12.723811023054347
7.8,0.0,48.5,0.5,51.0,45.0,45.0,35.0,40.0,1.0,1.0,36.0599532242139,14.417958365483276,35.97631363138747,13.121333514259153
7.816666666666666,0.0,48.5,0.5,51.0,45.0,45.0,35.0,40.0,1.0,1.0,35.91611460395227,13.280469978033544,35.942621889655335,12.049917351122119
7.833333333333333,0.0,48.5,0.5,51.0,45.0,45.0,35.0,40.0,1.0,1.0,35.94335450194647,12.884101721909465,35.97068796343649,12.800088089337729
7.85,0.0,48.5,0.5,51.0,45.0,45.0,35.0,40.0,1.0,1.0,35.8482959764571,12.800827721761095,35.89947683155125,12.751832375380179
7.866666666666666,0.0,48.5,0.5,51.0,45.0,45.0,35.0,40.0,1.0,1.0,35.973066325010585,12.189017786560603,35.96825281592943,12.548929314923548
7.883333333333333,0.0,48.5,0.5,51.0,45.0,45.0,35.0,40.0,1.0,1.0,36.057006753743096,11.648459540943811,35.98357741730877,11.519108300782975
7.8999999999999995,0.0,48.5,0.5,51.0,45.0,45.0,35.0,40.0,1.0,1.0,35.992735657546426,12.442588099652289,35.98645543473439,12.749624349506806
7.916666666666666,0.0,48.5,0.5,51.0,45.0,45.0,35.0,40.0,1.0,1.0,35.95873843306699,11.976123410127492,35.9125010441107,11.744809950953986
7.933333333333333,0.0,48.5,0.5,51.0,45.0,45.0,35.0,40.0,1.0,1.0,36.08913187526619,12.709580112268299,36.06939533311556,12.84074744838011
7.95,0.0,48.5,0.5,51.0,45.0,45.0,35.0,40.0,1.0,1.0,35.920290512440566,9.487809129644631,35.940763924355466,11.52971048448979
7.966666666666667,0.0,48.5,0.5,51.0,45.0,45.0,35.0,40.0,1.0,1.0,36.15012148254555,12.988158821528414,35.93329755904621,13.579659992596776
7.983333333333333,0.0,48.5,0.5,51.0,45.0,45.0,35.0,40.0,1.0,1.0,35.93567842013225,8.786350978389184,35.99261397062108,11.328669553072144
8.0,0.0,48.5,0.5,51.0,45.0,45.0,35.0,40.0,1.0,1.0,35.92792539665695,16.98260078644462,35.94987406498548,13.919397711229548
8.016666666666666,0.0,48.5,0.5,51.0,45.0,45.0,35.0,40.0,1.0,1.0,35.93145619422298,13.863839501457283,35.96986166297861,12.06173130839597
8.033333333333333,0.0,48.5,0.5,51.0,45.0,45.0,35.0,40.0,1.0,1.0,35.870001455895505,14.47350630152741,35.884559901232265,12.697094867215252
8.049999999999999,0.0,48.5,0.5,51.0,45.0,45.0,35.0,40.0,1.0,1.0,35.866249973665035,11.975360316214184,35.87017514457524,11.588653605010329
8.066666666666666,0.0,48.5,0.5,51.0,45.0,45.0,35.0,40.0,1.0,1.0,35.92936597717217,13.368988257139058,35.905098410912096,12.440305605761603
8.083333333333334,0.0,48.5,0.5,51.0,45.0,45.0,35.0,40.0,1.0,1.0,35.886781748714206,16.117554090901443,35.96518530220857,12.674008896171443
8.1,0.0,48.5,0.5,51.0,45.0,45.0,35.0,40.0,1.0,1.0,35.92523184761765,12.00910920411267,35.99675655447366,12.925251971093516
8.116666666666667,0.0,48.5,0.5,51.0,45.0,45.0,35.0,40.0,1.0,1.0,35.89052805666318,10.710585516355415,35.938101979484536,12.34742090296663
8.133333333333333,0.0,48.5,0.5,51.0,45.0,45.0,35.0,40.0,1.0,1.0,35.90300281955811,11.988371325550293,35.96515454967796,12.138028410559013
8.15,0.0,48.5,0.5,51.0,45.0,45.0,35.0,40.0,1.0,1.0,36.04571311553782,14.729882388967848,36.02454542727688,13.588825800126447
8.166666666666666,0.0,48.5,0.5,51.0,45.0,45.0,35.0,40.0,1.0,1.0,36.04653965278932,12.45107266252004,36.00180774040783,11.399417284484784
8.183333333333334,0.0,48.5,0.5,51.0,45.0,45.0,35.0,40.0,1.0,1.0,35.939195770257626,9.88889174609052,35.950147738953035,12.26601615471753
8.2,0.0,48.5,0.5,51.0,45.0,45.0,35.0,40.0,1.0,1.0,36.015318790897325,7.245000867904193,36.01643981561829,10.679276766048527
8.216666666666667,0.0,48.5,0.5,51.0,45.0,45.0,35.0,40.0,1.0,1.0,36.063948941148425,11.379962959329598,35.99907778521744,12.931400556266475
8.233333333333333,0.0,48.5,0.5,51.0,45.0,45.0,35.0,40.0,1.0,1.0,35.933943770926646,13.533745958953554,35.91932940583247,12.130116139506809
8.25,0.0,48.5,0.5,51.0,45.0,45.0,35.0,40.0,1.0,1.0,35.942043601105134,13.893591808504802,35.97810332318401,12.574872846911383
8.266666666666666,0.0,48.5,0.5,51.0,45.0,45.0,35.0,40.0,1.0,1.0,36.05987867386375,9.174890132312788,35.971229856609696,12.164613442206852
8.283333333333333,0.0,48.5,0.5,51.0,45.0,45.0,35.0,40.0,1.0,1.0,36.02159733501067,13.350526493631696,36.044356456826364,13.27003784827458
8.299999999999999,0.0,48.5,0.5,51.0,45.0,45.0,35.0,40.0,1.0,1.0,35.91893106115917,11.5452239739719,36.01552651194372,12.472488666995554
8.316666666666666,0.0,48.5,0.5,51.0,45.0,45.0,35.0,40.0,1.0,1.0,35.88652977775582,9.505293315597745,35.88822977456212,11.583222270775046
8.333333333333334,0.0,48.5,0.5,51.0,45.0,45.0,35.0,40.0,1.0,1.0,35.973163360917134,10.42523550318551,35.94628643304449,11.107281896537025
8.35,0.0,48.5,0.5,51.0,45.0,45.0,35.0,40.0,1.0,1.0,35.883505893421706,9.506131080029267,35.87709904731058,10.950111839025384
8.366666666666667,0.0,48.5,0.5,51.0,45.0,45.0,35.0,40.0,1.0,1.0,36.141888107286235,11.896743972191581,36.05898843887418,13.241838459973629
8.383333333333333,0.0,48.5,0.5,51.0,45.0,45.0,35.0,40.0,1.0,1.0,35.92960437073876,12.686410257874241,36.01035354469561,12.422659853221479
8.4,0.0,48.5,0.5,51.0,45.0,45.0,35.0,40.0,1.0,1.0,36.06582515693503,11.555647329482685,36.02646411361145,12.785027981082296
8.416666666666666,0.0,48.5,0.5,51.0,45.0,45.0,35.0,40.0,1.0,1.0,36.077730229827424,13.827874824374387,36.00350771575747,12.751533460224339
8.433333333333334,0.0,48.5,0.5,51.0,45.0,45.0,35.0,40.0,1.0,1.0,35.94769261174418,14.201271857860235,36.02206386619508,12.127021414822835
8.45,0.0,48.5,0.5,51.0,45.0,45.0,35.0,40.0,1.0,1.0,36.006943709563366,11.810930223448523,36.00779641460156,11.93493166133844
8.466666666666667,0.0,48.5,0.5,51.0,45.0,45.0,35.0,40.0,1.0,1.0,36.084544424638224,12.909559346353863,36.02604980937945,12.574107249141406
8.483333333333333,0.0,48.5,0.5,51.0,45.0,45.0,35.0,40.0,1.0,1.0,36.0648646727683,13.847858990282171,36.08077400663287,12.356095654274077
8.5,0.0,48.5,0.5,51.0,45.0,45.0,35.0,40.0,1.0,1.0,35.80219884026053,13.470172441035407,35.958150293580154,12.751288988015723
8.516666666666666,0.0,48.5,0.5,51.0,45.0,45.0,35.0,40.0,1.0,1.0,35.875122609856774,12.274079337311239,35.906377975589336,12.017697569527458
8.533333333333333,0.0,48.5,0.5,51.0,45.0,45.0,35.0,40.0,1.0,1.0,36.116695905180144,13.233532805166318,35.97507303094992,11.751126348614882
8.549999999999999,0.0,48.5,0.5,51.0,45.0,45.0,35.0,40.0,1.0,1.0,35.84944114341831,12.595922714276863,35.90815772402068,12.30931762182916
8.566666666666666,0.0,48.5,0.5,51.0,45.0,45.0,35.0,40.0,1.0,1.0,35.95184243912713,12.992521846814107,35.85775355075312,12.409353811122823
8.583333333333334,0.0,48.5,0.5,51.0,45.0,45.0,35.0,40.0,1.0,1.0,36.04823173963656,13.451258135270429,35.99533311359435,12.6083646007464
8.6,0.0,48.5,0.5,51.0,45.0,45.0,35.0,40.0,1.0,1.0,35.82569565132301,15.021010151413066,35.93808716349247,13.709231229350054
8.616666666666667,0.0,48.5,0.5,51.0,45.0,45.0,35.0,40.0,1.0,1.0,35.88841085317979,12.983514737297408,35.94410154438086,12.649082669417046
8.633333333333333,0.0,48.5,0.5,51.0,45.0,45.0,35.0,40.0,1.0,1.0,35.957729396830075,12.64798069200112,35.84535230513183,12.082614394473568
8.65,0.0,48.5,0.5,51.0,45.0,45.0,35.0,40.0,1.0,1.0,35.85234187321432,13.96135905010387,35.89128680307763,12.932723550303956
8.666666666666666,0.0,48.5,0.5,51.0,45.0,45.0,35.0,40.0,1.0,1.0,36.00667246665761,9.616261154032019,35.929166630621,11.81248060660086
8.683333333333334,0.0,48.5,0.5,51.0,45.0,45.0,35.0,40.0,1.0,1.0,36.02057596669798,12.415547103833244,35.91368868443531,12.350686068879666
8.7,0.0,48.5,0.5,51.0,45.0,45.0,35.0,40.0,1.0,1.0,35.909350533938685,12.262201239277996,35.94025388658412,12.24021224322887
8.716666666666667,0.0,48.5,0.5,51.0,45.0,45.0,35.0,40.0,1.0,1.0,35.902511211770296,14.309433829751743,35.89478549020273,13.313482870203563
8.733333333333333,0.0,48.5,0.5,51.0,45.0,45.0,35.0,40.0,1.0,1.0,36.04905167810896,12.423922427892622,35.94674514093231,12.069785359029522
8.75,0.0,48.5,0.5,51.0,45.0,45.0,35.0,40.0,1.0,1.0,35.90353734473559,11.712666012520998,35.911778021247926,11.36565575267484
8.766666666666666,0.0,48.5,0.5,51.0,45.0,45.0,35.0,40.0,1.0,1.0,35.9762350131963,10.301997672966058,35.89033224652246,11.657930667047914
8.783333333333333,0.0,48.5,0.5,51.0,45.0,45.0,35.0,40.0,1.0,1.0,35.953148090617674,11.315630753499091,35.90817041515863,12.860343332120848
8.799999999999999,0.0,48.5,0.5,51.0,45.0,45.0,35.0,40.0,1.0,1.0,35.90622606429976,12.577381142686326,35.911831176910965,12.024270260559463
8.816666666666666,0.0,48.5,0.5,51.0,45.0,45.0,35.0,40.0,1.0,1.0,35.820599547202384,13.855030785764923,35.92247558632512,12.357942464291526
8.833333333333334,0.0,48.5,0.5,51.0,45.0,45.0,35.0,40.0,1.0,1.0,35.971104445297804,11.822505073643416,35.92659081980184,11.616496402746874
8.85,0.0,48.5,0.5,51.0,45.0,45.0,35.0,40.0,1.0,1.0,35.849318584020786,13.30557987680271,35.901033288460056,12.14863087112497
8.866666666666667,0.0,48.5,0.5,51.0,45.0,45.0,35.0,40.0,1.0,1.0,35.891494424757006,13.173622742978687,35.832587777367735,12.381256977488652
8.883333333333333,0.0,48.5,0.5,51.0,45.0,45.0,35.0,40.0,1.0,1.0,35.815812936073115,14.222898240983628,35.871051266596155,12.978799238512385
8.9,0.0,48.5,0.5,51.0,45.0,45.0,35.0,40.0,1.0,1.0,35.897317641990306,11.69326313227511,35.90734184330216,12.807296177982089
8.916666666666666,0.0,48.5,0.5,51.0,45.0,45.0,35.0,40.0,1.0,1.0,35.91248614001401,14.29882953045414,35.917395276799816,11.829187723210643
8.933333333333334,0.0,48.5,0.5,51.0,45.0,45.0,35.0,40.0,1.0,1.0,36.00363490418529,12.34030730865597,35.93150088371168,12.3716496083591
8.95,0.0,48.5,0.5,51.0,45.0,45.0,35.0,40.0,1.0,1.0,35.83106112969595,15.263140352075524,35.874840993035704,13.568091980988774
8.966666666666667,0.0,48.5,0.5,51.0,45.0,45.0,35.0,40.0,1.0,1.0,35.92510000684392,12.277652672375075,35.85989665622029,12.063500300231697
8.983333333333333,0.0,48.5,0.5,51.0,45.0,45.0,35.0,40.0,1.0,1.0,35.974154306019166,12.92158440846236,35.873831052527585,11.957385749799464
9.0,0.0,48.5,0.5,51.0,45.0,45.0,35.0,40.0,1.0,1.0,35.740726859478755,12.331496010496554,35.827961863642344,12.074717947226894
9.016666666666666,0.0,48.5,0.5,51.0,45.0,45.0,35.0,40.0,1.0,1.0,35.94714681371994,13.866593776181821,35.86390606454381,12.058651696448324
9.033333333333333,0.0,48.5,0.5,51.0,45.0,45.0,35.0,40.0,1.0,1.0,35.91406662986091,9.812042653623381,35.91386991005659,11.870801670863697
9.049999999999999,0.0,48.5,0.5,51.0,45.0,45.0,35.0,40.0,1.0,1.0,35.89291148214461,14.5312117809783,35.92108675252728,12.5917627655891
9.066666666666666,0.0,48.5,0.5,51.0,45.0,45.0,35.0,40.0,1.0,1.0,35.93528829452358,10.285946425759741,35.94104357854926,11.679015458645111
9.083333333333332,0.0,48.5,0.5,51.0,45.0,45.0,35.0,40.0,1.0,1.0,36.04252249871307,9.064651013643665,35.99779592667671,12.204024838545159
9.1,0.0,48.5,0.5,51.0,45.0,45.0,35.0,40.0,1.0,1.0,36.08988466180199,9.182887908345414,35.93228097246499,11.368127498577627
9.116666666666667,0.0,48.5,0.5,51.0,45.0,45.0,35.0,40.0,1.0,1.0,35.809280430270924,11.367393578108443,35.92833261923199,12.507547558552545
9.133333333333333,0.0,48.5,0.5,51.0,45.0,45.0,35.0,40.0,1.0,1.0,35.808473008720405,13.968891726453865,35.85478726027096,13.095728376072373
9.15,0.0,48.5,0.5,51.0,45.0,45.0,35.0,40.0,1.0,1.0,35.97918624770277,10.869659736951045,35.90894180047066,11.196516493125003
9.166666666666666,0.0,48.5,0.5,51.0,45.0,45.0,35.0,40.0,1.0,1.0,35.95496607254421,12.15702437358133,35.934055125787175,13.264474928871056
9.183333333333334,0.0,48.5,0.5,51.0,45.0,45.0,35.0,40.0,1.0,1.0,35.86928984180113,12.001505003439918,35.87674820337399,11.735093357771563
9.2,0.0,48.5,0.5,51.0,45.0,45.0,35.0,40.0,1.0,1.0,35.81069115972238,11.916185531727276,35.925011340783435,12.931801714669673
9.216666666666667,0.0,48.5,0.5,51.0,45.0,45.0,35.0,40.0,1.0,1.0,35.831379356782264,13.460471653600475,35.97807660939412,12.226673182509941
9.233333333333333,0.0,48.5,0.5,51.0,45.0,45.0,35.0,40.0,1.0,1.0,36.01154553295978,12.735928165461944,35.91711249773113,12.688998620369734
9.25,0.0,48.5,0.5,51.0,45.0,45.0,35.0,40.0,1.0,1.0,35.94018400962724,12.852783523788005,35.967789206639175,12.602155145150247
9.266666666666666,0.0,48.5,0.5,51.0,45.0,45.0,35.0,40.0,1.0,1.0,35.89801903468571,12.509126701132368,35.939400387819646,12.503402780767615
9.283333333333333,0.0,48.5,0.5,51.0,45.0,45.0,35.0,40.0,1.0,1.0,36.046002145514734,11.78390719146227,35.998475970241884,11.96067961196001
9.299999999999999,0.0,48.5,0.5,51.0,45.0,45.0,35.0,40.0,1.0,1.0,35.77728752408086,14.44893008337294,35.82335426778159,13.343024847760685
9.316666666666666,0.0,48.5,0.5,51.0,45.0,45.0,35.0,40.0,1.0,1.0,35.85399233969217,13.789008728202118,35.885029494687195,11.905997433596283
9.333333333333332,0.0,48.5,0.5,51.0,45.0,45.0,35.0,40.0,1.0,1.0,35.952764276952415,11.657798390927226,35.9201876279667,11.850920994927302
9.35,0.0,48.5,0.5,51.0,45.0,45.0,35.0,40.0,1.0,1.0,35.92260444447045,13.358878581296446,35.933179739716074,13.867347733866538
9.366666666666667,0.0,48.5,0.5,51.0,45.0,45.0,35.0,40.0,1.0,1.0,35.93098922074314,13.363280761025823,35.932736372378706,12.410494310725811
9.383333333333333,0.0,48.5,0.5,51.0,45.0,45.0,35.0,40.0,1.0,1.0,35.903720652609,13.812292800383927,35.86532159471095,11.592093998096098
9.4,0.0,48.5,0.5,51.0,45.0,45.0,35.0,40.0,1.0,1.0,35.87990072738142,13.785105277498431,35.94283434036367,13.555731047193861
9.416666666666666,0.0,48.5,0.5,51.0,45.0,45.0,35.0,40.0,1.0,1.0,35.78920146222008,14.932362967428014,35.97762397347598,12.624290170188553
9.433333333333334,0.0,48.5,0.5,51.0,45.0,45.0,35.0,40.0,1.0,1.0,35.8512644466788,14.423962735632395,35.932307351558805,13.05481878296786
9.45,0.0,48.5,0.5,51.0,45.0,45.0,35.0,40.0,1.0,1.0,35.79795681591442,9.90014787760644,35.86737457413702,11.977925441458336
9.466666666666667,0.0,48.5,0.5,51.0,45.0,45.0,35.0,40.0,1.0,1.0,36.11084211139329,14.162900972080052,35.942766071095235,12.60722419194144
9.483333333333333,0.0,48.5,0.5,51.0,45.0,45.0,35.0,40.0,1.0,1.0,35.87019216060942,10.46121187120702,35.84604234773137,12.528844471588101
9.5,0.0,48.5,0.5,51.0,45.0,45.0,35.0,40.0,1.0,1.0,35.89172526274655,11.557149841537067,35.859138901841796,11.981643132438835
9.516666666666666,0.0,48.5,0.5,51.0,45.0,45.0,35.0,40.0,1.0,1.0,35.71213540509143,15.102529240125037,35.925530108268795,11.716542191730477
9.533333333333333,0.0,48.5,0.5,51.0,45.0,45.0,35.0,40.0,1.0,1.0,35.85358435790324,11.601548920123626,35.88656012429939,12.839839204235936
9.549999999999999,0.0,48.5,0.5,51.0,45.0,45.0,35.0,40.0,1.0,1.0,35.85889810948726,10.10268943284144,35.83246139123649,11.07503164994998
9.566666666666666,0.0,48.5,0.5,51.0,45.0,45.0,35.0,40.0,1.0,1.0,35.8852484177528,12.032252295325016,35.85368209651918,11.832436463500777
9.583333333333332,0.0,48.5,0.5,51.0,45.0,45.0,35.0,40.0,1.0,1.0,35.89141188759033,10.943981159139506,35.958021002155434,12.274021869386672
9.6,0.0,48.5,0.5,51.0,45.0,45.0,35.0,40.0,1.0,1.0,35.98137239663911,14.183513309384868,35.90958553857694,13.609870581402165
9.616666666666667,0.0,48.5,0.5,51.0,45.0,45.0,35.0,40.0,1.0,1.0,35.92519465859745,12.13854314701043,35.905955828815756,12.550072386861407
9.633333333333333,0.0,48.5,0.5,51.0,45.0,45.0,35.0,40.0,1.0,1.0,35.844491162224216,14.361251446052053,35.87472513087895,12.326428652771309
9.65,0.0,48.5,0.5,51.0,45.0,45.0,35.0,40.0,1.0,1.0,35.785174501842704,11.659283860435542,35.82949449527682,11.587240497041025
9.666666666666666,0.0,48.5,0.5,51.0,45.0,45.0,35.0,40.0,1.0,1.0,35.843366764038485,12.179446539365545,35.93142782539531,12.097373197329409
9.683333333333334,0.0,48.5,0.5,51.0,45.0,45.0,35.0,40.0,1.0,1.0,35.82245694798821,9.15573557043166,35.89080734297043,10.198779415768362
9.7,0.0,48.5,0.5,51.0,45.0,45.0,35.0,40.0,1.0,1.0,36.105352934126785,10.311943337485909,36.002207496093654,11.831211822988285
9.716666666666667,0.0,48.5,0.5,51.0,45.0,45.0,35.0,40.0,1.0,1.0,35.96467969731214,12.321536991125441,36.064219460267914,12.73262093404955
9.733333333333333,0.0,48.5,0.5,51.0,45.0,45.0,35.0,40.0,1.0,1.0,36.01936298481588,15.739597582237081,36.01890258737064,13.786892329688442
9.75,0.0,48.5,0.5,51.0,45.0,45.0,35.0,40.0,1.0,1.0,36.062496654634145,15.096721283790082,36.00199632342905,12.676998106025733
9.766666666666666,0.0,48.5,0.5,51.0,45.0,45.0,35.0,40.0,1.0,1.0,36.02965408453722,9.945929420482289,35.9818690687473,11.62273867997138
9.783333333333333,0.0,48.5,0.5,51.0,45.0,45.0,35.0,40.0,1.0,1.0,36.059202572168886,12.82392586009828,36.02513310181323,12.004749107997435
9.799999999999999,0.0,48.5,0.5,51.0,45.0,45.0,35.0,40.0,1.0,1.0,35.83224461268367,10.172485809218756,35.86074983419711,12.482262948449426
9.816666666666666,0.0,48.5,0.5,51.0,45.0,45.0,35.0,40.0,1.0,1.0,36.04638215313152,11.267889655284966,35.97321657674069,9.984370199173396
9.833333333333332,0.0,48.5,0.5,51.0,45.0,45.0,35.0,40.0,1.0,1.0,35.813446860367556,13.737951536941033,35.93025118252993,12.925096960523748
9.85,0.0,48.5,0.5,51.0,45.0,45.0,35.0,40.0,1.0,1.0,36.01966691999416,8.610762747010456,35.91278448057757,11.213279513585547
9.866666666666667,0.0,48.5,0.5,51.0,45.0,45.0,35.0,40.0,1.0,1.0,36.00160007929206,14.32577898226178,35.94829224632411,12.171282455467173
9.883333333333333,0.0,48.5,0.5,51.0,45.0,45.0,35.0,40.0,1.0,1.0,35.89405336044826,12.20411519519233,35.960398477837565,11.930931045167798
9.9,0.0,48.5,0.5,51.0,45.0,45.0,35.0,40.0,1.0,1.0,36.00833806607945,14.084102787321596,35.95328392681578,13.098214423063379
9.916666666666666,0.0,48.5,0.5,51.0,45.0,45.0,35.0,40.0,1.0,1.0,35.81280511229743,11.798559470257558,35.913224505338505,12.83545068024825
9.933333333333334,0.0,48.5,0.5,51.0,45.0,45.0,35.0,40.0,1.0,1.0,36.01370039116498,11.462342891394735,35.9342063740792,12.256699759449628
9.95,0.0,48.5,0.5,51.0,45.0,45.0,35.0,40.0,1.0,1.0,35.833710039240756,13.705943273600123,35.87424183774209,13.516087596729413
9.966666666666667,0.0,48.5,0.5,51.0,45.0,45.0,35.0,40.0,1.0,1.0,35.97218016842963,11.190309371607857,35.97679517941396,11.787311902994631
9.983333333333333,0.0,48.5,0.5,51.0,45.0,45.0,35.0,40.0,1.0,1.0,35.90015128790379,11.58458585016553,35.920705878012114,12.53198718524713
10.0,0.0,48.5,0.5,51.0,45.0,45.0,35.0,40.0,1.0,1.0,36.122679608794606,11.213509474608518,36.03511060173855,12.35879530689306
10.016666666666666,0.0,48.5,0.5,51.0,45.0,45.0,35.0,40.0,1.0,1.0,35.944606765890136,14.641789137960284,35.96927235433016,12.805528912719213
10.033333333333333,0.0,48.5,0.5,51.0,45.0,45.0,35.0,40.0,1.0,1.0,35.976019266835564,12.17520102797584,35.945936429844146,12.97720218305782
10.049999999999999,0.0,48.5,0.5,51.0,45.0,45.0,35.0,40.0,1.0,1.0,36.10977138494179,11.248436298344442,36.00862392608935,11.746183688198496
10.066666666666666,0.0,48.5,0.5,51.0,45.0,45.0,35.0,40.0,1.0,1.0,35.81848056857479,13.699891160814873,35.88205134054211,12.748604411144248
10.083333333333332,0.0,48.5,0.5,51.0,45.0,45.0,35.0,40.0,1.0,1.0,36.073382760279785,12.768310805212387,36.038157953174576,12.897274857800284
10.1,0.0,48.5,0.5,51.0,45.0,45.0,35.0,40.0,1.0,1.0,36.015061670885586,11.344662640003637,36.049466412427805,11.530819008444471
10.116666666666667,0.0,48.5,0.5,51.0,45.0,45.0,35.0,40.0,1.0,1.0,36.067765793986915,14.414674587494858,35.978659090300965,12.674835788253903
10.133333333333333,0.0,48.5,0.5,51.0,45.0,45.0,35.0,40.0,1.0,1.0,36.0174583144676,11.760990199596105,35.96212162513743,11.917622348724947
10.15,0.0,48.5,0.5,51.0,45.0,45.0,35.0,40.0,1.0,1.0,36.02026570992993,14.154416740834222,36.02784918127844,13.135405595009393
10.166666666666666,0.0,48.5,0.5,51.0,45.0,45.0,35.0,40.0,1.0,1.0,36.101132994336254,12.742597599988368,36.00481899445422,11.714887944843793
10.183333333333334,0.0,48.5,0.5,51.0,45.0,45.0,35.0,40.0,1.0,1.0,35.893127746508604,12.674985268611653,35.984375933013695,12.342434546194637
10.2,0.0,48.5,0.5,51.0,45.0,45.0,35.0,40.0,1.0,1.0,36.13705889297396,10.73068619444567,36.03966180855684,12.600119884441453
10.216666666666667,0.0,48.5,0.5,51.0,45.0,45.0,35.0,40.0,1.0,1.0,36.03018885150542,13.841359322569318,36.03035913008783,13.226144305997122
10.233333333333333,0.0,48.5,0.5,51.0,45.0,45.0,35.0,40.0,1.0,1.0,36.16799746395501,10.63196008363563,36.08685510391513,12.278011326968656
10.25,0.0,48.5,0.5,51.0,45.0,45.0,35.0,40.0,1.0,1.0,35.99503902908591,10.83981687392704,35.97759440758191,11.872999599222252
10.266666666666666,0.0,48.5,0.5,51.0,45.0,45.0,35.0,40.0,1.0,1.0,36.12826761138192,13.861952050587899,36.084062566628695,12.851892310113026
10.283333333333333,0.0,48.5,0.5,51.0,45.0,45.0,35.0,40.0,1.0,1.0,35.94926756222629,9.559259719297714,35.99917755237079,11.61021100068613
10.299999999999999,0.0,48.5,0.5,51.0,45.0,45.0,35.0,40.0,1.0,1.0,35.988391767722455,10.047221844300562,36.015653755660004,11.064896741294074
10.316666666666666,0.0,48.5,0.5,51.0,45.0,45.0,35.0,40.0,1.0,1.0,36.10617781423185,13.62965784011946,36.05474391221308,12.291998001898687
10.333333333333332,0.0,48.5,0.5,51.0,45.0,45.0,35.0,40.0,1.0,1.0,36.09971813210521,10.460239525678947,35.99166452588274,12.335214673704618
10.35,0.0,48.5,0.5,51.0,45.0,45.0,35.0,40.0,1.0,1.0,35.92051565170909,10.584621978773889,35.94789596117368,10.624445998672808
10.366666666666667,0.0,48.5,0.5,51.0,45.0,45.0,35.0,40.0,1.0,1.0,36.13121266459611,12.188210024572443,36.034266465610834,12.356529128489472
10.383333333333333,0.0,48.5,0.5,51.0,45.0,45.0,35.0,40.0,1.0,1.0,36.132593774285,11.53060340659316,36.037867422155934,11.846007196835458
10.4,0.0,48.5,0.5,51.0,45.0,45.0,35.0,40.0,1.0,1.0,36.0752313992555,16.12529472917748,35.987373872702975,13.846782563747078
10.416666666666666,0.0,48.5,0.5,51.0,45.0,45.0,35.0,40.0,1.0,1.0,36.03754032398243,14.155782899188816,35.97529574087825,12.202139449132122
10.433333333333334,0.0,48.5,0.5,51.0,45.0,45.0,35.0,40.0,1.0,1.0,36.05663586575681,14.086218620129381,35.961100746540126,12.280785442514853
10.45,0.0,48.5,0.5,51.0,45.0,45.0,35.0,40.0,1.0,1.0,35.964559537481904,11.781352716367499,35.982554429141864,11.997660039170787
10.466666666666667,0.0,48.5,0.5,51.0,45.0,45.0,35.0,40.0,1.0,1.0,36.02558731862026,11.709497339733252,36.04306795963843,12.239491138181462
10.483333333333333,0.0,48.5,0.5,51.0,45.0,45.0,35.0,40.0,1.0,1.0,35.95421225802762,13.327986616868928,36.02652172637865,12.209711228099797
10.5,0.0,48.5,0.5,51.0,45.0,45.0,35.0,40.0,1.0,1.0,36.08895207012763,11.615533158662608,36.05779267716603,12.620580062908417
10.516666666666666,0.0,48.5,0.5,51.0,45.0,45.0,35.0,40.0,1.0,1.0,36.10802321423605,10.8368386067571,36.122017027247914,11.199243320376677
10.533333333333333,0.0,48.5,0.5,51.0,45.0,45.0,35.0,40.0,1.0,1.0,35.96404524281674,10.224011874529689,36.02285583525305,12.072840584759946
10.549999999999999,0.0,48.5,0.5,51.0,45.0,45.0,35.0,40.0,1.0,1.0,36.005822602914165,12.3983524751018,36.007719199304596,12.730335813695994
10.566666666666666,0.0,48.5,0.5,51.0,45.0,45.0,35.0,40.0,1.0,1.0,36.12493087021982,13.744857758076375,35.96120796875099,13.418093417550041
10.583333333333332,0.0,48.5,0.5,51.0,45.0,45.0,35.0,40.0,1.0,1.0,35.92650980671537,13.573939349926613,35.93601218297108,13.447607757155712
10.6,0.0,48.5,0.5,51.0,45.0,45.0,35.0,40.0,1.0,1.0,35.87394122609718,10.268673914020411,35.93640064478432,12.355398600388872
10.616666666666667,0.0,48.5,0.5,51.0,45.0,45.0,35.0,40.0,1.0,1.0,35.84389257632843,10.469564381702895,35.88715392355001,11.201743277911378
10.633333333333333,0.0,48.5,0.5,51.0,45.0,45.0,35.0,40.0,1.0,1.0,36.056284160669286,13.462115073941982,36.00917953414509,12.270000829072451
10.65,0.0,48.5,0.5,51.0,45.0,45.0,35.0,40.0,1.0,1.0,36.08722987456793,15.037195935641517,35.99434164367215,13.638128685025398
10.666666666666666,0.0,48.5,0.5,51.0,45.0,45.0,35.0,40.0,1.0,1.0,35.890921047339305,11.361476653545404,35.965016355136946,11.895018235793595
10.683333333333334,0.0,48.5,0.5,51.0,45.0,45.0,35.0,40.0,1.0,1.0,36.00867485607493,9.9448928159299,35.99080412239153,11.749151364383629
10.7,0.0,48.5,0.5,51.0,45.0,45.0,35.0,40.0,1.0,1.0,36.10391031249813,11.988038529396345,35.96976237229655,12.23986610776171
10.716666666666667,0.0,48.5,0.5,51.0,45.0,45.0,35.0,40.0,1.0,1.0,35.85494975954572,12.39172094441424,35.963498268899386,12.688320263417422
10.733333333333333,0.0,48.5,0.5,51.0,45.0,45.0,35.0,40.0,1.0,1.0,36.11727179608924,9.267599941672314,36.01705973669362,12.443750166920903
10.75,0.0,48.5,0.5,51.0,45.0,45.0,35.0,40.0,1.0,1.0,35.98754904796826,12.007154709607756,35.984358259189364,12.369947229579976
10.766666666666666,0.0,48.5,0.5,51.0,45.0,45.0,35.0,40.0,1.0,1.0,35.98842881728427,12.228351230400973,35.98915999410852,12.789107993170626
10.783333333333333,0.0,48.5,0.5,51.0,45.0,45.0,35.0,40.0,1.0,1.0,35.90245901826196,11.794478812145002,35.96604628886971,12.79091464905742
10.799999999999999,0.0,48.5,0.5,51.0,45.0,45.0,35.0,40.0,1.0,1.0,35.946590473070565,9.918358103341554,35.8780277989395,10.92262723534694
10.816666666666666,0.0,48.5,0.5,51.0,45.0,45.0,35.0,40.0,1.0,1.0,35.90013130999708,13.25481935742147,35.88895466458883,11.618619199639172
10.833333333333332,0.0,48.5,0.5,51.0,45.0,45.0,35.0,40.0,1.0,1.0,35.98722949346273,12.870094731130683,35.920552632804664,12.768444857154414
10.85,0.0,48.5,0.5,51.0,45.0,45.0,35.0,40.0,1.0,1.0,36.0708041059884,14.688528181005516,36.02200593434547,12.552327340713978
10.866666666666667,0.0,48.5,0.5,51.0,45.0,45.0,35.0,40.0,1.0,1.0,35.95556217381041,12.682870795526462,35.95399529421208,11.855865493558642
10.883333333333333,0.0,48.5,0.5,51.0,45.0,45.0,35.0,40.0,1.0,1.0,35.91150354139222,11.144252469067183,35.93172945498877,11.684979955324726
10.9,0.0,48.5,0.5,51.0,45.0,45.0,35.0,40.0,1.0,1.0,35.843313579765564,14.833834835870839,35.90607147453573,13.544415842936026
10.916666666666666,0.0,48.5,0.5,51.0,45.0,45.0,35.0,40.0,1.0,1.0,35.99548555460083,11.550237808393955,35.92024592846655,12.443480216797495
10.933333333333334,0.0,48.5,0.5,51.0,45.0,45.0,35.0,40.0,1.0,1.0,35.94071576403274,9.138341434102612,35.92132254845375,11.738987014766899
10.95,0.0,48.5,0.5,51.0,45.0,45.0,35.0,40.0,1.0,1.0,35.90960924973716,10.559437844841003,35.925854273035796,11.907923444269773
10.966666666666667,0.0,48.5,0.5,51.0,45.0,45.0,35.0,40.0,1.0,1.0,35.86675619388848,13.352164358025345,35.94597060829168,12.910257418378091
10.983333333333333,0.0,48.5,0.5,51.0,45.0,45.0,35.0,40.0,1.0,1.0,35.87021836350985,10.173958778020676,35.92586784245896,11.368049828736684
11.0,0.0,48.5,0.5,51.0,45.0,45.0,35.0,40.0,1.0,1.0,36.04558088335238,12.648215544376264,35.97076967679665,12.982186798495922
11.016666666666666,0.0,48.5,0.5,51.0,45.0,45.0,35.0,40.0,1.0,1.0,35.90709773950019,15.11007423384792,35.98682820174576,13.522107068566356
11.033333333333333,0.0,48.5,0.5,51.0,45.0,45.0,35.0,40.0,1.0,1.0,35.86223325839881,14.614573351032924,35.90031523469213,13.054877513750409
11.049999999999999,0.0,48.5,0.5,51.0,45.0,45.0,35.0,40.0,1.0,1.0,35.85307612484482,9.969830405585387,35.8403310603382,11.23715023052325
11.066666666666666,0.0,48.5,0.5,51.0,45.0,45.0,35.0,40.0,1.0,1.0,35.96439374984565,12.717396339527964,35.86448248663355,12.776893276864628
11.083333333333332,0.0,48.5,0.5,51.0,45.0,45.0,35.0,40.0,1.0,1.0,35.76995096062757,16.084844017746786,35.89757129737209,12.334131545693921
11.1,0.0,48.5,0.5,51.0,45.0,45.0,35.0,40.0,1.0,1.0,36.026754571101165,11.953083419583615,35.95288122307221,12.685456664237233
11.116666666666667,0.0,48.5,0.5,51.0,45.0,45.0,35.0,40.0,1.0,1.0,35.918681917091824,12.21166779572688,35.92820970449529,12.647718156127867
11.133333333333333,0.0,48.5,0.5,51.0,45.0,45.0,35.0,40.0,1.0,1.0,35.89141752325279,11.440330817649976,35.94402649338989,12.648210103708065
11.15,0.0,48.5,0.5,51.0,45.0,45.0,35.0,40.0,1.0,1.0,35.89198588025131,11.81607308399341,35.876263352782296,12.680178010691568
11.166666666666666,0.0,48.5,0.5,51.0,45.0,45.0,35.0,40.0,1.0,1.0,36.00488051506107,13.576009649368268,35.932557722292984,12.514279955233304
11.183333333333334,0.0,48.5,0.5,51.0,45.0,45.0,35.0,40.0,1.0,1.0,35.89025910145218,12.81261271296731,35.87159447566395,12.99850487497693
11.2,0.0,48.5,0.5,51.0,45.0,45.0,35.0,40.0,1.0,1.0,35.87143809358071,11.502068917914855,35.88088689901713,12.509621815786733
11.216666666666667,0.0,48.5,0.5,51.0,45.0,45.0,35.0,40.0,1.0,1.0,36.03425079314114,14.198369499185105,35.92729053382951,12.153701421078884
11.233333333333333,0.0,48.5,0.5,51.0,45.0,45.0,35.0,40.0,1.0,1.0,35.84400766383388,13.195296666635349,35.87792754417055,12.237849885527698
11.25,0.0,48.5,0.5,51.0,45.0,45.0,35.0,40.0,1.0,1.0,35.98519242863582,13.72774135209273,35.96856566092723,13.109652485628171
11.266666666666666,0.0,48.5,0.5,51.0,45.0,45.0,35.0,40.0,1.0,1.0,35.862103905129274,12.56605879911153,35.86853309614354,12.660960768083225
11.283333333333333,0.0,48.5,0.5,51.0,45.0,45.0,35.0,40.0,1.0,1.0,35.8910941185268,10.735484775022645,35.87284823514623,12.419470692144657
11.299999999999999,0.0,48.5,0.5,51.0,45.0,45.0,35.0,40.0,1.0,1.0,35.926546144003325,13.796541261810315,35.930752876753814,12.57524652932574
11.316666666666666,0.0,48.5,0.5,51.0,45.0,45.0,35.0,40.0,1.0,1.0,35.88815852200512,14.144716247076623,35.86978232351406,12.780243961922324
11.333333333333332,0.0,48.5,0.5,51.0,45.0,45.0,35.0,40.0,1.0,1.0,35.86847940202387,11.167132197716448,35.92239311086996,11.87546698590787
11.35,0.0,48.5,0.5,51.0,45.0,45.0,35.0,40.0,1.0,1.0,35.952952461352666,10.206419957812045,35.89550924779318,11.542487799817193
11.366666666666667,0.0,48.5,0.5,51.0,45.0,45.0,35.0,40.0,1.0,1.0,35.956906721836674,13.906745926737317,35.9664975543014,13.121148144133416
11.383333333333333,0.0,48.5,0.5,51.0,45.0,45.0,35.0,40.0,1.0,1.0,35.92851951459807,14.161286095640364,35.94733960543687,12.146954524586945
11.4,0.0,48.5,0.5,51.0,45.0,45.0,35.0,40.0,1.0,1.0,35.85078671342344,11.352591708822285,35.92198448342025,11.637353221964288
11.416666666666666,0.0,48.5,0.5,51.0,45.0,45.0,35.0,40.0,1.0,1.0,35.83868945969391,11.076503583641465,35.95531292073805,12.95444423903202
11.433333333333334,0.0,48.5,0.5,51.0,45.0,45.0,35.0,40.0,1.0,1.0,35.88122643866253,12.976574296177578,35.894593162655454,13.332473871161083
11.45,0.0,48.5,0.5,51.0,45.0,45.0,35.0,40.0,1.0,1.0,35.78495964206757,13.378117530072378,35.85035865563985,13.228408475815355
11.466666666666667,0.0,48.5,0.5,51.0,45.0,45.0,35.0,40.0,1.0,1.0,36.049868997029115,12.804175022873283,35.9596538757319,12.933340421757551
11.483333333333333,0.0,48.5,0.5,51.0,45.0,45.0,35.0,40.0,1.0,1.0,35.82338015961522,11.36111164895893,35.88302807514218,11.100300575212506
11.5,0.0,48.5,0.5,51.0,45.0,45.0,35.0,40.0,1.0,1.0,36.00451816328154,12.738290580066018,35.97041245816937,12.625640793487968
11.516666666666666,0.0,48.5,0.5,51.0,45.0,45.0,35.0,40.0,1.0,1.0,35.93117193315141,13.070399667334097,35.937768611191025,11.890944656986756
11.533333333333333,0.0,48.5,0.5,51.0,45.0,45.0,35.0,40.0,1.0,1.0,35.93417230152242,11.325701895575689,35.93660914216836,11.32217029454694
11.549999999999999,0.0,48.5,0.5,51.0,45.0,45.0,35.0,40.0,1.0,1.0,35.943002824870625,12.100852343946103,35.91975746377487,12.702564376312168
11.566666666666666,0.0,48.5,0.5,51.0,45.0,45.0,35.0,40.0,1.0,1.0,35.889153668368294,11.836163047309128,35.94095963148185,11.938284514686512
11.583333333333332,0.0,48.5,0.5,51.0,45.0,45.0,35.0,40.0,1.0,1.0,36.03829961257497,14.030156249615576,35.97302729794656,13.400196421361764
11.6,0.0,48.5,0.5,51.0,45.0,45.0,35.0,40.0,1.0,1.0,35.927839261237416,12.405772459047201,35.930213560692366,12.208983970458524
11.616666666666667,0.0,48.5,0.5,51.0,45.0,45.0,35.0,40.0,1.0,1.0,35.7847037908939,11.368959044129715,35.846012763666174,12.971404952437625
11.633333333333333,0.0,48.5,0.5,51.0,45.0,45.0,35.0,40.0,1.0,1.0,35.93742644270107,10.821759817193293,35.9195670505588,12.01610209635352
11.65,0.0,48.5,0.5,51.0,45.0,45.0,35.0,40.0,1.0,1.0,36.02713793993283,12.573766445860548,35.96222658556328,13.580574280959773
11.666666666666666,0.0,48.5,0.5,51.0,45.0,45.0,35.0,40.0,1.0,1.0,35.92441626933172,11.061032296130092,35.8932673921993,11.93337855219416
11.683333333333334,0.0,48.5,0.5,51.0,45.0,45.0,35.0,40.0,1.0,1.0,35.8631344613595,11.907534111587363,35.859958145892264,12.090943700102248
11.7,0.0,48.5,0.5,51.0,45.0,45.0,35.0,40.0,1.0,1.0,36.114376596655596,9.851883097762048,35.955523718775964,11.645142814482313
11.716666666666667,0.0,48.5,0.5,51.0,45.0,45.0,35.0,40.0,1.0,1.0,35.986441929141975,12.995495366185763,35.91796570043915,12.265858390108455
11.733333333333333,0.0,48.5,0.5,51.0,45.0,45.0,35.0,40.0,1.0,1.0,35.94205370824303,10.485334678015052,35.921817456681474,11.465317431354672
11.75,0.0,48.5,0.5,51.0,45.0,45.0,35.0,40.0,1.0,1.0,35.99530591884585,14.356385625724503,35.93954679104554,12.640487010799324
11.766666666666666,0.0,48.5,0.5,51.0,45.0,45.0,35.0,40.0,1.0,1.0,35.90609143531418,10.95750679763689,35.94446646610473,12.387281971392333
11.783333333333333,0.0,48.5,0.5,51.0,45.0,45.0,35.0,40.0,1.0,1.0,36.058981836266945,13.90681134381105,36.03127680764952,13.123776890929575
11.799999999999999,0.0,48.5,0.5,51.0,45.0,45.0,35.0,40.0,1.0,1.0,36.007812213550515,12.046247756941783,35.96561389144691,12.371688143288788
11.816666666666666,0.0,48.5,0.5,51.0,45.0,45.0,35.0,40.0,1.0,1.0,36.025939198735074,13.449828667769372,35.961029390730175,12.340495353759419
11.833333333333332,0.0,48.5,0.5,51.0,45.0,45.0,35.0,40.0,1.0,1.0,35.91015737872638,14.160173279991863,35.928278306332174,12.908770438629235
11.85,0.0,48.5,0.5,51.0,45.0,45.0,35.0,40.0,1.0,1.0,36.111374248721475,12.349826802520134,35.991990227402646,12.673647354322885
11.866666666666667,0.0,48.5,0.5,51.0,45.0,45.0,35.0,40.0,1.0,1.0,35.97155599422102,12.409553939532797,35.91331773851503,12.448306297349674
11.883333333333333,0.0,48.5,0.5,51.0,45.0,45.0,35.0,40.0,1.0,1.0,35.90041845740792,14.146558261486609,35.9740726379236,11.646599675438628
11.9,0.0,48.5,0.5,51.0,45.0,45.0,35.0,40.0,1.0,1.0,36.15892837764944,9.61567652996185,36.07467026563326,12.247932482182392
11.916666666666666,0.0,48.5,0.5,51.0,45.0,45.0,35.0,40.0,1.0,1.0,36.07709475390927,11.371101315238649,35.95902153125113,12.618166191952598
11.933333333333334,0.0,48.5,0.5,51.0,45.0,45.0,35.0,40.0,1.0,1.0,36.03129175032028,12.71503514525018,35.96239740254724,11.658365072021148
11.95,0.0,48.5,0.5,51.0,45.0,45.0,35.0,40.0,1.0,1.0,35.914249255232086,10.23884806233076,35.96788465473071,11.65566994893176
11.966666666666667,0.0,48.5,0.5,51.0,45.0,45.0,35.0,40.0,1.0,1.0,35.973977297212635,12.977202342689461,36.03536282883672,12.192393153131587
11.983333333333333,0.0,48.5,0.5,51.0,45.0,45.0,35.0,40.0,1.0,1.0,35.930125503062285,11.713369429585857,36.0387796905122,11.537516504692732
12.0,0.0,48.5,0.5,51.0,45.0,45.0,35.0,40.0,1.0,1.0,35.99225723617949,14.22618518166003,35.995459763862684,12.677424015044334
12.016666666666666,0.0,48.5,0.5,51.0,45.0,45.0,35.0,40.0,1.0,1.0,35.948765013864694,14.851041641698567,35.97823414393015,12.479914722015954
12.033333333333333,0.0,48.5,0.5,51.0,45.0,45.0,35.0,40.0,1.0,1.0,35.9200150791579,12.803141159166545,35.9178417564483,12.916481776024327
12.049999999999999,0.0,48.5,0.5,51.0,45.0,45.0,35.0,40.0,1.0,1.0,35.96354967021784,14.943504546532681,35.96798027512848,12.480984045024913
12.066666666666666,0.0,48.5,0.5,51.0,45.0,45.0,35.0,40.0,1.0,1.0,35.95084892175175,11.950223606893243,35.96418850105481,12.390115663997515
12.083333333333332,0.0,48.5,0.5,51.0,45.0,45.0,35.0,40.0,1.0,1.0,36.14319737035535,12.67255778565282,36.01476904676878,11.69021225673765
12.1,0.0,48.5,0.5,51.0,45.0,45.0,35.0,40.0,1.0,1.0,35.951081605148616,12.562241507687778,35.99395595391184,13.166238313874914
12.116666666666667,0.0,48.5,0.5,51.0,45.0,45.0,35.0,40.0,1.0,1.0,35.98800352931756,12.671475101031362,35.98698754589017,11.62287424459704
12.133333333333333,0.0,48.5,0.5,51.0,45.0,45.0,35.0,40.0,1.0,1.0,35.88258943968322,11.628932783918394,35.90370155276637,11.837718049243454
12.15,0.0,48.5,0.5,51.0,45.0,45.0,35.0,40.0,1.0,1.0,35.9799957315614,12.531136114957798,35.901194495489705,12.113633132221995
12.166666666666666,0.0,48.5,0.5,51.0,45.0,45.0,35.0,40.0,1.0,1.0,35.95879632118417,14.149376370644333,35.95360480912703,12.299339338178438
12.183333333333334,0.0,48.5,0.5,51.0,45.0,45.0,35.0,40.0,1.0,1.0,35.95105168035622,9.539995019405165,35.92051214673603,11.397549448762424
12.2,0.0,48.5,0.5,51.0,45.0,45.0,35.0,40.0,1.0,1.0,35.89747861109295,11.649522526160789,35.94705502241246,12.53754352602881
12.216666666666667,0.0,48.5,0.5,51.0,45.0,45.0,35.0,40.0,1.0,1.0,36.06294747000115,14.891629660048444,35.95465812600543,11.569403285164846
12.233333333333333,0.0,48.5,0.5,51.0,45.0,45.0,35.0,40.0,1.0,1.0,35.91150473107783,14.528578578846354,35.90020544294315,12.819459931116283
12.25,0.0,48.5,0.5,51.0,45.0,45.0,35.0,40.0,1.0,1.0,35.9631746170362,12.430271807181134,35.943320275693885,12.943203417884133
12.266666666666666,0.0,48.5,0.5,51.0,45.0,45.0,35.0,40.0,1.0,1.0,35.999552965402906,11.460931705693298,35.898413678788145,12.69706095911154
12.283333333333333,0.0,48.5,0.5,51.0,45.0,45.0,35.0,40.0,1.0,1.0,35.936045205048394,13.781024737341255,35.87755407261575,11.985594948320676
12.299999999999999,0.0,48.5,0.5,51.0,45.0,45.0,35.0,40.0,1.0,1.0,35.855956009980964,15.328273526144777,35.88208641595891,12.981446271421525
12.316666666666666,0.0,48.5,0.5,51.0,45.0,45.0,35.0,40.0,1.0,1.0,35.936062636875526,10.576955945685153,35.99915425825397,12.072013268615398
12.333333333333332,0.0,48.5,0.5,51.0,45.0,45.0,35.0,40.0,1.0,1.0,35.88623986693773,14.24738102173619,35.85785176449272,12.701570188291392
12.35,0.0,48.5,0.5,51.0,45.0,45.0,35.0,40.0,1.0,1.0,35.91724449772703,11.581039536140016,35.9343718098161,11.854907637167976
12.366666666666667,0.0,48.5,0.5,51.0,45.0,45.0,35.0,40.0,1.0,1.0,35.988394327598265,9.092968033335666,35.95486218013794,12.752017809139264
12.383333333333333,0.0,48.5,0.5,51.0,45.0,45.0,35.0,40.0,1.0,1.0,36.01653226050038,14.255085344597003,35.87395676685827,12.477715337822875
12.4,0.0,48.5,0.5,51.0,45.0,45.0,35.0,40.0,1.0,1.0,35.849481573631564,11.649088591735481,35.92995893625995,12.617525513758888
12.416666666666666,0.0,48.5,0.5,51.0,45.0,45.0,35.0,40.0,1.0,1.0,36.038320557134874,15.279988492599607,35.87858848286998,12.098431943198678
12.433333333333334,0.0,48.5,0.5,51.0,45.0,45.0,35.0,40.0,1.0,1.0,35.94805476808733,10.896181802495736,35.90922283966481,12.581746139144528
12.45,0.0,48.5,0.5,51.0,45.0,45.0,35.0,40.0,1.0,1.0,35.91455233297431,13.505907470854984,35.9217029163023,13.26060256300269
12.466666666666667,0.0,48.5,0.5,51.0,45.0,45.0,35.0,40.0,1.0,1.0,35.91803382642952,11.484033472217739,35.940567407160636,12.76071389599759
12.483333333333333,0.0,48.5,0.5,51.0,45.0,45.0,35.0,40.0,1.0,1.0,35.98264450529485,10.68446609674373,35.92325682079156,12.137496960260625
12.5,0.0,48.5,0.5,51.0,45.0,45.0,35.0,40.0,1.0,1.0,36.13948872136408,15.163092101943768,36.02733046004495,12.944090256644156
12.516666666666666,0.0,48.5,0.5,51.0,45.0,45.0,35.0,40.0,1.0,1.0,35.94467177382053,11.388023793320034,35.877979734744564,12.580725170330304
12.533333333333333,0.0,48.5,0.5,51.0,45.0,45.0,35.0,40.0,1.0,1.0,36.03845123698367,14.190986390630536,35.9370258253012,11.936296494964841
12.549999999999999,0.0,48.5,0.5,51.0,45.0,45.0,35.0,40.0,1.0,1.0,36.01260870159625,10.40271716784961,35.98313178631263,11.194653641244418
12.566666666666666,0.0,48.5,0.5,51.0,45.0,45.0,35.0,40.0,1.0,1.0,36.07612656867974,13.07725828792013,35.98698460803913,13.266398631778882
12.583333333333332,0.0,48.5,0.5,51.0,45.0,45.0,35.0,40.0,1.0,1.0,35.92995470421864,14.422291762402478,35.96516638211661,12.971741399482635
12.6,0.0,48.5,0.5,51.0,45.0,45.0,35.0,40.0,1.0,1.0,35.90578793955931,11.75348733861306,35.91452045107991,12.361697501014833
12.616666666666665,0.0,48.5,0.5,51.0,45.0,45.0,35.0,40.0,1.0,1.0,35.97367366655801,11.681825340266311,36.020552015549825,11.810870709284899
12.633333333333333,0.0,48.5,0.5,51.0,45.0,45.0,35.0,40.0,1.0,1.0,35.81244380156217,12.027126014308282,35.95403627232413,12.55884282772115
12.65,0.0,48.5,0.5,51.0,45.0,45.0,35.0,40.0,1.0,1.0,35.99732274523047,11.532418835720279,35.959548385667134,11.180888005136772
12.666666666666666,0.0,48.5,0.5,51.0,45.0,45.0,35.0,40.0,1.0,1.0,35.95971020423884,11.167484406617035,35.98780609987251,13.492651531060945
12.683333333333334,0.0,48.5,0.5,51.0,45.0,45.0,35.0,40.0,1.0,1.0,35.87744635480146,10.495851157481848,35.97113992550372,12.284146753195612
12.7,0.0,48.5,0.5,51.0,45.0,45.0,35.0,40.0,1.0,1.0,36.10852271064838,14.116254777460673,36.03546233681927,12.919466692645425
12.716666666666667,0.0,48.5,0.5,51.0,45.0,45.0,35.0,40.0,1.0,1.0,35.867026914737544,12.150449627241922,35.94126477048472,11.706309229841281
12.733333333333333,0.0,48.5,0.5,51.0,45.0,45.0,35.0,40.0,1.0,1.0,35.992072866527224,11.725432094002961,35.99322492910341,12.234450792944394
12.75,0.0,48.5,0.5,51.0,45.0,45.0,35.0,40.0,1.0,1.0,36.15449552105168,15.669474228769575,36.08556487235004,14.19886454361317
12.766666666666666,0.0,48.5,0.5,51.0,45.0,45.0,35.0,40.0,1.0,1.0,35.908367566902726,11.942043326180327,35.976801699248945,12.410126516585272
12.783333333333333,0.0,48.5,0.5,51.0,45.0,45.0,35.0,40.0,1.0,1.0,35.79571567509746,11.983453264973196,35.77003132178987,12.712350161662606
12.799999999999999,0.0,48.5,0.5,51.0,45.0,45.0,35.0,40.0,1.0,1.0,36.01970780095074,12.68868071202925,35.946371348818005,12.840509510201173
12.816666666666666,0.0,48.5,0.5,51.0,45.0,45.0,35.0,40.0,1.0,1.0,35.955208144705466,13.74571324547001,35.900041616292626,11.943482069832376
12.833333333333332,0.0,48.5,0.5,51.0,45.0,45.0,35.0,40.0,1.0,1.0,35.94516626855351,14.107583751510811,35.961400137253506,11.89789527253887
12.85,0.0,48.5,0.5,51.0,45.0,45.0,35.0,40.0,1.0,1.0,36.01361771159071,13.339727601562196,36.02833588048225,13.953434077949053
12.866666666666665,0.0,48.5,0.5,51.0,45.0,45.0,35.0,40.0,1.0,1.0,36.103769806000095,12.68535546006415,36.08247542483382,12.016180891717577
12.883333333333333,0.0,48.5,0.5,51.0,45.0,45.0,35.0,40.0,1.0,1.0,36.055622528051195,13.595332103614005,35.96781885492568,12.752853142726979
12.9,0.0,48.5,0.5,51.0,45.0,45.0,35.0,40.0,1.0,1.0,35.961448420901604,12.961268479647064,35.93977865731085,12.189156036703885
12.916666666666666,0.0,48.5,0.5,51.0,45.0,45.0,35.0,40.0,1.0,1.0,35.830616522970324,13.384830173272107,35.919614287678954,12.506088240873542
12.933333333333334,0.0,48.5,0.5,51.0,45.0,45.0,35.0,40.0,1.0,1.0,35.889145253848106,13.319421192174815,36.02803374427683,13.032746152277124
12.95,0.0,48.5,0.5,51.0,45.0,45.0,35.0,40.0,1.0,1.0,36.034367337054334,11.015447958075177,35.99520931019247,12.203438660214005
12.966666666666667,0.0,48.5,0.5,51.0,45.0,45.0,35.0,40.0,1.0,1.0,35.882289102172884,12.21724993294961,35.94296050791331,11.189061415163794
12.983333333333333,0.0,48.5,0.5,51.0,45.0,45.0,35.0,40.0,1.0,1.0,35.95106506380882,13.3420407034724,35.938869406254156,12.817895712454321
13.0,0.0,48.5,0.5,51.0,45.0,45.0,35.0,40.0,1.0,1.0,35.78986245235873,11.452502211393163,35.90172639165553,11.593691887641585
13.016666666666666,0.0,48.5,0.5,51.0,45.0,45.0,35.0,40.0,1.0,1.0,35.863170784453025,15.92057975232818,35.853617392118146,12.673201158090526
13.033333333333333,0.0,48.5,0.5,51.0,45.0,45.0,35.0,40.0,1.0,1.0,35.70049702712376,12.166456200788804,35.88396658116367,11.960744920808137
13.049999999999999,0.0,48.5,0.5,51.0,45.0,45.0,35.0,40.0,1.0,1.0,35.95687708552018,14.8728268042175,35.915734177771235,12.943151736270737
13.066666666666666,0.0,48.5,0.5,51.0,45.0,45.0,35.0,40.0,1.0,1.0,35.97599732391433,14.250477571046478,35.96322544098441,13.193282951544456
13.083333333333332,0.0,48.5,0.5,51.0,45.0,45.0,35.0,40.0,1.0,1.0,35.826978261857064,12.58304327030618,35.93306269435002,12.919679529180844
13.1,0.0,48.5,0.5,51.0,45.0,45.0,35.0,40.0,1.0,1.0,35.85117889101953,13.150356841151629,35.93566618818594,12.755063977502306
13.116666666666665,0.0,48.5,0.5,51.0,45.0,45.0,35.0,40.0,1.0,1.0,35.927990115836835,11.44772482681844,35.893840495277324,11.318678262740967
13.133333333333333,0.0,48.5,0.5,51.0,45.0,45.0,35.0,40.0,1.0,1.0,35.93879581000313,10.330885209208407,35.94266121579719,11.801196423961555
13.15,0.0,48.5,0.5,51.0,45.0,45.0,35.0,40.0,1.0,1.0,35.984679493794346,10.417734358951863,35.98693413892231,11.68507526634473
13.166666666666666,0.0,48.5,0.5,51.0,45.0,45.0,35.0,40.0,1.0,1.0,35.815212682626,13.12911829160434,35.91502989441652,12.854077640901117
13.183333333333334,0.0,48.5,0.5,51.0,45.0,45.0,35.0,40.0,1.0,1.0,35.91861310615121,12.457450884105594,35.93645164224299,13.339206153499333
13.2,0.0,48.5,0.5,51.0,45.0,45.0,35.0,40.0,1.0,1.0,35.9364918430672,11.019115353162128,35.93380759188059,11.91553901733719
13.216666666666667,0.0,48.5,0.5,51.0,45.0,45.0,35.0,40.0,1.0,1.0,35.97410723931047,10.932522544030332,35.87320321549585,12.0124250527907
13.233333333333333,0.0,48.5,0.5,51.0,45.0,45.0,35.0,40.0,1.0,1.0,35.99288187091914,10.254609159029664,35.88365821464702,11.338591932172148
13.25,0.0,48.5,0.5,51.0,45.0,45.0,35.0,40.0,1.0,1.0,35.81815227757324,11.544892142501286,35.90839398929546,12.287163637310371
13.266666666666666,0.0,48.5,0.5,51.0,45.0,45.0,35.0,40.0,1.0,1.0,35.905015513705564,10.954575773879341,35.947450383553424,12.035748275425089
13.283333333333333,0.0,48.5,0.5,51.0,45.0,45.0,35.0,40.0,1.0,1.0,36.09628412279221,13.27878509686835,36.00516193096306,12.637730207545783
13.299999999999999,0.0,48.5,0.5,51.0,45.0,45.0,35.0,40.0,1.0,1.0,35.92897583702604,11.569057224470134,35.95759099163181,13.438918345599163
13.316666666666666,0.0,48.5,0.5,51.0,45.0,45.0,35.0,40.0,1.0,1.0,35.748599307213304,12.404102409169226,35.867553876826086,13.034849891278272
13.333333333333332,0.0,48.5,0.5,51.0,45.0,45.0,35.0,40.0,1.0,1.0,35.97291073377341,12.031715523807494,35.90976505420607,12.954534713071123
13.35,0.0,48.5,0.5,51.0,45.0,45.0,35.0,40.0,1.0,1.0,35.821590251254676,9.795266242709266,35.91609258988937,10.701646417645597
13.366666666666665,0.0,48.5,0.5,51.0,45.0,45.0,35.0,40.0,1.0,1.0,35.91189293772516,11.085630377418484,35.8747567187669,12.30531437599366
13.383333333333333,0.0,48.5,0.5,51.0,45.0,45.0,35.0,40.0,1.0,1.0,35.933148802975474,15.002269463260998,35.90326552662387,13.013593446222101
13.4,0.0,48.5,0.5,51.0,45.0,45.0,35.0,40.0,1.0,1.0,36.04431033785883,11.617718622940956,35.949533880051646,13.294982711229276
13.416666666666666,0.0,48.5,0.5,51.0,45.0,45.0,35.0,40.0,1.0,1.0,35.962522212776165,11.529573550762713,35.82605953024912,12.008325775357209
13.433333333333334,0.0,48.5,0.5,51.0,45.0,45.0,35.0,40.0,1.0,1.0,35.82710816655306,12.85190363007139,35.76019775933253,13.23755973544839
13.45,0.0,48.5,0.5,51.0,45.0,45.0,35.0,40.0,1.0,1.0,35.99870361641512,15.035581539832181,35.95362594017278,13.225321368400532
13.466666666666667,0.0,48.5,0.5,51.0,45.0,45.0,35.0,40.0,1.0,1.0,35.8121859099465,11.72596795308233,35.80845652030652,12.377896150016161
13.483333333333333,0.0,48.5,0.5,51.0,45.0,45.0,35.0,40.0,1.0,1.0,35.72726456375905,11.573606702532064,35.7817510643285,11.631426990230375
13.5,0.0,48.5,0.5,51.0,45.0,45.0,35.0,40.0,1.0,1.0,35.929553726647626,12.010478924989094,35.84136524845429,12.579330086822536
13.516666666666666,0.0,48.5,0.5,51.0,45.0,45.0,35.0,40.0,1.0,1.0,35.92475765047353,14.282438524980591,35.91624856642313,12.89451114527306
13.533333333333333,0.0,48.5,0.5,51.0,45.0,45.0,35.0,40.0,1.0,1.0,35.753766925836,11.297813479636615,35.898150590794124,12.59181833946384
13.549999999999999,0.0,48.5,0.5,51.0,45.0,45.0,35.0,40.0,1.0,1.0,35.68397675869619,11.368597547729184,35.7617751257189,11.966671207581303
13.566666666666666,0.0,48.5,0.5,51.0,45.0,45.0,35.0,40.0,1.0,1.0,35.85563248823046,13.772840798763905,35.82827565261939,12.003334473272922
13.583333333333332,0.0,48.5,0.5,51.0,45.0,45.0,35.0,40.0,1.0,1.0,35.85821336622455,13.195096973785793,35.87998041984979,12.33130986186472
13.6,0.0,48.5,0.5,51.0,45.0,45.0,35.0,40.0,1.0,1.0,35.847353137355256,14.026147827178871,35.81837216970309,12.933668930538884
13.616666666666665,0.0,48.5,0.5,51.0,45.0,45.0,35.0,40.0,1.0,1.0,35.86584877248088,12.92680701841665,35.86479439690201,10.812149151336452
13.633333333333333,0.0,48.5,0.5,51.0,45.0,45.0,35.0,40.0,1.0,1.0,35.749933875740496,14.619233205063722,35.83738755478442,11.880612447133831
13.65,0.0,48.5,0.5,51.0,45.0,45.0,35.0,40.0,1.0,1.0,35.89714940470001,13.991357575064733,35.88781377219814,11.747439609346428
13.666666666666666,0.0,48.5,0.5,51.0,45.0,45.0,35.0,40.0,1.0,1.0,35.96680295395677,11.257555941307505,35.94480642776035,13.627628905048907
13.683333333333334,0.0,48.5,0.5,51.0,45.0,45.0,35.0,40.0,1.0,1.0,35.881982520768545,10.310507097642235,35.885440591689466,12.297658741196498
13.7,0.0,48.5,0.5,51.0,45.0,45.0,35.0,40.0,1.0,1.0,35.73430199769848,12.93870500866041,35.815877907608396,12.595303877815994
13.716666666666667,0.0,48.5,0.5,51.0,45.0,45.0,35.0,40.0,1.0,1.0,36.03133554536648,11.995390960140252,35.89754600384241,12.28629202131438
13.733333333333333,0.0,48.5,0.5,51.0,45.0,45.0,35.0,40.0,1.0,1.0,35.84709750661427,11.936375053802905,35.862159258512776,12.364011346050043
13.75,0.0,48.5,0.5,51.0,45.0,45.0,35.0,40.0,1.0,1.0,35.901299320826794,12.979653183176303,35.88540643341296,11.922690982528058
13.766666666666666,0.0,48.5,0.5,51.0,45.0,45.0,35.0,40.0,1.0,1.0,36.04214573860362,11.443964649783826,35.95352255459656,12.865804522181291
13.783333333333333,0.0,48.5,0.5,51.0,45.0,45.0,35.0,40.0,1.0,1.0,35.748743387230256,13.408669725109423,35.88556014064056,12.44636994525913
13.799999999999999,0.0,48.5,0.5,51.0,45.0,45.0,35.0,40.0,1.0,1.0,35.90494830362084,8.266633765932621,35.89092594445431,10.619273051740368
13.816666666666666,0.0,48.5,0.5,51.0,45.0,45.0,35.0,40.0,1.0,1.0,36.02365039563698,11.665411310929864,35.91513967442927,12.561019116257043
13.833333333333332,0.0,48.5,0.5,51.0,45.0,45.0,35.0,40.0,1.0,1.0,35.85032021157716,11.607433249433996,35.96174002867301,12.13538025903578
13.85,0.0,48.5,0.5,51.0,45.0,45.0,35.0,40.0,1.0,1.0,35.84893460903049,12.220074456794048,35.87869790280335,12.34119090828937
13.866666666666665,0.0,48.5,0.5,51.0,45.0,45.0,35.0,40.0,1.0,1.0,35.91535436054429,14.134209172062537,35.87425456147558,12.73745042168536
13.883333333333333,0.0,48.5,0.5,51.0,45.0,45.0,35.0,40.0,1.0,1.0,35.961229204820604,13.527408209553156,35.987187425327804,13.3364799873303
13.9,0.0,48.5,0.5,51.0,45.0,45.0,35.0,40.0,1.0,1.0,35.9018036570097,15.21692277502735,35.901637096254035,12.947186797827476
13.916666666666666,0.0,48.5,0.5,51.0,45.0,45.0,35.0,40.0,1.0,1.0,35.67357132288958,12.20341834609756,35.7888606404272,12.578820130610499
13.933333333333334,0.0,48.5,0.5,51.0,45.0,45.0,35.0,40.0,1.0,1.0,35.973855301492684,10.989652065337893,35.88670711149405,11.08741734594745
13.95,0.0,48.5,0.5,51.0,45.0,45.0,35.0,40.0,1.0,1.0,35.89647231598442,12.584896824514576,35.95480825678911,12.660538327016363
13.966666666666667,0.0,48.5,0.5,51.0,45.0,45.0,35.0,40.0,1.0,1.0,35.69812093206071,11.555661902299097,35.889572722386696,11.089961127224136
13.983333333333333,0.0,48.5,0.5,51.0,45.0,45.0,35.0,40.0,1.0,1.0,36.045647035136,12.631618148831418,35.99381517825337,12.341294975022292
14.0,0.0,48.5,0.5,51.0,45.0,45.0,35.0,40.0,1.0,1.0,35.865451332411666,16.361770321313347,35.95678809554981,13.178075220717053
14.016666666666666,0.0,48.5,0.5,51.0,45.0,45.0,35.0,40.0,1.0,1.0,35.80158463016948,11.372977052066702,35.79510810227343,12.129675957098975
14.033333333333333,0.0,48.5,0.5,51.0,45.0,45.0,35.0,40.0,1.0,1.0,35.83185535089081,14.709871342099573,35.887567949016116,13.203203175247499
14.049999999999999,0.0,48.5,0.5,51.0,45.0,45.0,35.0,40.0,1.0,1.0,35.68425104432172,11.555476137008236,35.787886644502514,12.057411054637598
14.066666666666666,0.0,48.5,0.5,51.0,45.0,45.0,35.0,40.0,1.0,1.0,35.85741862170903,12.578225401239909,35.88694614309934,11.925512795190759
14.083333333333332,0.0,48.5,0.5,51.0,45.0,45.0,35.0,40.0,1.0,1.0,35.97027356466553,11.102178170761873,35.8975038595068,12.112801944725293
14.1,0.0,48.5,0.5,51.0,45.0,45.0,35.0,40.0,1.0,1.0,35.891983381606295,14.787645543253861,35.87140684313106,13.10726734685834
14.116666666666665,0.0,48.5,0.5,51.0,45.0,45.0,35.0,40.0,1.0,1.0,35.79188671899846,11.173793217239993,35.89614791839354,11.334253124668455
14.133333333333333,0.0,48.5,0.5,51.0,45.0,45.0,35.0,40.0,1.0,1.0,35.960787804479885,12.647461475213165,35.928513253386704,12.147076079304698
14.15,0.0,48.5,0.5,51.0,45.0,45.0,35.0,40.0,1.0,1.0,35.97965760567376,14.413770152031638,35.98239297954018,12.85631632283085
14.166666666666666,0.0,48.5,0.5,51.0,45.0,45.0,35.0,40.0,1.0,1.0,35.98131825324793,10.494947033048721,35.957612629838444,11.64472083993731
14.183333333333334,0.0,48.5,0.5,51.0,45.0,45.0,35.0,40.0,1.0,1.0,36.02055061301952,8.518926401251559,35.972889151028575,11.193880833651594
14.2,0.0,48.5,0.5,51.0,45.0,45.0,35.0,40.0,1.0,1.0,35.88970086692266,12.806322844367582,35.92376787214477,12.941628285118211
14.216666666666667,0.0,48.5,0.5,51.0,45.0,45.0,35.0,40.0,1.0,1.0,35.963633338739385,11.637265072574877,36.00966757175704,12.60962294327523
14.233333333333333,0.0,48.5,0.5,51.0,45.0,45.0,35.0,40.0,1.0,1.0,35.86149000132197,10.483082363199625,35.95271505229743,12.785062946614758
14.25,0.0,48.5,0.5,51.0,45.0,45.0,35.0,40.0,1.0,1.0,35.90582638531747,16.39519067506509,35.92460159449031,13.645358253947977
14.266666666666666,0.0,48.5,0.5,51.0,45.0,45.0,35.0,40.0,1.0,1.0,35.78084609717748,12.210284204565836,35.90843977059484,11.128479751737892
14.283333333333333,0.0,48.5,0.5,51.0,45.0,45.0,35.0,40.0,1.0,1.0,36.03980116334681,12.460762606221623,36.02346708574977,12.978559852172664
14.299999999999999,0.0,48.5,0.5,51.0,45.0,45.0,35.0,40.0,1.0,1.0,35.97057054063633,11.703973731679351,35.93472773539711,12.968514803814209
14.316666666666666,0.0,48.5,0.5,51.0,45.0,45.0,35.0,40.0,1.0,1.0,36.06010266082841,12.146574241028533,35.96724674082316,13.70238351660045
14.333333333333332,0.0,48.5,0.5,51.0,45.0,45.0,35.0,40.0,1.0,1.0,36.00693398641057,9.290356224382691,35.93406265265548,11.837888046450798
14.35,0.0,48.5,0.5,51.0,45.0,45.0,35.0,40.0,1.0,1.0,35.881501603984056,9.26474961488146,35.837292765332045,10.456327247568733
14.366666666666665,0.0,48.5,0.5,51.0,45.0,45.0,35.0,40.0,1.0,1.0,35.932995191242384,11.404051909965812,35.926808636711634,11.866536784038408
14.383333333333333,0.0,48.5,0.5,51.0,45.0,45.0,35.0,40.0,1.0,1.0,35.9522673600805,12.878716065869684,35.99636711524853,12.852746722702205
14.4,0.0,48.5,0.5,51.0,45.0,45.0,35.0,40.0,1.0,1.0,36.03896149205394,11.659402411462857,35.97682983339626,13.075436078019846
14.416666666666666,0.0,48.5,0.5,51.0,45.0,45.0,35.0,40.0,1.0,1.0,35.87714219925651,10.56780369983498,35.92821937973731,12.075109271317684
14.433333333333334,0.0,48.5,0.5,51.0,45.0,45.0,35.0,40.0,1.0,1.0,35.985474181422894,12.60746673564586,35.984378445027474,11.883525214701017
14.45,0.0,48.5,0.5,51.0,45.0,45.0,35.0,40.0,1.0,1.0,36.03935347527457,12.622937155659935,35.94791894895272,12.661497782035841
14.466666666666667,0.0,48.5,0.5,51.0,45.0,45.0,35.0,40.0,1.0,1.0,35.998082294283066,14.262692073755606,35.91990669925187,12.099838674728396
14.483333333333333,0.0,48.5,0.5,51.0,45.0,45.0,35.0,40.0,1.0,1.0,36.06135196829628,9.77454865721005,35.95794346356433,10.437030055938997
14.5,0.0,48.5,0.5,51.0,45.0,45.0,35.0,40.0,1.0,1.0,35.876893379018625,14.572138017256115,35.92852553424217,13.76928381237531
14.516666666666666,0.0,48.5,0.5,51.0,45.0,45.0,35.0,40.0,1.0,1.0,35.93151966277236,10.369624934483923,35.93032912994463,13.194880298632963
14.533333333333333,0.0,48.5,0.5,51.0,45.0,45.0,35.0,40.0,1.0,1.0,35.94633732405268,11.616490507290802,35.92782751968854,11.5056196627473
14.549999999999999,0.0,48.5,0.5,51.0,45.0,45.0,35.0,40.0,1.0,1.0,36.00457411156061,14.067386165064486,35.94945525459389,13.10278105588614
14.566666666666666,0.0,48.5,0.5,51.0,45.0,45.0,35.0,40.0,1.0,1.0,35.864779283695135,10.670665766569325,35.844105996914514,11.775454513444226
14.583333333333332,0.0,48.5,0.5,51.0,45.0,45.0,35.0,40.0,1.0,1.0,35.914746711489066,10.681926536050558,35.95899778753338,12.445835281996972
14.6,0.0,48.5,0.5,51.0,45.0,45.0,35.0,40.0,1.0,1.0,35.92508740702871,12.928382596234119,35.92093683470381,11.884262669458268
14.616666666666665,0.0,48.5,0.5,51.0,45.0,45.0,35.0,40.0,1.0,1.0,36.034396460494314,12.573376614048184,35.89173748646577,12.430655711249525
14.633333333333333,0.0,48.5,0.5,51.0,45.0,45.0,35.0,40.0,1.0,1.0,35.93798452481253,11.661573499829878,35.90392528756118,12.072294184439164
14.65,0.0,48.5,0.5,51.0,45.0,45.0,35.0,40.0,1.0,1.0,35.86783241521173,10.749820906079837,35.89495137187558,11.527946241440755
14.666666666666666,0.0,48.5,0.5,51.0,45.0,45.0,35.0,40.0,1.0,1.0,35.97459947819252,10.788869026686914,35.90761560119635,11.794796195073198
14.683333333333334,0.0,48.5,0.5,51.0,45.0,45.0,35.0,40.0,1.0,1.0,36.126257735669924,10.952057617569363,36.00082731425689,11.932505550658298
14.7,0.0,48.5,0.5,51.0,45.0,45.0,35.0,40.0,1.0,1.0,36.10670640235129,12.508322229480507,36.00732097960609,12.131063586077849
14.716666666666667,0.0,48.5,0.5,51.0,45.0,45.0,35.0,40.0,1.0,1.0,35.79966837609082,14.867015405142423,35.912402430464944,12.927751608286819
14.733333333333333,0.0,48.5,0.5,51.0,45.0,45.0,35.0,40.0,1.0,1.0,35.93294494071509,11.814247797837433,35.94306573896485,13.472378179536998
14.75,0.0,48.5,0.5,51.0,45.0,45.0,35.0,40.0,1.0,1.0,35.830773632681264,9.515837842018351,35.86017248281336,11.394778074704844
14.766666666666666,0.0,48.5,0.5,51.0,45.0,45.0,35.0,40.0,1.0,1.0,35.87694295036319,11.10510733163884,35.898668525538994,11.043854588663836
14.783333333333333,0.0,48.5,0.5,51.0,45.0,45.0,35.0,40.0,1.0,1.0,35.868683111843424,13.210024507838476,35.91447396688145,12.92722502549599
14.799999999999999,0.0,48.5,0.5,51.0,45.0,45.0,35.0,40.0,1.0,1.0,36.00825136101976,12.04693968921471,35.919681134769284,12.14822217412893
14.816666666666666,0.0,48.5,0.5,51.0,45.0,45.0,35.0,40.0,1.0,1.0,36.03251427183211,11.905403176281794,35.958226224788056,12.676208785982668
14.833333333333332,0.0,48.5,0.5,51.0,45.0,45.0,35.0,40.0,1.0,1.0,35.88718455526963,12.069886339761139,35.941971778065195,11.42603844007763
14.85,0.0,48.5,0.5,51.0,45.0,45.0,35.0,40.0,1.0,1.0,35.9692394100334,9.624232363854386,35.9912516227929,11.718623036354886
14.866666666666665,0.0,48.5,0.5,51.0,45.0,45.0,35.0,40.0,1.0,1.0,35.987791469026384,13.237044400983976,35.99537961493697,12.26059479391263
14.883333333333333,0.0,48.5,0.5,51.0,45.0,45.0,35.0,40.0,1.0,1.0,35.986699002805715,11.575564682249567,35.974652320423445,12.544041179576116
14.9,0.0,48.5,0.5,51.0,45.0,45.0,35.0,40.0,1.0,1.0,36.089756636470554,12.289164531990515,36.02021463653895,11.736172894768082
14.916666666666666,0.0,48.5,0.5,51.0,45.0,45.0,35.0,40.0,1.0,1.0,35.99952640007732,12.726867500995628,35.96652009697275,12.254597088972726
14.933333333333334,0.0,48.5,0.5,51.0,45.0,45.0,35.0,40.0,1.0,1.0,35.888166528088355,10.114371862330032,35.89939697041803,11.617286567566328
14.95,0.0,48.5,0.5,51.0,45.0,45.0,35.0,40.0,1.0,1.0,36.00370195547247,13.451385365570065,36.00309894799773,12.776321503644581
14.966666666666667,0.0,48.5,0.5,51.0,45.0,45.0,35.0,40.0,1.0,1.0,35.87670382561525,12.636893343547642,35.913501940553545,12.62291539512882
14.983333333333333,0.0,48.5,0.5,51.0,45.0,45.0,35.0,40.0,1.0,1.0,35.979396717697696,10.822770004403557,35.99305929852107,12.568804976155702
15.0,0.0,48.5,0.5,51.0,45.0,45.0,35.0,40.0,1.0,1.0,35.91758762618707,8.847716272512333,35.94419829798161,11.26219738504351
15.016666666666666,0.0,48.5,0.5,51.0,45.0,45.0,35.0,40.0,1.0,1.0,36.09424226258837,14.452171046409342,36.092444725609894,11.053097271488236
15.033333333333333,0.0,48.5,0.5,51.0,45.0,45.0,35.0,40.0,1.0,1.0,35.961067404230576,10.984906932317296,36.0339931881032,11.998371989795247
15.049999999999999,0.0,48.5,0.5,51.0,45.0,45.0,35.0,40.0,1.0,1.0,35.905927664354856,11.580876664071802,35.92349336357986,12.819671027841613
15.066666666666666,0.0,48.5,0.5,51.0,45.0,45.0,35.0,40.0,1.0,1.0,36.04472318540981,13.61619379244096,35.919633132769356,12.383311349751814
15.083333333333332,0.0,48.5,0.5,51.0,45.0,45.0,35.0,40.0,1.0,1.0,35.836216581444035,15.105744971888193,35.93389833648453,12.90131662059557
15.1,0.0,48.5,0.5,51.0,45.0,45.0,35.0,40.0,1.0,1.0,36.060421775661034,12.547888493076643,36.00020623788455,12.748454751504987
15.116666666666665,0.0,48.5,0.5,51.0,45.0,45.0,35.0,40.0,1.0,1.0,35.95957044304354,13.654546596511098,35.934843340922825,13.409721360087785
15.133333333333333,0.0,48.5,0.5,51.0,45.0,45.0,35.0,40.0,1.0,1.0,35.91122472694774,11.518158960848986,35.918312044713794,12.154683739432553
15.15,0.0,48.5,0.5,51.0,45.0,45.0,35.0,40.0,1.0,1.0,35.927288986512536,11.059896779186822,35.97625768163242,11.623770698298332
15.166666666666666,0.0,48.5,0.5,51.0,45.0,45.0,35.0,40.0,1.0,1.0,35.894132482987665,14.121699615238127,35.901083755988545,12.556406294954675
15.183333333333334,0.0,48.5,0.5,51.0,45.0,45.0,35.0,40.0,1.0,1.0,35.92566131421173,10.749271595386654,35.97739059168172,13.248275958533037
15.2,0.0,48.5,0.5,51.0,45.0,45.0,35.0,40.0,1.0,1.0,36.056563913390896,11.614559039116271,35.9577896169493,11.786032798105678
15.216666666666667,0.0,48.5,0.5,51.0,45.0,45.0,35.0,40.0,1.0,1.0,35.89362745807322,11.355456164568576,36.006758781917014,12.874389600590833
15.233333333333333,0.0,48.5,0.5,51.0,45.0,45.0,35.0,40.0,1.0,1.0,35.90659793944355,13.518093371595784,35.93364065441188,12.626481578127493
15.25,0.0,48.5,0.5,51.0,45.0,45.0,35.0,40.0,1.0,1.0,36.03829538758918,13.239916772845781,35.99887756836903,13.443245994639625
15.266666666666666,0.0,48.5,0.5,51.0,45.0,45.0,35.0,40.0,1.0,1.0,35.891847775186186,11.639756801313546,35.945422234204706,11.691780108659858
15.283333333333333,0.0,48.5,0.5,51.0,45.0,45.0,35.0,40.0,1.0,1.0,35.80900963172563,11.851871756405501,35.88278811717366,12.881955602884554
15.299999999999999,0.0,48.5,0.5,51.0,45.0,45.0,35.0,40.0,1.0,1.0,36.067977343409424,13.996394193592248,35.9593605171117,12.28363349582221
15.316666666666666,0.0,48.5,0.5,51.0,45.0,45.0,35.0,40.0,1.0,1.0,35.91384425382283,13.806280016339239,35.913865194417994,12.935285003086861
15.333333333333332,0.0,48.5,0.5,51.0,45.0,45.0,35.0,40.0,1.0,1.0,35.973783171708746,9.450148600416572,35.930213530679374,11.700730383008583
15.35,0.0,48.5,0.5,51.0,45.0,45.0,35.0,40.0,1.0,1.0,36.048300249212524,11.799106316334795,35.94583582152388,12.017539833786442
15.366666666666665,0.0,48.5,0.5,51.0,45.0,45.0,35.0,40.0,1.0,1.0,35.89699045493143,11.600894638267206,35.92080275718077,12.30371403496905
15.383333333333333,0.0,48.5,0.5,51.0,45.0,45.0,35.0,40.0,1.0,1.0,35.86522708575848,8.336820296307717,35.839596080372715,10.717578120131831
15.4,0.0,48.5,0.5,51.0,45.0,45.0,35.0,40.0,1.0,1.0,35.8535789235519,12.239800642334867,35.873141989865466,12.37998526387159
15.416666666666666,0.0,48.5,0.5,51.0,45.0,45.0,35.0,40.0,1.0,1.0,36.04226746145773,15.112954967205518,36.00563616008941,13.473748215662086
15.433333333333334,0.0,48.5,0.5,51.0,45.0,45.0,35.0,40.0,1.0,1.0,35.985068169364695,9.953603630115712,35.975621978578054,12.31025045333441
15.45,0.0,48.5,0.5,51.0,45.0,45.0,35.0,40.0,1.0,1.0,35.81455704753857,11.853757066520734,35.90208250471595,12.916695504860693
15.466666666666667,0.0,48.5,0.5,51.0,45.0,45.0,35.0,40.0,1.0,1.0,35.850511482722055,10.536520054556014,35.8931300499802,11.917997118251659
15.483333333333333,0.0,48.5,0.5,51.0,45.0,45.0,35.0,40.0,1.0,1.0,35.966749123775685,15.080175269816598,35.96553201237069,13.658521753187657
15.5,0.0,48.5,0.5,51.0,45.0,45.0,35.0,40.0,1.0,1.0,35.806484222063055,16.216551167523054,35.872034959478,12.88283220249219
15.516666666666666,0.0,48.5,0.5,51.0,45.0,45.0,35.0,40.0,1.0,1.0,35.858033549281494,11.072514481377022,35.85310641603589,12.414599170575567
15.533333333333333,0.0,48.5,0.5,51.0,45.0,45.0,35.0,40.0,1.0,1.0,35.85770534130137,12.737153842135232,35.87753645897346,11.395161857327231
15.549999999999999,0.0,48.5,0.5,51.0,45.0,45.0,35.0,40.0,1.0,1.0,35.90482163392249,13.701979932097807,35.8829265552832,12.441562408565828
15.566666666666666,0.0,48.5,0.5,51.0,45.0,45.0,35.0,40.0,1.0,1.0,35.88847244577187,15.876260285453029,35.93507164704469,12.120696851204261
15.583333333333332,0.0,48.5,0.5,51.0,45.0,45.0,35.0,40.0,1.0,1.0,35.98037200009019,12.706350593256413,35.97211765359731,11.68980151841063
15.6,0.0,48.5,0.5,51.0,45.0,45.0,35.0,40.0,1.0,1.0,35.94645083863035,12.19379770429739,35.9270418106531,12.298575055720708
15.616666666666665,0.0,48.5,0.5,51.0,45.0,45.0,35.0,40.0,1.0,1.0,35.9430663135348,15.276075397257618,35.89358383883342,12.17077543752388
15.633333333333333,0.0,48.5,0.5,51.0,45.0,45.0,35.0,40.0,1.0,1.0,36.01503115481576,11.543123488620118,35.95413129451592,12.280342017920946
15.65,0.0,48.5,0.5,51.0,45.0,45.0,35.0,40.0,1.0,1.0,35.89204237716088,12.593517041346116,35.88947069206774,12.278773071271019
15.666666666666666,0.0,48.5,0.5,51.0,45.0,45.0,35.0,40.0,1.0,1.0,35.78251604542545,13.194644183522366,35.82711605386028,11.813565568421321
15.683333333333334,0.0,48.5,0.5,51.0,45.0,45.0,35.0,40.0,1.0,1.0,35.85603610700808,14.364694068517583,35.94514725675455,12.335101684120723
15.7,0.0,48.5,0.5,51.0,45.0,45.0,35.0,40.0,1.0,1.0,36.10716905496539,12.939125616144274,36.07263748520208,12.597822653227885
15.716666666666667,0.0,48.5,0.5,51.0,45.0,45.0,35.0,40.0,1.0,1.0,35.949034557138305,13.46972783458733,35.978811030295496,13.183342960341204
15.733333333333333,0.0,48.5,0.5,51.0,45.0,45.0,35.0,40.0,1.0,1.0,35.9583056508476,13.745825346383953,35.94322737499261,12.73426642381473
15.75,0.0,48.5,0.5,51.0,45.0,45.0,35.0,40.0,1.0,1.0,35.989471642094955,10.761017670908343,35.97191695376848,11.666933244856281
15.766666666666666,0.0,48.5,0.5,51.0,45.0,45.0,35.0,40.0,1.0,1.0,35.93969776650488,10.901222206838273,35.90490932314437,11.502145553758568
15.783333333333333,0.0,48.5,0.5,51.0,45.0,45.0,35.0,40.0,1.0,1.0,36.10351326391321,10.374396299968666,35.96709735284099,12.613517525204308
15.799999999999999,0.0,48.5,0.5,51.0,45.0,45.0,35.0,40.0,1.0,1.0,35.7976589683987,10.509550672932367,35.91441867230919,12.675848699847268
15.816666666666666,0.0,48.5,0.5,51.0,45.0,45.0,35.0,40.0,1.0,1.0,35.83072797200546,13.214014570314019,35.97452115945317,11.547690433084083
15.833333333333332,0.0,48.5,0.5,51.0,45.0,45.0,35.0,40.0,1.0,1.0,35.82333447938496,11.907638401408525,35.90860244141314,12.210973785821288
15.85,0.0,48.5,0.5,51.0,45.0,45.0,35.0,40.0,1.0,1.0,35.963409815614966,11.220789261795321,35.89000216395241,12.010425229685845
15.866666666666665,0.0,48.5,0.5,51.0,45.0,45.0,35.0,40.0,1.0,1.0,36.060480680383655,12.487575250431545,35.95856358504957,12.96235837284225
15.883333333333333,0.0,48.5,0.5,51.0,45.0,45.0,35.0,40.0,1.0,1.0,35.990446498851256,9.946049201963639,35.96002515768722,11.908487006307386
15.9,0.0,48.5,0.5,51.0,45.0,45.0,35.0,40.0,1.0,1.0,35.95946346208068,11.252429319480324,35.945903810251906,12.193473980737073
15.916666666666666,0.0,48.5,0.5,51.0,45.0,45.0,35.0,40.0,1.0,1.0,35.806768169980955,16.660344657561204,35.86645809939753,12.385629656812847
15.933333333333334,0.0,48.5,0.5,51.0,45.0,45.0,35.0,40.0,1.0,1.0,35.70132860855152,13.409266600638645,35.81524244870299,13.03438926797486
15.95,0.0,48.5,0.5,51.0,45.0,45.0,35.0,40.0,1.0,1.0,36.010565283246194,10.62462489500346,35.90555125623036,11.885032067528126
15.966666666666667,0.0,48.5,0.5,51.0,45.0,45.0,35.0,40.0,1.0,1.0,35.85947814215116,11.311260437991054,35.834727358341176,11.087517304586207
15.983333333333333,0.0,48.5,0.5,51.0,45.0,45.0,35.0,40.0,1.0,1.0,35.90290816912383,12.849354772510285,35.85136361119077,12.509574334904695
16.0,0.0,48.5,0.5,51.0,45.0,45.0,35.0,40.0,1.0,1.0,35.90165010821499,12.99346366050565,35.87862762839249,13.42826442520403
16.016666666666666,0.0,48.5,0.5,51.0,45.0,45.0,35.0,40.0,1.0,1.0,35.820923414924174,13.739262511895678,35.93860393522624,11.693182120379229
16.03333333333333,0.0,48.5,0.5,51.0,45.0,45.0,35.0,40.0,1.0,1.0,35.95872775960961,13.31092732637348,35.92702680415349,13.021354589125515
16.05,0.0,48.5,0.5,51.0,45.0,45.0,35.0,40.0,1.0,1.0,35.942124818774,12.303797523219053,35.969220057722595,11.943131318760802
16.066666666666666,0.0,48.5,0.5,51.0,45.0,45.0,35.0,40.0,1.0,1.0,35.848291365303275,12.48452891315481,35.90478650690133,12.335994311133492
16.083333333333332,0.0,48.5,0.5,51.0,45.0,45.0,35.0,40.0,1.0,1.0,35.824871869901095,13.481064274680486,35.879742892506016,12.914671388445248
16.099999999999998,0.0,48.5,0.5,51.0,45.0,45.0,35.0,40.0,1.0,1.0,35.89354083120274,10.883587413290408,35.91666627457518,11.96142964445577
16.116666666666667,0.0,48.5,0.5,51.0,45.0,45.0,35.0,40.0,1.0,1.0,35.78718016784606,12.401128203316008,35.855682333464514,12.197199123755379
16.133333333333333,0.0,48.5,0.5,51.0,45.0,45.0,35.0,40.0,1.0,1.0,35.864139510085266,13.267472786274169,35.93251360706617,13.553335274942729
16.15,0.0,48.5,0.5,51.0,45.0,45.0,35.0,40.0,1.0,1.0,35.98630090618762,9.37689575407832,35.876026725888636,11.793155011770237
16.166666666666668,0.0,48.5,0.5,51.0,45.0,45.0,35.0,40.0,1.0,1.0,35.89026006168875,9.872000312849174,35.951456878884606,11.191440625938704
16.183333333333334,0.0,48.5,0.5,51.0,45.0,45.0,35.0,40.0,1.0,1.0,35.994112055836766,13.828577095417264,35.94665626089456,11.970312734134547
16.2,0.0,48.5,0.5,51.0,45.0,45.0,35.0,40.0,1.0,1.0,35.86908902957136,14.996523636603689,35.93132832351344,12.984166606476203
16.216666666666665,0.0,48.5,0.5,51.0,45.0,45.0,35.0,40.0,1.0,1.0,36.02913783428125,11.407196287175328,35.95905756052171,12.501298763307027
16.233333333333334,0.0,48.5,0.5,51.0,45.0,45.0,35.0,40.0,1.0,1.0,35.99362497663644,15.169952567002138,35.97325315873394,12.696959828755777
16.25,0.0,48.5,0.5,51.0,45.0,45.0,35.0,40.0,1.0,1.0,36.106615123417505,14.02649540519572,35.964964112026145,13.073124465187513
16.266666666666666,0.0,48.5,0.5,51.0,45.0,45.0,35.0,40.0,1.0,1.0,36.04004249802012,11.512619740172996,36.006523770341204,12.03694126129982
16.28333333333333,0.0,48.5,0.5,51.0,45.0,45.0,35.0,40.0,1.0,1.0,35.931243342257154,13.708190810164506,35.92222929201224,13.421037837519199
16.3,0.0,48.5,0.5,51.0,45.0,45.0,35.0,40.0,1.0,1.0,35.80364167791225,9.575786293803255,35.84811501701598,11.510832286010645
16.316666666666666,0.0,48.5,0.5,51.0,45.0,45.0,35.0,40.0,1.0,1.0,35.897396933484735,12.107355312742031,35.94188004686675,11.53595137113836
16.333333333333332,0.0,48.5,0.5,51.0,45.0,45.0,35.0,40.0,1.0,1.0,35.96647609330633,14.293956968195364,35.90294880761341,11.884574530059334
16.349999999999998,0.0,48.5,0.5,51.0,45.0,45.0,35.0,40.0,1.0,1.0,36.044495870118766,12.852990583792526,35.9065760461271,12.376710158134392
16.366666666666667,0.0,48.5,0.5,51.0,45.0,45.0,35.0,40.0,1.0,1.0,35.75921908142363,13.517142053841004,35.905623899216984,12.72693480751886
16.383333333333333,0.0,48.5,0.5,51.0,45.0,45.0,35.0,40.0,1.0,1.0,35.876917952713065,8.807661244346463,35.90409808780566,10.735358729827132
16.4,0.0,48.5,0.5,51.0,45.0,45.0,35.0,40.0,1.0,1.0,35.856080743174886,13.512634794267683,35.84943171128332,12.066671466998612
16.416666666666668,0.0,48.5,0.5,51.0,45.0,45.0,35.0,40.0,1.0,1.0,35.82932231396882,10.136020669957915,35.86796130279502,9.880326157479027
16.433333333333334,0.0,48.5,0.5,51.0,45.0,45.0,35.0,40.0,1.0,1.0,35.96384910892881,10.879660291430161,35.92948169711495,11.907100024663999
16.45,0.0,48.5,0.5,51.0,45.0,45.0,35.0,40.0,1.0,1.0,36.02400720234731,13.065391918822735,35.99419520457109,12.833460895162982
16.466666666666665,0.0,48.5,0.5,51.0,45.0,45.0,35.0,40.0,1.0,1.0,35.89486572784466,13.457392267879609,35.89138160514011,11.853178657649051
16.483333333333334,0.0,48.5,0.5,51.0,45.0,45.0,35.0,40.0,1.0,1.0,35.96110379786632,9.317344564107922,35.950423511459405,12.120805784952026
16.5,0.0,48.5,0.5,51.0,45.0,45.0,35.0,40.0,1.0,1.0,35.95035010119251,10.286564384632536,35.94345564315558,11.986740631221487
16.516666666666666,0.0,48.5,0.5,51.0,45.0,45.0,35.0,40.0,1.0,1.0,35.89449035851791,11.456644331387338,36.020216131172795,11.725585008440138
16.53333333333333,0.0,48.5,0.5,51.0,45.0,45.0,35.0,40.0,1.0,1.0,35.88802144868439,6.833839690163368,35.87782948964109,10.640623211106469
16.55,0.0,48.5,0.5,51.0,45.0,45.0,35.0,40.0,1.0,1.0,35.955824685308606,13.09047036256843,35.932751349777774,12.129687063471948
16.566666666666666,0.0,48.5,0.5,51.0,45.0,45.0,35.0,40.0,1.0,1.0,35.95469131744873,12.100668587044169,35.942034462428424,12.164464651310814
16.583333333333332,0.0,48.5,0.5,51.0,45.0,45.0,35.0,40.0,1.0,1.0,35.92518957391662,12.117989958933833,35.868878766843814,11.76835689172624
16.599999999999998,0.0,48.5,0.5,51.0,45.0,45.0,35.0,40.0,1.0,1.0,35.945027791975996,11.634782110128977,35.93361068638881,12.511264690548472
16.616666666666667,0.0,48.5,0.5,51.0,45.0,45.0,35.0,40.0,1.0,1.0,35.92986407934425,10.993341332462641,35.954101290696286,12.032346546294809
16.633333333333333,0.0,48.5,0.5,51.0,45.0,45.0,35.0,40.0,1.0,1.0,35.83800724388836,11.673970858465058,35.874437285018395,12.041488817274411
16.65,0.0,48.5,0.5,51.0,45.0,45.0,35.0,40.0,1.0,1.0,35.97203027082752,12.452609150159992,35.937747559024295,12.898375347508127
16.666666666666668,0.0,48.5,0.5,51.0,45.0,45.0,35.0,40.0,1.0,1.0,35.92681036374493,13.811483897117759,35.90149342671807,12.483442450823606
16.683333333333334,0.0,48.5,0.5,51.0,45.0,45.0,35.0,40.0,1.0,1.0,35.94055902534313,13.05152461432885,35.919650250463334,12.546978256660788
16.7,0.0,48.5,0.5,51.0,45.0,45.0,35.0,40.0,1.0,1.0,35.92539208699382,11.42695646184091,35.90365914221212,11.59492895964831
16.716666666666665,0.0,48.5,0.5,51.0,45.0,45.0,35.0,40.0,1.0,1.0,35.95611251132846,11.892087436533924,35.927112866872775,12.102230645946294
16.733333333333334,0.0,48.5,0.5,51.0,45.0,45.0,35.0,40.0,1.0,1.0,35.95878140594429,10.379560436291177,35.96581756607787,12.832245943770795
16.75,0.0,48.5,0.5,51.0,45.0,45.0,35.0,40.0,1.0,1.0,35.99344233379133,12.49314708590582,35.9731814316627,12.35857448724139
16.766666666666666,0.0,48.5,0.5,51.0,45.0,45.0,35.0,40.0,1.0,1.0,35.91673601105104,14.425408881281056,36.00316738975839,13.219733485332416
16.78333333333333,0.0,48.5,0.5,51.0,45.0,45.0,35.0,40.0,1.0,1.0,35.750699257401685,10.26972306225648,35.868018698780965,12.192793553655529
16.8,0.0,48.5,0.5,51.0,45.0,45.0,35.0,40.0,1.0,1.0,35.8097256096952,11.431719041057963,35.85978261504114,12.0894086259301
16.816666666666666,0.0,48.5,0.5,51.0,45.0,45.0,35.0,40.0,1.0,1.0,35.95755729341419,12.07748111878812,36.00841045561617,11.189871519318356
16.833333333333332,0.0,48.5,0.5,51.0,45.0,45.0,35.0,40.0,1.0,1.0,36.028206144182235,14.51629881612837,35.99440993920669,12.740637986368789
16.849999999999998,0.0,48.5,0.5,51.0,45.0,45.0,35.0,40.0,1.0,1.0,35.825577936791554,11.117927146104632,35.960743451395665,12.268142671135902
16.866666666666667,0.0,48.5,0.5,51.0,45.0,45.0,35.0,40.0,1.0,1.0,35.89603044011882,12.699255145370229,36.04040954354134,12.737516807566445
16.883333333333333,0.0,48.5,0.5,51.0,45.0,45.0,35.0,40.0,1.0,1.0,35.9747101970559,12.451527440923844,35.99374955140662,13.3257628383396
16.9,0.0,48.5,0.5,51.0,45.0,45.0,35.0,40.0,1.0,1.0,35.960656730281514,9.744011816030838,35.984858874822514,10.673260706849133
16.916666666666668,0.0,48.5,0.5,51.0,45.0,45.0,35.0,40.0,1.0,1.0,36.129130886859386,9.004711201313839,35.99479107214578,12.646327437637254
16.933333333333334,0.0,48.5,0.5,51.0,45.0,45.0,35.0,40.0,1.0,1.0,35.8731546867061,14.185676284467938,35.91519867400318,11.580449106302272
16.95,0.0,48.5,0.5,51.0,45.0,45.0,35.0,40.0,1.0,1.0,36.009714457190924,12.070305382739534,36.030829365697656,12.345766246634183
16.966666666666665,0.0,48.5,0.5,51.0,45.0,45.0,35.0,40.0,1.0,1.0,35.91591455694446,14.184071563665444,35.929998563459804,12.300691100722501
16.983333333333334,0.0,48.5,0.5,51.0,45.0,45.0,35.0,40.0,1.0,1.0,35.96916792667398,10.5865701192899,35.93291815352275,12.22902172060054
17.0,0.0,48.5,0.5,51.0,45.0,45.0,35.0,40.0,1.0,1.0,35.98548652554371,10.595568246665756,35.927218963615424,10.920683868476097
17.016666666666666,0.0,48.5,0.5,51.0,45.0,45.0,35.0,40.0,1.0,1.0,35.96928489110468,12.080020661662703,35.89277789263781,12.666578945663739
17.03333333333333,0.0,48.5,0.5,51.0,45.0,45.0,35.0,40.0,1.0,1.0,36.079226186685105,11.347707201104658,36.002087361733764,10.709310544757338
17.05,0.0,48.5,0.5,51.0,45.0,45.0,35.0,40.0,1.0,1.0,35.95198899274853,11.54088954485852,35.90444969451245,12.22246350475232
17.066666666666666,0.0,48.5,0.5,51.0,45.0,45.0,35.0,40.0,1.0,1.0,36.08139157619278,10.361502213340177,35.945327106970694,11.191084338091596
17.083333333333332,0.0,48.5,0.5,51.0,45.0,45.0,35.0,40.0,1.0,1.0,35.90747028550583,11.266198701161713,35.95442915681962,12.256628935765134
17.099999999999998,0.0,48.5,0.5,51.0,45.0,45.0,35.0,40.0,1.0,1.0,35.916055196233515,11.685609104264268,35.930760209726294,11.766119997486744
17.116666666666667,0.0,48.5,0.5,51.0,45.0,45.0,35.0,40.0,1.0,1.0,35.98520526947719,14.349375983076943,35.92423970426352,11.885025855497595
17.133333333333333,0.0,48.5,0.5,51.0,45.0,45.0,35.0,40.0,1.0,1.0,35.79352090169027,14.187176743960869,35.869296889345605,12.890025283278195
17.15,0.0,48.5,0.5,51.0,45.0,45.0,35.0,40.0,1.0,1.0,36.034136921581634,13.506154982164025,36.00528172395964,12.499177597186675
17.166666666666668,0.0,48.5,0.5,51.0,45.0,45.0,35.0,40.0,1.0,1.0,35.63857104341146,11.049003131326177,35.85207900561566,11.544031984370585
17.183333333333334,0.0,48.5,0.5,51.0,45.0,45.0,35.0,40.0,1.0,1.0,35.99284133560657,13.602700436135184,35.974699494738005,11.850363682735939
17.2,0.0,48.5,0.5,51.0,45.0,45.0,35.0,40.0,1.0,1.0,36.014026446594386,9.632458654882374,36.0156953490938,11.91871074644447
17.216666666666665,0.0,48.5,0.5,51.0,45.0,45.0,35.0,40.0,1.0,1.0,35.89317709682182,12.252675536340261,35.97969492728378,11.911481457688371
17.233333333333334,0.0,48.5,0.5,51.0,45.0,45.0,35.0,40.0,1.0,1.0,35.901278994300455,11.002960588404196,36.032336244390734,12.677395546455783
17.25,0.0,48.5,0.5,51.0,45.0,45.0,35.0,40.0,1.0,1.0,36.04468367482723,14.883226483195994,36.02425704836672,13.672878179962197
17.266666666666666,0.0,48.5,0.5,51.0,45.0,45.0,35.0,40.0,1.0,1.0,35.83391936457899,10.266879236329004,35.90092352166638,11.504503860906949
17.28333333333333,0.0,48.5,0.5,51.0,45.0,45.0,35.0,40.0,1.0,1.0,35.93036562946466,13.531522321266133,35.95383844058152,12.541172044327482
17.3,0.0,48.5,0.5,51.0,45.0,45.0,35.0,40.0,1.0,1.0,35.98931050308975,13.616526241803218,35.95555035817561,12.21403016563995
17.316666666666666,0.0,48.5,0.5,51.0,45.0,45.0,35.0,40.0,1.0,1.0,35.941239353058236,13.473616205177171,35.97850312024275,12.307879735886385
17.333333333333332,0.0,48.5,0.5,51.0,45.0,45.0,35.0,40.0,1.0,1.0,36.03312141457732,13.549585356013282,35.96461329472315,13.25544990897373
17.349999999999998,0.0,48.5,0.5,51.0,45.0,45.0,35.0,40.0,1.0,1.0,36.07390688141388,15.1698647975268,35.993752948452915,12.002549657307382
17.366666666666667,0.0,48.5,0.5,51.0,45.0,45.0,35.0,40.0,1.0,1.0,36.00672570052628,11.37870273140085,35.93646960925575,12.786987646318444
17.383333333333333,0.0,48.5,0.5,51.0,45.0,45.0,35.0,40.0,1.0,1.0,35.996557463048156,10.932011964703793,35.93891787253795,12.992598485378021
17.4,0.0,48.5,0.5,51.0,45.0,45.0,35.0,40.0,1.0,1.0,35.89232526146085,11.685479779076982,35.92879500170865,12.498993079394339
17.416666666666668,0.0,48.5,0.5,51.0,45.0,45.0,35.0,40.0,1.0,1.0,36.025619963205834,11.20498295053526,35.94842041021701,12.726271194372407
17.433333333333334,0.0,48.5,0.5,51.0,45.0,45.0,35.0,40.0,1.0,1.0,36.13956424631941,10.554968023737707,35.986888224783165,11.42800856299428
17.45,0.0,48.5,0.5,51.0,45.0,45.0,35.0,40.0,1.0,1.0,35.89882371578124,11.657361495496302,35.92277829589763,13.055754440519337
17.466666666666665,0.0,48.5,0.5,51.0,45.0,45.0,35.0,40.0,1.0,1.0,35.96124380984848,12.231971807068641,35.92195943867588,11.598865083633855
17.483333333333334,0.0,48.5,0.5,51.0,45.0,45.0,35.0,40.0,1.0,1.0,35.98165779037354,10.037811924496257,35.97260854386702,12.229607480375114
17.5,0.0,48.5,0.5,51.0,45.0,45.0,35.0,40.0,1.0,1.0,36.00805793226822,12.025256132934713,35.928380653203305,12.6111669577383
17.516666666666666,0.0,48.5,0.5,51.0,45.0,45.0,35.0,40.0,1.0,1.0,35.87544603407304,10.57938970130033,35.94936611188294,12.294971699732715
17.53333333333333,0.0,48.5,0.5,51.0,45.0,45.0,35.0,40.0,1.0,1.0,36.05068064042104,11.900132812842342,35.95176734543342,12.250026596879254
17.55,0.0,48.5,0.5,51.0,45.0,45.0,35.0,40.0,1.0,1.0,35.98027207636417,14.475212111921987,35.93063602233977,13.15853856582759
17.566666666666666,0.0,48.5,0.5,51.0,45.0,45.0,35.0,40.0,1.0,1.0,35.81179854443909,12.327109597045531,35.87933847774262,12.100740372332325
17.583333333333332,0.0,48.5,0.5,51.0,45.0,45.0,35.0,40.0,1.0,1.0,35.77436573398467,9.799685400835697,35.900386159753914,11.789167735415475
17.599999999999998,0.0,48.5,0.5,51.0,45.0,45.0,35.0,40.0,1.0,1.0,35.852307331238315,10.876249803397162,35.934264222180715,11.4574971199443
17.616666666666667,0.0,48.5,0.5,51.0,45.0,45.0,35.0,40.0,1.0,1.0,35.963678281965564,13.131173070072112,35.92567117591218,12.722604910331459
17.633333333333333,0.0,48.5,0.5,51.0,45.0,45.0,35.0,40.0,1.0,1.0,35.86653752933852,12.462413836210013,35.904712435850044,12.655332986868855
17.65,0.0,48.5,0.5,51.0,45.0,45.0,35.0,40.0,1.0,1.0,35.93677865705328,13.74434955596222,35.94178591218431,13.657455980402982
17.666666666666668,0.0,48.5,0.5,51.0,45.0,45.0,35.0,40.0,1.0,1.0,35.87359225750404,14.684188079942125,35.94047558322531,11.447008056005194
17.683333333333334,0.0,48.5,0.5,51.0,45.0,45.0,35.0,40.0,1.0,1.0,35.84745369246311,11.686701154797028,35.86738851712441,12.198398155179525
17.7,0.0,48.5,0.5,51.0,45.0,45.0,35.0,40.0,1.0,1.0,35.95736807356512,10.875596080793287,35.90739643110581,11.918780437073115
17.716666666666665,0.0,48.5,0.5,51.0,45.0,45.0,35.0,40.0,1.0,1.0,35.914135626499245,12.041588688268089,35.965547062002585,11.98053904874945
17.733333333333334,0.0,48.5,0.5,51.0,45.0,45.0,35.0,40.0,1.0,1.0,36.06664538762966,12.070461434471179,36.0425528017778,12.474234093909123
17.75,0.0,48.5,0.5,51.0,45.0,45.0,35.0,40.0,1.0,1.0,35.9430927203333,12.22159014868224,35.91854583047256,13.056035038516319
17.766666666666666,0.0,48.5,0.5,51.0,45.0,45.0,35.0,40.0,1.0,1.0,35.905786433077594,13.299275683531912,35.96280345242445,14.218523372184652
17.78333333333333,0.0,48.5,0.5,51.0,45.0,45.0,35.0,40.0,1.0,1.0,36.018817892764254,12.252202563324857,35.92402118240642,12.893084190328413
17.8,0.0,48.5,0.5,51.0,45.0,45.0,35.0,40.0,1.0,1.0,36.09269239164604,12.127731443540258,35.97113121819986,12.626749022009164
17.816666666666666,0.0,48.5,0.5,51.0,45.0,45.0,35.0,40.0,1.0,1.0,36.05642743701957,15.057998948918545,35.98793585818961,12.129477617779267
17.833333333333332,0.0,48.5,0.5,51.0,45.0,45.0,35.0,40.0,1.0,1.0,36.052156046318466,13.854771435300655,35.945914139161,11.99382421717127
17.849999999999998,0.0,48.5,0.5,51.0,45.0,45.0,35.0,40.0,1.0,1.0,35.72340365676321,11.836271898516078,35.825454368203616,11.687612301707388
17.866666666666667,0.0,48.5,0.5,51.0,45.0,45.0,35.0,40.0,1.0,1.0,36.023766288260596,14.212577610417112,35.978446467819616,12.633688512461143
17.883333333333333,0.0,48.5,0.5,51.0,45.0,45.0,35.0,40.0,1.0,1.0,35.77288885812057,13.986624990597136,35.931805606945,12.147214466488581
17.9,0.0,48.5,0.5,51.0,45.0,45.0,35.0,40.0,1.0,1.0,35.88407752829744,14.15417769149412,35.917711436564446,13.39775984862898
17.916666666666664,0.0,48.5,0.5,51.0,45.0,45.0,35.0,40.0,1.0,1.0,35.99749298686825,12.743486413893654,35.951725328921356,13.436908142320226
17.933333333333334,0.0,48.5,0.5,51.0,45.0,45.0,35.0,40.0,1.0,1.0,36.127859276221145,11.308844976680785,36.031700585672894,12.038512342672709
17.95,0.0,48.5,0.5,51.0,45.0,45.0,35.0,40.0,1.0,1.0,35.93292974478738,14.13085799162588,35.93645564771816,12.498531003194897
17.966666666666665,0.0,48.5,0.5,51.0,45.0,45.0,35.0,40.0,1.0,1.0,36.07722023746328,13.124311272640941,35.9682458683975,11.196970171577156
17.983333333333334,0.0,48.5,0.5,51.0,45.0,45.0,35.0,40.0,1.0,1.0,36.02933293681227,14.16769193190648,36.03712915451139,12.807554386682517
18.0,0.0,48.5,0.5,51.0,45.0,45.0,35.0,40.0,1.0,1.0,35.7927172144974,13.975693460436984,35.89913719356403,13.665214741995621
18.016666666666666,0.0,48.5,0.5,51.0,45.0,45.0,35.0,40.0,1.0,1.0,35.846446682058904,9.683659394173656,35.855858983030544,13.11558327471225
18.03333333333333,0.0,48.5,0.5,51.0,45.0,45.0,35.0,40.0,1.0,1.0,36.01684023253787,11.284829172723356,35.9826560825664,11.982840013643065
18.05,0.0,48.5,0.5,51.0,45.0,45.0,35.0,40.0,1.0,1.0,36.005477603210494,10.929541825660026,35.89448066203244,11.589240960828153
18.066666666666666,0.0,48.5,0.5,51.0,45.0,45.0,35.0,40.0,1.0,1.0,35.92585337684993,13.895232701912125,35.9503799291945,12.385667395287854
18.083333333333332,0.0,48.5,0.5,51.0,45.0,45.0,35.0,40.0,1.0,1.0,36.00030499282079,11.117079911876049,35.99471130877268,12.857774982209945
18.099999999999998,0.0,48.5,0.5,51.0,45.0,45.0,35.0,40.0,1.0,1.0,35.959376721294085,12.730849489593268,35.97958120030532,12.542196643410433
18.116666666666667,0.0,48.5,0.5,51.0,45.0,45.0,35.0,40.0,1.0,1.0,35.97230123130495,12.900511456698425,35.912097723603026,12.668260348105358
18.133333333333333,0.0,48.5,0.5,51.0,45.0,45.0,35.0,40.0,1.0,1.0,36.01184808056608,12.177413994931445,35.95285430539905,13.064863183963585
18.15,0.0,48.5,0.5,51.0,45.0,45.0,35.0,40.0,1.0,1.0,35.94843938329987,10.303722269989008,35.94035016183352,11.302350952257951
18.166666666666664,0.0,48.5,0.5,51.0,45.0,45.0,35.0,40.0,1.0,1.0,36.107772365271245,12.69126361571054,36.03742041489139,12.47637098396077
18.183333333333334,0.0,48.5,0.5,51.0,45.0,45.0,35.0,40.0,1.0,1.0,35.868545455208995,10.974396026893766,35.90401711870774,12.068746860445872
18.2,0.0,48.5,0.5,51.0,45.0,45.0,35.0,40.0,1.0,1.0,35.946314273881136,13.138532148189947,35.956933475462186,12.83675660816504
18.216666666666665,0.0,48.5,0.5,51.0,45.0,45.0,35.0,40.0,1.0,1.0,35.99110246372468,12.631030942377675,35.90795535695238,12.657354406716312
18.233333333333334,0.0,48.5,0.5,51.0,45.0,45.0,35.0,40.0,1.0,1.0,35.962437896857814,13.629801881293421,35.92026776022492,11.3312732234299
18.25,0.0,48.5,0.5,51.0,45.0,45.0,35.0,40.0,1.0,1.0,35.941844572629755,10.205052567298639,35.95292895457721,12.058002900335973
18.266666666666666,0.0,48.5,0.5,51.0,45.0,45.0,35.0,40.0,1.0,1.0,35.7575711358345,13.19822508616453,35.902736848269356,11.678130718641128
18.28333333333333,0.0,48.5,0.5,51.0,45.0,45.0,35.0,40.0,1.0,1.0,35.96755446196643,10.129733948554213,35.92144446659168,11.930408095382186
18.3,0.0,48.5,0.5,51.0,45.0,45.0,35.0,40.0,1.0,1.0,35.94370194642055,16.26160864402799,35.93151335812986,13.271252248820883
18.316666666666666,0.0,48.5,0.5,51.0,45.0,45.0,35.0,40.0,1.0,1.0,35.93110270023884,12.012892781755891,35.9341356609611,11.986066448989758
18.333333333333332,0.0,48.5,0.5,51.0,45.0,45.0,35.0,40.0,1.0,1.0,35.72625894720382,9.506659126570904,35.86048282064226,11.084532279264144
18.349999999999998,0.0,48.5,0.5,51.0,45.0,45.0,35.0,40.0,1.0,1.0,36.04601022417351,13.965024091146656,35.976909920344035,13.099630989023652
18.366666666666667,0.0,48.5,0.5,51.0,45.0,45.0,35.0,40.0,1.0,1.0,35.74150340299463,10.901544779143771,35.88266183745314,12.115028601768195
18.383333333333333,0.0,48.5,0.5,51.0,45.0,45.0,35.0,40.0,1.0,1.0,36.048347839346185,16.150507350208947,35.9662613087477,12.826025701801957
18.4,0.0,48.5,0.5,51.0,45.0,45.0,35.0,40.0,1.0,1.0,35.94453004254999,10.997672615812583,35.88352166010755,11.988872215042075
18.416666666666664,0.0,48.5,0.5,51.0,45.0,45.0,35.0,40.0,1.0,1.0,36.01723229566125,14.484886973484691,35.91595236600948,13.423107539128617
18.433333333333334,0.0,48.5,0.5,51.0,45.0,45.0,35.0,40.0,1.0,1.0,35.74629286921471,13.708902343651976,35.88477673880383,13.99242534750693
18.45,0.0,48.5,0.5,51.0,45.0,45.0,35.0,40.0,1.0,1.0,35.865357072896785,11.897875782555152,35.936352181393204,11.64240072483619
18.466666666666665,0.0,48.5,0.5,51.0,45.0,45.0,35.0,40.0,1.0,1.0,35.911755940455045,11.574469392726638,35.90206614070985,12.174550820800015
18.483333333333334,0.0,48.5,0.5,51.0,45.0,45.0,35.0,40.0,1.0,1.0,35.80335248587577,12.0436711011235,35.90209196112513,12.396624149535889
18.5,0.0,48.5,0.5,51.0,45.0,45.0,35.0,40.0,1.0,1.0,35.921080296579234,10.941625327529515,35.91371422426865,12.182374645928027
18.516666666666666,0.0,48.5,0.5,51.0,45.0,45.0,35.0,40.0,1.0,1.0,36.030474295768684,11.308951599869536,36.00910184866013,12.888738325389395
18.53333333333333,0.0,48.5,0.5,51.0,45.0,45.0,35.0,40.0,1.0,1.0,36.15549254641707,10.851738904464357,36.055479678463236,12.553217951435176
18.55,0.0,48.5,0.5,51.0,45.0,45.0,35.0,40.0,1.0,1.0,35.91365329759967,12.905620490219567,35.930069555105725,12.557729352384754
18.566666666666666,0.0,48.5,0.5,51.0,45.0,45.0,35.0,40.0,1.0,1.0,35.92292681078437,12.414989597898561,35.91050919630017,11.658998632713956
18.583333333333332,0.0,48.5,0.5,51.0,45.0,45.0,35.0,40.0,1.0,1.0,36.05722187022765,9.536378516473766,35.93328541309108,11.889537809429122
18.599999999999998,0.0,48.5,0.5,51.0,45.0,45.0,35.0,40.0,1.0,1.0,35.829850937820765,11.65078380795258,35.89607609668861,10.855829254546506
18.616666666666667,0.0,48.5,0.5,51.0,45.0,45.0,35.0,40.0,1.0,1.0,36.11680503301292,14.584037293661519,35.93137592113766,11.97366875760977
18.633333333333333,0.0,48.5,0.5,51.0,45.0,45.0,35.0,40.0,1.0,1.0,35.897514117213674,11.190316930913855,35.983379114111194,12.211027475088864
18.65,0.0,48.5,0.5,51.0,45.0,45.0,35.0,40.0,1.0,1.0,35.95671318525537,11.608360982780809,35.93841329795341,11.69370437497276
18.666666666666664,0.0,48.5,0.5,51.0,45.0,45.0,35.0,40.0,1.0,1.0,35.945489492770946,16.015673716113294,35.96635563611989,12.309414792489502
18.683333333333334,0.0,48.5,0.5,51.0,45.0,45.0,35.0,40.0,1.0,1.0,35.92565434227711,11.106512413656937,35.962726655037876,13.134042048454825
18.7,0.0,48.5,0.5,51.0,45.0,45.0,35.0,40.0,1.0,1.0,35.86680273357299,14.073228031703666,35.96778755695163,12.64847276520457
18.716666666666665,0.0,48.5,0.5,51.0,45.0,45.0,35.0,40.0,1.0,1.0,35.806935081821386,11.737603662786032,35.88040299335647,12.856230645893026
18.733333333333334,0.0,48.5,0.5,51.0,45.0,45.0,35.0,40.0,1.0,1.0,35.976742325825875,13.027981971655674,35.96326738335773,12.869579059032802
18.75,0.0,48.5,0.5,51.0,45.0,45.0,35.0,40.0,1.0,1.0,35.93285664190086,15.39211294507639,35.94724639456307,13.471529534521471
18.766666666666666,0.0,48.5,0.5,51.0,45.0,45.0,35.0,40.0,1.0,1.0,35.92974087455076,9.848401745067564,35.89577582715402,11.46212618538759
18.78333333333333,0.0,48.5,0.5,51.0,45.0,45.0,35.0,40.0,1.0,1.0,35.918315609368825,13.072753918450301,35.95409676902078,12.249141558449228
18.8,0.0,48.5,0.5,51.0,45.0,45.0,35.0,40.0,1.0,1.0,35.9472845684504,15.260393955126139,35.95573681536532,12.358439458291567
18.816666666666666,0.0,48.5,0.5,51.0,45.0,45.0,35.0,40.0,1.0,1.0,35.9844997873181,12.900173580857935,35.95154415043882,12.97494079621194
18.833333333333332,0.0,48.5,0.5,51.0,45.0,45.0,35.0,40.0,1.0,1.0,35.94975144359703,14.485094928059302,35.902318262979506,12.545545512216881
18.849999999999998,0.0,48.5,0.5,51.0,45.0,45.0,35.0,40.0,1.0,1.0,35.93000400045031,13.805075240229424,35.939471983186294,13.30878364076579
18.866666666666667,0.0,48.5,0.5,51.0,45.0,45.0,35.0,40.0,1.0,1.0,35.978462046417654,13.640190856397115,35.95328361987917,12.290681748991034
18.883333333333333,0.0,48.5,0.5,51.0,45.0,45.0,35.0,40.0,1.0,1.0,35.824954363105,12.475556571172403,35.92460826632193,12.408129913229454
18.9,0.0,48.5,0.5,51.0,45.0,45.0,35.0,40.0,1.0,1.0,36.099650813565795,12.939235387897106,35.988624448591345,13.440815827697051
18.916666666666664,0.0,48.5,0.5,51.0,45.0,45.0,35.0,40.0,1.0,1.0,35.90924638465259,14.379502916026064,35.908156769878744,13.440090986834829
18.933333333333334,0.0,48.5,0.5,51.0,45.0,45.0,35.0,40.0,1.0,1.0,35.96477263499556,11.98785072746278,35.96984088026575,11.587329419803146
18.95,0.0,48.5,0.5,51.0,45.0,45.0,35.0,40.0,1.0,1.0,35.85944035473095,12.35325696682378,35.885456856761,13.037098730691557
18.966666666666665,0.0,48.5,0.5,51.0,45.0,45.0,35.0,40.0,1.0,1.0,35.92774117944116,14.876006644263501,35.88034207036495,12.222904518321347
18.983333333333334,0.0,48.5,0.5,51.0,45.0,45.0,35.0,40.0,1.0,1.0,35.90590626453729,11.668473556580782,35.88483347180482,12.123023852099747
19.0,0.0,48.5,0.5,51.0,45.0,45.0,35.0,40.0,1.0,1.0,35.85761127968368,12.1896996612974,35.83608764970683,12.38926490805507
19.016666666666666,0.0,48.5,0.5,51.0,45.0,45.0,35.0,40.0,1.0,1.0,35.75418994286094,12.369920449707372,35.901427459136954,11.658746110675713
19.03333333333333,0.0,48.5,0.5,51.0,45.0,45.0,35.0,40.0,1.0,1.0,35.92159988857446,15.082433391203264,35.92379559884738,13.422470387111286
19.05,0.0,48.5,0.5,51.0,45.0,45.0,35.0,40.0,1.0,1.0,35.717114601910964,13.819572454795932,35.801584638807036,13.12488412744046
19.066666666666666,0.0,48.5,0.5,51.0,45.0,45.0,35.0,40.0,1.0,1.0,35.85044286437485,13.823505350683854,35.89678503812758,12.528610808034967
19.083333333333332,0.0,48.5,0.5,51.0,45.0,45.0,35.0,40.0,1.0,1.0,35.80336167512348,11.742033695058872,35.902587417156454,11.796439370316838
19.099999999999998,0.0,48.5,0.5,51.0,45.0,45.0,35.0,40.0,1.0,1.0,35.91535619139954,12.865061748285987,35.901979087000505,12.916298467663523
19.116666666666667,0.0,48.5,0.5,51.0,45.0,45.0,35.0,40.0,1.0,1.0,35.702505407175515,11.16692806115079,35.85436238260247,11.309502242431032
19.133333333333333,0.0,48.5,0.5,51.0,45.0,45.0,35.0,40.0,1.0,1.0,35.818560556167,11.726958968759831,35.91144909787371,11.956168427893788
19.15,0.0,48.5,0.5,51.0,45.0,45.0,35.0,40.0,1.0,1.0,35.966547221128835,10.362546978233208,35.910888691969156,10.98344123075572
19.166666666666664,0.0,48.5,0.5,51.0,45.0,45.0,35.0,40.0,1.0,1.0,35.9492052359024,14.974936494527759,35.95999149450021,12.866920129551673
19.183333333333334,0.0,48.5,0.5,51.0,45.0,45.0,35.0,40.0,1.0,1.0,35.92654140042953,12.725237509455015,35.94250329450334,12.77664737188597
19.2,0.0,48.5,0.5,51.0,45.0,45.0,35.0,40.0,1.0,1.0,35.72076888783561,13.558145050956643,35.84073164035393,12.37219593406162
19.216666666666665,0.0,48.5,0.5,51.0,45.0,45.0,35.0,40.0,1.0,1.0,35.990797947700344,10.656109048638138,35.90664681977387,11.19047545749156
19.233333333333334,0.0,48.5,0.5,51.0,45.0,45.0,35.0,40.0,1.0,1.0,36.05128428086387,11.757652676838163,36.004088944692036,11.314100312334467
19.25,0.0,48.5,0.5,51.0,45.0,45.0,35.0,40.0,1.0,1.0,35.6931331245121,16.59031337625163,35.87268213659297,14.14200290012497
19.266666666666666,0.0,48.5,0.5,51.0,45.0,45.0,35.0,40.0,1.0,1.0,35.87253432882318,13.634457430545627,35.847023428360814,11.654479778006174
19.28333333333333,0.0,48.5,0.5,51.0,45.0,45.0,35.0,40.0,1.0,1.0,35.89943933146495,10.957551034076944,35.947374056818695,12.455294700652308
19.3,0.0,48.5,0.5,51.0,45.0,45.0,35.0,40.0,1.0,1.0,35.8734201435922,8.838441378615489,35.87361226715093,11.242749293432425
19.316666666666666,0.0,48.5,0.5,51.0,45.0,45.0,35.0,40.0,1.0,1.0,35.91038436272181,10.155321235129955,35.91009377141713,12.688247444760938
19.333333333333332,0.0,48.5,0.5,51.0,45.0,45.0,35.0,40.0,1.0,1.0,35.82307824232284,12.695196332269912,35.882880354831926,12.35859469657122
19.349999999999998,0.0,48.5,0.5,51.0,45.0,45.0,35.0,40.0,1.0,1.0,35.93011716711463,13.60027031376489,35.97497401809674,12.535155426395253
19.366666666666667,0.0,48.5,0.5,51.0,45.0,45.0,35.0,40.0,1.0,1.0,36.111101196339085,12.927253480323596,35.892626657834995,12.203666135623365
19.383333333333333,0.0,48.5,0.5,51.0,45.0,45.0,35.0,40.0,1.0,1.0,35.88631679950314,12.515009949586105,35.9031616859557,12.220314441194189
19.4,0.0,48.5,0.5,51.0,45.0,45.0,35.0,40.0,1.0,1.0,35.98294825546859,12.343404942132299,35.90361171868171,12.477473531551198
19.416666666666664,0.0,48.5,0.5,51.0,45.0,45.0,35.0,40.0,1.0,1.0,35.96174828922761,11.490633328712846,35.99463203791721,12.327275696102326
19.433333333333334,0.0,48.5,0.5,51.0,45.0,45.0,35.0,40.0,1.0,1.0,35.96668694419591,10.244926750979234,35.88154751761323,11.170736150093285
19.45,0.0,48.5,0.5,51.0,45.0,45.0,35.0,40.0,1.0,1.0,35.94979536954954,13.195651253626025,35.94852925515258,13.701954303974484
19.466666666666665,0.0,48.5,0.5,51.0,45.0,45.0,35.0,40.0,1.0,1.0,35.91349762332143,10.421764462019414,35.91498059455773,11.891020975241933
19.483333333333334,0.0,48.5,0.5,51.0,45.0,45.0,35.0,40.0,1.0,1.0,35.67840244958231,14.797779232063817,35.882565891638336,14.099151567597502
19.5,0.0,48.5,0.5,51.0,45.0,45.0,35.0,40.0,1.0,1.0,35.9648501891097,13.134385902808477,35.91017002966187,12.301133419143346
19.516666666666666,0.0,48.5,0.5,51.0,45.0,45.0,35.0,40.0,1.0,1.0,36.08980825296484,13.111161013376748,35.914575118375325,12.304632889289818
19.53333333333333,0.0,48.5,0.5,51.0,45.0,45.0,35.0,40.0,1.0,1.0,35.933985611560786,10.949273618530842,35.92541762029057,11.449058132479696
19.55,0.0,48.5,0.5,51.0,45.0,45.0,35.0,40.0,1.0,1.0,35.92233863720571,11.652642747517366,35.953399239962174,11.041815073544454
19.566666666666666,0.0,48.5,0.5,51.0,45.0,45.0,35.0,40.0,1.0,1.0,36.12714822557515,15.644052454643006,35.940312464097914,13.919176274697108
19.583333333333332,0.0,48.5,0.5,51.0,45.0,45.0,35.0,40.0,1.0,1.0,35.88529939853959,8.036150204934241,35.93076198187778,12.39650399621069
19.599999999999998,0.0,48.5,0.5,51.0,45.0,45.0,35.0,40.0,1.0,1.0,35.77322157159132,13.956348498039086,35.785062877948974,12.330380584100546
19.616666666666667,0.0,48.5,0.5,51.0,45.0,45.0,35.0,40.0,1.0,1.0,35.899608002554025,11.576816815449643,35.84126782136142,12.484358778981049
19.633333333333333,0.0,48.5,0.5,51.0,45.0,45.0,35.0,40.0,1.0,1.0,35.944213700632666,9.25497026911281,35.88178776637675,11.342358145501981
19.65,0.0,48.5,0.5,51.0,45.0,45.0,35.0,40.0,1.0,1.0,35.843879153641716,12.504030910502868,35.89490736410144,12.473109879587215
19.666666666666664,0.0,48.5,0.5,51.0,45.0,45.0,35.0,40.0,1.0,1.0,35.774561644648486,11.717855115749927,35.770013343378686,11.89828251247568
19.683333333333334,0.0,48.5,0.5,51.0,45.0,45.0,35.0,40.0,1.0,1.0,35.960930285217756,14.588206512032956,35.92151937573448,11.797534937192488
19.7,0.0,48.5,0.5,51.0,45.0,45.0,35.0,40.0,1.0,1.0,35.95990371036423,13.52835902597089,35.90970438403154,13.385104509472754
19.716666666666665,0.0,48.5,0.5,51.0,45.0,45.0,35.0,40.0,1.0,1.0,35.98889958320848,13.093475676506513,35.90827559666468,12.689195917372114
19.733333333333334,0.0,48.5,0.5,51.0,45.0,45.0,35.0,40.0,1.0,1.0,35.99110068178754,13.044691098855047,35.88424804465451,12.148835424728293
19.75,0.0,48.5,0.5,51.0,45.0,45.0,35.0,40.0,1.0,1.0,35.8753877340133,10.951239168612709,35.87551133626804,11.632636588464804
19.766666666666666,0.0,48.5,0.5,51.0,45.0,45.0,35.0,40.0,1.0,1.0,35.77947154187114,12.67228869519738,35.80281938962724,12.479289209944488
19.78333333333333,0.0,48.5,0.5,51.0,45.0,45.0,35.0,40.0,1.0,1.0,35.98946871350017,14.447111973417966,35.913984747068525,13.594045273455393
19.8,0.0,48.5,0.5,51.0,45.0,45.0,35.0,40.0,1.0,1.0,36.0807241124869,11.018622934500126,35.992152956270175,11.736491713626794
19.816666666666666,0.0,48.5,0.5,51.0,45.0,45.0,35.0,40.0,1.0,1.0,35.77317440036238,12.219954067733212,35.880108655180614,11.00258850654174
19.833333333333332,0.0,48.5,0.5,51.0,45.0,45.0,35.0,40.0,1.0,1.0,35.896632713556926,11.125534669947148,35.899840370764124,12.612318171314461
19.849999999999998,0.0,48.5,0.5,51.0,45.0,45.0,35.0,40.0,1.0,1.0,35.980600972034225,15.37961316392119,35.96522326858208,13.260651332359393
19.866666666666667,0.0,48.5,0.5,51.0,45.0,45.0,35.0,40.0,1.0,1.0,36.05354406287518,14.492580379027293,35.9649708433456,12.096565772529633
19.883333333333333,0.0,48.5,0.5,51.0,45.0,45.0,35.0,40.0,1.0,1.0,35.92826346751658,8.925587743994235,35.90904607028607,12.4856234929151
19.9,0.0,48.5,0.5,51.0,45.0,45.0,35.0,40.0,1.0,1.0,35.92749925410735,13.152256705962797,35.924292089613225,12.534826647779628
19.916666666666664,0.0,48.5,0.5,51.0,45.0,45.0,35.0,40.0,1.0,1.0,35.82677055405925,12.660516364160422,35.843716117875545,12.43807737365095
19.933333333333334,0.0,48.5,0.5,51.0,45.0,45.0,35.0,40.0,1.0,1.0,35.989556123844594,12.314833554447063,36.00732077325671,12.424459483095552
19.95,0.0,48.5,0.5,51.0,45.0,45.0,35.0,40.0,1.0,1.0,35.77124044227298,14.071450736342133,35.911054223073926,12.842641870185872
19.966666666666665,0.0,48.5,0.5,51.0,45.0,45.0,35.0,40.0,1.0,1.0,35.94624991573025,11.763289563556071,35.848960724719724,12.135175884005385
19.983333333333334,0.0,48.5,0.5,51.0,45.0,45.0,35.0,40.0,1.0,1.0,35.88326083332426,10.279489782511394,35.94143824811294,11.174535113486666
20.0,0.0,48.5,0.5,51.0,45.0,45.0,35.0,40.0,1.0,1.0,35.98354326835238,12.909759446270208,35.913419721054545,12.277064236431134
20.016666666666666,0.0,48.5,0.5,51.0,45.0,45.0,35.0,40.0,1.0,1.0,36.0984732253859,14.580566628053013,35.91008650319753,12.188386329012154
20.03333333333333,0.0,48.5,0.5,51.0,45.0,45.0,35.0,40.0,1.0,1.0,36.00140044668516,11.718909416763736,35.92986339578273,12.29271576295906
20.05,0.0,48.5,0.5,51.0,45.0,45.0,35.0,40.0,1.0,1.0,35.96812577630666,9.77982199226819,35.973901103702445,11.830220468871847
20.066666666666666,0.0,48.5,0.5,51.0,45.0,45.0,35.0,40.0,1.0,1.0,35.887351229712465,10.503766334665631,35.916099368977285,12.529174024470302
20.083333333333332,0.0,48.5,0.5,51.0,45.0,45.0,35.0,40.0,1.0,1.0,35.87878466219879,12.03599229769354,35.89811769785147,12.254354731938355
20.099999999999998,0.0,48.5,0.5,51.0,45.0,45.0,35.0,40.0,1.0,1.0,35.81879127565293,16.1460787601895,35.87927612114749,13.102132131475157
20.116666666666667,0.0,48.5,0.5,51.0,45.0,45.0,35.0,40.0,1.0,1.0,35.998061364570006,14.785982209816254,35.904734621171656,12.03126506833112
20.133333333333333,0.0,48.5,0.5,51.0,45.0,45.0,35.0,40.0,1.0,1.0,36.03255952368612,11.751778869193888,35.897394310561,12.088061718799711
20.15,0.0,48.5,0.5,51.0,45.0,45.0,35.0,40.0,1.0,1.0,35.79811204191423,12.784253431591123,35.895383960126935,13.081345767215339
20.166666666666664,0.0,48.5,0.5,51.0,45.0,45.0,35.0,40.0,1.0,1.0,35.9616498287838,12.677023062215344,35.944559358798415,13.086252118069911
20.183333333333334,0.0,48.5,0.5,51.0,45.0,45.0,35.0,40.0,1.0,1.0,35.84004253236646,13.777326080565686,35.91001483686786,13.067861913232827
20.2,0.0,48.5,0.5,51.0,45.0,45.0,35.0,40.0,1.0,1.0,35.9005605053597,13.24242080710005,35.87533868747051,12.739334819182613
20.216666666666665,0.0,48.5,0.5,51.0,45.0,45.0,35.0,40.0,1.0,1.0,35.93495738797779,10.567546140983985,35.9262700480777,12.207697231737209
20.233333333333334,0.0,48.5,0.5,51.0,45.0,45.0,35.0,40.0,1.0,1.0,35.86653644946393,11.114114436442364,35.87900913989253,11.944501129710783
20.25,0.0,48.5,0.5,51.0,45.0,45.0,35.0,40.0,1.0,1.0,36.01815242188629,12.293271168914014,35.92193532222867,10.621329425282527
20.266666666666666,0.0,48.5,0.5,51.0,45.0,45.0,35.0,40.0,1.0,1.0,36.008439466744235,13.046793272317386,35.995194174452045,12.678642790917532
20.28333333333333,0.0,48.5,0.5,51.0,45.0,45.0,35.0,40.0,1.0,1.0,35.87323859878982,14.899759380538269,35.91554159624711,12.858974237394442
20.3,0.0,48.5,0.5,51.0,45.0,45.0,35.0,40.0,1.0,1.0,35.800103797209864,12.106514864682062,35.88785704254604,13.11657019618553
20.316666666666666,0.0,48.5,0.5,51.0,45.0,45.0,35.0,40.0,1.0,1.0,35.85951879484038,15.899244694240432,35.81068016712402,12.178360235539643
20.333333333333332,0.0,48.5,0.5,51.0,45.0,45.0,35.0,40.0,1.0,1.0,35.7834274706342,10.635225974711206,35.85605098535922,12.040764466512442
20.349999999999998,0.0,48.5,0.5,51.0,45.0,45.0,35.0,40.0,1.0,1.0,35.764509104824114,8.978512758987762,35.83430047058431,11.508912636599296
20.366666666666667,0.0,48.5,0.5,51.0,45.0,45.0,35.0,40.0,1.0,1.0,35.79049341757369,15.598577397314859,35.856440683080386,13.056112672776932
20.383333333333333,0.0,48.5,0.5,51.0,45.0,45.0,35.0,40.0,1.0,1.0,35.89319974995898,14.703295414316539,35.869191624965374,12.216173403037123
20.4,0.0,48.5,0.5,51.0,45.0,45.0,35.0,40.0,1.0,1.0,36.04340004319591,8.819662777137584,36.011800982749655,11.960252695322982
20.416666666666664,0.0,48.5,0.5,51.0,45.0,45.0,35.0,40.0,1.0,1.0,35.996473225795974,14.012132987537544,35.88189209760559,12.43924401406994
20.433333333333334,0.0,48.5,0.5,51.0,45.0,45.0,35.0,40.0,1.0,1.0,35.85294058127545,10.690236864429158,35.89742578819177,12.254220371168728
20.45,0.0,48.5,0.5,51.0,45.0,45.0,35.0,40.0,1.0,1.0,35.97393521462868,13.00085362052127,35.95518983868751,12.960534826443697
20.466666666666665,0.0,48.5,0.5,51.0,45.0,45.0,35.0,40.0,1.0,1.0,35.834995965531,14.148179683124095,35.853319419251186,13.635235315911386
20.483333333333334,0.0,48.5,0.5,51.0,45.0,45.0,35.0,40.0,1.0,1.0,36.00055614998025,10.276677911274982,35.91486367631929,11.617380946114329
20.5,0.0,48.5,0.5,51.0,45.0,45.0,35.0,40.0,1.0,1.0,35.88244151440399,11.11961417534023,35.89888026482654,12.445367948184442
20.516666666666666,0.0,48.5,0.5,51.0,45.0,45.0,35.0,40.0,1.0,1.0,36.014969575887804,10.729576582135067,35.86713008985397,11.531199161311493
20.53333333333333,0.0,48.5,0.5,51.0,45.0,45.0,35.0,40.0,1.0,1.0,35.79994479386731,9.441575693845415,35.88897539279126,11.48157512189421
20.55,0.0,48.5,0.5,51.0,45.0,45.0,35.0,40.0,1.0,1.0,35.92188336638807,10.617593961106865,35.94619745748985,10.985554703944338
20.566666666666666,0.0,48.5,0.5,51.0,45.0,45.0,35.0,40.0,1.0,1.0,35.95897872419733,11.222301043113752,35.98899562705324,11.767291402898708
20.583333333333332,0.0,48.5,0.5,51.0,45.0,45.0,35.0,40.0,1.0,1.0,36.13531707609302,14.250442977204322,36.03157296195277,11.932112865914183
20.599999999999998,0.0,48.5,0.5,51.0,45.0,45.0,35.0,40.0,1.0,1.0,35.938404338856714,11.59206349012827,35.94962563278619,11.91550747345896
20.616666666666667,0.0,48.5,0.5,51.0,45.0,45.0,35.0,40.0,1.0,1.0,36.013592374153504,15.023210513647118,36.09777804698783,11.35128080214742
20.633333333333333,0.0,48.5,0.5,51.0,45.0,45.0,35.0,40.0,1.0,1.0,35.90868990778991,14.206456339344793,35.96709881036067,12.7551611858426
20.65,0.0,48.5,0.5,51.0,45.0,45.0,35.0,40.0,1.0,1.0,36.029069434896755,12.053272232382398,36.04298561897926,12.165100718309269
20.666666666666664,0.0,48.5,0.5,51.0,45.0,45.0,35.0,40.0,1.0,1.0,36.19262606252835,11.818743383095084,36.06383843451694,11.942768366693683
20.683333333333334,0.0,48.5,0.5,51.0,45.0,45.0,35.0,40.0,1.0,1.0,36.11942691910085,13.353023013009736,36.05958799284733,12.995628731547797
20.7,0.0,48.5,0.5,51.0,45.0,45.0,35.0,40.0,1.0,1.0,35.96498385016532,14.685887259104067,35.95786784487719,12.463915382537081
20.716666666666665,0.0,48.5,0.5,51.0,45.0,45.0,35.0,40.0,1.0,1.0,35.959825151283965,11.471431929390308,35.984980571353,12.18569867072141
20.733333333333334,0.0,48.5,0.5,51.0,45.0,45.0,35.0,40.0,1.0,1.0,35.94036115095453,11.51785755248663,35.94813655280469,12.708858013928063
20.75,0.0,48.5,0.5,51.0,45.0,45.0,35.0,40.0,1.0,1.0,35.89531496624385,9.327141455087826,35.923681614819785,11.863878809955956
20.766666666666666,0.0,48.5,0.5,51.0,45.0,45.0,35.0,40.0,1.0,1.0,36.05697363628877,12.07922518013795,36.00459561214364,11.531380342053453
20.78333333333333,0.0,48.5,0.5,51.0,45.0,45.0,35.0,40.0,1.0,1.0,35.9829865791372,11.938781953622756,35.97687437827658,11.819202634433859
20.8,0.0,48.5,0.5,51.0,45.0,45.0,35.0,40.0,1.0,1.0,36.05933905887218,10.401551337698049,36.00526961714488,11.666982905949116
20.816666666666666,0.0,48.5,0.5,51.0,45.0,45.0,35.0,40.0,1.0,1.0,35.95795716624128,12.616760304583249,36.01352000413457,13.134589644881531
20.833333333333332,0.0,48.5,0.5,51.0,45.0,45.0,35.0,40.0,1.0,1.0,35.92904400032451,12.154540962106607,35.887811242597614,11.599870321946769
20.849999999999998,0.0,48.5,0.5,51.0,45.0,45.0,35.0,40.0,1.0,1.0,36.069680480567655,11.246544893087762,35.97563984807085,11.549537256147238
20.866666666666667,0.0,48.5,0.5,51.0,45.0,45.0,35.0,40.0,1.0,1.0,35.978518128841564,13.332868852965186,35.966922781903854,12.254798574627007
20.883333333333333,0.0,48.5,0.5,51.0,45.0,45.0,35.0,40.0,1.0,1.0,35.92209217445991,9.866270751373483,35.95365769304113,11.520893454988466
20.9,0.0,48.5,0.5,51.0,45.0,45.0,35.0,40.0,1.0,1.0,35.91342548099408,9.47376317003714,36.02131282531475,12.32679419331541
20.916666666666664,0.0,48.5,0.5,51.0,45.0,45.0,35.0,40.0,1.0,1.0,36.154553378296576,16.18077107946042,36.015752154794285,12.824712732065349
20.933333333333334,0.0,48.5,0.5,51.0,45.0,45.0,35.0,40.0,1.0,1.0,36.16552793870823,13.472556234648259,36.03899035944031,12.151411110413658
20.95,0.0,48.5,0.5,51.0,45.0,45.0,35.0,40.0,1.0,1.0,36.08094896506331,11.686181924426528,35.96646834820611,12.385316584094634
20.966666666666665,0.0,48.5,0.5,51.0,45.0,45.0,35.0,40.0,1.0,1.0,35.97371539833536,14.366480043454255,35.979617443360084,12.292855308711715
20.983333333333334,0.0,48.5,0.5,51.0,45.0,45.0,35.0,40.0,1.0,1.0,35.9481504488192,11.718224860086876,35.94450584988558,12.225567806116343
21.0,0.0,48.5,0.5,51.0,45.0,45.0,35.0,40.0,1.0,1.0,35.81217712339902,12.247595208975397,35.92276903593814,12.683207012180409
21.016666666666666,0.0,48.5,0.5,51.0,45.0,45.0,35.0,40.0,1.0,1.0,35.93677565176667,15.376003778368256,35.90890079586905,12.613955247571852
21.03333333333333,0.0,48.5,0.5,51.0,45.0,45.0,35.0,40.0,1.0,1.0,36.04448944525695,14.501611248831246,36.01736143388332,13.312167858142232
21.05,0.0,48.5,0.5,51.0,45.0,45.0,35.0,40.0,1.0,1.0,35.839936772410255,15.204543637832712,35.871852219010044,13.749255273057775
21.066666666666666,0.0,48.5,0.5,51.0,45.0,45.0,35.0,40.0,1.0,1.0,35.85686518386705,15.167950518205187,36.009925622375604,11.996687744219125
21.083333333333332,0.0,48.5,0.5,51.0,45.0,45.0,35.0,40.0,1.0,1.0,35.785683398424915,10.036724813821689,35.941665995501964,12.457077548123458
21.099999999999998,0.0,48.5,0.5,51.0,45.0,45.0,35.0,40.0,1.0,1.0,35.886343540554506,13.078641661543276,35.94084517386205,13.137568543555032
21.116666666666667,0.0,48.5,0.5,51.0,45.0,45.0,35.0,40.0,1.0,1.0,35.840249510313036,8.643420762271184,35.93436265622747,10.614893964726823
21.133333333333333,0.0,48.5,0.5,51.0,45.0,45.0,35.0,40.0,1.0,1.0,36.00256095946625,8.705960254144326,35.97342243239647,12.030483209697785
21.15,0.0,48.5,0.5,51.0,45.0,45.0,35.0,40.0,1.0,1.0,35.805510965050665,12.834766027831765,35.866299105760774,11.82925686343426
21.166666666666664,0.0,48.5,0.5,51.0,45.0,45.0,35.0,40.0,1.0,1.0,35.96219186206803,12.287740686564442,36.015126486375,12.887892531325967
21.183333333333334,0.0,48.5,0.5,51.0,45.0,45.0,35.0,40.0,1.0,1.0,36.015436264249416,14.407585350802453,36.03118784645797,11.702741587945976
21.2,0.0,48.5,0.5,51.0,45.0,45.0,35.0,40.0,1.0,1.0,36.10136102517417,12.085600282551761,35.964345209013615,12.194185706496594
21.216666666666665,0.0,48.5,0.5,51.0,45.0,45.0,35.0,40.0,1.0,1.0,36.01404596153835,12.607593213209988,36.003819984512,11.819909375455854
21.233333333333334,0.0,48.5,0.5,51.0,45.0,45.0,35.0,40.0,1.0,1.0,35.87775132834092,10.311480806483564,35.85699603782301,12.397258973313072
21.25,0.0,48.5,0.5,51.0,45.0,45.0,35.0,40.0,1.0,1.0,36.17011315469074,13.6036405623826,36.06190364926591,12.57730856336409
21.266666666666666,0.0,48.5,0.5,51.0,45.0,45.0,35.0,40.0,1.0,1.0,36.019385413967534,13.376557480633718,35.96976947728581,13.216145685118102
21.28333333333333,0.0,48.5,0.5,51.0,45.0,45.0,35.0,40.0,1.0,1.0,35.987795274047784,13.000101976899531,35.974091201938045,12.60732214818612
21.3,0.0,48.5,0.5,51.0,45.0,45.0,35.0,40.0,1.0,1.0,35.90086063167136,11.801652325515203,35.886530761653844,12.198026684735941
21.316666666666666,0.0,48.5,0.5,51.0,45.0,45.0,35.0,40.0,1.0,1.0,35.79492267774234,11.900325488296126,35.89615153664094,12.363998113974946
21.333333333333332,0.0,48.5,0.5,51.0,45.0,45.0,35.0,40.0,1.0,1.0,35.9092083047537,10.995063187099795,35.969213647184496,12.49861097338467
21.349999999999998,0.0,48.5,0.5,51.0,45.0,45.0,35.0,40.0,1.0,1.0,36.01355109561428,11.221297961537768,35.98823951503917,11.735569852832471
21.366666666666667,0.0,48.5,0.5,51.0,45.0,45.0,35.0,40.0,1.0,1.0,35.99793064390556,13.853720173561488,35.94208878742603,12.031121496559606
21.383333333333333,0.0,48.5,0.5,51.0,45.0,45.0,35.0,40.0,1.0,1.0,35.90677110683434,12.559729557571146,35.92461490173896,11.713975854650156
21.4,0.0,48.5,0.5,51.0,45.0,45.0,35.0,40.0,1.0,1.0,36.09847310622204,12.307963852087747,36.00822111101961,11.599395844932136
21.416666666666664,0.0,48.5,0.5,51.0,45.0,45.0,35.0,40.0,1.0,1.0,36.01089285104741,13.493600174367632,36.009162554679115,12.424844645324159
21.433333333333334,0.0,48.5,0.5,51.0,45.0,45.0,35.0,40.0,1.0,1.0,35.93949611240625,10.316002410243943,35.98198474227087,11.148500633240007
21.45,0.0,48.5,0.5,51.0,45.0,45.0,35.0,40.0,1.0,1.0,35.930058000871334,12.279398164923045,35.94013565582993,13.3212263926984
21.466666666666665,0.0,48.5,0.5,51.0,45.0,45.0,35.0,40.0,1.0,1.0,36.178736650114544,12.452495889329006,36.037641986693004,11.59777492753243
21.483333333333334,0.0,48.5,0.5,51.0,45.0,45.0,35.0,40.0,1.0,1.0,35.95829020684322,13.041428437192772,35.960271870395765,12.660084559736449
21.5,0.0,48.5,0.5,51.0,45.0,45.0,35.0,40.0,1.0,1.0,35.96720803918415,11.866384282825067,35.95031224807377,11.688612265785752
21.516666666666666,0.0,48.5,0.5,51.0,45.0,45.0,35.0,40.0,1.0,1.0,36.04354303669048,12.794565292425855,35.98359684180358,11.742895346723712
21.53333333333333,0.0,48.5,0.5,51.0,45.0,45.0,35.0,40.0,1.0,1.0,36.0215065784802,11.747745290885128,35.98853748278263,12.367978401378496
21.55,0.0,48.5,0.5,51.0,45.0,45.0,35.0,40.0,1.0,1.0,36.00400649010857,11.748028106492665,36.02507123144606,11.978228587882054
21.566666666666666,0.0,48.5,0.5,51.0,45.0,45.0,35.0,40.0,1.0,1.0,35.849984848578536,12.340019722929442,35.88014742621887,11.222799099889038
21.583333333333332,0.0,48.5,0.5,51.0,45.0,45.0,35.0,40.0,1.0,1.0,35.88630820620195,12.786531987305114,35.96818909131653,13.31755856108879
21.599999999999998,0.0,48.5,0.5,51.0,45.0,45.0,35.0,40.0,1.0,1.0,35.82057890332803,12.53071879739554,35.933307448022305,12.54774107423004
21.616666666666667,0.0,48.5,0.5,51.0,45.0,45.0,35.0,40.0,1.0,1.0,35.898874735467786,9.35544689639736,35.85717252967567,11.716243565205858
21.633333333333333,0.0,48.5,0.5,51.0,45.0,45.0,35.0,40.0,1.0,1.0,35.91212132406134,10.304601296585716,35.92393024307948,11.178891051000445
21.65,0.0,48.5,0.5,51.0,45.0,45.0,35.0,40.0,1.0,1.0,35.8725934194413,13.788048042703366,35.96377596609209,12.43745410730746
21.666666666666664,0.0,48.5,0.5,51.0,45.0,45.0,35.0,40.0,1.0,1.0,36.11646641071417,10.331764909759986,36.06096050660086,12.416291228044992
21.683333333333334,0.0,48.5,0.5,51.0,45.0,45.0,35.0,40.0,1.0,1.0,35.83720856272567,12.824430695485184,35.9737173737943,12.745749169194763
21.7,0.0,48.5,0.5,51.0,45.0,45.0,35.0,40.0,1.0,1.0,36.00546142889816,12.309191859644619,35.920884295856595,12.357762128949018
21.716666666666665,0.0,48.5,0.5,51.0,45.0,45.0,35.0,40.0,1.0,1.0,35.92084608497562,13.473994779654616,35.965107319418436,12.089164314992413
21.733333333333334,0.0,48.5,0.5,51.0,45.0,45.0,35.0,40.0,1.0,1.0,36.03742224600986,15.059579647054989,36.026793092159664,13.29723774433338
21.75,0.0,48.5,0.5,51.0,45.0,45.0,35.0,40.0,1.0,1.0,35.97399522834724,14.183574235658877,35.91345564128634,13.82809640526208
21.766666666666666,0.0,48.5,0.5,51.0,45.0,45.0,35.0,40.0,1.0,1.0,35.948067570723246,10.593464583882866,35.89836992266193,12.51045945270156
21.78333333333333,0.0,48.5,0.5,51.0,45.0,45.0,35.0,40.0,1.0,1.0,36.00419316714191,10.440694041762686,35.9717765216007,11.782559962062619
21.8,0.0,48.5,0.5,51.0,45.0,45.0,35.0,40.0,1.0,1.0,36.11377227173771,13.630487571786967,36.0316442165993,13.361869427879734
21.816666666666666,0.0,48.5,0.5,51.0,45.0,45.0,35.0,40.0,1.0,1.0,36.05107635151926,12.595459858584352,36.025391666131256,12.13071582770737
21.833333333333332,0.0,48.5,0.5,51.0,45.0,45.0,35.0,40.0,1.0,1.0,35.86461847722666,13.160159313386371,35.98587862766536,12.599925648495532
21.849999999999998,0.0,48.5,0.5,51.0,45.0,45.0,35.0,40.0,1.0,1.0,35.87510772864911,12.414631561449488,35.962659827607695,12.15628937874018
21.866666666666667,0.0,48.5,0.5,51.0,45.0,45.0,35.0,40.0,1.0,1.0,35.918857953556326,11.457141447293553,35.90890521432104,11.553338211162176
21.883333333333333,0.0,48.5,0.5,51.0,45.0,45.0,35.0,40.0,1.0,1.0,35.91636482267158,13.708612383416312,35.972250920168285,12.550484748028309
21.9,0.0,48.5,0.5,51.0,45.0,45.0,35.0,40.0,1.0,1.0,36.019591775074176,12.533183593455151,35.948656391993964,12.19466031006149
21.916666666666664,0.0,48.5,0.5,51.0,45.0,45.0,35.0,40.0,1.0,1.0,35.96734102900109,12.8778727203469,35.961331100788705,11.525161375388299
21.933333333333334,0.0,48.5,0.5,51.0,45.0,45.0,35.0,40.0,1.0,1.0,35.92501604827247,12.624866178819326,36.01509673283601,12.994443639550775
21.95,0.0,48.5,0.5,51.0,45.0,45.0,35.0,40.0,1.0,1.0,35.89546507330771,12.230377189188934,35.920408117317606,12.494456247089854
21.966666666666665,0.0,48.5,0.5,51.0,45.0,45.0,35.0,40.0,1.0,1.0,36.010174499552626,11.656566414470594,35.94008342492746,11.934053633095383
21.983333333333334,0.0,48.5,0.5,51.0,45.0,45.0,35.0,40.0,1.0,1.0,35.98514054358929,13.271539349344321,35.930088640057804,12.440369132226705
22.0,0.0,48.5,0.5,51.0,45.0,45.0,35.0,40.0,1.0,1.0,35.974380911448556,12.384628113994427,35.87297560708884,12.289902702716596
22.016666666666666,0.0,48.5,0.5,51.0,45.0,45.0,35.0,40.0,1.0,1.0,35.885792854796605,11.975127476956581,35.85557433288859,11.476975406851524
22.03333333333333,0.0,48.5,0.5,51.0,45.0,45.0,35.0,40.0,1.0,1.0,35.91258263904779,12.089329298087044,35.95378191920781,12.091813411772357
22.05,0.0,48.5,0.5,51.0,45.0,45.0,35.0,40.0,1.0,1.0,35.888918183992175,11.221189972563073,35.87832940909149,11.631976128656298
22.066666666666666,0.0,48.5,0.5,51.0,45.0,45.0,35.0,40.0,1.0,1.0,35.98625059135083,11.493354025816284,35.9893280847617,11.8746783743389
22.083333333333332,0.0,48.5,0.5,51.0,45.0,45.0,35.0,40.0,1.0,1.0,35.89422519664184,11.837295869684041,35.955020117263174,12.646956104075501
22.099999999999998,0.0,48.5,0.5,51.0,45.0,45.0,35.0,40.0,1.0,1.0,35.88961144928653,12.159502462947142,35.90927483409929,12.979997011034362
22.116666666666667,0.0,48.5,0.5,51.0,45.0,45.0,35.0,40.0,1.0,1.0,35.74815881059896,9.64793966612139,35.89537440138547,11.703292200212697
22.133333333333333,0.0,48.5,0.5,51.0,45.0,45.0,35.0,40.0,1.0,1.0,36.0939147292277,12.415227188541325,35.94861204556281,11.72429617865564
22.15,0.0,48.5,0.5,51.0,45.0,45.0,35.0,40.0,1.0,1.0,35.93103378634025,11.477352666864618,35.89532856940618,11.034806164785994
22.166666666666664,0.0,48.5,0.5,51.0,45.0,45.0,35.0,40.0,1.0,1.0,35.976436196433575,12.186519897248438,35.8927209989059,11.407315388006317
22.183333333333334,0.0,48.5,0.5,51.0,45.0,45.0,35.0,40.0,1.0,1.0,35.72801697477017,14.901074428449073,35.949363778044805,13.01755462470859
22.2,0.0,48.5,0.5,51.0,45.0,45.0,35.0,40.0,1.0,1.0,35.917108297451456,13.006088461868456,35.99327404362821,12.769027556040884
22.216666666666665,0.0,48.5,0.5,51.0,45.0,45.0,35.0,40.0,1.0,1.0,35.8772146339994,13.181673313260736,35.85240477390095,12.463647235550129
22.233333333333334,0.0,48.5,0.5,51.0,45.0,45.0,35.0,40.0,1.0,1.0,35.88970159913386,15.844941593924869,35.979226778514324,12.804773385171181
22.25,0.0,48.5,0.5,51.0,45.0,45.0,35.0,40.0,1.0,1.0,35.91179383683104,11.707518473359226,35.88395778692943,11.693736785820334
22.266666666666666,0.0,48.5,0.5,51.0,45.0,45.0,35.0,40.0,1.0,1.0,35.9223320181504,11.943268483450819,35.89470745003344,11.52396945896003
22.28333333333333,0.0,48.5,0.5,51.0,45.0,45.0,35.0,40.0,1.0,1.0,36.01244226356949,14.350392518218102,35.94981898511634,12.192338393609564
22.3,0.0,48.5,0.5,51.0,45.0,45.0,35.0,40.0,1.0,1.0,35.923225631659186,13.822127091466918,35.91804658646975,12.823984410955928
22.316666666666666,0.0,48.5,0.5,51.0,45.0,45.0,35.0,40.0,1.0,1.0,35.933955852894414,11.089697493949135,35.92888393659825,11.834716398961838
22.333333333333332,0.0,48.5,0.5,51.0,45.0,45.0,35.0,40.0,1.0,1.0,36.026296596611395,14.56479915084204,35.97421496750541,12.905626233980234
22.349999999999998,0.0,48.5,0.5,51.0,45.0,45.0,35.0,40.0,1.0,1.0,35.94315468027031,9.447654358625224,35.94116592089517,11.461163171700727
22.366666666666667,0.0,48.5,0.5,51.0,45.0,45.0,35.0,40.0,1.0,1.0,35.89708819616164,14.050363675857218,35.95412930987954,13.087218065861673
22.383333333333333,0.0,48.5,0.5,51.0,45.0,45.0,35.0,40.0,1.0,1.0,35.87377152606737,13.121737317147792,35.853091521851866,12.600585894570152
22.4,0.0,48.5,0.5,51.0,45.0,45.0,35.0,40.0,1.0,1.0,35.734175298443375,12.354678435150655,35.84432350648738,12.020374613672972
22.416666666666664,0.0,48.5,0.5,51.0,45.0,45.0,35.0,40.0,1.0,1.0,35.964553727519906,12.694222311445323,35.886918017494835,12.656014551029896
22.433333333333334,0.0,48.5,0.5,51.0,45.0,45.0,35.0,40.0,1.0,1.0,36.02205416044665,12.085016831967117,35.93943866749223,12.560548041193433
22.45,0.0,48.5,0.5,51.0,45.0,45.0,35.0,40.0,1.0,1.0,35.916616104146826,13.334636403623495,35.962110331370425,13.049661498186786
22.466666666666665,0.0,48.5,0.5,51.0,45.0,45.0,35.0,40.0,1.0,1.0,35.86210307584593,11.403737594039441,35.92661428163816,11.879944234504157
22.483333333333334,0.0,48.5,0.5,51.0,45.0,45.0,35.0,40.0,1.0,1.0,35.95134424842631,14.008663068844603,35.890719728885934,12.580717774947034
22.5,0.0,48.5,0.5,51.0,45.0,45.0,35.0,40.0,1.0,1.0,35.99235070452448,13.776962879392748,35.917948919253234,12.37843540539839
22.516666666666666,0.0,48.5,0.5,51.0,45.0,45.0,35.0,40.0,1.0,1.0,35.899943423911616,12.116640210651406,35.95689218471382,12.49475638608602
22.53333333333333,0.0,48.5,0.5,51.0,45.0,45.0,35.0,40.0,1.0,1.0,35.92780901529352,8.390997755672526,35.85960144002865,11.915832295737614
22.55,0.0,48.5,0.5,51.0,45.0,45.0,35.0,40.0,1.0,1.0,36.015073448868854,10.395785117820921,35.93558072931297,12.263664313030976
22.566666666666666,0.0,48.5,0.5,51.0,45.0,45.0,35.0,40.0,1.0,1.0,35.782016947781806,12.093927399279929,35.92207875444505,12.54332079557825
22.583333333333332,0.0,48.5,0.5,51.0,45.0,45.0,35.0,40.0,1.0,1.0,35.83121048087966,11.312239539333968,35.90581747971145,11.723333342120178
22.599999999999998,0.0,48.5,0.5,51.0,45.0,45.0,35.0,40.0,1.0,1.0,35.93427632572636,12.235465202152769,35.94657159363257,12.84040851543121
22.616666666666667,0.0,48.5,0.5,51.0,45.0,45.0,35.0,40.0,1.0,1.0,35.91281271917959,12.4123573583985,35.89927261781191,12.297232868599238
22.633333333333333,0.0,48.5,0.5,51.0,45.0,45.0,35.0,40.0,1.0,1.0,36.10188900750527,11.310836764148428,35.98442945956321,12.748187999548366
22.65,0.0,48.5,0.5,51.0,45.0,45.0,35.0,40.0,1.0,1.0,36.05113101732699,10.401626151789438,35.93110990562493,11.730474676348466
22.666666666666664,0.0,48.5,0.5,51.0,45.0,45.0,35.0,40.0,1.0,1.0,35.90477541473744,13.451624464936245,35.90595374790579,11.671865829946483
22.683333333333334,0.0,48.5,0.5,51.0,45.0,45.0,35.0,40.0,1.0,1.0,36.00383115184946,11.987437499384216,35.96532301443557,12.948566128213905
22.7,0.0,48.5,0.5,51.0,45.0,45.0,35.0,40.0,1.0,1.0,35.87455894984502,11.848184016998546,35.89270324445777,12.965548791657433
22.716666666666665,0.0,48.5,0.5,51.0,45.0,45.0,35.0,40.0,1.0,1.0,35.9659887322539,14.648973460308628,35.902311110403055,12.125493809331823
22.733333333333334,0.0,48.5,0.5,51.0,45.0,45.0,35.0,40.0,1.0,1.0,35.94436717091654,15.19459340616179,35.97488183437029,13.772836527211165
22.75,0.0,48.5,0.5,51.0,45.0,45.0,35.0,40.0,1.0,1.0,35.91203700690929,12.228843900042468,35.94365542850196,12.358898488203751
22.766666666666666,0.0,48.5,0.5,51.0,45.0,45.0,35.0,40.0,1.0,1.0,35.83563840542202,11.554386289694175,35.925802934234774,12.076828808399853
22.78333333333333,0.0,48.5,0.5,51.0,45.0,45.0,35.0,40.0,1.0,1.0,35.92221733468474,12.396657316088863,35.97658725788943,12.706439701480024
22.8,0.0,48.5,0.5,51.0,45.0,45.0,35.0,40.0,1.0,1.0,35.84575330145809,12.733692909270113,35.93169421111713,13.432537925298542
22.816666666666666,0.0,48.5,0.5,51.0,45.0,45.0,35.0,40.0,1.0,1.0,36.053191651209026,14.726198441271464,35.94734238597083,13.495294619592434
22.833333333333332,0.0,48.5,0.5,51.0,45.0,45.0,35.0,40.0,1.0,1.0,35.991440365073586,9.753394037394179,35.980992383422645,11.569717474792789
22.849999999999998,0.0,48.5,0.5,51.0,45.0,45.0,35.0,40.0,1.0,1.0,35.92232255535562,12.25784500988242,35.93286225777679,12.536842313493272
22.866666666666667,0.0,48.5,0.5,51.0,45.0,45.0,35.0,40.0,1.0,1.0,35.95216442278576,14.350867856694801,35.94869147289986,11.65140164793073
22.883333333333333,0.0,48.5,0.5,51.0,45.0,45.0,35.0,40.0,1.0,1.0,35.7863868147789,10.291052640368903,35.80722432153108,11.70237414206095
22.9,0.0,48.5,0.5,51.0,45.0,45.0,35.0,40.0,1.0,1.0,35.9992761688458,12.96827341529586,35.93675310993854,12.63592794795944
22.916666666666664,0.0,48.5,0.5,51.0,45.0,45.0,35.0,40.0,1.0,1.0,35.80163349399112,8.961302075864012,35.919467746481644,12.01170369778829
22.933333333333334,0.0,48.5,0.5,51.0,45.0,45.0,35.0,40.0,1.0,1.0,35.86948498262081,10.647294936994482,35.85060850227333,12.917414041305667
22.95,0.0,48.5,0.5,51.0,45.0,45.0,35.0,40.0,1.0,1.0,35.80743298796445,10.846467841184763,35.84833762457747,12.078317012318847
22.966666666666665,0.0,48.5,0.5,51.0,45.0,45.0,35.0,40.0,1.0,1.0,35.93464195047754,12.017645379309469,35.89668487724897,12.857805901600855
22.983333333333334,0.0,48.5,0.5,51.0,45.0,45.0,35.0,40.0,1.0,1.0,35.91974188355563,11.39337475925333,35.87042805313824,12.131915335083095
23.0,0.0,48.5,0.5,51.0,45.0,45.0,35.0,40.0,1.0,1.0,35.83404411795162,9.500125869567192,35.824759550355004,11.329128456446401
23.016666666666666,0.0,48.5,0.5,51.0,45.0,45.0,35.0,40.0,1.0,1.0,35.888101468356524,10.528497442392641,35.90270462213925,12.563607752072654
23.03333333333333,0.0,48.5,0.5,51.0,45.0,45.0,35.0,40.0,1.0,1.0,35.854780897014194,12.190296448477241,35.94112522930282,12.292850486607968
23.05,0.0,48.5,0.5,51.0,45.0,45.0,35.0,40.0,1.0,1.0,35.7630442080958,13.988108337347475,35.79045185197893,13.084896299182736
23.066666666666666,0.0,48.5,0.5,51.0,45.0,45.0,35.0,40.0,1.0,1.0,35.89698011660655,10.230322207425658,35.88238602444051,12.225362371618855
23.083333333333332,0.0,48.5,0.5,51.0,45.0,45.0,35.0,40.0,1.0,1.0,35.76982746796974,12.53611451639929,35.868055692472865,12.343869086894937
23.099999999999998,0.0,48.5,0.5,51.0,45.0,45.0,35.0,40.0,1.0,1.0,35.84838264460613,11.46925218329134,35.868368173058926,12.384101240926617
23.116666666666667,0.0,48.5,0.5,51.0,45.0,45.0,35.0,40.0,1.0,1.0,35.81566035679056,14.33553651959997,35.837548196121695,12.061731956322303
23.133333333333333,0.0,48.5,0.5,51.0,45.0,45.0,35.0,40.0,1.0,1.0,35.881037974274726,12.70558000770351,35.94740244707633,12.896681660640338
23.15,0.0,48.5,0.5,51.0,45.0,45.0,35.0,40.0,1.0,1.0,35.962123016132296,12.433431383552545,35.853040786607764,11.869787637812987
23.166666666666664,0.0,48.5,0.5,51.0,45.0,45.0,35.0,40.0,1.0,1.0,35.848497214053374,11.830834795666116,35.91295507715657,12.456299065814434
23.183333333333334,0.0,48.5,0.5,51.0,45.0,45.0,35.0,40.0,1.0,1.0,35.92987774253913,11.898593463441147,35.869272963823626,12.664375960290768
23.2,0.0,48.5,0.5,51.0,45.0,45.0,35.0,40.0,1.0,1.0,35.972928194608286,13.245450853349743,35.90780754467789,13.30795943857396
23.216666666666665,0.0,48.5,0.5,51.0,45.0,45.0,35.0,40.0,1.0,1.0,35.83862660263945,12.855991397148802,35.966159714976726,12.181914893814655
23.233333333333334,0.0,48.5,0.5,51.0,45.0,45.0,35.0,40.0,1.0,1.0,35.92180788178157,12.448381763032152,35.91238402704391,13.02167953225962
23.25,0.0,48.5,0.5,51.0,45.0,45.0,35.0,40.0,1.0,1.0,35.679231797170864,11.482290669368501,35.8382022393932,11.951974531756107
23.266666666666666,0.0,48.5,0.5,51.0,45.0,45.0,35.0,40.0,1.0,1.0,35.91823328460198,12.530095291948548,35.861690952830614,12.646738596890561
23.28333333333333,0.0,48.5,0.5,51.0,45.0,45.0,35.0,40.0,1.0,1.0,35.82851423914656,13.331390046588085,35.891168662667,13.07923372026593
23.3,0.0,48.5,0.5,51.0,45.0,45.0,35.0,40.0,1.0,1.0,35.99435317396919,10.757394764206172,35.91754377526052,12.556833496873153
23.316666666666666,0.0,48.5,0.5,51.0,45.0,45.0,35.0,40.0,1.0,1.0,35.85282690782654,13.150921239744426,35.813880505407376,11.72599638897414
23.333333333333332,0.0,48.5,0.5,51.0,45.0,45.0,35.0,40.0,1.0,1.0,35.86199893822735,12.488953214005745,35.86405337156367,11.417675707943932
23.349999999999998,0.0,48.5,0.5,51.0,45.0,45.0,35.0,40.0,1.0,1.0,35.95093896548105,13.84633983630104,35.98710973092819,12.556422013565351
23.366666666666667,0.0,48.5,0.5,51.0,45.0,45.0,35.0,40.0,1.0,1.0,35.86237412802128,9.075312213258226,35.93292922608436,12.059767659228338
23.383333333333333,0.0,48.5,0.5,51.0,45.0,45.0,35.0,40.0,1.0,1.0,36.028054491012895,13.041549099922408,35.94871100974488,12.417616179442742
23.4,0.0,48.5,0.5,51.0,45.0,45.0,35.0,40.0,1.0,1.0,35.89582033968065,9.747969181747862,35.961177999734275,11.185242154502332
23.416666666666664,0.0,48.5,0.5,51.0,45.0,45.0,35.0,40.0,1.0,1.0,35.91852244443088,12.367099386584387,35.94167154107343,12.681037677404515
23.433333333333334,0.0,48.5,0.5,51.0,45.0,45.0,35.0,40.0,1.0,1.0,35.98077007248211,12.91333264336994,35.93734668510668,13.192774675383907
23.45,0.0,48.5,0.5,51.0,45.0,45.0,35.0,40.0,1.0,1.0,35.948689217352936,11.014104778163158,35.90509064974203,11.200073429225315
23.466666666666665,0.0,48.5,0.5,51.0,45.0,45.0,35.0,40.0,1.0,1.0,35.743340087784226,10.356946593191035,35.93005690860224,12.192383902910246
23.483333333333334,0.0,48.5,0.5,51.0,45.0,45.0,35.0,40.0,1.0,1.0,35.82173966488068,11.199720219795571,35.919290635930096,12.703257566354187
23.5,0.0,48.5,0.5,51.0,45.0,45.0,35.0,40.0,1.0,1.0,35.82037159940782,14.544373056801872,35.87443226608344,12.775526539698905
23.516666666666666,0.0,48.5,0.5,51.0,45.0,45.0,35.0,40.0,1.0,1.0,35.88059927882995,10.810414074628667,35.92075246853715,12.561447588190989
23.53333333333333,0.0,48.5,0.5,51.0,45.0,45.0,35.0,40.0,1.0,1.0,36.03491734564843,11.41024668448806,35.936560554481325,11.965322419953711
23.55,0.0,48.5,0.5,51.0,45.0,45.0,35.0,40.0,1.0,1.0,35.84054764473804,9.992507228987966,35.95814276181226,11.25881530896735
23.566666666666666,0.0,48.5,0.5,51.0,45.0,45.0,35.0,40.0,1.0,1.0,35.97905419395752,11.762976944200531,35.926616445357965,11.661902952047102
23.583333333333332,0.0,48.5,0.5,51.0,45.0,45.0,35.0,40.0,1.0,1.0,36.06327545609278,12.957372275235038,36.030876975150115,13.010855952988539
23.599999999999998,0.0,48.5,0.5,51.0,45.0,45.0,35.0,40.0,1.0,1.0,35.872324023859775,12.372045888757235,35.89035784818222,12.482668455207442
23.616666666666667,0.0,48.5,0.5,51.0,45.0,45.0,35.0,40.0,1.0,1.0,35.908854198425345,10.13884623634146,35.88079407618283,12.452368365894666
23.633333333333333,0.0,48.5,0.5,51.0,45.0,45.0,35.0,40.0,1.0,1.0,35.800970840981115,14.483147160822856,35.90607299960994,12.501023096827927
23.65,0.0,48.5,0.5,51.0,45.0,45.0,35.0,40.0,1.0,1.0,35.86734598876354,11.324058755098404,35.90928294955936,12.279449417074986
23.666666666666664,0.0,48.5,0.5,51.0,45.0,45.0,35.0,40.0,1.0,1.0,35.92812883723058,13.988284570258351,35.99267958992204,12.865137786899611
23.683333333333334,0.0,48.5,0.5,51.0,45.0,45.0,35.0,40.0,1.0,1.0,35.9687691544834,11.358474641608238,35.94188126308279,11.369979862114942
23.7,0.0,48.5,0.5,51.0,45.0,45.0,35.0,40.0,1.0,1.0,35.91673223669556,12.214402954966486,35.89389372356641,11.838724540492407
23.716666666666665,0.0,48.5,0.5,51.0,45.0,45.0,35.0,40.0,1.0,1.0,35.92878419776348,14.51836022356007,35.95794297008601,12.37990432482125
23.733333333333334,0.0,48.5,0.5,51.0,45.0,45.0,35.0,40.0,1.0,1.0,36.13467845643354,9.969116933628362,36.02991568338021,10.591984122382883
23.75,0.0,48.5,0.5,51.0,45.0,45.0,35.0,40.0,1.0,1.0,35.959584147885316,11.331082791004663,35.93584945083939,12.148322789510232
23.766666666666666,0.0,48.5,0.5,51.0,45.0,45.0,35.0,40.0,1.0,1.0,35.892107764960166,11.204534625336766,35.96942674134243,13.190248882225987
23.78333333333333,0.0,48.5,0.5,51.0,45.0,45.0,35.0,40.0,1.0,1.0,35.78722103737982,14.044388318776408,35.90306699724074,12.632659241031968
23.8,0.0,48.5,0.5,51.0,45.0,45.0,35.0,40.0,1.0,1.0,35.84694101207152,11.114767884184271,35.88823689196596,12.183120639920114
23.816666666666666,0.0,48.5,0.5,51.0,45.0,45.0,35.0,40.0,1.0,1.0,35.69035863545187,10.948433670487496,35.86302804529482,12.248338907282504
23.833333333333332,0.0,48.5,0.5,51.0,45.0,45.0,35.0,40.0,1.0,1.0,35.93192640912009,13.68032710455504,35.96232401140868,12.722430089590363
23.849999999999998,0.0,48.5,0.5,51.0,45.0,45.0,35.0,40.0,1.0,1.0,36.00338812663886,13.763152275096704,35.97075776703283,13.337605994866719
23.866666666666667,0.0,48.5,0.5,51.0,45.0,45.0,35.0,40.0,1.0,1.0,35.87929094801541,16.609341552707455,35.880414889540624,11.83758626956241
23.883333333333333,0.0,48.5,0.5,51.0,45.0,45.0,35.0,40.0,1.0,1.0,35.88779517941455,10.14464332545771,35.89276090790721,11.917082529833978
23.9,0.0,48.5,0.5,51.0,45.0,45.0,35.0,40.0,1.0,1.0,35.975059083221325,10.707078325139499,35.956135691784304,11.975507676449316
23.916666666666664,0.0,48.5,0.5,51.0,45.0,45.0,35.0,40.0,1.0,1.0,36.00582433419311,10.552906918175829,35.91297566983304,12.732948934409919
23.933333333333334,0.0,48.5,0.5,51.0,45.0,45.0,35.0,40.0,1.0,1.0,35.97146143651864,12.900736275937682,35.96866940059428,12.344105763875884
23.95,0.0,48.5,0.5,51.0,45.0,45.0,35.0,40.0,1.0,1.0,36.06040898593326,13.638171160361651,35.98309646000628,13.403615329875066
23.966666666666665,0.0,48.5,0.5,51.0,45.0,45.0,35.0,40.0,1.0,1.0,35.956625288024625,14.45020274203372,35.87935372641515,13.547245724987352
23.983333333333334,0.0,48.5,0.5,51.0,45.0,45.0,35.0,40.0,1.0,1.0,35.999830604706155,11.06997232985877,36.02043709979216,11.309776039348549
24.0,0.0,48.5,0.5,51.0,45.0,45.0,35.0,40.0,1.0,1.0,36.002756406879996,13.46626234922914,35.93239750053951,12.172287295739395
24.016666666666666,0.0,48.5,0.5,51.0,45.0,45.0,35.0,40.0,1.0,1.0,36.103699303600486,10.741115230240394,36.01841900170711,12.48111866421651
24.03333333333333,0.0,48.5,0.5,51.0,45.0,45.0,35.0,40.0,1.0,1.0,35.991652002014355,15.15900663037673,36.02887672233158,12.788637286557362
24.05,0.0,48.5,0.5,51.0,45.0,45.0,35.0,40.0,1.0,1.0,35.90426939873876,13.35740607958778,35.94927949424313,12.506018455796186
24.066666666666666,0.0,48.5,0.5,51.0,45.0,45.0,35.0,40.0,1.0,1.0,35.93662665758023,12.803977940586975,35.9541787084781,11.692088579828749
24.083333333333332,0.0,48.5,0.5,51.0,45.0,45.0,35.0,40.0,1.0,1.0,35.96091604633882,11.299741612605228,35.93614929210787,11.126465108870953
24.099999999999998,0.0,48.5,0.5,51.0,45.0,45.0,35.0,40.0,1.0,1.0,36.0957507517993,11.39785616300055,36.06744563721029,13.392112802006693
24.116666666666667,0.0,48.5,0.5,51.0,45.0,45.0,35.0,40.0,1.0,1.0,35.89030480895301,13.487758671813712,35.96700586712662,12.171887232742888
24.133333333333333,0.0,48.5,0.5,51.0,45.0,45.0,35.0,40.0,1.0,1.0,35.941219000960665,10.763088970562642,35.895108741181396,13.37991207569366
24.15,0.0,48.5,0.5,51.0,45.0,45.0,35.0,40.0,1.0,1.0,35.889271406347966,13.351818570117025,35.95938454060324,12.674747677780468
24.166666666666664,0.0,48.5,0.5,51.0,45.0,45.0,35.0,40.0,1.0,1.0,35.909716631578576,9.099423163241397,35.970739223228634,10.672568183580426
24.183333333333334,0.0,48.5,0.5,51.0,45.0,45.0,35.0,40.0,1.0,1.0,36.04824015858314,9.997071880242732,35.977922298383916,12.630474241238465
24.2,0.0,48.5,0.5,51.0,45.0,45.0,35.0,40.0,1.0,1.0,36.120187078768375,12.12726714623771,36.0477763058566,12.88092101155879
24.216666666666665,0.0,48.5,0.5,51.0,45.0,45.0,35.0,40.0,1.0,1.0,35.912971428385944,13.1595714333701,35.92484059933658,12.847440394440712
24.233333333333334,0.0,48.5,0.5,51.0,45.0,45.0,35.0,40.0,1.0,1.0,36.07621741151016,13.204260833508165,35.94510298090292,12.441822284825315
24.25,0.0,48.5,0.5,51.0,45.0,45.0,35.0,40.0,1.0,1.0,35.98987642832684,12.428477048149396,35.926960204110785,12.312489752305858
24.266666666666666,0.0,48.5,0.5,51.0,45.0,45.0,35.0,40.0,1.0,1.0,35.900290460071304,10.66567806103711,35.88133845666668,11.664147340484986
24.28333333333333,0.0,48.5,0.5,51.0,45.0,45.0,35.0,40.0,1.0,1.0,36.10381515894316,14.31579900865803,36.05835345735748,12.01882289266185
24.3,0.0,48.5,0.5,51.0,45.0,45.0,35.0,40.0,1.0,1.0,35.966229319492996,11.921120480405612,36.00569814761044,13.120677425425491
24.316666666666666,0.0,48.5,0.5,51.0,45.0,45.0,35.0,40.0,1.0,1.0,35.88806478221661,14.687811469888224,35.938825857329554,13.406086339382712
24.333333333333332,0.0,48.5,0.5,51.0,45.0,45.0,35.0,40.0,1.0,1.0,35.836356466206645,14.004018664461217,35.967871028275226,11.966191372599337
24.349999999999998,0.0,48.5,0.5,51.0,45.0,45.0,35.0,40.0,1.0,1.0,35.94076583808713,11.65710683246627,35.95520091722071,11.507643686637925
24.366666666666667,0.0,48.5,0.5,51.0,45.0,45.0,35.0,40.0,1.0,1.0,35.96916118756375,10.972491448466146,35.949326791682125,13.643033248216504
24.383333333333333,0.0,48.5,0.5,51.0,45.0,45.0,35.0,40.0,1.0,1.0,36.21038210456827,11.112903538349528,36.03611819826828,11.536721667310728
24.4,0.0,48.5,0.5,51.0,45.0,45.0,35.0,40.0,1.0,1.0,35.99872558154041,11.20800134776918,36.00681831891383,11.831572123220784
24.416666666666664,0.0,48.5,0.5,51.0,45.0,45.0,35.0,40.0,1.0,1.0,35.90915757913704,11.6524074582975,35.960479279976035,11.84574819522949
24.433333333333334,0.0,48.5,0.5,51.0,45.0,45.0,35.0,40.0,1.0,1.0,35.875733848426286,9.472829459445649,35.97482719204924,11.766922287532674
24.45,0.0,48.5,0.5,51.0,45.0,45.0,35.0,40.0,1.0,1.0,35.990753343081224,13.208475934118589,36.01786116292591,12.915610083421557
24.466666666666665,0.0,48.5,0.5,51.0,45.0,45.0,35.0,40.0,1.0,1.0,36.15894116622252,12.821538812706478,36.04410243910608,11.893460028573609
24.483333333333334,0.0,48.5,0.5,51.0,45.0,45.0,35.0,40.0,1.0,1.0,35.93077555449305,12.582319317089338,36.00403102930815,11.787954561126867
24.5,0.0,48.5,0.5,51.0,45.0,45.0,35.0,40.0,1.0,1.0,36.0696750516686,11.11114776513056,36.058751537197175,13.028409410848118
24.516666666666666,0.0,48.5,0.5,51.0,45.0,45.0,35.0,40.0,1.0,1.0,35.96849286716864,11.247745408882803,36.072846358398884,12.569275939179263
24.53333333333333,0.0,48.5,0.5,51.0,45.0,45.0,35.0,40.0,1.0,1.0,35.99565551080374,11.367433412181827,36.009154731142026,11.622421837108107
24.55,0.0,48.5,0.5,51.0,45.0,45.0,35.0,40.0,1.0,1.0,35.86142917807233,11.895003626710093,35.946740953911906,11.952379769259585
24.566666666666666,0.0,48.5,0.5,51.0,45.0,45.0,35.0,40.0,1.0,1.0,35.948126323350664,11.149614479823693,36.02854246123075,12.758308142400926
24.583333333333332,0.0,48.5,0.5,51.0,45.0,45.0,35.0,40.0,1.0,1.0,35.845153157725484,12.079699490786767,35.93898346882598,12.40868114245232
24.599999999999998,0.0,48.5,0.5,51.0,45.0,45.0,35.0,40.0,1.0,1.0,36.02568889603519,11.928002158148663,35.990178076083595,11.392222029395652
24.616666666666667,0.0,48.5,0.5,51.0,45.0,45.0,35.0,40.0,1.0,1.0,36.05385428515737,8.432264711380583,35.94487405045296,11.312351058812958
24.633333333333333,0.0,48.5,0.5,51.0,45.0,45.0,35.0,40.0,1.0,1.0,35.966008575297415,13.513735702350802,35.947248984546746,11.531458625948027
24.65,0.0,48.5,0.5,51.0,45.0,45.0,35.0,40.0,1.0,1.0,36.00481489367094,13.43671763794893,36.00277232042072,13.312158738462264
24.666666666666664,0.0,48.5,0.5,51.0,45.0,45.0,35.0,40.0,1.0,1.0,35.811612594301245,11.57117576457637,35.91766753669078,11.515381668181968
24.683333333333334,0.0,48.5,0.5,51.0,45.0,45.0,35.0,40.0,1.0,1.0,36.19325267916108,9.780312534676682,36.02036936041341,11.061651297317797
24.7,0.0,48.5,0.5,51.0,45.0,45.0,35.0,40.0,1.0,1.0,35.87122335147848,14.417241983334515,35.94792360025857,12.414641041354496
24.716666666666665,0.0,48.5,0.5,51.0,45.0,45.0,35.0,40.0,1.0,1.0,35.993485887396105,12.61054078113441,35.970904563483096,12.78848758691109
24.733333333333334,0.0,48.5,0.5,51.0,45.0,45.0,35.0,40.0,1.0,1.0,35.9502477087812,11.098251681362775,35.93735231514039,11.731847047902471
24.75,0.0,48.5,0.5,51.0,45.0,45.0,35.0,40.0,1.0,1.0,35.95476622954383,13.209841615316902,35.932992430419404,13.476948536249367
24.766666666666666,0.0,48.5,0.5,51.0,45.0,45.0,35.0,40.0,1.0,1.0,35.84225265713662,14.850595440144204,35.86295949939837,12.980131766759962
24.78333333333333,0.0,48.5,0.5,51.0,45.0,45.0,35.0,40.0,1.0,1.0,35.844428196690394,12.924000611615691,35.86315122413322,12.510367858111763
24.8,0.0,48.5,0.5,51.0,45.0,45.0,35.0,40.0,1.0,1.0,35.85433043428046,12.516764663437744,35.85055826183768,12.343829442089785
24.816666666666666,0.0,48.5,0.5,51.0,45.0,45.0,35.0,40.0,1.0,1.0,35.96539076923638,15.342944973396044,35.93121746525864,12.476426370794089
24.833333333333332,0.0,48.5,0.5,51.0,45.0,45.0,35.0,40.0,1.0,1.0,36.03918776978342,13.76607827947609,35.95708592881492,12.638493419320877
24.849999999999998,0.0,48.5,0.5,51.0,45.0,45.0,35.0,40.0,1.0,1.0,35.78645698655461,11.867298433939283,35.854653112455914,12.944269753627683
24.866666666666667,0.0,48.5,0.5,51.0,45.0,45.0,35.0,40.0,1.0,1.0,35.917837019365045,13.196826453968661,35.920985843015636,12.295758748514938
24.883333333333333,0.0,48.5,0.5,51.0,45.0,45.0,35.0,40.0,1.0,1.0,35.844236671024724,15.206309256423951,35.92636898849094,13.864831919496416
24.9,0.0,48.5,0.5,51.0,45.0,45.0,35.0,40.0,1.0,1.0,35.85980827803276,10.511914075544116,35.90043329871163,11.760327524703445
24.916666666666664,0.0,48.5,0.5,51.0,45.0,45.0,35.0,40.0,1.0,1.0,36.0743172882426,11.288963538318773,35.90854730075652,13.277262409624226
24.933333333333334,0.0,48.5,0.5,51.0,45.0,45.0,35.0,40.0,1.0,1.0,35.9988652241518,13.809332613787841,35.970270154844606,12.94692306367492
24.95,0.0,48.5,0.5,51.0,45.0,45.0,35.0,40.0,1.0,1.0,35.907718380981756,12.345103555601678,35.89559348211414,12.264951951511033
24.966666666666665,0.0,48.5,0.5,51.0,45.0,45.0,35.0,40.0,1.0,1.0,35.985858206615504,11.90390923912392,35.89279804278106,12.501429239570502
24.98333333333333,0.0,48.5,0.5,51.0,45.0,45.0,35.0,40.0,1.0,1.0,36.05021842568193,10.048445790911966,36.03242036627117,12.086166720704506
25.0,0.0,48.5,0.5,51.0,45.0,45.0,35.0,40.0,1.0,1.0,35.87792233698654,10.29994037250438,35.9589942966535,12.485595329014682
25.016666666666666,1.0,45.49999999999999,0.5,54.0,45.0,45.0,35.0,40.0,1.0,1.0,35.90939464486939,11.35293455329904,35.888199048457324,12.755255134020716
25.03333333333333,1.0,45.49999999999999,0.5,54.0,45.0,45.0,35.0,40.0,1.0,1.0,35.991370605875495,11.723849079433473,35.925577207918785,12.698480081651285
25.05,1.0,45.49999999999999,0.5,54.0,45.0,45.0,35.0,40.0,1.0,1.0,35.764621623926004,12.268449309475436,35.81976895713666,12.405094288177123
25.066666666666666,1.0,45.49999999999999,0.5,54.0,45.0,45.0,35.0,40.0,1.0,1.0,35.82774270937458,12.667660831878521,35.8533158952943,12.549845359548854
25.083333333333332,1.0,45.49999999999999,0.5,54.0,45.0,45.0,35.0,40.0,1.0,1.0,35.842747807771985,10.997937601152833,35.786706384374284,11.812840173657255
25.1,1.0,45.49999999999999,0.5,54.0,45.0,45.0,35.0,40.0,1.0,1.0,35.64375093704185,10.726690351942826,35.74846774112952,11.444271825577303
