archive_path,source_path,role,bytes,sha256
AUDIT_NORMAL_DEV.json,AUDIT_NORMAL_DEV.json,current_audit,238199,fb44c26ceaf3b045fe16902296bc3e01219acff7f7fac969c106369c7b48937f
AUDIT_NORMAL_DEV.md,AUDIT_NORMAL_DEV.md,current_audit,5653,239d6f53a359db9dc914ff5116194bc05e2267348de6d782c95370476c533fc1
audit_history/20260914T103727Z/AUDIT_NORMAL_DEV.json,audit_history/20260914T103727Z/AUDIT_NORMAL_DEV.json,audit_history,237424,8910cdf1a8a75448a029e122d39f6f8cd4f24a06e87bbecfe3bfc8e48d120c34
audit_history/20260914T103727Z/AUDIT_NORMAL_DEV.md,audit_history/20260914T103727Z/AUDIT_NORMAL_DEV.md,audit_history,5441,02bb34576ccce72cae948a7aac8497df4ba389f2f5e860aa72bc8b7f1f8a34f3
audit_history/20260914T103857Z/AUDIT_NORMAL_DEV.json,audit_history/20260914T103857Z/AUDIT_NORMAL_DEV.json,audit_history,237658,7cb33147da7f58e606a3f142a930aee2b18153fad1a8e13d033c94fdc16ed91e
audit_history/20260914T103857Z/AUDIT_NORMAL_DEV.md,audit_history/20260914T103857Z/AUDIT_NORMAL_DEV.md,audit_history,5441,cfcf9d5bc3e3035e12160d934266b800a3e1aa5a7850bbac2a479c5edd5e9e8a
normal_dev.csv,plans/normal_dev.csv,generation_plan,6796,66382b3ecedd8be417656e56e97d38fc4815d0c857d2c6dd302d58d80a512a97
normal_dev_001/generation_manifest.csv,runs/normal_dev_001/generation_manifest.csv,raw_run,21544,aaacc96e8f95d62da639a8830f462a72efa55dce7cb6068bf1e7a2864bbd4e6d
normal_dev_001/normal-dev-agent-1-r01.xlsx,runs/normal_dev_001/normal-dev-agent-1-r01.xlsx,raw_run,2215978,dd211cb4c3de0c922b030dbccf733921f4b46b0ef83d6493df0df14f74bf9c6d
normal_dev_001/normal-dev-agent-1-r02.xlsx,runs/normal_dev_001/normal-dev-agent-1-r02.xlsx,raw_run,2216564,c563ecdbef75ab42e24bc3ac3f9dd0b59013c31e6d0ee9e8bb0178116a87420d
normal_dev_001/normal-dev-agent-1-r03.xlsx,runs/normal_dev_001/normal-dev-agent-1-r03.xlsx,raw_run,2216030,07979d846b1dc6e77249f7364ea755a45d7b1424efa2da3a5a526b8ae36c3edb
normal_dev_001/normal-dev-agent-1-r04.xlsx,runs/normal_dev_001/normal-dev-agent-1-r04.xlsx,raw_run,2215725,7b99cadf8b7f11d90b1dd7a31b4f27a7af28bd7728116db929c0092d7cae32d9
normal_dev_001/normal-dev-agent-1-r05.xlsx,runs/normal_dev_001/normal-dev-agent-1-r05.xlsx,raw_run,2216093,cba7d0b8a86664c1560c456b42df38238d75005b45861f6ceb8125337e87c9c4
normal_dev_001/normal-dev-agent-2-r01.xlsx,runs/normal_dev_001/normal-dev-agent-2-r01.xlsx,raw_run,2216339,f3c13c22bebcf187eb67fb0468507381139f48e976378a7837e68e7a19f9dc21
normal_dev_001/normal-dev-agent-2-r02.xlsx,runs/normal_dev_001/normal-dev-agent-2-r02.xlsx,raw_run,2216095,c3d78468bae244ed9fb0d9b2cf4fd821f82ab9f001f18c91af0af94301a9f77d
normal_dev_001/normal-dev-agent-2-r03.xlsx,runs/normal_dev_001/normal-dev-agent-2-r03.xlsx,raw_run,2216031,b0b2b33b093d7422f9fab2fe867d5bfbeca74a48c6105b43aeb5fe5940326b4b
normal_dev_001/normal-dev-agent-2-r04.xlsx,runs/normal_dev_001/normal-dev-agent-2-r04.xlsx,raw_run,2216201,f8ead60fbe1c387ce32199a560c29e6c0638e69506a6f5c96de5b9ab9fc273f1
normal_dev_001/normal-dev-agent-2-r05.xlsx,runs/normal_dev_001/normal-dev-agent-2-r05.xlsx,raw_run,2215996,d776d88e7b18f15630307b0c015da4d9cc16538862a1ad5bf1327c464944de92
normal_dev_001/normal-dev-agent-3-r01.xlsx,runs/normal_dev_001/normal-dev-agent-3-r01.xlsx,raw_run,2216231,9f9f4e6a4520a22c6956f6930175a11b658b3b03ec49730c8743f1bd9b55b348
normal_dev_001/normal-dev-agent-3-r02.xlsx,runs/normal_dev_001/normal-dev-agent-3-r02.xlsx,raw_run,2215775,a0fc2548a89d38ed73503546367932482571feb10009caccf5724e1a8c9364af
normal_dev_001/normal-dev-agent-3-r03.xlsx,runs/normal_dev_001/normal-dev-agent-3-r03.xlsx,raw_run,2215992,3b24771bc24aaf14f6c32a157e73c4a3bd96cf10750129a190218fc9e09dff53
normal_dev_001/normal-dev-agent-3-r04.xlsx,runs/normal_dev_001/normal-dev-agent-3-r04.xlsx,raw_run,2215975,35b83e0c7ca6cece1683c12aa1c03cfcf96733cb5bcf31f14823941225d8f89a
normal_dev_001/normal-dev-agent-3-r05.xlsx,runs/normal_dev_001/normal-dev-agent-3-r05.xlsx,raw_run,2216584,ffbc6997b30e7d9360ae108049b40ad8957bdd4716d153568afd6cbfda3f47da
normal_dev_001/normal-dev-agent-4-r01.xlsx,runs/normal_dev_001/normal-dev-agent-4-r01.xlsx,raw_run,2216252,b4c9a001186dc7ff93ce57d31eca4c4c048d57ec0c179cd86ca00f6e2f8d9675
normal_dev_001/normal-dev-agent-4-r02.xlsx,runs/normal_dev_001/normal-dev-agent-4-r02.xlsx,raw_run,2216427,5146be27fa0a6107e3835655db8dc5aa263621a23866dd7083c7530ecc479461
normal_dev_001/normal-dev-agent-4-r03.xlsx,runs/normal_dev_001/normal-dev-agent-4-r03.xlsx,raw_run,2215946,e96546d6fb4ebf0d24c0e8691ba2a8269f59c7b0bea5084599d92ab00746f66c
normal_dev_001/normal-dev-agent-4-r04.xlsx,runs/normal_dev_001/normal-dev-agent-4-r04.xlsx,raw_run,2215779,3abb4ef669d70dc534799d967c73e283613bebaafc2d6ef028fe43652a103e37
normal_dev_001/normal-dev-agent-4-r05.xlsx,runs/normal_dev_001/normal-dev-agent-4-r05.xlsx,raw_run,2216435,3ff0465eda9a4b60a33146de89cc4dbfb271e1dbf8032373a36e67718c5aedcc
normal_dev_001/normal-dev-agent-5-r01.xlsx,runs/normal_dev_001/normal-dev-agent-5-r01.xlsx,raw_run,2215697,3d958d30c3d7e70e65372e7ceca20791debc97dd536ac155e38f10488ee42e1b
normal_dev_001/normal-dev-agent-5-r02.xlsx,runs/normal_dev_001/normal-dev-agent-5-r02.xlsx,raw_run,2216849,4585ab3d192c3faad80c14d1e642965d7f051aa87a0f9ccdef675a988af86a67
normal_dev_001/normal-dev-agent-5-r03.xlsx,runs/normal_dev_001/normal-dev-agent-5-r03.xlsx,raw_run,2216696,b1ff2d837e160fe84e568bc0e51177dc91e85695f656575350dc6b3f66de3f58
normal_dev_001/normal-dev-agent-5-r04.xlsx,runs/normal_dev_001/normal-dev-agent-5-r04.xlsx,raw_run,2216022,35e76a13109670e0ee0e01abc5025c3464602b670259834c349035a715c7c4e6
normal_dev_001/normal-dev-agent-5-r05.xlsx,runs/normal_dev_001/normal-dev-agent-5-r05.xlsx,raw_run,2216305,07aa4486d4817f547e34a37fcfef61abf49d423d5e3e03d8bd231ecffd2b5982
normal_dev_001/normal-dev-agent-6-r01.xlsx,runs/normal_dev_001/normal-dev-agent-6-r01.xlsx,raw_run,2216698,156052ddce301f006b5bb21c56686586b7876fe72e79172529470b69e3509505
normal_dev_001/normal-dev-agent-6-r02.xlsx,runs/normal_dev_001/normal-dev-agent-6-r02.xlsx,raw_run,2216496,9d0ff51533294e8498b9488276242f11cb8d8e289363746e671f274028e33701
normal_dev_001/normal-dev-agent-6-r03.xlsx,runs/normal_dev_001/normal-dev-agent-6-r03.xlsx,raw_run,2215971,2269b2193ca25efef53a3fe4f94b4373d5e1ef53a6e22b6c044557e56edb25dc
normal_dev_001/normal-dev-agent-6-r04.xlsx,runs/normal_dev_001/normal-dev-agent-6-r04.xlsx,raw_run,2216280,201b970f88e835485b2007cdf1c3f8b31a49edbcda4fe6dce0169726a5142e46
normal_dev_001/normal-dev-agent-6-r05.xlsx,runs/normal_dev_001/normal-dev-agent-6-r05.xlsx,raw_run,2216626,70da740405720f53ba3fd2039cfed443218616d5ca62a4ed32d02beebbb8bda0
normal_dev_001/normal-dev-agent-7-r01.xlsx,runs/normal_dev_001/normal-dev-agent-7-r01.xlsx,raw_run,2216242,2c675990e584e29d12b1b8cd17b8e128853533b0bfc9e8d042eb78c9d4ee212f
normal_dev_001/normal-dev-agent-7-r02.xlsx,runs/normal_dev_001/normal-dev-agent-7-r02.xlsx,raw_run,2216694,d2f3e1cbffb0371766b37dfa42ce5f2d38f437c28e624fe5f3bc31abfa87ab7f
normal_dev_001/normal-dev-agent-7-r03.xlsx,runs/normal_dev_001/normal-dev-agent-7-r03.xlsx,raw_run,2216051,888896eaad987373df6fa9ef82d73ab79387a4994a28fc947e5fb3437bdf0e02
normal_dev_001/normal-dev-agent-7-r04.xlsx,runs/normal_dev_001/normal-dev-agent-7-r04.xlsx,raw_run,2216838,d45a3ac45558a82a6162f8f78d15f6ee0cdb8af545b8bc49fed304adf12ccc02
normal_dev_001/normal-dev-agent-7-r05.xlsx,runs/normal_dev_001/normal-dev-agent-7-r05.xlsx,raw_run,2216388,c20d5047dd8931ce7118dfe47d96b6d9dee9c52810d2707b595c4c76c2c79be3
normal_dev_001/normal-dev-agent-8-r01.xlsx,runs/normal_dev_001/normal-dev-agent-8-r01.xlsx,raw_run,2216200,9a79587c10b85d0e2158ce48fc2cde6e94df1e145a5cf0c65e5c2a4a099525aa
normal_dev_001/normal-dev-agent-8-r02.xlsx,runs/normal_dev_001/normal-dev-agent-8-r02.xlsx,raw_run,2216324,220e78fc9496dacd2fd4c112e2adb2b3d2c91475e0c0a8066a8958dd96337594
normal_dev_001/normal-dev-agent-8-r03.xlsx,runs/normal_dev_001/normal-dev-agent-8-r03.xlsx,raw_run,2216007,6cdb3d4e24ffe84f2830cc407b24b138a910eb6343fe279cece018e9a91bf77a
normal_dev_001/normal-dev-agent-8-r04.xlsx,runs/normal_dev_001/normal-dev-agent-8-r04.xlsx,raw_run,2216360,83437e7cb05251a9ae3c760372ce71f3ad9d3ee5b986b529e36a967bf13191b0
normal_dev_001/normal-dev-agent-8-r05.xlsx,runs/normal_dev_001/normal-dev-agent-8-r05.xlsx,raw_run,2216179,fb45661539962a74d49ca6564b8ef2433612c67fde18a65e7439853eb6f05540
normal_evidence_002/EVALUATOR_INDEX.csv,evidence/normal_dev_002/EVALUATOR_INDEX.csv,normal_evidence,71832,4f340a0e24e809a5d16d783b561262826fae08afb143bde81d410ae103f55329
normal_evidence_002/EVIDENCE_MANIFEST.csv,evidence/normal_dev_002/EVIDENCE_MANIFEST.csv,normal_evidence,181391,cc8d96c2c60169afc99cb811cea194aa553afcc7cc51cad4a0092d44de38fdc1
normal_evidence_002/EXTRACTION_SUMMARY.json,evidence/normal_dev_002/EXTRACTION_SUMMARY.json,normal_evidence,1509,25e08171fd226379e1dd2d69aa97d6aeb98df25bbee051b86c4fbb90274c4927
normal_evidence_002/units/NDEV-EVD-0001.evidence.json,evidence/normal_dev_002/units/NDEV-EVD-0001.evidence.json,normal_evidence,179130,139a47f23f1a301c5460c25883c24fbb91f92ec6be3544dc55fc70437a858fe0
normal_evidence_002/units/NDEV-EVD-0001.features.csv,evidence/normal_dev_002/units/NDEV-EVD-0001.features.csv,normal_evidence,6549,f429af6180e3c973d10009c953b299a1fdfa38ebad5ddf083439f928da6b8694
normal_evidence_002/units/NDEV-EVD-0001.signature.csv,evidence/normal_dev_002/units/NDEV-EVD-0001.signature.csv,normal_evidence,4252,d3055112d7ade63ef051179c8fc4ec647c649fd1a5a61de00af61e512931e87a
normal_evidence_002/units/NDEV-EVD-0001.txt,evidence/normal_dev_002/units/NDEV-EVD-0001.txt,normal_evidence,374,c70eadcbda068486e54e9102f36384e4ccc43674fdc248edbedb9185447bdc1e
normal_evidence_002/units/NDEV-EVD-0002.evidence.json,evidence/normal_dev_002/units/NDEV-EVD-0002.evidence.json,normal_evidence,179127,91e5378e2c25973d0dda811c88a0d5e6aabb55429388fff2fa38e4ea039fe811
normal_evidence_002/units/NDEV-EVD-0002.features.csv,evidence/normal_dev_002/units/NDEV-EVD-0002.features.csv,normal_evidence,6553,a76a7edead6ac384335c30a1e0f4623eb721a74407cab3a24890e23af6915eff
normal_evidence_002/units/NDEV-EVD-0002.signature.csv,evidence/normal_dev_002/units/NDEV-EVD-0002.signature.csv,normal_evidence,4252,d3055112d7ade63ef051179c8fc4ec647c649fd1a5a61de00af61e512931e87a
normal_evidence_002/units/NDEV-EVD-0002.txt,evidence/normal_dev_002/units/NDEV-EVD-0002.txt,normal_evidence,374,bc18ccc25c3585954452a73d08fafc392b2a577df99208a83e027712e5c9867f
normal_evidence_002/units/NDEV-EVD-0003.evidence.json,evidence/normal_dev_002/units/NDEV-EVD-0003.evidence.json,normal_evidence,179128,b0bf0850882d837e17d5198c8489a409c443a573c8644f912b62251867fc7258
normal_evidence_002/units/NDEV-EVD-0003.features.csv,evidence/normal_dev_002/units/NDEV-EVD-0003.features.csv,normal_evidence,6563,8c1423ba359443030e087b738a28e083bc238e5ec2ed31c0cf463ff0ed70c6d9
normal_evidence_002/units/NDEV-EVD-0003.signature.csv,evidence/normal_dev_002/units/NDEV-EVD-0003.signature.csv,normal_evidence,4252,d3055112d7ade63ef051179c8fc4ec647c649fd1a5a61de00af61e512931e87a
normal_evidence_002/units/NDEV-EVD-0003.txt,evidence/normal_dev_002/units/NDEV-EVD-0003.txt,normal_evidence,374,57638d10fbc2b099361dd15f9835aa30949400a1036708d4ca0e933668fc366e
normal_evidence_002/units/NDEV-EVD-0004.evidence.json,evidence/normal_dev_002/units/NDEV-EVD-0004.evidence.json,normal_evidence,179147,f66e011e80c5e6b9b5e6c4361f312e22d06ba79ba0e0a05c4ebc6e1db3d1a185
normal_evidence_002/units/NDEV-EVD-0004.features.csv,evidence/normal_dev_002/units/NDEV-EVD-0004.features.csv,normal_evidence,6585,871d375a4aaf70dc306e60d0f3669c2ee80a9c1a6eff7c49b7ad8c95cea117d3
normal_evidence_002/units/NDEV-EVD-0004.signature.csv,evidence/normal_dev_002/units/NDEV-EVD-0004.signature.csv,normal_evidence,4252,d3055112d7ade63ef051179c8fc4ec647c649fd1a5a61de00af61e512931e87a
normal_evidence_002/units/NDEV-EVD-0004.txt,evidence/normal_dev_002/units/NDEV-EVD-0004.txt,normal_evidence,374,73cd894bc1d6e934f6c7698aa38c59836ee26761fd0719553a825ee2c5b0f789
normal_evidence_002/units/NDEV-EVD-0005.evidence.json,evidence/normal_dev_002/units/NDEV-EVD-0005.evidence.json,normal_evidence,179114,e1bc2a00705180c9292636133b49c8497aa4e4303c5635c1b183593aea59fb15
normal_evidence_002/units/NDEV-EVD-0005.features.csv,evidence/normal_dev_002/units/NDEV-EVD-0005.features.csv,normal_evidence,6543,72dd43d7284cdc331861ea4db4cf5b46f96245aa242d1922578efd605a2d9009
normal_evidence_002/units/NDEV-EVD-0005.signature.csv,evidence/normal_dev_002/units/NDEV-EVD-0005.signature.csv,normal_evidence,4252,d3055112d7ade63ef051179c8fc4ec647c649fd1a5a61de00af61e512931e87a
normal_evidence_002/units/NDEV-EVD-0005.txt,evidence/normal_dev_002/units/NDEV-EVD-0005.txt,normal_evidence,374,13b9faeb285752ff9b510a9e703b168011c33d746172754883aa991cb7954e86
normal_evidence_002/units/NDEV-EVD-0006.evidence.json,evidence/normal_dev_002/units/NDEV-EVD-0006.evidence.json,normal_evidence,179112,6de82177ec4c0ab5ab9be92ff5022df5da339909d30b91996b6987b6dd8c546d
normal_evidence_002/units/NDEV-EVD-0006.features.csv,evidence/normal_dev_002/units/NDEV-EVD-0006.features.csv,normal_evidence,6544,9c14c5d06b6bbb602fbc7048f6ef2e5334ca9df6551059ab38abc06ee9cd3150
normal_evidence_002/units/NDEV-EVD-0006.signature.csv,evidence/normal_dev_002/units/NDEV-EVD-0006.signature.csv,normal_evidence,4252,d3055112d7ade63ef051179c8fc4ec647c649fd1a5a61de00af61e512931e87a
normal_evidence_002/units/NDEV-EVD-0006.txt,evidence/normal_dev_002/units/NDEV-EVD-0006.txt,normal_evidence,374,1e17a2fdab6f509506f55c284038b3b867d3b8993fe6247eb9e730bb9e73d996
normal_evidence_002/units/NDEV-EVD-0007.evidence.json,evidence/normal_dev_002/units/NDEV-EVD-0007.evidence.json,normal_evidence,179113,f0eaf51890d3cf2715ceb5f8b64c5fefacb4507435be6c663334880eb1d29922
normal_evidence_002/units/NDEV-EVD-0007.features.csv,evidence/normal_dev_002/units/NDEV-EVD-0007.features.csv,normal_evidence,6546,d16a6c84ad4e5035b38e0ce2ac26db4ea72dd2314a651c424e00279cb4c1c2e5
normal_evidence_002/units/NDEV-EVD-0007.signature.csv,evidence/normal_dev_002/units/NDEV-EVD-0007.signature.csv,normal_evidence,4252,d3055112d7ade63ef051179c8fc4ec647c649fd1a5a61de00af61e512931e87a
normal_evidence_002/units/NDEV-EVD-0007.txt,evidence/normal_dev_002/units/NDEV-EVD-0007.txt,normal_evidence,374,362d11bbebda466e1df1bb54080c05abea4ba4f75130cbc9308ba0442bc05a8b
normal_evidence_002/units/NDEV-EVD-0008.evidence.json,evidence/normal_dev_002/units/NDEV-EVD-0008.evidence.json,normal_evidence,179128,ed1b761644d3ac886d40bb19ed05fbadd605eb823fbc6db1ced552e8221b2ad8
normal_evidence_002/units/NDEV-EVD-0008.features.csv,evidence/normal_dev_002/units/NDEV-EVD-0008.features.csv,normal_evidence,6550,f344782990a3632a8aefed3f54918aad9388f5735f8441795cc9daa71a65f33e
normal_evidence_002/units/NDEV-EVD-0008.signature.csv,evidence/normal_dev_002/units/NDEV-EVD-0008.signature.csv,normal_evidence,4252,d3055112d7ade63ef051179c8fc4ec647c649fd1a5a61de00af61e512931e87a
normal_evidence_002/units/NDEV-EVD-0008.txt,evidence/normal_dev_002/units/NDEV-EVD-0008.txt,normal_evidence,374,b85e9e3dec9633841ca3c33cc0468574a3dfe8135a4fb136ba287bef2fc0bcbc
normal_evidence_002/units/NDEV-EVD-0009.evidence.json,evidence/normal_dev_002/units/NDEV-EVD-0009.evidence.json,normal_evidence,179112,74b5ca42e47e04378639a56e4e3e3fa83b602b07ba73c2c0e4f3626658fdb9cf
normal_evidence_002/units/NDEV-EVD-0009.features.csv,evidence/normal_dev_002/units/NDEV-EVD-0009.features.csv,normal_evidence,6542,8f49fdad30b0eda790164e816f331d58b60f333e5bc494e6e3d2f95281e719ed
normal_evidence_002/units/NDEV-EVD-0009.signature.csv,evidence/normal_dev_002/units/NDEV-EVD-0009.signature.csv,normal_evidence,4252,d3055112d7ade63ef051179c8fc4ec647c649fd1a5a61de00af61e512931e87a
normal_evidence_002/units/NDEV-EVD-0009.txt,evidence/normal_dev_002/units/NDEV-EVD-0009.txt,normal_evidence,374,1ee993d1a7e58fa93eb32395a72fd142ee2113c081b6186f9cafa2937e90619a
normal_evidence_002/units/NDEV-EVD-0010.evidence.json,evidence/normal_dev_002/units/NDEV-EVD-0010.evidence.json,normal_evidence,179137,f0c8fedb473d04b5a9f6390ca51920c9d5ab573702c88933a90e3a3d2fb03dff
normal_evidence_002/units/NDEV-EVD-0010.features.csv,evidence/normal_dev_002/units/NDEV-EVD-0010.features.csv,normal_evidence,6561,f607d542d5745327824a4f9a266cd93a75fd46e2238572bf9289e04aa0392f37
normal_evidence_002/units/NDEV-EVD-0010.signature.csv,evidence/normal_dev_002/units/NDEV-EVD-0010.signature.csv,normal_evidence,4252,d3055112d7ade63ef051179c8fc4ec647c649fd1a5a61de00af61e512931e87a
normal_evidence_002/units/NDEV-EVD-0010.txt,evidence/normal_dev_002/units/NDEV-EVD-0010.txt,normal_evidence,374,0761fdbdde5bd41041b3372eae01f707eb1fbd531eedb961f377da8478b0e7eb
normal_evidence_002/units/NDEV-EVD-0011.evidence.json,evidence/normal_dev_002/units/NDEV-EVD-0011.evidence.json,normal_evidence,179098,bf326ad59d822208eb51f56e9e752bcaab3ffafe42b737ebd7aab70fb1e4f4ab
normal_evidence_002/units/NDEV-EVD-0011.features.csv,evidence/normal_dev_002/units/NDEV-EVD-0011.features.csv,normal_evidence,6520,84e5cdc5734bb05268ecdc450590310870b88ea0ce0053e5ba00e548afc8c2ba
normal_evidence_002/units/NDEV-EVD-0011.signature.csv,evidence/normal_dev_002/units/NDEV-EVD-0011.signature.csv,normal_evidence,4252,d3055112d7ade63ef051179c8fc4ec647c649fd1a5a61de00af61e512931e87a
normal_evidence_002/units/NDEV-EVD-0011.txt,evidence/normal_dev_002/units/NDEV-EVD-0011.txt,normal_evidence,374,cf51e7159521287bf0877171acec192a2b11e89a2778d2083b6002926ac71143
normal_evidence_002/units/NDEV-EVD-0012.evidence.json,evidence/normal_dev_002/units/NDEV-EVD-0012.evidence.json,normal_evidence,179147,288edbe69c251687037b29f364b96dabd6a286223eb6c27ae4d25052e7cd5941
normal_evidence_002/units/NDEV-EVD-0012.features.csv,evidence/normal_dev_002/units/NDEV-EVD-0012.features.csv,normal_evidence,6549,b2982bcf140e565d27f90785beef3a82f11451896ff88b2d4e3a8532a36fa3e2
normal_evidence_002/units/NDEV-EVD-0012.signature.csv,evidence/normal_dev_002/units/NDEV-EVD-0012.signature.csv,normal_evidence,4252,091a4782c0311d86572b0e072301018f97e9d63265313ded6ffbddcd759a91bc
normal_evidence_002/units/NDEV-EVD-0012.txt,evidence/normal_dev_002/units/NDEV-EVD-0012.txt,normal_evidence,429,ab814558266328ef857d1dffa0628bbe871571b145e40e6c61a7c83a5bc5fbb0
normal_evidence_002/units/NDEV-EVD-0013.evidence.json,evidence/normal_dev_002/units/NDEV-EVD-0013.evidence.json,normal_evidence,179111,1817fcedd60aaa2261a89e62746aff02ab35fc54755de49de7126cec9cbd825c
normal_evidence_002/units/NDEV-EVD-0013.features.csv,evidence/normal_dev_002/units/NDEV-EVD-0013.features.csv,normal_evidence,6541,7779205bf31a3bb87f0ae584735dde78d42264dcd1094c50e0d2e11036b80494
normal_evidence_002/units/NDEV-EVD-0013.signature.csv,evidence/normal_dev_002/units/NDEV-EVD-0013.signature.csv,normal_evidence,4252,d3055112d7ade63ef051179c8fc4ec647c649fd1a5a61de00af61e512931e87a
normal_evidence_002/units/NDEV-EVD-0013.txt,evidence/normal_dev_002/units/NDEV-EVD-0013.txt,normal_evidence,374,0c44c2ea0c1edb3087b83a7768f66081ef1ee5b059d01d10b08f1d2e3f874f7a
normal_evidence_002/units/NDEV-EVD-0014.evidence.json,evidence/normal_dev_002/units/NDEV-EVD-0014.evidence.json,normal_evidence,179110,538880c7a0a314aa67b8b1139ba07fc27682862c03490f4b4ea6d029ec4c5566
normal_evidence_002/units/NDEV-EVD-0014.features.csv,evidence/normal_dev_002/units/NDEV-EVD-0014.features.csv,normal_evidence,6538,500a051cb9bb30b8b3c76f9ab2c4a1a7ef21f56175d971cfd10399a8b72927ac
normal_evidence_002/units/NDEV-EVD-0014.signature.csv,evidence/normal_dev_002/units/NDEV-EVD-0014.signature.csv,normal_evidence,4252,d3055112d7ade63ef051179c8fc4ec647c649fd1a5a61de00af61e512931e87a
normal_evidence_002/units/NDEV-EVD-0014.txt,evidence/normal_dev_002/units/NDEV-EVD-0014.txt,normal_evidence,374,715df1a575e0a91390569faaca5cc8e00319a0eee9b420a7b8b832332d240776
normal_evidence_002/units/NDEV-EVD-0015.evidence.json,evidence/normal_dev_002/units/NDEV-EVD-0015.evidence.json,normal_evidence,179132,8fdcfc90b4672f850fa2d3fd22e5dc8d9296aa842b2ba74d9eaee43d26bad9dd
normal_evidence_002/units/NDEV-EVD-0015.features.csv,evidence/normal_dev_002/units/NDEV-EVD-0015.features.csv,normal_evidence,6550,58acc2db9c7935ddc0081446ee0e517f99a5a36dae4d8ed8a9418fbb595ad701
normal_evidence_002/units/NDEV-EVD-0015.signature.csv,evidence/normal_dev_002/units/NDEV-EVD-0015.signature.csv,normal_evidence,4252,d3055112d7ade63ef051179c8fc4ec647c649fd1a5a61de00af61e512931e87a
normal_evidence_002/units/NDEV-EVD-0015.txt,evidence/normal_dev_002/units/NDEV-EVD-0015.txt,normal_evidence,374,460cd4ec8f077a38526cdadbd2d8626b1837b92e13cf688396c3cd2ef5c2c9db
normal_evidence_002/units/NDEV-EVD-0016.evidence.json,evidence/normal_dev_002/units/NDEV-EVD-0016.evidence.json,normal_evidence,179098,a6eca5301be4d75501a279c233184565a5eefedfb7f146b75fe8209352a67b97
normal_evidence_002/units/NDEV-EVD-0016.features.csv,evidence/normal_dev_002/units/NDEV-EVD-0016.features.csv,normal_evidence,6514,16a331527cd1b2f3c36f5c56f68a4e65b57757adc8ecfe5637678d75e134caed
normal_evidence_002/units/NDEV-EVD-0016.signature.csv,evidence/normal_dev_002/units/NDEV-EVD-0016.signature.csv,normal_evidence,4252,d3055112d7ade63ef051179c8fc4ec647c649fd1a5a61de00af61e512931e87a
normal_evidence_002/units/NDEV-EVD-0016.txt,evidence/normal_dev_002/units/NDEV-EVD-0016.txt,normal_evidence,374,89edd82e4f552701d3dca2cd836609d28d6b7bb608f7a16af6e5dcabe2c1b2a0
normal_evidence_002/units/NDEV-EVD-0017.evidence.json,evidence/normal_dev_002/units/NDEV-EVD-0017.evidence.json,normal_evidence,179139,76f5b444e65a3cd76891b6b6d9d7a435135efc010ac098249e249e1550224431
normal_evidence_002/units/NDEV-EVD-0017.features.csv,evidence/normal_dev_002/units/NDEV-EVD-0017.features.csv,normal_evidence,6563,1930e39e21f819317efbca899cb94b953255262d8b5edbf363957362bf50ab64
normal_evidence_002/units/NDEV-EVD-0017.signature.csv,evidence/normal_dev_002/units/NDEV-EVD-0017.signature.csv,normal_evidence,4252,d3055112d7ade63ef051179c8fc4ec647c649fd1a5a61de00af61e512931e87a
normal_evidence_002/units/NDEV-EVD-0017.txt,evidence/normal_dev_002/units/NDEV-EVD-0017.txt,normal_evidence,374,d10aa50f65381679fe8593836938022158ab4d6c98acecc12038e77ec60412bf
normal_evidence_002/units/NDEV-EVD-0018.evidence.json,evidence/normal_dev_002/units/NDEV-EVD-0018.evidence.json,normal_evidence,179132,fec8e8ba26a07f98e42c0e504e101473e834e26d427294119be52f2c74a42309
normal_evidence_002/units/NDEV-EVD-0018.features.csv,evidence/normal_dev_002/units/NDEV-EVD-0018.features.csv,normal_evidence,6552,86244881436b5d454c75bf26f57d702a29c5cfe21af6dee42360f09b18247ae6
normal_evidence_002/units/NDEV-EVD-0018.signature.csv,evidence/normal_dev_002/units/NDEV-EVD-0018.signature.csv,normal_evidence,4252,d3055112d7ade63ef051179c8fc4ec647c649fd1a5a61de00af61e512931e87a
normal_evidence_002/units/NDEV-EVD-0018.txt,evidence/normal_dev_002/units/NDEV-EVD-0018.txt,normal_evidence,374,e265d5ddcad2e2081440aa00741b93eeb2bf1b032c653c23957b6c03464a85ed
normal_evidence_002/units/NDEV-EVD-0019.evidence.json,evidence/normal_dev_002/units/NDEV-EVD-0019.evidence.json,normal_evidence,179137,a9429a18e715017fb3552f06cdf3241efe45edabf61ddd0079ef50a87008f715
normal_evidence_002/units/NDEV-EVD-0019.features.csv,evidence/normal_dev_002/units/NDEV-EVD-0019.features.csv,normal_evidence,6562,02d7aa4301405b467b88b213f67b9f443d01137a228da9df9825b40d4c23723f
normal_evidence_002/units/NDEV-EVD-0019.signature.csv,evidence/normal_dev_002/units/NDEV-EVD-0019.signature.csv,normal_evidence,4252,d3055112d7ade63ef051179c8fc4ec647c649fd1a5a61de00af61e512931e87a
normal_evidence_002/units/NDEV-EVD-0019.txt,evidence/normal_dev_002/units/NDEV-EVD-0019.txt,normal_evidence,374,6378b09ab03a449f46262178290067d524fae63d3708f2933e317268b61165a6
normal_evidence_002/units/NDEV-EVD-0020.evidence.json,evidence/normal_dev_002/units/NDEV-EVD-0020.evidence.json,normal_evidence,179134,341b18f63c9b581a5b67b31358ee9a7b7787868ab29428ec0c17f468420bb026
normal_evidence_002/units/NDEV-EVD-0020.features.csv,evidence/normal_dev_002/units/NDEV-EVD-0020.features.csv,normal_evidence,6564,0fbdd22392372e0a9114b14b22e857f6bbac926c2e635e8db745f64c0c5a56ed
normal_evidence_002/units/NDEV-EVD-0020.signature.csv,evidence/normal_dev_002/units/NDEV-EVD-0020.signature.csv,normal_evidence,4252,d3055112d7ade63ef051179c8fc4ec647c649fd1a5a61de00af61e512931e87a
normal_evidence_002/units/NDEV-EVD-0020.txt,evidence/normal_dev_002/units/NDEV-EVD-0020.txt,normal_evidence,374,c20e1ba05e99d1da2d2e62909eb3449f4a98a1f563f14349205b00f4c6d9ad8b
normal_evidence_002/units/NDEV-EVD-0021.evidence.json,evidence/normal_dev_002/units/NDEV-EVD-0021.evidence.json,normal_evidence,179087,ad169de863ad244e0aeba7c92252805d9fd7099fb36008b6bc928c60418e3224
normal_evidence_002/units/NDEV-EVD-0021.features.csv,evidence/normal_dev_002/units/NDEV-EVD-0021.features.csv,normal_evidence,6519,9ffd7f9fd9ecf497f3bbb4b19c80d4f0c9a8b37635bb6db75d102036654ac0c9
normal_evidence_002/units/NDEV-EVD-0021.signature.csv,evidence/normal_dev_002/units/NDEV-EVD-0021.signature.csv,normal_evidence,4252,d3055112d7ade63ef051179c8fc4ec647c649fd1a5a61de00af61e512931e87a
normal_evidence_002/units/NDEV-EVD-0021.txt,evidence/normal_dev_002/units/NDEV-EVD-0021.txt,normal_evidence,374,fac8d32258f0433c025479f794133f876d71fca315c22d0f99e956524259c80e
normal_evidence_002/units/NDEV-EVD-0022.evidence.json,evidence/normal_dev_002/units/NDEV-EVD-0022.evidence.json,normal_evidence,179131,f3a1d28a64219880e01732253de400b797e22b2e750c0158fbcb52099658ea08
normal_evidence_002/units/NDEV-EVD-0022.features.csv,evidence/normal_dev_002/units/NDEV-EVD-0022.features.csv,normal_evidence,6546,dc210e10f27965d7e4b4445e6e237c5a517d98d6b50856050a7582f94dfc0016
normal_evidence_002/units/NDEV-EVD-0022.signature.csv,evidence/normal_dev_002/units/NDEV-EVD-0022.signature.csv,normal_evidence,4252,d3055112d7ade63ef051179c8fc4ec647c649fd1a5a61de00af61e512931e87a
normal_evidence_002/units/NDEV-EVD-0022.txt,evidence/normal_dev_002/units/NDEV-EVD-0022.txt,normal_evidence,373,dfcc5d7a662b78586005fe6ec05b6a6f88c5ff650f7715acfe2b3343d8e4750e
normal_evidence_002/units/NDEV-EVD-0023.evidence.json,evidence/normal_dev_002/units/NDEV-EVD-0023.evidence.json,normal_evidence,179115,451ed359709ef1071b90dee292180231813f33a67b104361ffbea23656bc41dd
normal_evidence_002/units/NDEV-EVD-0023.features.csv,evidence/normal_dev_002/units/NDEV-EVD-0023.features.csv,normal_evidence,6535,ca3dec5b2ef4378f3e9169a76b657ba68f1cb32256b969b291c4c0a740c1693d
normal_evidence_002/units/NDEV-EVD-0023.signature.csv,evidence/normal_dev_002/units/NDEV-EVD-0023.signature.csv,normal_evidence,4252,d3055112d7ade63ef051179c8fc4ec647c649fd1a5a61de00af61e512931e87a
normal_evidence_002/units/NDEV-EVD-0023.txt,evidence/normal_dev_002/units/NDEV-EVD-0023.txt,normal_evidence,374,47f21ae4338d216283d4abeed586eb3c7091619536495f267bdd2706c1023c84
normal_evidence_002/units/NDEV-EVD-0024.evidence.json,evidence/normal_dev_002/units/NDEV-EVD-0024.evidence.json,normal_evidence,179122,92a8c6f7869943be17093232886b05f3f9ea4f0990fb40f4fcc7155052a9b021
normal_evidence_002/units/NDEV-EVD-0024.features.csv,evidence/normal_dev_002/units/NDEV-EVD-0024.features.csv,normal_evidence,6550,073563c7cdd42e7d83c8ee9b0ceddad0d120d8510a224857d4e46ec6dab41bbb
normal_evidence_002/units/NDEV-EVD-0024.signature.csv,evidence/normal_dev_002/units/NDEV-EVD-0024.signature.csv,normal_evidence,4252,d3055112d7ade63ef051179c8fc4ec647c649fd1a5a61de00af61e512931e87a
normal_evidence_002/units/NDEV-EVD-0024.txt,evidence/normal_dev_002/units/NDEV-EVD-0024.txt,normal_evidence,374,b4045e878d6d3cb9840e3c54331a2fe6f6e505f318543efe10c16d45de12336b
normal_evidence_002/units/NDEV-EVD-0025.evidence.json,evidence/normal_dev_002/units/NDEV-EVD-0025.evidence.json,normal_evidence,179083,b3c5ddab796a4ae95f8a044d5ccf6f15f17efc7646022e5320b87d3efb812812
normal_evidence_002/units/NDEV-EVD-0025.features.csv,evidence/normal_dev_002/units/NDEV-EVD-0025.features.csv,normal_evidence,6507,634f35e74e6eaf85486b11459a73dfe7252e30f8f50bf6b48ed3e4266ed4541c
normal_evidence_002/units/NDEV-EVD-0025.signature.csv,evidence/normal_dev_002/units/NDEV-EVD-0025.signature.csv,normal_evidence,4252,d3055112d7ade63ef051179c8fc4ec647c649fd1a5a61de00af61e512931e87a
normal_evidence_002/units/NDEV-EVD-0025.txt,evidence/normal_dev_002/units/NDEV-EVD-0025.txt,normal_evidence,374,4828fb85fbff092b366825bc7df77d2b1d6956a796987592df2adddf36d4bd67
normal_evidence_002/units/NDEV-EVD-0026.evidence.json,evidence/normal_dev_002/units/NDEV-EVD-0026.evidence.json,normal_evidence,179094,e7a1bb41e46e4aee47e4eb60c299fe8e02e47cb74e0d41307d650789b2590697
normal_evidence_002/units/NDEV-EVD-0026.features.csv,evidence/normal_dev_002/units/NDEV-EVD-0026.features.csv,normal_evidence,6522,51de66c9e94fa9972d71a1d9fd7599632fc99035b246f1c43fc7bffb472060eb
normal_evidence_002/units/NDEV-EVD-0026.signature.csv,evidence/normal_dev_002/units/NDEV-EVD-0026.signature.csv,normal_evidence,4252,d3055112d7ade63ef051179c8fc4ec647c649fd1a5a61de00af61e512931e87a
normal_evidence_002/units/NDEV-EVD-0026.txt,evidence/normal_dev_002/units/NDEV-EVD-0026.txt,normal_evidence,373,b94d23592c9399b6d5dee1f24a1a31e245722f48884fcd6b67eb9e2c27e53ea8
normal_evidence_002/units/NDEV-EVD-0027.evidence.json,evidence/normal_dev_002/units/NDEV-EVD-0027.evidence.json,normal_evidence,179133,f856dec84358ce2b798e7bbadb9251e88af2259d5a087bfb52117df8bde10cc1
normal_evidence_002/units/NDEV-EVD-0027.features.csv,evidence/normal_dev_002/units/NDEV-EVD-0027.features.csv,normal_evidence,6581,bf1415450ab946f99a62080968ee5148457f7b0b12ed365342518821fee7d4a2
normal_evidence_002/units/NDEV-EVD-0027.signature.csv,evidence/normal_dev_002/units/NDEV-EVD-0027.signature.csv,normal_evidence,4252,d3055112d7ade63ef051179c8fc4ec647c649fd1a5a61de00af61e512931e87a
normal_evidence_002/units/NDEV-EVD-0027.txt,evidence/normal_dev_002/units/NDEV-EVD-0027.txt,normal_evidence,374,aeeba7be71b9f74ee58058570577b7533e53f39c8c1809804c83ca443b55f46c
normal_evidence_002/units/NDEV-EVD-0028.evidence.json,evidence/normal_dev_002/units/NDEV-EVD-0028.evidence.json,normal_evidence,179139,401647c17a6586b4b0886bddcd7e2f4ce7aff74474142b27b326e749cf6dd040
normal_evidence_002/units/NDEV-EVD-0028.features.csv,evidence/normal_dev_002/units/NDEV-EVD-0028.features.csv,normal_evidence,6586,dc2b181d264d72b73c4423ddb9d90436f46aff9b1505b02e1158ffb5de791e61
normal_evidence_002/units/NDEV-EVD-0028.signature.csv,evidence/normal_dev_002/units/NDEV-EVD-0028.signature.csv,normal_evidence,4252,d3055112d7ade63ef051179c8fc4ec647c649fd1a5a61de00af61e512931e87a
normal_evidence_002/units/NDEV-EVD-0028.txt,evidence/normal_dev_002/units/NDEV-EVD-0028.txt,normal_evidence,374,d685e97bda095a9f894aedd2e38192863e1d70ed498ce71b1d3885a6137617f2
normal_evidence_002/units/NDEV-EVD-0029.evidence.json,evidence/normal_dev_002/units/NDEV-EVD-0029.evidence.json,normal_evidence,179139,86252a5511db477f03e21359e4267d3612d67e28215130fed548ab5a62fd45ed
normal_evidence_002/units/NDEV-EVD-0029.features.csv,evidence/normal_dev_002/units/NDEV-EVD-0029.features.csv,normal_evidence,6544,f55100132692111b7de0628ce6dbd367fb75072ed9cb1d95b904669fc41e32c6
normal_evidence_002/units/NDEV-EVD-0029.signature.csv,evidence/normal_dev_002/units/NDEV-EVD-0029.signature.csv,normal_evidence,4252,d3055112d7ade63ef051179c8fc4ec647c649fd1a5a61de00af61e512931e87a
normal_evidence_002/units/NDEV-EVD-0029.txt,evidence/normal_dev_002/units/NDEV-EVD-0029.txt,normal_evidence,374,0214748185643d4d22999bca03f9e2c5708ffa21a69f828475c717aa9e6ad4c3
normal_evidence_002/units/NDEV-EVD-0030.evidence.json,evidence/normal_dev_002/units/NDEV-EVD-0030.evidence.json,normal_evidence,179108,a9a77011f51172e5fd4b1fe17060b4183170649dc3af5320ded0828241479251
normal_evidence_002/units/NDEV-EVD-0030.features.csv,evidence/normal_dev_002/units/NDEV-EVD-0030.features.csv,normal_evidence,6537,d9d1ace3ce735c10afe46eec230bccd4f1c01a86b9ab5ae403e5cd7d07443818
normal_evidence_002/units/NDEV-EVD-0030.signature.csv,evidence/normal_dev_002/units/NDEV-EVD-0030.signature.csv,normal_evidence,4252,d3055112d7ade63ef051179c8fc4ec647c649fd1a5a61de00af61e512931e87a
normal_evidence_002/units/NDEV-EVD-0030.txt,evidence/normal_dev_002/units/NDEV-EVD-0030.txt,normal_evidence,374,a50096df0f0329c88995d2fab559112aa865ae18125b0efc5d1865bce7b443a7
normal_evidence_002/units/NDEV-EVD-0031.evidence.json,evidence/normal_dev_002/units/NDEV-EVD-0031.evidence.json,normal_evidence,179105,205c7d0677f448deb303f73b115f1fc415bddfe768981ce7c8fb92455720405c
normal_evidence_002/units/NDEV-EVD-0031.features.csv,evidence/normal_dev_002/units/NDEV-EVD-0031.features.csv,normal_evidence,6540,52a7b643673ef92435c01be763307101a23bce1328f44c4935b0afc8956cafe9
normal_evidence_002/units/NDEV-EVD-0031.signature.csv,evidence/normal_dev_002/units/NDEV-EVD-0031.signature.csv,normal_evidence,4252,d3055112d7ade63ef051179c8fc4ec647c649fd1a5a61de00af61e512931e87a
normal_evidence_002/units/NDEV-EVD-0031.txt,evidence/normal_dev_002/units/NDEV-EVD-0031.txt,normal_evidence,374,950f96d698e557e6012240478b0fbfd3aee6f3d5e72a8025a70ca1560de790c0
normal_evidence_002/units/NDEV-EVD-0032.evidence.json,evidence/normal_dev_002/units/NDEV-EVD-0032.evidence.json,normal_evidence,179114,64761e42b3039a6805d7612da7dc56834e5505be636621f22b2e94f4b6d97d62
normal_evidence_002/units/NDEV-EVD-0032.features.csv,evidence/normal_dev_002/units/NDEV-EVD-0032.features.csv,normal_evidence,6541,ed62088706e10a5bd92e1d7f2a159856358eea4979da5c51131c3fac7e2437eb
normal_evidence_002/units/NDEV-EVD-0032.signature.csv,evidence/normal_dev_002/units/NDEV-EVD-0032.signature.csv,normal_evidence,4252,d3055112d7ade63ef051179c8fc4ec647c649fd1a5a61de00af61e512931e87a
normal_evidence_002/units/NDEV-EVD-0032.txt,evidence/normal_dev_002/units/NDEV-EVD-0032.txt,normal_evidence,374,27007f3a8a69f5445840ccddbb9881f799d3703158d50a4228fb5b81bd693e17
normal_evidence_002/units/NDEV-EVD-0033.evidence.json,evidence/normal_dev_002/units/NDEV-EVD-0033.evidence.json,normal_evidence,179125,4d8a0188558ec318a6364198fc61b8f30b9250f98104f6178460790f46e2020e
normal_evidence_002/units/NDEV-EVD-0033.features.csv,evidence/normal_dev_002/units/NDEV-EVD-0033.features.csv,normal_evidence,6562,071b6d2ae5c0e902831143c121e450e1ca2aa6b46935a18ead188e3d4394010e
normal_evidence_002/units/NDEV-EVD-0033.signature.csv,evidence/normal_dev_002/units/NDEV-EVD-0033.signature.csv,normal_evidence,4252,d3055112d7ade63ef051179c8fc4ec647c649fd1a5a61de00af61e512931e87a
normal_evidence_002/units/NDEV-EVD-0033.txt,evidence/normal_dev_002/units/NDEV-EVD-0033.txt,normal_evidence,374,9631a8923ab8f37e76150eebdd8477434fd755e47405fddfb06495041f95980b
normal_evidence_002/units/NDEV-EVD-0034.evidence.json,evidence/normal_dev_002/units/NDEV-EVD-0034.evidence.json,normal_evidence,179091,88f6aef9b8458d5f0544c890e6609db080f7250070d1bb50d37eb3726e2e6a86
normal_evidence_002/units/NDEV-EVD-0034.features.csv,evidence/normal_dev_002/units/NDEV-EVD-0034.features.csv,normal_evidence,6505,4cf4584f2bb583c8ed878af2783ed65efcb84fbf44a73bb088377590ae306c2f
normal_evidence_002/units/NDEV-EVD-0034.signature.csv,evidence/normal_dev_002/units/NDEV-EVD-0034.signature.csv,normal_evidence,4252,d3055112d7ade63ef051179c8fc4ec647c649fd1a5a61de00af61e512931e87a
normal_evidence_002/units/NDEV-EVD-0034.txt,evidence/normal_dev_002/units/NDEV-EVD-0034.txt,normal_evidence,374,afb1c66f97c423d1f13d241107379567a009003905ea738039a7e745d670d311
normal_evidence_002/units/NDEV-EVD-0035.evidence.json,evidence/normal_dev_002/units/NDEV-EVD-0035.evidence.json,normal_evidence,179109,d52a06f0806c09f499d71777a3cab2f68d87dd33d4251794bdcae276d2ca8ccd
normal_evidence_002/units/NDEV-EVD-0035.features.csv,evidence/normal_dev_002/units/NDEV-EVD-0035.features.csv,normal_evidence,6539,1527bbf717a717416cb0d3f4e9d43ed50e57e4ee378f8f1127e37fbded1251ed
normal_evidence_002/units/NDEV-EVD-0035.signature.csv,evidence/normal_dev_002/units/NDEV-EVD-0035.signature.csv,normal_evidence,4252,d3055112d7ade63ef051179c8fc4ec647c649fd1a5a61de00af61e512931e87a
normal_evidence_002/units/NDEV-EVD-0035.txt,evidence/normal_dev_002/units/NDEV-EVD-0035.txt,normal_evidence,374,afae6423cb12b2a14225fcd2c223fd20961f07b1158bd881a0d5b8e360859d03
normal_evidence_002/units/NDEV-EVD-0036.evidence.json,evidence/normal_dev_002/units/NDEV-EVD-0036.evidence.json,normal_evidence,179117,7a4441854ed95da630b74bed3100a0d103c6f33c014008a5d5c1368810a1c065
normal_evidence_002/units/NDEV-EVD-0036.features.csv,evidence/normal_dev_002/units/NDEV-EVD-0036.features.csv,normal_evidence,6567,cbf4e5b2da28a96c80996235e10e3aea7b1f0540e841af1dd9d9d1efbb37e159
normal_evidence_002/units/NDEV-EVD-0036.signature.csv,evidence/normal_dev_002/units/NDEV-EVD-0036.signature.csv,normal_evidence,4252,d3055112d7ade63ef051179c8fc4ec647c649fd1a5a61de00af61e512931e87a
normal_evidence_002/units/NDEV-EVD-0036.txt,evidence/normal_dev_002/units/NDEV-EVD-0036.txt,normal_evidence,374,ad3a0fab7d1a5a1d38390af6415a0edfeda21a38eace7774137c8f59ad781a2f
normal_evidence_002/units/NDEV-EVD-0037.evidence.json,evidence/normal_dev_002/units/NDEV-EVD-0037.evidence.json,normal_evidence,179139,840c339413595881c33ef4c2e0c95b289aba24ecb9b9fe43459adc2c811f1efe
normal_evidence_002/units/NDEV-EVD-0037.features.csv,evidence/normal_dev_002/units/NDEV-EVD-0037.features.csv,normal_evidence,6545,c56b822e5d3e59d3638b2fd25fd22fd0a3f20278a4d2d887f710d34d44fade5e
normal_evidence_002/units/NDEV-EVD-0037.signature.csv,evidence/normal_dev_002/units/NDEV-EVD-0037.signature.csv,normal_evidence,4252,f666ec79b8fd93691a6fbeb421d2543497e82c75c87e67c7450b5f290aeb7db3
normal_evidence_002/units/NDEV-EVD-0037.txt,evidence/normal_dev_002/units/NDEV-EVD-0037.txt,normal_evidence,429,feb1b9dcfefbf399eb0b1e3079f5f0f4c2fd1d15baab5399e4cccf7971f60a1c
normal_evidence_002/units/NDEV-EVD-0038.evidence.json,evidence/normal_dev_002/units/NDEV-EVD-0038.evidence.json,normal_evidence,179129,af2e49c4abc8096217ba15e7a6478023bdf5e76dae5da4530da9a13bf93cdb17
normal_evidence_002/units/NDEV-EVD-0038.features.csv,evidence/normal_dev_002/units/NDEV-EVD-0038.features.csv,normal_evidence,6581,baa47e6c917fe4a5c26688205542b6348ffbf76565d9c1bb73212619661a898a
normal_evidence_002/units/NDEV-EVD-0038.signature.csv,evidence/normal_dev_002/units/NDEV-EVD-0038.signature.csv,normal_evidence,4252,d3055112d7ade63ef051179c8fc4ec647c649fd1a5a61de00af61e512931e87a
normal_evidence_002/units/NDEV-EVD-0038.txt,evidence/normal_dev_002/units/NDEV-EVD-0038.txt,normal_evidence,374,a0f006f31f6f56c08873a1cf800deb4b1b2aa0bdb214bde8ce7d147227890fd3
normal_evidence_002/units/NDEV-EVD-0039.evidence.json,evidence/normal_dev_002/units/NDEV-EVD-0039.evidence.json,normal_evidence,179134,b1f004e2d57c8be4764bf0a86b9b2737a870390fb0d36d4215d18fbbe89e618b
normal_evidence_002/units/NDEV-EVD-0039.features.csv,evidence/normal_dev_002/units/NDEV-EVD-0039.features.csv,normal_evidence,6573,0755cd0349b520a2750249849cc1ac9b75be4f935fb64ff97c7eaaa5051d1453
normal_evidence_002/units/NDEV-EVD-0039.signature.csv,evidence/normal_dev_002/units/NDEV-EVD-0039.signature.csv,normal_evidence,4252,d3055112d7ade63ef051179c8fc4ec647c649fd1a5a61de00af61e512931e87a
normal_evidence_002/units/NDEV-EVD-0039.txt,evidence/normal_dev_002/units/NDEV-EVD-0039.txt,normal_evidence,374,f59ade26d44ca6fba376d37af217234ed3da4303fc55913b67d9a76d93374dcb
normal_evidence_002/units/NDEV-EVD-0040.evidence.json,evidence/normal_dev_002/units/NDEV-EVD-0040.evidence.json,normal_evidence,179123,290ac93775d5a0dc96f961bcc6f2dfe96cd1820b6954d782a1cc694395d8da00
normal_evidence_002/units/NDEV-EVD-0040.features.csv,evidence/normal_dev_002/units/NDEV-EVD-0040.features.csv,normal_evidence,6551,8ad592f53e6edca2e779e8ca01426e2d573a3c0a9d758be3d67cca8b001a8325
normal_evidence_002/units/NDEV-EVD-0040.signature.csv,evidence/normal_dev_002/units/NDEV-EVD-0040.signature.csv,normal_evidence,4252,d3055112d7ade63ef051179c8fc4ec647c649fd1a5a61de00af61e512931e87a
normal_evidence_002/units/NDEV-EVD-0040.txt,evidence/normal_dev_002/units/NDEV-EVD-0040.txt,normal_evidence,374,82b17cf5d92efe92a20c20983f82cb785714e0be4fe64c70b1e2062a21c4855d
normal_evidence_002/units/NDEV-EVD-0041.evidence.json,evidence/normal_dev_002/units/NDEV-EVD-0041.evidence.json,normal_evidence,179115,0952788c1c2466173b4d0a32d4d6b41cb0555e61326482c5e22976c636d0fcaa
normal_evidence_002/units/NDEV-EVD-0041.features.csv,evidence/normal_dev_002/units/NDEV-EVD-0041.features.csv,normal_evidence,6534,2fcedb2e8888626d369dfe33648274a08c2e09d76f85fc8c5601cf0b5545ee65
normal_evidence_002/units/NDEV-EVD-0041.signature.csv,evidence/normal_dev_002/units/NDEV-EVD-0041.signature.csv,normal_evidence,4252,d3055112d7ade63ef051179c8fc4ec647c649fd1a5a61de00af61e512931e87a
normal_evidence_002/units/NDEV-EVD-0041.txt,evidence/normal_dev_002/units/NDEV-EVD-0041.txt,normal_evidence,374,e5c39dd26f324879caecae874015a666ffefee895b5f4a3967f70833259faea4
normal_evidence_002/units/NDEV-EVD-0042.evidence.json,evidence/normal_dev_002/units/NDEV-EVD-0042.evidence.json,normal_evidence,179128,4bf3cf465a05428f46839df9bdb2f49f6ccd123c95d88fb235c28d8add528575
normal_evidence_002/units/NDEV-EVD-0042.features.csv,evidence/normal_dev_002/units/NDEV-EVD-0042.features.csv,normal_evidence,6574,9bce18ac963cc0c161d3a601648493111972d756bc1d73d94bd74cd3fbae8d79
normal_evidence_002/units/NDEV-EVD-0042.signature.csv,evidence/normal_dev_002/units/NDEV-EVD-0042.signature.csv,normal_evidence,4252,d3055112d7ade63ef051179c8fc4ec647c649fd1a5a61de00af61e512931e87a
normal_evidence_002/units/NDEV-EVD-0042.txt,evidence/normal_dev_002/units/NDEV-EVD-0042.txt,normal_evidence,374,6f1e593439450ab285fa3db3d631bac04cdff6a3ce30ee7b8d37e6b9b12d4960
normal_evidence_002/units/NDEV-EVD-0043.evidence.json,evidence/normal_dev_002/units/NDEV-EVD-0043.evidence.json,normal_evidence,179135,cb3bb530dd309647e1083626c5eff8dfbe91797c8c549cb1b74f824e56b4dcc7
normal_evidence_002/units/NDEV-EVD-0043.features.csv,evidence/normal_dev_002/units/NDEV-EVD-0043.features.csv,normal_evidence,6555,d5e6285a423c59d2ae34b0687bc29c7059409751e33e8b39bfcc60f2f4163994
normal_evidence_002/units/NDEV-EVD-0043.signature.csv,evidence/normal_dev_002/units/NDEV-EVD-0043.signature.csv,normal_evidence,4252,d3055112d7ade63ef051179c8fc4ec647c649fd1a5a61de00af61e512931e87a
normal_evidence_002/units/NDEV-EVD-0043.txt,evidence/normal_dev_002/units/NDEV-EVD-0043.txt,normal_evidence,374,39f148f9d2bf34cc945926b4dc90cbd9a5467d84af4265d489d52af15be03c2c
normal_evidence_002/units/NDEV-EVD-0044.evidence.json,evidence/normal_dev_002/units/NDEV-EVD-0044.evidence.json,normal_evidence,179115,e81f263264c9ce15df0b2a34b4d55624883843cdc8bd3fc00845d779f5d1f657
normal_evidence_002/units/NDEV-EVD-0044.features.csv,evidence/normal_dev_002/units/NDEV-EVD-0044.features.csv,normal_evidence,6537,b9245f48c8e4e8ebeada751903a792567406aaf60954419200bb463c24187412
normal_evidence_002/units/NDEV-EVD-0044.signature.csv,evidence/normal_dev_002/units/NDEV-EVD-0044.signature.csv,normal_evidence,4252,d3055112d7ade63ef051179c8fc4ec647c649fd1a5a61de00af61e512931e87a
normal_evidence_002/units/NDEV-EVD-0044.txt,evidence/normal_dev_002/units/NDEV-EVD-0044.txt,normal_evidence,374,19bf22abc10096a56cd5c5d7d7ee4316dfca910c4b99556055ca9527870d6f42
normal_evidence_002/units/NDEV-EVD-0045.evidence.json,evidence/normal_dev_002/units/NDEV-EVD-0045.evidence.json,normal_evidence,179128,4fe718187de550a67163e2b41e1767f868ae93dd855f03e45680eb308697df8a
normal_evidence_002/units/NDEV-EVD-0045.features.csv,evidence/normal_dev_002/units/NDEV-EVD-0045.features.csv,normal_evidence,6563,3da1a044760f0bf586166f42985cac585802f6ff632f1162cfee8569bfa0b0b9
normal_evidence_002/units/NDEV-EVD-0045.signature.csv,evidence/normal_dev_002/units/NDEV-EVD-0045.signature.csv,normal_evidence,4252,d3055112d7ade63ef051179c8fc4ec647c649fd1a5a61de00af61e512931e87a
normal_evidence_002/units/NDEV-EVD-0045.txt,evidence/normal_dev_002/units/NDEV-EVD-0045.txt,normal_evidence,374,cd8ed5379fa274b86ab22da23fa941d1e0308ca28b149ea2cfcd6f8e6b953b8b
normal_evidence_002/units/NDEV-EVD-0046.evidence.json,evidence/normal_dev_002/units/NDEV-EVD-0046.evidence.json,normal_evidence,179145,2a32d2455ad99a5ea1611f09cd419996dd6700e3ffdcdf07f8336275bb2c4640
normal_evidence_002/units/NDEV-EVD-0046.features.csv,evidence/normal_dev_002/units/NDEV-EVD-0046.features.csv,normal_evidence,6558,e0251517f5952cd77745811a0fa6d925e350a1af485156e282f65a90660e0210
normal_evidence_002/units/NDEV-EVD-0046.signature.csv,evidence/normal_dev_002/units/NDEV-EVD-0046.signature.csv,normal_evidence,4252,d3055112d7ade63ef051179c8fc4ec647c649fd1a5a61de00af61e512931e87a
normal_evidence_002/units/NDEV-EVD-0046.txt,evidence/normal_dev_002/units/NDEV-EVD-0046.txt,normal_evidence,374,07027d263c5101f9bacfd4de9fe46a0eb6dbf026f8a260fffc1d772e4a4a77f3
normal_evidence_002/units/NDEV-EVD-0047.evidence.json,evidence/normal_dev_002/units/NDEV-EVD-0047.evidence.json,normal_evidence,179157,341cc4ba0d69e824b5eb5d009fd6da296982856df1e3d17c58f5d8c05750fed6
normal_evidence_002/units/NDEV-EVD-0047.features.csv,evidence/normal_dev_002/units/NDEV-EVD-0047.features.csv,normal_evidence,6565,ce71b5327e23c9f3925b44d06dcc37fc80355dd7ad2389e00952483160a2394c
normal_evidence_002/units/NDEV-EVD-0047.signature.csv,evidence/normal_dev_002/units/NDEV-EVD-0047.signature.csv,normal_evidence,4252,decb198611bf4c4398b091b45a8175a83f83bf11a903d6d4cecc064020005e52
normal_evidence_002/units/NDEV-EVD-0047.txt,evidence/normal_dev_002/units/NDEV-EVD-0047.txt,normal_evidence,429,2b462455ccb94bf4549dd0acf42c44712b9a10103f6a502ad65addb339cf381a
normal_evidence_002/units/NDEV-EVD-0048.evidence.json,evidence/normal_dev_002/units/NDEV-EVD-0048.evidence.json,normal_evidence,179156,cf40ed75c813d7d936d8168cd6f376fbb436d6e9f2cc71ca3b662af58e35f781
normal_evidence_002/units/NDEV-EVD-0048.features.csv,evidence/normal_dev_002/units/NDEV-EVD-0048.features.csv,normal_evidence,6586,fed9499e32007c7d3c12b279e84c0bdfb0cc5acd4591f1ac37060e738b0837d4
normal_evidence_002/units/NDEV-EVD-0048.signature.csv,evidence/normal_dev_002/units/NDEV-EVD-0048.signature.csv,normal_evidence,4252,d3055112d7ade63ef051179c8fc4ec647c649fd1a5a61de00af61e512931e87a
normal_evidence_002/units/NDEV-EVD-0048.txt,evidence/normal_dev_002/units/NDEV-EVD-0048.txt,normal_evidence,374,11c03e51eeec14c2ccb5e913e2d4d876609372a9440eb4cfadb8146de057b084
normal_evidence_002/units/NDEV-EVD-0049.evidence.json,evidence/normal_dev_002/units/NDEV-EVD-0049.evidence.json,normal_evidence,179149,44ad5e543ec0131401066a4a062b1039ea0b3b7bf1606d42abcde145faeec7ad
normal_evidence_002/units/NDEV-EVD-0049.features.csv,evidence/normal_dev_002/units/NDEV-EVD-0049.features.csv,normal_evidence,6598,b6e504b31d02699f87d632933ae8d12881f8096119212f4026eeb02ef2443752
normal_evidence_002/units/NDEV-EVD-0049.signature.csv,evidence/normal_dev_002/units/NDEV-EVD-0049.signature.csv,normal_evidence,4252,d3055112d7ade63ef051179c8fc4ec647c649fd1a5a61de00af61e512931e87a
normal_evidence_002/units/NDEV-EVD-0049.txt,evidence/normal_dev_002/units/NDEV-EVD-0049.txt,normal_evidence,374,f692653c89d41d92146a7570a8261c9e8006f2ddfeca00d238f2e9a7ae64ec69
normal_evidence_002/units/NDEV-EVD-0050.evidence.json,evidence/normal_dev_002/units/NDEV-EVD-0050.evidence.json,normal_evidence,179142,969950001cad98fe0704a4ad64963762c5b4c737096d9bd059121d8ad16a5828
normal_evidence_002/units/NDEV-EVD-0050.features.csv,evidence/normal_dev_002/units/NDEV-EVD-0050.features.csv,normal_evidence,6571,2d81cb81b9b6ca65d36e193de0269ffc08ce00f73c0383be7acdcb71738ed56e
normal_evidence_002/units/NDEV-EVD-0050.signature.csv,evidence/normal_dev_002/units/NDEV-EVD-0050.signature.csv,normal_evidence,4252,d3055112d7ade63ef051179c8fc4ec647c649fd1a5a61de00af61e512931e87a
normal_evidence_002/units/NDEV-EVD-0050.txt,evidence/normal_dev_002/units/NDEV-EVD-0050.txt,normal_evidence,374,57e0fc5866e9b22aee39a9ae59a3d3b81583d029d7caf157b3627a7f67729741
normal_evidence_002/units/NDEV-EVD-0051.evidence.json,evidence/normal_dev_002/units/NDEV-EVD-0051.evidence.json,normal_evidence,179086,2ea01b7ea70426c3685f82d71a1b2c99a0ba7d1d26bda635e46dc6f8701c76b7
normal_evidence_002/units/NDEV-EVD-0051.features.csv,evidence/normal_dev_002/units/NDEV-EVD-0051.features.csv,normal_evidence,6528,5c4a1b504c9be3561f1731cb9fcc4ba740c831e6a79fd2ae6694e4c5d579a350
normal_evidence_002/units/NDEV-EVD-0051.signature.csv,evidence/normal_dev_002/units/NDEV-EVD-0051.signature.csv,normal_evidence,4252,d3055112d7ade63ef051179c8fc4ec647c649fd1a5a61de00af61e512931e87a
normal_evidence_002/units/NDEV-EVD-0051.txt,evidence/normal_dev_002/units/NDEV-EVD-0051.txt,normal_evidence,373,4a13ecb652f3fe2915c745cb20ccc967293a51f4ebc788257faa2065367a2af2
normal_evidence_002/units/NDEV-EVD-0052.evidence.json,evidence/normal_dev_002/units/NDEV-EVD-0052.evidence.json,normal_evidence,179154,07125dff53a81e17a2926a5696d92bbea9730adf13ce621c69f85a670df428e0
normal_evidence_002/units/NDEV-EVD-0052.features.csv,evidence/normal_dev_002/units/NDEV-EVD-0052.features.csv,normal_evidence,6578,e32897a3920106f7e42f2d882e6d19c8904cdeec4d4f79c603ecbac247539d74
normal_evidence_002/units/NDEV-EVD-0052.signature.csv,evidence/normal_dev_002/units/NDEV-EVD-0052.signature.csv,normal_evidence,4252,d3055112d7ade63ef051179c8fc4ec647c649fd1a5a61de00af61e512931e87a
normal_evidence_002/units/NDEV-EVD-0052.txt,evidence/normal_dev_002/units/NDEV-EVD-0052.txt,normal_evidence,374,bba402eb75e2b9b77a7a561d0008f69c0d2425796f442524c35d19c497d48391
normal_evidence_002/units/NDEV-EVD-0053.evidence.json,evidence/normal_dev_002/units/NDEV-EVD-0053.evidence.json,normal_evidence,179129,fca2f3ccc5fab2b8cea0305b1f6d6590a2cb57caaa2086a710c779bdd58fe3a0
normal_evidence_002/units/NDEV-EVD-0053.features.csv,evidence/normal_dev_002/units/NDEV-EVD-0053.features.csv,normal_evidence,6566,0b550a1352f587b611f5805a1fe22a56759704164e2afb499b6005cf11925012
normal_evidence_002/units/NDEV-EVD-0053.signature.csv,evidence/normal_dev_002/units/NDEV-EVD-0053.signature.csv,normal_evidence,4252,d3055112d7ade63ef051179c8fc4ec647c649fd1a5a61de00af61e512931e87a
normal_evidence_002/units/NDEV-EVD-0053.txt,evidence/normal_dev_002/units/NDEV-EVD-0053.txt,normal_evidence,374,d8d08a73ce955bc16903606c9d647b067e1fca4a8f1aafe98b62963cd4650256
normal_evidence_002/units/NDEV-EVD-0054.evidence.json,evidence/normal_dev_002/units/NDEV-EVD-0054.evidence.json,normal_evidence,179133,4e57a917e2c6fba11226db75d602143e1207d38d968788a874039ff8508b257b
normal_evidence_002/units/NDEV-EVD-0054.features.csv,evidence/normal_dev_002/units/NDEV-EVD-0054.features.csv,normal_evidence,6588,d0af41765e31726197dd68b0b297501d354229e28d19e0807f9e14af296fdc46
normal_evidence_002/units/NDEV-EVD-0054.signature.csv,evidence/normal_dev_002/units/NDEV-EVD-0054.signature.csv,normal_evidence,4252,d3055112d7ade63ef051179c8fc4ec647c649fd1a5a61de00af61e512931e87a
normal_evidence_002/units/NDEV-EVD-0054.txt,evidence/normal_dev_002/units/NDEV-EVD-0054.txt,normal_evidence,374,67f60f3f9c99641ac4db22c49419df031947e557511aa0f0e30576b370b52cd2
normal_evidence_002/units/NDEV-EVD-0055.evidence.json,evidence/normal_dev_002/units/NDEV-EVD-0055.evidence.json,normal_evidence,179163,1023bd9edabecea6a68d7dc1c8ab72cc77967fe55cbe33240660033b894c4fbd
normal_evidence_002/units/NDEV-EVD-0055.features.csv,evidence/normal_dev_002/units/NDEV-EVD-0055.features.csv,normal_evidence,6600,584af68fb0a1aaad94f88c9053705093b72a5658bceee348c2b59adea34b2626
normal_evidence_002/units/NDEV-EVD-0055.signature.csv,evidence/normal_dev_002/units/NDEV-EVD-0055.signature.csv,normal_evidence,4252,d3055112d7ade63ef051179c8fc4ec647c649fd1a5a61de00af61e512931e87a
normal_evidence_002/units/NDEV-EVD-0055.txt,evidence/normal_dev_002/units/NDEV-EVD-0055.txt,normal_evidence,374,2be761d715a83cf49bd709ece7f5594f0032abe7010d2964455d00a4932136ff
normal_evidence_002/units/NDEV-EVD-0056.evidence.json,evidence/normal_dev_002/units/NDEV-EVD-0056.evidence.json,normal_evidence,179122,1781d9b0f392ba3bee3bec9e9fb686572dd26bb22e123c6ec8793a16f2cc58e5
normal_evidence_002/units/NDEV-EVD-0056.features.csv,evidence/normal_dev_002/units/NDEV-EVD-0056.features.csv,normal_evidence,6545,87e73780feaea030cb468d31dfc9fb07dc95fa5dd57b3c406e339b2bedd26557
normal_evidence_002/units/NDEV-EVD-0056.signature.csv,evidence/normal_dev_002/units/NDEV-EVD-0056.signature.csv,normal_evidence,4252,621f60ca075f747ac522d2045658efd3a6e1307e72ce85771a2256e2443e617b
normal_evidence_002/units/NDEV-EVD-0056.txt,evidence/normal_dev_002/units/NDEV-EVD-0056.txt,normal_evidence,429,372331fef60bd337b3cf464a9b80f9b6cc506f0d9352826c40ee8fd710cf1137
normal_evidence_002/units/NDEV-EVD-0057.evidence.json,evidence/normal_dev_002/units/NDEV-EVD-0057.evidence.json,normal_evidence,179150,cc3f97877a1bdec028bb2438b26aa6c017a2aabf0af1324edc695312965e8ba2
normal_evidence_002/units/NDEV-EVD-0057.features.csv,evidence/normal_dev_002/units/NDEV-EVD-0057.features.csv,normal_evidence,6540,0564315bd84e825ad7753c7b029b180b373a336477470640d36d37e459008973
normal_evidence_002/units/NDEV-EVD-0057.signature.csv,evidence/normal_dev_002/units/NDEV-EVD-0057.signature.csv,normal_evidence,4252,10b19d331a6c2f7fedae626108dea2126356ab28d81af94a69f613960f6039db
normal_evidence_002/units/NDEV-EVD-0057.txt,evidence/normal_dev_002/units/NDEV-EVD-0057.txt,normal_evidence,429,c3f132557a3e063f00c53d9b7723ca804d5ced07e5b1b84e6fce0c322e732ff4
normal_evidence_002/units/NDEV-EVD-0058.evidence.json,evidence/normal_dev_002/units/NDEV-EVD-0058.evidence.json,normal_evidence,179194,514feca40907d02a29fe7d1e8e24d5cf94e32f456bc2dcc304949e888aaeeb14
normal_evidence_002/units/NDEV-EVD-0058.features.csv,evidence/normal_dev_002/units/NDEV-EVD-0058.features.csv,normal_evidence,6555,a7eea91f7cf15c9cde659cc7f7987625bf04d3dd6fa102b99216c8b47ecb9e75
normal_evidence_002/units/NDEV-EVD-0058.signature.csv,evidence/normal_dev_002/units/NDEV-EVD-0058.signature.csv,normal_evidence,4252,a99536d4aeb2ad6792d0f353963de08bcb909ba711f3cb7ad74d84cc48607b0c
normal_evidence_002/units/NDEV-EVD-0058.txt,evidence/normal_dev_002/units/NDEV-EVD-0058.txt,normal_evidence,641,dbf45f51e20dd84d37b3a59cc4c33bd6b140292867998e3449e024ce43cdfed1
normal_evidence_002/units/NDEV-EVD-0059.evidence.json,evidence/normal_dev_002/units/NDEV-EVD-0059.evidence.json,normal_evidence,179132,29150ff41b8c6afb8c1cbacc6b45c4e16997283adf7e50b55ae4306ac3a99bfd
normal_evidence_002/units/NDEV-EVD-0059.features.csv,evidence/normal_dev_002/units/NDEV-EVD-0059.features.csv,normal_evidence,6547,5fe1716fc7d3cf1b4d6565a700c4ccb045690c805b7a40c26510df224df645dc
normal_evidence_002/units/NDEV-EVD-0059.signature.csv,evidence/normal_dev_002/units/NDEV-EVD-0059.signature.csv,normal_evidence,4252,d3055112d7ade63ef051179c8fc4ec647c649fd1a5a61de00af61e512931e87a
normal_evidence_002/units/NDEV-EVD-0059.txt,evidence/normal_dev_002/units/NDEV-EVD-0059.txt,normal_evidence,374,a33b82cb58f3e830915b6c9d91246cce4bfd367da455677a8745e07eab936fbb
normal_evidence_002/units/NDEV-EVD-0060.evidence.json,evidence/normal_dev_002/units/NDEV-EVD-0060.evidence.json,normal_evidence,179135,f39719682eaf4c5cb0fbce6e4befa2a16175ed8e0916f176d76330895204e4e3
normal_evidence_002/units/NDEV-EVD-0060.features.csv,evidence/normal_dev_002/units/NDEV-EVD-0060.features.csv,normal_evidence,6562,6fb78c6de6ac1faa33084993d0e245346b51734f62782386154c6a278e8370f7
normal_evidence_002/units/NDEV-EVD-0060.signature.csv,evidence/normal_dev_002/units/NDEV-EVD-0060.signature.csv,normal_evidence,4252,d3055112d7ade63ef051179c8fc4ec647c649fd1a5a61de00af61e512931e87a
normal_evidence_002/units/NDEV-EVD-0060.txt,evidence/normal_dev_002/units/NDEV-EVD-0060.txt,normal_evidence,374,4a55e9da56f439c767c44ce2e33e3701ee7d810e8c57850797aac26a86e3207a
normal_evidence_002/units/NDEV-EVD-0061.evidence.json,evidence/normal_dev_002/units/NDEV-EVD-0061.evidence.json,normal_evidence,179138,2701e6c89effd2c9403468683ceb5ebae2e81981932f0630756a873ab31973c3
normal_evidence_002/units/NDEV-EVD-0061.features.csv,evidence/normal_dev_002/units/NDEV-EVD-0061.features.csv,normal_evidence,6573,949e6877cf96267a65210ca867d56047be61d49ac07f149c63dc40e7a6a9afb3
normal_evidence_002/units/NDEV-EVD-0061.signature.csv,evidence/normal_dev_002/units/NDEV-EVD-0061.signature.csv,normal_evidence,4252,d3055112d7ade63ef051179c8fc4ec647c649fd1a5a61de00af61e512931e87a
normal_evidence_002/units/NDEV-EVD-0061.txt,evidence/normal_dev_002/units/NDEV-EVD-0061.txt,normal_evidence,374,55ea97c934e53de5d74b163026a68ff493bea63c1c1398dc3a4f087edab33bda
normal_evidence_002/units/NDEV-EVD-0062.evidence.json,evidence/normal_dev_002/units/NDEV-EVD-0062.evidence.json,normal_evidence,179113,4648aa961ef9f3a83b3d972445e69878a9ff6ee814e92080805d0ef891e78ebf
normal_evidence_002/units/NDEV-EVD-0062.features.csv,evidence/normal_dev_002/units/NDEV-EVD-0062.features.csv,normal_evidence,6535,9338a0e664fbec7cbb71a5a77a88cddd12d67fc38a31847e8fac335439297611
normal_evidence_002/units/NDEV-EVD-0062.signature.csv,evidence/normal_dev_002/units/NDEV-EVD-0062.signature.csv,normal_evidence,4252,d3055112d7ade63ef051179c8fc4ec647c649fd1a5a61de00af61e512931e87a
normal_evidence_002/units/NDEV-EVD-0062.txt,evidence/normal_dev_002/units/NDEV-EVD-0062.txt,normal_evidence,373,4c81fa1a1a43cd2f5913c8a7372d4c52e2ebcee10ada78a61e8469154f4807af
normal_evidence_002/units/NDEV-EVD-0063.evidence.json,evidence/normal_dev_002/units/NDEV-EVD-0063.evidence.json,normal_evidence,179113,7834b2421873247512cdd6ddb596d2c89863b43ad943a2e1ef24e108a41d486c
normal_evidence_002/units/NDEV-EVD-0063.features.csv,evidence/normal_dev_002/units/NDEV-EVD-0063.features.csv,normal_evidence,6530,ecbfc17937a1b301a608f17ddac34a92dbefaf93dee5d501b6beeb21ec830d32
normal_evidence_002/units/NDEV-EVD-0063.signature.csv,evidence/normal_dev_002/units/NDEV-EVD-0063.signature.csv,normal_evidence,4252,d3055112d7ade63ef051179c8fc4ec647c649fd1a5a61de00af61e512931e87a
normal_evidence_002/units/NDEV-EVD-0063.txt,evidence/normal_dev_002/units/NDEV-EVD-0063.txt,normal_evidence,373,e73e48f86574e566da9085e73be9c30867416debd3c757880936aa27c4acab7a
normal_evidence_002/units/NDEV-EVD-0064.evidence.json,evidence/normal_dev_002/units/NDEV-EVD-0064.evidence.json,normal_evidence,179102,6c2571d7a2effcafca8e3e1a2a90a2e8ba1299fd9ae0dbe1d2ef62e46f7ea146
normal_evidence_002/units/NDEV-EVD-0064.features.csv,evidence/normal_dev_002/units/NDEV-EVD-0064.features.csv,normal_evidence,6531,2f0aad20838294af5d7b3d6dae2f347d743befd0ba8f8c00255f8f1fe61fe854
normal_evidence_002/units/NDEV-EVD-0064.signature.csv,evidence/normal_dev_002/units/NDEV-EVD-0064.signature.csv,normal_evidence,4252,d3055112d7ade63ef051179c8fc4ec647c649fd1a5a61de00af61e512931e87a
normal_evidence_002/units/NDEV-EVD-0064.txt,evidence/normal_dev_002/units/NDEV-EVD-0064.txt,normal_evidence,373,ab63a4ffbe7d3d57e7712e6bce845d91d403684309f1d335532fa2b611373885
normal_evidence_002/units/NDEV-EVD-0065.evidence.json,evidence/normal_dev_002/units/NDEV-EVD-0065.evidence.json,normal_evidence,179125,23d841b26e9808ae3a4c2e302ac4eb7cc59cfa2019c79788c1481dd4e34257f4
normal_evidence_002/units/NDEV-EVD-0065.features.csv,evidence/normal_dev_002/units/NDEV-EVD-0065.features.csv,normal_evidence,6542,03af6b3a3eefc58d83d9f872221e6a4774d2d0e34c0021ca5bde606d694b80b2
normal_evidence_002/units/NDEV-EVD-0065.signature.csv,evidence/normal_dev_002/units/NDEV-EVD-0065.signature.csv,normal_evidence,4252,d3055112d7ade63ef051179c8fc4ec647c649fd1a5a61de00af61e512931e87a
normal_evidence_002/units/NDEV-EVD-0065.txt,evidence/normal_dev_002/units/NDEV-EVD-0065.txt,normal_evidence,374,809e495692b8f4b7ce9f657c3d19e8340390706d32e401716fc263bc5a398610
normal_evidence_002/units/NDEV-EVD-0066.evidence.json,evidence/normal_dev_002/units/NDEV-EVD-0066.evidence.json,normal_evidence,179114,cb0c04267e3342f4bde30acd2ca9bc4721cc7ab88ee78877cb590dd8b25b12c0
normal_evidence_002/units/NDEV-EVD-0066.features.csv,evidence/normal_dev_002/units/NDEV-EVD-0066.features.csv,normal_evidence,6536,2a8db369b5668988232293c3246564d4d22ae6a41fe399524ea44624d96eb323
normal_evidence_002/units/NDEV-EVD-0066.signature.csv,evidence/normal_dev_002/units/NDEV-EVD-0066.signature.csv,normal_evidence,4252,d3055112d7ade63ef051179c8fc4ec647c649fd1a5a61de00af61e512931e87a
normal_evidence_002/units/NDEV-EVD-0066.txt,evidence/normal_dev_002/units/NDEV-EVD-0066.txt,normal_evidence,374,5b6e2a84b1bbc5673932d4d465a00596f4d07c9e72b54c2f3b321630a9439aac
normal_evidence_002/units/NDEV-EVD-0067.evidence.json,evidence/normal_dev_002/units/NDEV-EVD-0067.evidence.json,normal_evidence,179121,eb0fff0757c7ff52530787fd4f86a051311cb18764861d7e2fe0046b77d632fc
normal_evidence_002/units/NDEV-EVD-0067.features.csv,evidence/normal_dev_002/units/NDEV-EVD-0067.features.csv,normal_evidence,6536,ffa05a695019a4ca8ed6719e772a60ba1ddef08ee0dc3bd86fc3dba28efd21ed
normal_evidence_002/units/NDEV-EVD-0067.signature.csv,evidence/normal_dev_002/units/NDEV-EVD-0067.signature.csv,normal_evidence,4252,d3055112d7ade63ef051179c8fc4ec647c649fd1a5a61de00af61e512931e87a
normal_evidence_002/units/NDEV-EVD-0067.txt,evidence/normal_dev_002/units/NDEV-EVD-0067.txt,normal_evidence,374,d71cf1bb262071690f2a6c77d1a7e02d23d89b1088816bc5bb7bf981dc3d54e3
normal_evidence_002/units/NDEV-EVD-0068.evidence.json,evidence/normal_dev_002/units/NDEV-EVD-0068.evidence.json,normal_evidence,179117,ee2957cc7ab88af8371a4094accd62c7efd8a3b9b90e2da08c84c0f1672e6220
normal_evidence_002/units/NDEV-EVD-0068.features.csv,evidence/normal_dev_002/units/NDEV-EVD-0068.features.csv,normal_evidence,6553,628d0bbe41564d4d08b61f2738d6c0b720ecf0595e5f477cb162ce7e60325e4c
normal_evidence_002/units/NDEV-EVD-0068.signature.csv,evidence/normal_dev_002/units/NDEV-EVD-0068.signature.csv,normal_evidence,4252,d3055112d7ade63ef051179c8fc4ec647c649fd1a5a61de00af61e512931e87a
normal_evidence_002/units/NDEV-EVD-0068.txt,evidence/normal_dev_002/units/NDEV-EVD-0068.txt,normal_evidence,374,ea2356245db575bf56e5fb87ca2315b3d9159bb2dc19737ef83ac506002a3c66
normal_evidence_002/units/NDEV-EVD-0069.evidence.json,evidence/normal_dev_002/units/NDEV-EVD-0069.evidence.json,normal_evidence,179121,49f12bd55cae2352b76dc593cfc80bea8158e6f0a66812ec3a4755d66ae28118
normal_evidence_002/units/NDEV-EVD-0069.features.csv,evidence/normal_dev_002/units/NDEV-EVD-0069.features.csv,normal_evidence,6561,6957dc4bc1d550c194968cc0e90fb17a71cce634899942a5bb025ab9e324d4ee
normal_evidence_002/units/NDEV-EVD-0069.signature.csv,evidence/normal_dev_002/units/NDEV-EVD-0069.signature.csv,normal_evidence,4252,d3055112d7ade63ef051179c8fc4ec647c649fd1a5a61de00af61e512931e87a
normal_evidence_002/units/NDEV-EVD-0069.txt,evidence/normal_dev_002/units/NDEV-EVD-0069.txt,normal_evidence,374,32910562841e88abccef82095184596daa017149d736b324fac56dde06d2069f
normal_evidence_002/units/NDEV-EVD-0070.evidence.json,evidence/normal_dev_002/units/NDEV-EVD-0070.evidence.json,normal_evidence,179100,b966cce9fa9e0ee0665ad72e4c0fc1ab4ebd8fa74c99227b6b2aedbc12b54341
normal_evidence_002/units/NDEV-EVD-0070.features.csv,evidence/normal_dev_002/units/NDEV-EVD-0070.features.csv,normal_evidence,6535,22f9238a4bf6eb68898e3f09bfcbd0dba57095878599d5ba930e9bb8cecf97ef
normal_evidence_002/units/NDEV-EVD-0070.signature.csv,evidence/normal_dev_002/units/NDEV-EVD-0070.signature.csv,normal_evidence,4252,d3055112d7ade63ef051179c8fc4ec647c649fd1a5a61de00af61e512931e87a
normal_evidence_002/units/NDEV-EVD-0070.txt,evidence/normal_dev_002/units/NDEV-EVD-0070.txt,normal_evidence,374,fe27a972cd371575a6a6237e30987d4a70e32de2cc98f80156e33c83902f530d
normal_evidence_002/units/NDEV-EVD-0071.evidence.json,evidence/normal_dev_002/units/NDEV-EVD-0071.evidence.json,normal_evidence,179127,a6dc4761bf9006483cad07fa6e50efc215f071ae52baf584b3c764d729b9842c
normal_evidence_002/units/NDEV-EVD-0071.features.csv,evidence/normal_dev_002/units/NDEV-EVD-0071.features.csv,normal_evidence,6548,3d3e9958300561d82be7b02264fad69746be51d512f7ef21b913ee661ec09cb7
normal_evidence_002/units/NDEV-EVD-0071.signature.csv,evidence/normal_dev_002/units/NDEV-EVD-0071.signature.csv,normal_evidence,4252,d3055112d7ade63ef051179c8fc4ec647c649fd1a5a61de00af61e512931e87a
normal_evidence_002/units/NDEV-EVD-0071.txt,evidence/normal_dev_002/units/NDEV-EVD-0071.txt,normal_evidence,374,e67019c9d44fbd5628d8bc3017de73c6925e641b24a26e9a4af5519d2e59c5c7
normal_evidence_002/units/NDEV-EVD-0072.evidence.json,evidence/normal_dev_002/units/NDEV-EVD-0072.evidence.json,normal_evidence,179128,222d1f51028c41f22c604f7c8c5a71c7629bee793fd7d4cba1276beb8a2d0693
normal_evidence_002/units/NDEV-EVD-0072.features.csv,evidence/normal_dev_002/units/NDEV-EVD-0072.features.csv,normal_evidence,6544,61f926ac43705ab458d4bb25b6e51a6e845da72d870ec78836a528c79bf6747d
normal_evidence_002/units/NDEV-EVD-0072.signature.csv,evidence/normal_dev_002/units/NDEV-EVD-0072.signature.csv,normal_evidence,4252,d3055112d7ade63ef051179c8fc4ec647c649fd1a5a61de00af61e512931e87a
normal_evidence_002/units/NDEV-EVD-0072.txt,evidence/normal_dev_002/units/NDEV-EVD-0072.txt,normal_evidence,374,5318d9777eeb616193830ed497a04182a86542956c11a297a6de20eb590ffc9d
normal_evidence_002/units/NDEV-EVD-0073.evidence.json,evidence/normal_dev_002/units/NDEV-EVD-0073.evidence.json,normal_evidence,179124,bfa24c19d4e502bc3b4798ba84e3688550effcb20ec03a29460e3e0ab2918e0c
normal_evidence_002/units/NDEV-EVD-0073.features.csv,evidence/normal_dev_002/units/NDEV-EVD-0073.features.csv,normal_evidence,6530,5e64ab5daf0efc2f1879a7f79260c0efc22976369d80a0871a5a3d50341391b8
normal_evidence_002/units/NDEV-EVD-0073.signature.csv,evidence/normal_dev_002/units/NDEV-EVD-0073.signature.csv,normal_evidence,4252,d3055112d7ade63ef051179c8fc4ec647c649fd1a5a61de00af61e512931e87a
normal_evidence_002/units/NDEV-EVD-0073.txt,evidence/normal_dev_002/units/NDEV-EVD-0073.txt,normal_evidence,374,834aa561378125fad3cdb2a4a525460178b224461b770f91d2d0087c353687b6
normal_evidence_002/units/NDEV-EVD-0074.evidence.json,evidence/normal_dev_002/units/NDEV-EVD-0074.evidence.json,normal_evidence,179083,ef148f5de45f00fdd6dcc10cb98f346c05805e64840f35b38d3aa494b11078d3
normal_evidence_002/units/NDEV-EVD-0074.features.csv,evidence/normal_dev_002/units/NDEV-EVD-0074.features.csv,normal_evidence,6526,ea24bc9bc4870c3992057d7f45a50ca9366b23893d7d99f475be94228171ea27
normal_evidence_002/units/NDEV-EVD-0074.signature.csv,evidence/normal_dev_002/units/NDEV-EVD-0074.signature.csv,normal_evidence,4252,d3055112d7ade63ef051179c8fc4ec647c649fd1a5a61de00af61e512931e87a
normal_evidence_002/units/NDEV-EVD-0074.txt,evidence/normal_dev_002/units/NDEV-EVD-0074.txt,normal_evidence,373,56b0f8880e7f947805e8a62c4fffe482b934e5cb570eacc1cbf5ce7f5d95762b
normal_evidence_002/units/NDEV-EVD-0075.evidence.json,evidence/normal_dev_002/units/NDEV-EVD-0075.evidence.json,normal_evidence,179109,0a58143b2ed511445bc1c6c73843d492b2bbe7ac27a1f60644ced7164067eb5e
normal_evidence_002/units/NDEV-EVD-0075.features.csv,evidence/normal_dev_002/units/NDEV-EVD-0075.features.csv,normal_evidence,6535,bf8a55aa79bf7930c2e0667a49c033035cd74856b8bf701d14ca1eddc9208bca
normal_evidence_002/units/NDEV-EVD-0075.signature.csv,evidence/normal_dev_002/units/NDEV-EVD-0075.signature.csv,normal_evidence,4252,d3055112d7ade63ef051179c8fc4ec647c649fd1a5a61de00af61e512931e87a
normal_evidence_002/units/NDEV-EVD-0075.txt,evidence/normal_dev_002/units/NDEV-EVD-0075.txt,normal_evidence,374,ef5cbab122e4315daf92ee0abd2a069953877b28603cf9da2571af49c1824980
normal_evidence_002/units/NDEV-EVD-0076.evidence.json,evidence/normal_dev_002/units/NDEV-EVD-0076.evidence.json,normal_evidence,179132,dba0d2f56c349d0c778745d303784a1146a589b5114e5103ccf353a866942f2e
normal_evidence_002/units/NDEV-EVD-0076.features.csv,evidence/normal_dev_002/units/NDEV-EVD-0076.features.csv,normal_evidence,6566,9f1f1f6437282cb7d34ab2bb22c522e431bb25de7402c65c6eb229e15127f617
normal_evidence_002/units/NDEV-EVD-0076.signature.csv,evidence/normal_dev_002/units/NDEV-EVD-0076.signature.csv,normal_evidence,4252,d3055112d7ade63ef051179c8fc4ec647c649fd1a5a61de00af61e512931e87a
normal_evidence_002/units/NDEV-EVD-0076.txt,evidence/normal_dev_002/units/NDEV-EVD-0076.txt,normal_evidence,374,8850ee9e771a5d456df15af89025dc0c10de3c00972b934a7352be73dcd98e47
normal_evidence_002/units/NDEV-EVD-0077.evidence.json,evidence/normal_dev_002/units/NDEV-EVD-0077.evidence.json,normal_evidence,179107,1b474e0f566d038756288ee28e75a01f80d5ece4119b965f85eed651261138d5
normal_evidence_002/units/NDEV-EVD-0077.features.csv,evidence/normal_dev_002/units/NDEV-EVD-0077.features.csv,normal_evidence,6517,c309340cd83263a92c1abcb794a6cac5aa6537dce56fb2b1c9df038a99038fa6
normal_evidence_002/units/NDEV-EVD-0077.signature.csv,evidence/normal_dev_002/units/NDEV-EVD-0077.signature.csv,normal_evidence,4252,d3055112d7ade63ef051179c8fc4ec647c649fd1a5a61de00af61e512931e87a
normal_evidence_002/units/NDEV-EVD-0077.txt,evidence/normal_dev_002/units/NDEV-EVD-0077.txt,normal_evidence,374,09e65e30578898d45a4e8a8004e8c9b4c94a53845645318bb834e186d4fddb1a
normal_evidence_002/units/NDEV-EVD-0078.evidence.json,evidence/normal_dev_002/units/NDEV-EVD-0078.evidence.json,normal_evidence,179117,28021bef7fd3298b20bfdb9979acc166d341cf05439f82d25bc76b7ee9df8bda
normal_evidence_002/units/NDEV-EVD-0078.features.csv,evidence/normal_dev_002/units/NDEV-EVD-0078.features.csv,normal_evidence,6532,e093673488ceefdcf73954a2d28316194b968406963ed86f6ad13aae71e54f59
normal_evidence_002/units/NDEV-EVD-0078.signature.csv,evidence/normal_dev_002/units/NDEV-EVD-0078.signature.csv,normal_evidence,4252,d3055112d7ade63ef051179c8fc4ec647c649fd1a5a61de00af61e512931e87a
normal_evidence_002/units/NDEV-EVD-0078.txt,evidence/normal_dev_002/units/NDEV-EVD-0078.txt,normal_evidence,374,32a0690e18ebea08842c1c37c25ddc2036499185c55eb1798b6e3e66dc843083
normal_evidence_002/units/NDEV-EVD-0079.evidence.json,evidence/normal_dev_002/units/NDEV-EVD-0079.evidence.json,normal_evidence,179131,fe2d0834b13bd711f6ef554515a92c6f06130918590c64b332332498e3a600d2
normal_evidence_002/units/NDEV-EVD-0079.features.csv,evidence/normal_dev_002/units/NDEV-EVD-0079.features.csv,normal_evidence,6567,74aa1a590add7a87a2a7559dd82e6041063e2417b71a9d0f88f50839fba47263
normal_evidence_002/units/NDEV-EVD-0079.signature.csv,evidence/normal_dev_002/units/NDEV-EVD-0079.signature.csv,normal_evidence,4252,d3055112d7ade63ef051179c8fc4ec647c649fd1a5a61de00af61e512931e87a
normal_evidence_002/units/NDEV-EVD-0079.txt,evidence/normal_dev_002/units/NDEV-EVD-0079.txt,normal_evidence,374,bebd41365975b0fb8322ce4ce24364c764cb2d95cf3b58228616d14b109e203f
normal_evidence_002/units/NDEV-EVD-0080.evidence.json,evidence/normal_dev_002/units/NDEV-EVD-0080.evidence.json,normal_evidence,179127,575ea59fd81e524e4c841423d14f0f52471be1548b13166b523a28554f8fe114
normal_evidence_002/units/NDEV-EVD-0080.features.csv,evidence/normal_dev_002/units/NDEV-EVD-0080.features.csv,normal_evidence,6577,88ca5251a8a48287ca492b38dfcb363b388bd7654614a622414009027abafd88
normal_evidence_002/units/NDEV-EVD-0080.signature.csv,evidence/normal_dev_002/units/NDEV-EVD-0080.signature.csv,normal_evidence,4252,d3055112d7ade63ef051179c8fc4ec647c649fd1a5a61de00af61e512931e87a
normal_evidence_002/units/NDEV-EVD-0080.txt,evidence/normal_dev_002/units/NDEV-EVD-0080.txt,normal_evidence,374,c3d679aa47f58193ac85880fb9e7f2ada1fff7eafe73b6880dd142b036a86d03
normal_evidence_002/units/NDEV-EVD-0081.evidence.json,evidence/normal_dev_002/units/NDEV-EVD-0081.evidence.json,normal_evidence,179183,e5dc4bad8fa481869dd9bc05d7da8e427ab64579ef261374c0bb89f456bd98a0
normal_evidence_002/units/NDEV-EVD-0081.features.csv,evidence/normal_dev_002/units/NDEV-EVD-0081.features.csv,normal_evidence,6538,3e16ec77c16836a57532c2551664af0ce83300ce99b05a92e5d0e9e98b06e7b0
normal_evidence_002/units/NDEV-EVD-0081.signature.csv,evidence/normal_dev_002/units/NDEV-EVD-0081.signature.csv,normal_evidence,4252,4f45d9623097e48ae9a92817e97b029dbdacea363826a426b5690ade830b1846
normal_evidence_002/units/NDEV-EVD-0081.txt,evidence/normal_dev_002/units/NDEV-EVD-0081.txt,normal_evidence,641,03b283972a64159b7d0bf7a28aa2cf6e3d9779c0343d5f526bdc8979b93dcdd9
normal_evidence_002/units/NDEV-EVD-0082.evidence.json,evidence/normal_dev_002/units/NDEV-EVD-0082.evidence.json,normal_evidence,179151,2e6146079ce1fdf4c7e338c3811ced03b07afb3dc7ec22d74c3e90696078c550
normal_evidence_002/units/NDEV-EVD-0082.features.csv,evidence/normal_dev_002/units/NDEV-EVD-0082.features.csv,normal_evidence,6562,2b7f46932d66f17d7625e71c56274712db760b87de637e6f00e71fc7b0aeda86
normal_evidence_002/units/NDEV-EVD-0082.signature.csv,evidence/normal_dev_002/units/NDEV-EVD-0082.signature.csv,normal_evidence,4252,d3055112d7ade63ef051179c8fc4ec647c649fd1a5a61de00af61e512931e87a
normal_evidence_002/units/NDEV-EVD-0082.txt,evidence/normal_dev_002/units/NDEV-EVD-0082.txt,normal_evidence,374,fe370e22e6b5f37f5590c289ff89f6b40435c0d82042ad112209132c92068da2
normal_evidence_002/units/NDEV-EVD-0083.evidence.json,evidence/normal_dev_002/units/NDEV-EVD-0083.evidence.json,normal_evidence,179213,e89f2f78c99fa038e580e165731b6e25aa1968e6994e596b51c4a23ee1a2b973
normal_evidence_002/units/NDEV-EVD-0083.features.csv,evidence/normal_dev_002/units/NDEV-EVD-0083.features.csv,normal_evidence,6579,7e11370806c50ad51e042a8fbe56084639d92b6696c5ca1a7d88c3be5d79d932
normal_evidence_002/units/NDEV-EVD-0083.signature.csv,evidence/normal_dev_002/units/NDEV-EVD-0083.signature.csv,normal_evidence,4252,a99536d4aeb2ad6792d0f353963de08bcb909ba711f3cb7ad74d84cc48607b0c
normal_evidence_002/units/NDEV-EVD-0083.txt,evidence/normal_dev_002/units/NDEV-EVD-0083.txt,normal_evidence,641,c6c43a4239a3781d3f8a2f0809e2c4790dcd20d4a0fffc658d2bb794286da26a
normal_evidence_002/units/NDEV-EVD-0084.evidence.json,evidence/normal_dev_002/units/NDEV-EVD-0084.evidence.json,normal_evidence,179111,8c8c3c4bb8cd82c18641aadfd9c4bfe85784c09c7c0b25ff9bc3893f8a873a93
normal_evidence_002/units/NDEV-EVD-0084.features.csv,evidence/normal_dev_002/units/NDEV-EVD-0084.features.csv,normal_evidence,6551,b34c760f492c654a3a9c9b0c618fa9fbaf1db09268467e6bd3a26d6c529a86cc
normal_evidence_002/units/NDEV-EVD-0084.signature.csv,evidence/normal_dev_002/units/NDEV-EVD-0084.signature.csv,normal_evidence,4252,d3055112d7ade63ef051179c8fc4ec647c649fd1a5a61de00af61e512931e87a
normal_evidence_002/units/NDEV-EVD-0084.txt,evidence/normal_dev_002/units/NDEV-EVD-0084.txt,normal_evidence,374,ea9a81e993357688b02a9e7ec2510fec271a7adf97e3f48a91251ea708f83079
normal_evidence_002/units/NDEV-EVD-0085.evidence.json,evidence/normal_dev_002/units/NDEV-EVD-0085.evidence.json,normal_evidence,179116,95ff41474321b0c0ad832ee3c040dfa04b0bbb8c1d7eeb326e938be15681ae23
normal_evidence_002/units/NDEV-EVD-0085.features.csv,evidence/normal_dev_002/units/NDEV-EVD-0085.features.csv,normal_evidence,6549,e6b2354aba99612d230cc6f8f4192abb54a298db26e58826c47aca64c8bd4b62
normal_evidence_002/units/NDEV-EVD-0085.signature.csv,evidence/normal_dev_002/units/NDEV-EVD-0085.signature.csv,normal_evidence,4252,d3055112d7ade63ef051179c8fc4ec647c649fd1a5a61de00af61e512931e87a
normal_evidence_002/units/NDEV-EVD-0085.txt,evidence/normal_dev_002/units/NDEV-EVD-0085.txt,normal_evidence,374,13b9faeb285752ff9b510a9e703b168011c33d746172754883aa991cb7954e86
normal_evidence_002/units/NDEV-EVD-0086.evidence.json,evidence/normal_dev_002/units/NDEV-EVD-0086.evidence.json,normal_evidence,179112,21f29cd533b106a879de56d9657ad145540678b3a66398ac59cc7bd364f4b477
normal_evidence_002/units/NDEV-EVD-0086.features.csv,evidence/normal_dev_002/units/NDEV-EVD-0086.features.csv,normal_evidence,6544,edf39e0b89c2d00e23894ae384e315ea7a8917e67edd7304f3f81f417f164671
normal_evidence_002/units/NDEV-EVD-0086.signature.csv,evidence/normal_dev_002/units/NDEV-EVD-0086.signature.csv,normal_evidence,4252,d3055112d7ade63ef051179c8fc4ec647c649fd1a5a61de00af61e512931e87a
normal_evidence_002/units/NDEV-EVD-0086.txt,evidence/normal_dev_002/units/NDEV-EVD-0086.txt,normal_evidence,374,bfbcce5b2972321f67c2811d103242df9f74ceb8afc7082748ee380f604eb86f
normal_evidence_002/units/NDEV-EVD-0087.evidence.json,evidence/normal_dev_002/units/NDEV-EVD-0087.evidence.json,normal_evidence,179130,f9b8f898e6483fffa03961d5e785a6f35499771bf0b6d49f15446120c72223a4
normal_evidence_002/units/NDEV-EVD-0087.features.csv,evidence/normal_dev_002/units/NDEV-EVD-0087.features.csv,normal_evidence,6561,6f353e2046c93e800deca5d6a9a244fe6b93b398d0bed803788ab09189d07593
normal_evidence_002/units/NDEV-EVD-0087.signature.csv,evidence/normal_dev_002/units/NDEV-EVD-0087.signature.csv,normal_evidence,4252,d3055112d7ade63ef051179c8fc4ec647c649fd1a5a61de00af61e512931e87a
normal_evidence_002/units/NDEV-EVD-0087.txt,evidence/normal_dev_002/units/NDEV-EVD-0087.txt,normal_evidence,374,003a7598ef7f36fd51d2ce1e13348a739bf14a70875e0b7d497f403a48eac97e
normal_evidence_002/units/NDEV-EVD-0088.evidence.json,evidence/normal_dev_002/units/NDEV-EVD-0088.evidence.json,normal_evidence,179153,903773ba57920ff76bb9d8a433d854bba32553d85f0d03cedc3d35c39e2b8497
normal_evidence_002/units/NDEV-EVD-0088.features.csv,evidence/normal_dev_002/units/NDEV-EVD-0088.features.csv,normal_evidence,6562,fd0502c52ab8c0a9e65f457033e360c231532d95e70aeed92a4a873c129e557a
normal_evidence_002/units/NDEV-EVD-0088.signature.csv,evidence/normal_dev_002/units/NDEV-EVD-0088.signature.csv,normal_evidence,4252,83fd86ac848220d1deadfadb0d1404dbd7e5a57850e4ac7452fbacc3205b9472
normal_evidence_002/units/NDEV-EVD-0088.txt,evidence/normal_dev_002/units/NDEV-EVD-0088.txt,normal_evidence,465,650ed5e80741a43fe7c4ee6a938f4e2b76e5778f5435a4607a73af4a01f8f51c
normal_evidence_002/units/NDEV-EVD-0089.evidence.json,evidence/normal_dev_002/units/NDEV-EVD-0089.evidence.json,normal_evidence,179124,f005e70da8ac6b0a3c6e44f5c732adf93e9aae26134ba92436bf610077376f3c
normal_evidence_002/units/NDEV-EVD-0089.features.csv,evidence/normal_dev_002/units/NDEV-EVD-0089.features.csv,normal_evidence,6561,2612b0c1574e93fa437aaab6f99d85e640d487a60a1280d861290c7e3e186fa7
normal_evidence_002/units/NDEV-EVD-0089.signature.csv,evidence/normal_dev_002/units/NDEV-EVD-0089.signature.csv,normal_evidence,4252,d3055112d7ade63ef051179c8fc4ec647c649fd1a5a61de00af61e512931e87a
normal_evidence_002/units/NDEV-EVD-0089.txt,evidence/normal_dev_002/units/NDEV-EVD-0089.txt,normal_evidence,374,60bac1650e468e4d356d65b87d2b94bf1845aa120a3ffa569aa59d4153334658
normal_evidence_002/units/NDEV-EVD-0090.evidence.json,evidence/normal_dev_002/units/NDEV-EVD-0090.evidence.json,normal_evidence,179115,84ffc9c540ce3e242f6755cff0e0ce5642541987f3a50f35fb9621b71cc4e2a9
normal_evidence_002/units/NDEV-EVD-0090.features.csv,evidence/normal_dev_002/units/NDEV-EVD-0090.features.csv,normal_evidence,6542,0ba83bdc1dd5988ab332b2120f4b19260fd5feac475eb689bb34e7e13504d5c6
normal_evidence_002/units/NDEV-EVD-0090.signature.csv,evidence/normal_dev_002/units/NDEV-EVD-0090.signature.csv,normal_evidence,4252,d3055112d7ade63ef051179c8fc4ec647c649fd1a5a61de00af61e512931e87a
normal_evidence_002/units/NDEV-EVD-0090.txt,evidence/normal_dev_002/units/NDEV-EVD-0090.txt,normal_evidence,373,1b6cabe9d8f2bb0dc9b5a4b1fb24c967616fcb4eb1be7618cbf35e2d51ea3472
normal_evidence_002/units/NDEV-EVD-0091.evidence.json,evidence/normal_dev_002/units/NDEV-EVD-0091.evidence.json,normal_evidence,179128,b050e24b3ca6483b1006134dbdf2add52e2e68e8db5b0287cd1b1236009fa9a0
normal_evidence_002/units/NDEV-EVD-0091.features.csv,evidence/normal_dev_002/units/NDEV-EVD-0091.features.csv,normal_evidence,6540,b0141eb5d47056d6bf2ffd0013650a91dcae1492829ee902ac33fa6370b108b7
normal_evidence_002/units/NDEV-EVD-0091.signature.csv,evidence/normal_dev_002/units/NDEV-EVD-0091.signature.csv,normal_evidence,4252,d3055112d7ade63ef051179c8fc4ec647c649fd1a5a61de00af61e512931e87a
normal_evidence_002/units/NDEV-EVD-0091.txt,evidence/normal_dev_002/units/NDEV-EVD-0091.txt,normal_evidence,374,eb8de12fe804f3d56f44447f949bcdb03e4312d5695d67f65a8af5eb620eedd2
normal_evidence_002/units/NDEV-EVD-0092.evidence.json,evidence/normal_dev_002/units/NDEV-EVD-0092.evidence.json,normal_evidence,179150,db48055f578f436b2c8fe63ce52e60129dd0d99f6f5871fffcfd0558098d5556
normal_evidence_002/units/NDEV-EVD-0092.features.csv,evidence/normal_dev_002/units/NDEV-EVD-0092.features.csv,normal_evidence,6559,1423ca74157c1557178f32647b7cfd357183411aca073ba5e6c8e37acf48cc5e
normal_evidence_002/units/NDEV-EVD-0092.signature.csv,evidence/normal_dev_002/units/NDEV-EVD-0092.signature.csv,normal_evidence,4252,18dd3af819de13c8056f43c57ba05ddb5f0f08c216a1960d8ada4654595b3bbb
normal_evidence_002/units/NDEV-EVD-0092.txt,evidence/normal_dev_002/units/NDEV-EVD-0092.txt,normal_evidence,429,f5915ef5f2b76741da1ca4068f8ef53a1f8d59e0e4b929393f64deb86c003e79
normal_evidence_002/units/NDEV-EVD-0093.evidence.json,evidence/normal_dev_002/units/NDEV-EVD-0093.evidence.json,normal_evidence,179119,c90fa8d249e2f1765f08ad9b1de1f3123d612bae4ae3713306d90a56423771a9
normal_evidence_002/units/NDEV-EVD-0093.features.csv,evidence/normal_dev_002/units/NDEV-EVD-0093.features.csv,normal_evidence,6528,e4b5a79f6911459e8211a177289b65f9c43427c2ce5c3df14381b304beed30c9
normal_evidence_002/units/NDEV-EVD-0093.signature.csv,evidence/normal_dev_002/units/NDEV-EVD-0093.signature.csv,normal_evidence,4252,d3055112d7ade63ef051179c8fc4ec647c649fd1a5a61de00af61e512931e87a
normal_evidence_002/units/NDEV-EVD-0093.txt,evidence/normal_dev_002/units/NDEV-EVD-0093.txt,normal_evidence,374,0c1b3adf6200b770d420e589076301a1e1405f89c9f9fff27536a63989fea341
normal_evidence_002/units/NDEV-EVD-0094.evidence.json,evidence/normal_dev_002/units/NDEV-EVD-0094.evidence.json,normal_evidence,179107,bc6285136febf31d564a9ef137049468a345923c7b2b9a646b2043566e1e8ff9
normal_evidence_002/units/NDEV-EVD-0094.features.csv,evidence/normal_dev_002/units/NDEV-EVD-0094.features.csv,normal_evidence,6536,6d77fc4339eaf1d3f899969820950a44beb12e660a4ba74aa65dde94a743cab5
normal_evidence_002/units/NDEV-EVD-0094.signature.csv,evidence/normal_dev_002/units/NDEV-EVD-0094.signature.csv,normal_evidence,4252,d3055112d7ade63ef051179c8fc4ec647c649fd1a5a61de00af61e512931e87a
normal_evidence_002/units/NDEV-EVD-0094.txt,evidence/normal_dev_002/units/NDEV-EVD-0094.txt,normal_evidence,374,077eac77f9f79fd4837f0cb617dab508de306335a3b70a28c5f4e41107405c49
normal_evidence_002/units/NDEV-EVD-0095.evidence.json,evidence/normal_dev_002/units/NDEV-EVD-0095.evidence.json,normal_evidence,179138,67cd6f7e5b4015dca4f65bf550d6e3689d284cad31b434b7566fd1f14c4d9313
normal_evidence_002/units/NDEV-EVD-0095.features.csv,evidence/normal_dev_002/units/NDEV-EVD-0095.features.csv,normal_evidence,6578,8462dbd7d19da8e885f091be9ceee64363522f75017dfa8012c17d8d31e59985
normal_evidence_002/units/NDEV-EVD-0095.signature.csv,evidence/normal_dev_002/units/NDEV-EVD-0095.signature.csv,normal_evidence,4252,d3055112d7ade63ef051179c8fc4ec647c649fd1a5a61de00af61e512931e87a
normal_evidence_002/units/NDEV-EVD-0095.txt,evidence/normal_dev_002/units/NDEV-EVD-0095.txt,normal_evidence,374,a532c8afd961c16b68f5559c84fe9f74eba858ad94a4a0a30ed1a046d12b1d7d
normal_evidence_002/units/NDEV-EVD-0096.evidence.json,evidence/normal_dev_002/units/NDEV-EVD-0096.evidence.json,normal_evidence,179133,3e5ea8f164fbf8d2096534ed545e188a224e6c6aba3f6d73d1392b6bbaddd25e
normal_evidence_002/units/NDEV-EVD-0096.features.csv,evidence/normal_dev_002/units/NDEV-EVD-0096.features.csv,normal_evidence,6578,fc79dcc3c16ccf61c0eca28d4aa7b9d3b9b5e3739b60c4db86f0b86de8eb6c7a
normal_evidence_002/units/NDEV-EVD-0096.signature.csv,evidence/normal_dev_002/units/NDEV-EVD-0096.signature.csv,normal_evidence,4252,d3055112d7ade63ef051179c8fc4ec647c649fd1a5a61de00af61e512931e87a
normal_evidence_002/units/NDEV-EVD-0096.txt,evidence/normal_dev_002/units/NDEV-EVD-0096.txt,normal_evidence,374,3bda968877bb9d6ccfd94c942ca27e47a421b53234e8d9c0e936ec46c5c94b15
normal_evidence_002/units/NDEV-EVD-0097.evidence.json,evidence/normal_dev_002/units/NDEV-EVD-0097.evidence.json,normal_evidence,179128,51c1bd0326e724fd2fec792ed376b1e41ae8881c8cdb90feeaff9bc0387773c4
normal_evidence_002/units/NDEV-EVD-0097.features.csv,evidence/normal_dev_002/units/NDEV-EVD-0097.features.csv,normal_evidence,6566,dacf8311aed3f29fc17251152e795ff7acc068717046cc8a0c4c11ccabe712cb
normal_evidence_002/units/NDEV-EVD-0097.signature.csv,evidence/normal_dev_002/units/NDEV-EVD-0097.signature.csv,normal_evidence,4252,d3055112d7ade63ef051179c8fc4ec647c649fd1a5a61de00af61e512931e87a
normal_evidence_002/units/NDEV-EVD-0097.txt,evidence/normal_dev_002/units/NDEV-EVD-0097.txt,normal_evidence,374,e1d565d6fb58004aa9964549f16f902578c45c3277da7ccc96e1d1a974c8ba90
normal_evidence_002/units/NDEV-EVD-0098.evidence.json,evidence/normal_dev_002/units/NDEV-EVD-0098.evidence.json,normal_evidence,179141,63ddcd919c3cece46b1685e583bdc19e3b893b7155ba4ba3e32407d4969d6d09
normal_evidence_002/units/NDEV-EVD-0098.features.csv,evidence/normal_dev_002/units/NDEV-EVD-0098.features.csv,normal_evidence,6559,772f11009a747e6c2ceed545e93aa4c82d8581d5f013fc168749d47c17fc2619
normal_evidence_002/units/NDEV-EVD-0098.signature.csv,evidence/normal_dev_002/units/NDEV-EVD-0098.signature.csv,normal_evidence,4252,18dd3af819de13c8056f43c57ba05ddb5f0f08c216a1960d8ada4654595b3bbb
normal_evidence_002/units/NDEV-EVD-0098.txt,evidence/normal_dev_002/units/NDEV-EVD-0098.txt,normal_evidence,429,00615c77afbdf506ade74c8a9cfc2dcb24faf60e4fa2e9132dbe5edcad94a80c
normal_evidence_002/units/NDEV-EVD-0099.evidence.json,evidence/normal_dev_002/units/NDEV-EVD-0099.evidence.json,normal_evidence,179141,06158e1ff7ab92d990a18ae9e5890d0840a2a23471b6a43a24dd5adeeadb6546
normal_evidence_002/units/NDEV-EVD-0099.features.csv,evidence/normal_dev_002/units/NDEV-EVD-0099.features.csv,normal_evidence,6571,6463738085cce0caf1ac08e19460cdc0dcfd23026c8326c2524af6b2881b6441
normal_evidence_002/units/NDEV-EVD-0099.signature.csv,evidence/normal_dev_002/units/NDEV-EVD-0099.signature.csv,normal_evidence,4252,d3055112d7ade63ef051179c8fc4ec647c649fd1a5a61de00af61e512931e87a
normal_evidence_002/units/NDEV-EVD-0099.txt,evidence/normal_dev_002/units/NDEV-EVD-0099.txt,normal_evidence,374,9a10fc114d6154b2df1c2f8b19ad4e088142a8d6c0656a80b1ae15529e137d5c
normal_evidence_002/units/NDEV-EVD-0100.evidence.json,evidence/normal_dev_002/units/NDEV-EVD-0100.evidence.json,normal_evidence,179114,52b469450d0add5d38c42206182217224429738ab34bebcec85dc83367a2e854
normal_evidence_002/units/NDEV-EVD-0100.features.csv,evidence/normal_dev_002/units/NDEV-EVD-0100.features.csv,normal_evidence,6546,220ea55632e43adc5ccbd78659146fe43562b4d721f3fd119be8c02e1ae518c0
normal_evidence_002/units/NDEV-EVD-0100.signature.csv,evidence/normal_dev_002/units/NDEV-EVD-0100.signature.csv,normal_evidence,4252,d3055112d7ade63ef051179c8fc4ec647c649fd1a5a61de00af61e512931e87a
normal_evidence_002/units/NDEV-EVD-0100.txt,evidence/normal_dev_002/units/NDEV-EVD-0100.txt,normal_evidence,374,e36f321056884dc6fdbc20f4fc1583af62437923625c537fc08f6c6399844785
normal_evidence_002/units/NDEV-EVD-0101.evidence.json,evidence/normal_dev_002/units/NDEV-EVD-0101.evidence.json,normal_evidence,179088,e248577c9bddf82c1dc3867ab380f14205589c05013b8d98bc860552741678f6
normal_evidence_002/units/NDEV-EVD-0101.features.csv,evidence/normal_dev_002/units/NDEV-EVD-0101.features.csv,normal_evidence,6503,90b1548183e04496b3c170a5e88ee6dfd3cc7423f65cc3d4b0c659f0de1f26e9
normal_evidence_002/units/NDEV-EVD-0101.signature.csv,evidence/normal_dev_002/units/NDEV-EVD-0101.signature.csv,normal_evidence,4252,d3055112d7ade63ef051179c8fc4ec647c649fd1a5a61de00af61e512931e87a
normal_evidence_002/units/NDEV-EVD-0101.txt,evidence/normal_dev_002/units/NDEV-EVD-0101.txt,normal_evidence,373,6c358e33fd147dd15c7b8788ca20f52464ed3d3326dd6a91550531c16cc94cc3
normal_evidence_002/units/NDEV-EVD-0102.evidence.json,evidence/normal_dev_002/units/NDEV-EVD-0102.evidence.json,normal_evidence,179128,911e0415442e7fd6817a9f73813ba355e15bb32de078f702b9dbb02a5240f959
normal_evidence_002/units/NDEV-EVD-0102.features.csv,evidence/normal_dev_002/units/NDEV-EVD-0102.features.csv,normal_evidence,6549,3006bb1634f2bfe3014754af44ada4a34ad10f0cf4046175a92c273ad53f97c5
normal_evidence_002/units/NDEV-EVD-0102.signature.csv,evidence/normal_dev_002/units/NDEV-EVD-0102.signature.csv,normal_evidence,4252,d3055112d7ade63ef051179c8fc4ec647c649fd1a5a61de00af61e512931e87a
normal_evidence_002/units/NDEV-EVD-0102.txt,evidence/normal_dev_002/units/NDEV-EVD-0102.txt,normal_evidence,374,b703c44d076f8aeda8c62690b01643afce4c35a459ac00e479ad4ee1f09909a5
normal_evidence_002/units/NDEV-EVD-0103.evidence.json,evidence/normal_dev_002/units/NDEV-EVD-0103.evidence.json,normal_evidence,179127,e9557563db093b6bb1629c1afd1e4bd20a971bad85a1050cddcbb29736838d84
normal_evidence_002/units/NDEV-EVD-0103.features.csv,evidence/normal_dev_002/units/NDEV-EVD-0103.features.csv,normal_evidence,6549,eb1385df9130a775d80b52e53f0cb2f2764f3abfb80a99431b92db797919f992
normal_evidence_002/units/NDEV-EVD-0103.signature.csv,evidence/normal_dev_002/units/NDEV-EVD-0103.signature.csv,normal_evidence,4252,d3055112d7ade63ef051179c8fc4ec647c649fd1a5a61de00af61e512931e87a
normal_evidence_002/units/NDEV-EVD-0103.txt,evidence/normal_dev_002/units/NDEV-EVD-0103.txt,normal_evidence,374,db157dacae54209c6a8675a6a4c77cf138d094054c882b77e1231e143bab9242
normal_evidence_002/units/NDEV-EVD-0104.evidence.json,evidence/normal_dev_002/units/NDEV-EVD-0104.evidence.json,normal_evidence,179198,7776e63cc93c5354af09116b5b0314a68cf916694f566e981b735a5b455870b8
normal_evidence_002/units/NDEV-EVD-0104.features.csv,evidence/normal_dev_002/units/NDEV-EVD-0104.features.csv,normal_evidence,6544,4e15a1f75799fd56f2b260c91c035b6f7b329d13b9c9a519d0f59cbee3e75a2c
normal_evidence_002/units/NDEV-EVD-0104.signature.csv,evidence/normal_dev_002/units/NDEV-EVD-0104.signature.csv,normal_evidence,4252,4f8c035dfa16d948e4a29219f2cbb86cba41d6f1c52c69a485ed963781c05ccd
normal_evidence_002/units/NDEV-EVD-0104.txt,evidence/normal_dev_002/units/NDEV-EVD-0104.txt,normal_evidence,465,58e6efa4a7bc94d2672d76164670302fa365e4a84817ca25aa524027519494b1
normal_evidence_002/units/NDEV-EVD-0105.evidence.json,evidence/normal_dev_002/units/NDEV-EVD-0105.evidence.json,normal_evidence,179119,161e503f7ddcda579c6debe5dc734d49775e848d008858fe8d0717cc3171aa96
normal_evidence_002/units/NDEV-EVD-0105.features.csv,evidence/normal_dev_002/units/NDEV-EVD-0105.features.csv,normal_evidence,6549,f58188709d4fdf2cebb71995fdc3fbd341f1e23cc8c3567a6047177e15bc2eb1
normal_evidence_002/units/NDEV-EVD-0105.signature.csv,evidence/normal_dev_002/units/NDEV-EVD-0105.signature.csv,normal_evidence,4252,d3055112d7ade63ef051179c8fc4ec647c649fd1a5a61de00af61e512931e87a
normal_evidence_002/units/NDEV-EVD-0105.txt,evidence/normal_dev_002/units/NDEV-EVD-0105.txt,normal_evidence,374,5e330b1267073e322babfa4c5b9280434689159334f76630e8476a905d824459
normal_evidence_002/units/NDEV-EVD-0106.evidence.json,evidence/normal_dev_002/units/NDEV-EVD-0106.evidence.json,normal_evidence,179185,59789f2f1facb8919412ca802138563273865fc370c9607ffab7884f17f8b1d7
normal_evidence_002/units/NDEV-EVD-0106.features.csv,evidence/normal_dev_002/units/NDEV-EVD-0106.features.csv,normal_evidence,6536,ddecae14392d1c4b50d9f5e53e60c0e8aba5f4d95da248450a23f9181d2e661f
normal_evidence_002/units/NDEV-EVD-0106.signature.csv,evidence/normal_dev_002/units/NDEV-EVD-0106.signature.csv,normal_evidence,4252,411554a6507852e225a5312808bb66b3c97f634fc8278981e0a890979ca1d3d5
normal_evidence_002/units/NDEV-EVD-0106.txt,evidence/normal_dev_002/units/NDEV-EVD-0106.txt,normal_evidence,641,4b82c2a9a9265f99d546511b53abbf811ddd52af32c9d3a66dc6581c03bbb2f1
normal_evidence_002/units/NDEV-EVD-0107.evidence.json,evidence/normal_dev_002/units/NDEV-EVD-0107.evidence.json,normal_evidence,179127,4988ffbd2f0da462f4ed94f217182bd1677bde7e1a80862c7737bea17bb75fcc
normal_evidence_002/units/NDEV-EVD-0107.features.csv,evidence/normal_dev_002/units/NDEV-EVD-0107.features.csv,normal_evidence,6554,dc513b2b1f86be249c66e439b8c3bd4808e849e9efa08841531fc9de1c8a7445
normal_evidence_002/units/NDEV-EVD-0107.signature.csv,evidence/normal_dev_002/units/NDEV-EVD-0107.signature.csv,normal_evidence,4252,d3055112d7ade63ef051179c8fc4ec647c649fd1a5a61de00af61e512931e87a
normal_evidence_002/units/NDEV-EVD-0107.txt,evidence/normal_dev_002/units/NDEV-EVD-0107.txt,normal_evidence,374,8cd1a221203b57773aea7b6c0e890750f4d5e272df5a0642337507e1299b36d0
normal_evidence_002/units/NDEV-EVD-0108.evidence.json,evidence/normal_dev_002/units/NDEV-EVD-0108.evidence.json,normal_evidence,179115,68599fb670681e65da8752f4f10c99ddcb72f8b3f986df251acd209812e8e4dc
normal_evidence_002/units/NDEV-EVD-0108.features.csv,evidence/normal_dev_002/units/NDEV-EVD-0108.features.csv,normal_evidence,6552,430128fd7c683706102e9baa77b9fcfbc951c9f24b69ba6d98c4565b0243bf62
normal_evidence_002/units/NDEV-EVD-0108.signature.csv,evidence/normal_dev_002/units/NDEV-EVD-0108.signature.csv,normal_evidence,4252,d3055112d7ade63ef051179c8fc4ec647c649fd1a5a61de00af61e512931e87a
normal_evidence_002/units/NDEV-EVD-0108.txt,evidence/normal_dev_002/units/NDEV-EVD-0108.txt,normal_evidence,374,3f62f161d4c9d7b6425dd7975246152b70249916eed282cb1f8e256d77b27974
normal_evidence_002/units/NDEV-EVD-0109.evidence.json,evidence/normal_dev_002/units/NDEV-EVD-0109.evidence.json,normal_evidence,179130,a395391b25ed8599e83e8bea43f105bf7e4982243947a8d110a8d27a733cb81c
normal_evidence_002/units/NDEV-EVD-0109.features.csv,evidence/normal_dev_002/units/NDEV-EVD-0109.features.csv,normal_evidence,6555,ebfe33575e162aab134d0bad12a99ebb1d14aa66e38fcfbbab6048e94d70e7c5
normal_evidence_002/units/NDEV-EVD-0109.signature.csv,evidence/normal_dev_002/units/NDEV-EVD-0109.signature.csv,normal_evidence,4252,d3055112d7ade63ef051179c8fc4ec647c649fd1a5a61de00af61e512931e87a
normal_evidence_002/units/NDEV-EVD-0109.txt,evidence/normal_dev_002/units/NDEV-EVD-0109.txt,normal_evidence,374,a801a90d70c13f23abd4060af391b15a5eba077f26c0a3bc7151f7a4e50fe506
normal_evidence_002/units/NDEV-EVD-0110.evidence.json,evidence/normal_dev_002/units/NDEV-EVD-0110.evidence.json,normal_evidence,179133,148b7d368adcfaa0fe942826e1559d8dc7f531dd534ab14585beb29440026928
normal_evidence_002/units/NDEV-EVD-0110.features.csv,evidence/normal_dev_002/units/NDEV-EVD-0110.features.csv,normal_evidence,6564,8c48a0389dc6edbef6b9224f8834ca9c06afd48f40c0f7dc2723ee026088e66e
normal_evidence_002/units/NDEV-EVD-0110.signature.csv,evidence/normal_dev_002/units/NDEV-EVD-0110.signature.csv,normal_evidence,4252,d3055112d7ade63ef051179c8fc4ec647c649fd1a5a61de00af61e512931e87a
normal_evidence_002/units/NDEV-EVD-0110.txt,evidence/normal_dev_002/units/NDEV-EVD-0110.txt,normal_evidence,374,b00d7fb59364e50ce483434972c2a556c2553ce80eb654ba87e27d08d3536c79
normal_evidence_002/units/NDEV-EVD-0111.evidence.json,evidence/normal_dev_002/units/NDEV-EVD-0111.evidence.json,normal_evidence,179135,252dfd716e457182cf5ed8d046c5e839b7e896282496b5f1c78a5834ed05d2f6
normal_evidence_002/units/NDEV-EVD-0111.features.csv,evidence/normal_dev_002/units/NDEV-EVD-0111.features.csv,normal_evidence,6558,1392209656779efe71087fe1ada9fc9d18feedf6907ce4fc39beb00ee17ab92e
normal_evidence_002/units/NDEV-EVD-0111.signature.csv,evidence/normal_dev_002/units/NDEV-EVD-0111.signature.csv,normal_evidence,4252,d3055112d7ade63ef051179c8fc4ec647c649fd1a5a61de00af61e512931e87a
normal_evidence_002/units/NDEV-EVD-0111.txt,evidence/normal_dev_002/units/NDEV-EVD-0111.txt,normal_evidence,374,e443fdd24734ef7b9dc0f49922f280fa971de795ccec992f0f900df68722e717
normal_evidence_002/units/NDEV-EVD-0112.evidence.json,evidence/normal_dev_002/units/NDEV-EVD-0112.evidence.json,normal_evidence,179128,bf9861de4138b31e91db10b44b8353095fbc713be66a3e1f5f861ca6c839bdff
normal_evidence_002/units/NDEV-EVD-0112.features.csv,evidence/normal_dev_002/units/NDEV-EVD-0112.features.csv,normal_evidence,6561,43e819b309ba4b503f6d1bf875def1ffba7178e449ee25c58866835cce22b98a
normal_evidence_002/units/NDEV-EVD-0112.signature.csv,evidence/normal_dev_002/units/NDEV-EVD-0112.signature.csv,normal_evidence,4252,d3055112d7ade63ef051179c8fc4ec647c649fd1a5a61de00af61e512931e87a
normal_evidence_002/units/NDEV-EVD-0112.txt,evidence/normal_dev_002/units/NDEV-EVD-0112.txt,normal_evidence,374,444c6eb8a4af1dc2018f0411ed38335a4a5a6d51e475a24c351e4013db8e9a95
normal_evidence_002/units/NDEV-EVD-0113.evidence.json,evidence/normal_dev_002/units/NDEV-EVD-0113.evidence.json,normal_evidence,179105,bc2007175fb28eabebd39beb1bac0fd6496af5476bb6a6d830fc167f30e319c4
normal_evidence_002/units/NDEV-EVD-0113.features.csv,evidence/normal_dev_002/units/NDEV-EVD-0113.features.csv,normal_evidence,6531,6e27ae1b48599cefe07696459bcae089a03b775a73f42c2f500652d7a72c36cb
normal_evidence_002/units/NDEV-EVD-0113.signature.csv,evidence/normal_dev_002/units/NDEV-EVD-0113.signature.csv,normal_evidence,4252,d3055112d7ade63ef051179c8fc4ec647c649fd1a5a61de00af61e512931e87a
normal_evidence_002/units/NDEV-EVD-0113.txt,evidence/normal_dev_002/units/NDEV-EVD-0113.txt,normal_evidence,374,98a3f42936c84f513b07d252b9785640894777d3b2c2bf9f813a9d9ae328b10d
normal_evidence_002/units/NDEV-EVD-0114.evidence.json,evidence/normal_dev_002/units/NDEV-EVD-0114.evidence.json,normal_evidence,179125,2af913a3bdc5d00a1d8e39739928e35fe59f8850921bf8b6c52db3125a83466b
normal_evidence_002/units/NDEV-EVD-0114.features.csv,evidence/normal_dev_002/units/NDEV-EVD-0114.features.csv,normal_evidence,6534,4d33cc3f86ae48994ee2849d98a7c02b289b023609d3043be43648ac4bea2841
normal_evidence_002/units/NDEV-EVD-0114.signature.csv,evidence/normal_dev_002/units/NDEV-EVD-0114.signature.csv,normal_evidence,4252,d3055112d7ade63ef051179c8fc4ec647c649fd1a5a61de00af61e512931e87a
normal_evidence_002/units/NDEV-EVD-0114.txt,evidence/normal_dev_002/units/NDEV-EVD-0114.txt,normal_evidence,374,60f59a5722cc71730c516fe54139ad86d05856671003d4a96771f7ddcbbf6960
normal_evidence_002/units/NDEV-EVD-0115.evidence.json,evidence/normal_dev_002/units/NDEV-EVD-0115.evidence.json,normal_evidence,179119,0349927c5d55044db3ee076160d3a690bb4c210abc0b7410d6999de6a9174d9c
normal_evidence_002/units/NDEV-EVD-0115.features.csv,evidence/normal_dev_002/units/NDEV-EVD-0115.features.csv,normal_evidence,6542,b5fbfcdd99c867756afe8400b6ecc6c28ac5eda720895ad892480ebd35db312e
normal_evidence_002/units/NDEV-EVD-0115.signature.csv,evidence/normal_dev_002/units/NDEV-EVD-0115.signature.csv,normal_evidence,4252,d3055112d7ade63ef051179c8fc4ec647c649fd1a5a61de00af61e512931e87a
normal_evidence_002/units/NDEV-EVD-0115.txt,evidence/normal_dev_002/units/NDEV-EVD-0115.txt,normal_evidence,374,09ec6a586a1d4f8e05b840aca03b9b78f6bbfe991a8de1e3b08686afcc70386a
normal_evidence_002/units/NDEV-EVD-0116.evidence.json,evidence/normal_dev_002/units/NDEV-EVD-0116.evidence.json,normal_evidence,179124,30648ba2688282c31cd777983705b0b9b11d88e2cf302e83802d72a4898ff884
normal_evidence_002/units/NDEV-EVD-0116.features.csv,evidence/normal_dev_002/units/NDEV-EVD-0116.features.csv,normal_evidence,6539,132a8f06fc56ba80c18b48d2d3d2623a7c9c75c2d93cb0888245e43f336fd3fa
normal_evidence_002/units/NDEV-EVD-0116.signature.csv,evidence/normal_dev_002/units/NDEV-EVD-0116.signature.csv,normal_evidence,4252,d3055112d7ade63ef051179c8fc4ec647c649fd1a5a61de00af61e512931e87a
normal_evidence_002/units/NDEV-EVD-0116.txt,evidence/normal_dev_002/units/NDEV-EVD-0116.txt,normal_evidence,374,0cc7e6c246a170ec13cdffac7b9814efe51962f3e465d765b0cfb0c67f7731f9
normal_evidence_002/units/NDEV-EVD-0117.evidence.json,evidence/normal_dev_002/units/NDEV-EVD-0117.evidence.json,normal_evidence,179100,ab664e0f4b2cc02afbda0188a3caad9b1196c355ef7f70cf56c3c103ebb6cb08
normal_evidence_002/units/NDEV-EVD-0117.features.csv,evidence/normal_dev_002/units/NDEV-EVD-0117.features.csv,normal_evidence,6532,a7fa4d744e8a43f313cca4aa83bf5ef30f993683c0e6e3153a3ac8d524a02a3d
normal_evidence_002/units/NDEV-EVD-0117.signature.csv,evidence/normal_dev_002/units/NDEV-EVD-0117.signature.csv,normal_evidence,4252,d3055112d7ade63ef051179c8fc4ec647c649fd1a5a61de00af61e512931e87a
normal_evidence_002/units/NDEV-EVD-0117.txt,evidence/normal_dev_002/units/NDEV-EVD-0117.txt,normal_evidence,373,f2ad2ea5338c087db03f51ae760bef76eecb7ba095272cb862bf781cfd4e1be5
normal_evidence_002/units/NDEV-EVD-0118.evidence.json,evidence/normal_dev_002/units/NDEV-EVD-0118.evidence.json,normal_evidence,179150,8b8be9c73b687be87d9c39ce9853e12f4170e35ddff87b5da425fd91ddbd32f7
normal_evidence_002/units/NDEV-EVD-0118.features.csv,evidence/normal_dev_002/units/NDEV-EVD-0118.features.csv,normal_evidence,6573,d83f20a880f3341dfa5d1fd25e7eefde283348e068de9bb27c7987ade9f28550
normal_evidence_002/units/NDEV-EVD-0118.signature.csv,evidence/normal_dev_002/units/NDEV-EVD-0118.signature.csv,normal_evidence,4252,d3055112d7ade63ef051179c8fc4ec647c649fd1a5a61de00af61e512931e87a
normal_evidence_002/units/NDEV-EVD-0118.txt,evidence/normal_dev_002/units/NDEV-EVD-0118.txt,normal_evidence,374,6155156b5cfa5bbd43c29ce3448473add085d91f024515af9e8fd63f6e5b0743
normal_evidence_002/units/NDEV-EVD-0119.evidence.json,evidence/normal_dev_002/units/NDEV-EVD-0119.evidence.json,normal_evidence,179096,7946638f251c42ab913048b8729290e8f7a3cd555fd9b52e16e0aaad0ae02d00
normal_evidence_002/units/NDEV-EVD-0119.features.csv,evidence/normal_dev_002/units/NDEV-EVD-0119.features.csv,normal_evidence,6531,b2cccab7525b1d7d1abca1c01ef7b68fa24a271ed8ef95cfeceed67d4c7b989c
normal_evidence_002/units/NDEV-EVD-0119.signature.csv,evidence/normal_dev_002/units/NDEV-EVD-0119.signature.csv,normal_evidence,4252,d3055112d7ade63ef051179c8fc4ec647c649fd1a5a61de00af61e512931e87a
normal_evidence_002/units/NDEV-EVD-0119.txt,evidence/normal_dev_002/units/NDEV-EVD-0119.txt,normal_evidence,374,4fb019c01912b2dcc28b75cafc4948a00d0cb28d0cbb31bb627d71fdda1c4c7f
normal_evidence_002/units/NDEV-EVD-0120.evidence.json,evidence/normal_dev_002/units/NDEV-EVD-0120.evidence.json,normal_evidence,179147,88830237b0c5153ebdbd126d3006a6031024c6b58bfb95b671f66bda531e36dd
normal_evidence_002/units/NDEV-EVD-0120.features.csv,evidence/normal_dev_002/units/NDEV-EVD-0120.features.csv,normal_evidence,6579,82641714927d07a240f8b23f3801e02fac4d9368b0367869e6c1ffc583d2ebae
normal_evidence_002/units/NDEV-EVD-0120.signature.csv,evidence/normal_dev_002/units/NDEV-EVD-0120.signature.csv,normal_evidence,4252,d3055112d7ade63ef051179c8fc4ec647c649fd1a5a61de00af61e512931e87a
normal_evidence_002/units/NDEV-EVD-0120.txt,evidence/normal_dev_002/units/NDEV-EVD-0120.txt,normal_evidence,374,c630bbd8f265ff7afacdb3fe1cef38d87810000e9804128366e01e81cac4a4c8
normal_evidence_002/units/NDEV-EVD-0121.evidence.json,evidence/normal_dev_002/units/NDEV-EVD-0121.evidence.json,normal_evidence,179109,2eab4080c5e1ed53a13968fecfcbef31e47b2d5007b8af177bc45b46326ebae9
normal_evidence_002/units/NDEV-EVD-0121.features.csv,evidence/normal_dev_002/units/NDEV-EVD-0121.features.csv,normal_evidence,6532,6f2d44de7812b6b0c67656aa4d981bbce7792e1e2a581d482e6f771aba0056c9
normal_evidence_002/units/NDEV-EVD-0121.signature.csv,evidence/normal_dev_002/units/NDEV-EVD-0121.signature.csv,normal_evidence,4252,d3055112d7ade63ef051179c8fc4ec647c649fd1a5a61de00af61e512931e87a
normal_evidence_002/units/NDEV-EVD-0121.txt,evidence/normal_dev_002/units/NDEV-EVD-0121.txt,normal_evidence,374,b81801f5c3f8564b3e052829b083a223ef896c24629451b4d0145b20f3857654
normal_evidence_002/units/NDEV-EVD-0122.evidence.json,evidence/normal_dev_002/units/NDEV-EVD-0122.evidence.json,normal_evidence,179122,319fa0a39e0f0e19c8c4eff8a7b5fa8881b880257dfd71b9ea9c305c0b3fdbb3
normal_evidence_002/units/NDEV-EVD-0122.features.csv,evidence/normal_dev_002/units/NDEV-EVD-0122.features.csv,normal_evidence,6557,61bf222f752c23705de3f53d878b96ce05d8a69feaf695f7d108352e7156b5a0
normal_evidence_002/units/NDEV-EVD-0122.signature.csv,evidence/normal_dev_002/units/NDEV-EVD-0122.signature.csv,normal_evidence,4252,d3055112d7ade63ef051179c8fc4ec647c649fd1a5a61de00af61e512931e87a
normal_evidence_002/units/NDEV-EVD-0122.txt,evidence/normal_dev_002/units/NDEV-EVD-0122.txt,normal_evidence,374,f85de59fc3ac361d19b21a68d02923da31b1510bb750667390fb0b23ba5f6bb8
normal_evidence_002/units/NDEV-EVD-0123.evidence.json,evidence/normal_dev_002/units/NDEV-EVD-0123.evidence.json,normal_evidence,179128,2d26b0eae25264952fc1f35f357c3d8922f7b6fb223349677d03016f0eec329f
normal_evidence_002/units/NDEV-EVD-0123.features.csv,evidence/normal_dev_002/units/NDEV-EVD-0123.features.csv,normal_evidence,6549,4fc57f0226b8c305808cd2f96e5aa271c0069415dc935b0767b619b16c8f678e
normal_evidence_002/units/NDEV-EVD-0123.signature.csv,evidence/normal_dev_002/units/NDEV-EVD-0123.signature.csv,normal_evidence,4252,d3055112d7ade63ef051179c8fc4ec647c649fd1a5a61de00af61e512931e87a
normal_evidence_002/units/NDEV-EVD-0123.txt,evidence/normal_dev_002/units/NDEV-EVD-0123.txt,normal_evidence,374,c3b9d42553aaeaef3588cbfe582756307bb8f4b5967b4f51b21bccc0b00c59ef
normal_evidence_002/units/NDEV-EVD-0124.evidence.json,evidence/normal_dev_002/units/NDEV-EVD-0124.evidence.json,normal_evidence,179147,1a56a5e86d263fcf16eef77266553e367097bf5e2ddc838bf2ec916dbfd30e0f
normal_evidence_002/units/NDEV-EVD-0124.features.csv,evidence/normal_dev_002/units/NDEV-EVD-0124.features.csv,normal_evidence,6581,893245e0e7386f03ef72905299a754770d6ca2e036ac01041cabea5e32fa89e6
normal_evidence_002/units/NDEV-EVD-0124.signature.csv,evidence/normal_dev_002/units/NDEV-EVD-0124.signature.csv,normal_evidence,4252,d3055112d7ade63ef051179c8fc4ec647c649fd1a5a61de00af61e512931e87a
normal_evidence_002/units/NDEV-EVD-0124.txt,evidence/normal_dev_002/units/NDEV-EVD-0124.txt,normal_evidence,374,b443b96e67ef8d00e2956eb60d706f83bb7934a02ff1daa7af0e56c4bca7028d
normal_evidence_002/units/NDEV-EVD-0125.evidence.json,evidence/normal_dev_002/units/NDEV-EVD-0125.evidence.json,normal_evidence,179102,8937678ab1299a88a5743ef57708b15d75db697456898d7219657d36aa9985c5
normal_evidence_002/units/NDEV-EVD-0125.features.csv,evidence/normal_dev_002/units/NDEV-EVD-0125.features.csv,normal_evidence,6529,f9f56a1b3ae0a2446b9326a6b90149a3eaa99734eb263c3364468b287233643f
normal_evidence_002/units/NDEV-EVD-0125.signature.csv,evidence/normal_dev_002/units/NDEV-EVD-0125.signature.csv,normal_evidence,4252,d3055112d7ade63ef051179c8fc4ec647c649fd1a5a61de00af61e512931e87a
normal_evidence_002/units/NDEV-EVD-0125.txt,evidence/normal_dev_002/units/NDEV-EVD-0125.txt,normal_evidence,374,40bffef7bedc3401280a69d0e14fdf636a0bc65a377a85f63f934ce1f884c78d
normal_evidence_002/units/NDEV-EVD-0126.evidence.json,evidence/normal_dev_002/units/NDEV-EVD-0126.evidence.json,normal_evidence,179126,c7eed26737ee6e54ba1fc49bdfc35b1fe62164a23737623fcd5234e0ceed4b74
normal_evidence_002/units/NDEV-EVD-0126.features.csv,evidence/normal_dev_002/units/NDEV-EVD-0126.features.csv,normal_evidence,6546,227c151d0d7b991e8ae5b9b06da98d9e9950194bf7907e97d49c38d8e9ca65cd
normal_evidence_002/units/NDEV-EVD-0126.signature.csv,evidence/normal_dev_002/units/NDEV-EVD-0126.signature.csv,normal_evidence,4252,d3055112d7ade63ef051179c8fc4ec647c649fd1a5a61de00af61e512931e87a
normal_evidence_002/units/NDEV-EVD-0126.txt,evidence/normal_dev_002/units/NDEV-EVD-0126.txt,normal_evidence,374,a0f006f31f6f56c08873a1cf800deb4b1b2aa0bdb214bde8ce7d147227890fd3
normal_evidence_002/units/NDEV-EVD-0127.evidence.json,evidence/normal_dev_002/units/NDEV-EVD-0127.evidence.json,normal_evidence,179101,332eaba64dcacc745681876e3106d7ea0090198d87bc1ae6369c0fe9a3cdc783
normal_evidence_002/units/NDEV-EVD-0127.features.csv,evidence/normal_dev_002/units/NDEV-EVD-0127.features.csv,normal_evidence,6510,7532bbfa5e03936104955cf01457a7c00a48e744bb916b4b08bc38cc6763cc18
normal_evidence_002/units/NDEV-EVD-0127.signature.csv,evidence/normal_dev_002/units/NDEV-EVD-0127.signature.csv,normal_evidence,4252,d3055112d7ade63ef051179c8fc4ec647c649fd1a5a61de00af61e512931e87a
normal_evidence_002/units/NDEV-EVD-0127.txt,evidence/normal_dev_002/units/NDEV-EVD-0127.txt,normal_evidence,374,33e25f64a9c632e559ecdf532f735e20976135d7cb5b079ecfd1d756b79884b0
normal_evidence_002/units/NDEV-EVD-0128.evidence.json,evidence/normal_dev_002/units/NDEV-EVD-0128.evidence.json,normal_evidence,179109,92b358098abfd15a3817c6f765732691d7c9ebf7fb429a90158855a235a46226
normal_evidence_002/units/NDEV-EVD-0128.features.csv,evidence/normal_dev_002/units/NDEV-EVD-0128.features.csv,normal_evidence,6532,ed43a0bdd1b92e95d4b8f6ea04ab1969be30678b8e900227fa9c5c53cbc79745
normal_evidence_002/units/NDEV-EVD-0128.signature.csv,evidence/normal_dev_002/units/NDEV-EVD-0128.signature.csv,normal_evidence,4252,d3055112d7ade63ef051179c8fc4ec647c649fd1a5a61de00af61e512931e87a
normal_evidence_002/units/NDEV-EVD-0128.txt,evidence/normal_dev_002/units/NDEV-EVD-0128.txt,normal_evidence,374,73f4f4d92b7bda53a7398845a2430d179ef296b40f390a35ee8412130f98cc62
normal_evidence_002/units/NDEV-EVD-0129.evidence.json,evidence/normal_dev_002/units/NDEV-EVD-0129.evidence.json,normal_evidence,179130,f055d0a6c0d1773f8d7119a61f9c0b7186608ab0bbae55a658314b58c8081047
normal_evidence_002/units/NDEV-EVD-0129.features.csv,evidence/normal_dev_002/units/NDEV-EVD-0129.features.csv,normal_evidence,6523,efff9c347edbb0d5d4e47c666ca20d4bd0f6e7e694ad81b80489f2d1d3032c87
normal_evidence_002/units/NDEV-EVD-0129.signature.csv,evidence/normal_dev_002/units/NDEV-EVD-0129.signature.csv,normal_evidence,4252,621f60ca075f747ac522d2045658efd3a6e1307e72ce85771a2256e2443e617b
normal_evidence_002/units/NDEV-EVD-0129.txt,evidence/normal_dev_002/units/NDEV-EVD-0129.txt,normal_evidence,429,99f4ff8ebad87d9ee1cd1357027556147b47eda25ee0e041d617736ea5ab1dc0
normal_evidence_002/units/NDEV-EVD-0130.evidence.json,evidence/normal_dev_002/units/NDEV-EVD-0130.evidence.json,normal_evidence,179084,c98d58c9f543c3e91836eb035c911c05e8d2668ff899699558832d42912bcbb0
normal_evidence_002/units/NDEV-EVD-0130.features.csv,evidence/normal_dev_002/units/NDEV-EVD-0130.features.csv,normal_evidence,6516,5d3826d53a82a0eb3d080abf7a66896521df09b305465b664b9a7214b31217d9
normal_evidence_002/units/NDEV-EVD-0130.signature.csv,evidence/normal_dev_002/units/NDEV-EVD-0130.signature.csv,normal_evidence,4252,d3055112d7ade63ef051179c8fc4ec647c649fd1a5a61de00af61e512931e87a
normal_evidence_002/units/NDEV-EVD-0130.txt,evidence/normal_dev_002/units/NDEV-EVD-0130.txt,normal_evidence,373,32d343c8ad39fbb40f8d1524ad6f147224bcf49c6a93f34595c54499126bbbe7
normal_evidence_002/units/NDEV-EVD-0131.evidence.json,evidence/normal_dev_002/units/NDEV-EVD-0131.evidence.json,normal_evidence,179109,495e4c6601ca9e119eb051ead7a32a594f025d47d29c075d7308e540cfcf3064
normal_evidence_002/units/NDEV-EVD-0131.features.csv,evidence/normal_dev_002/units/NDEV-EVD-0131.features.csv,normal_evidence,6520,470a6f1a6fbc5a6710912b9b912f51e44ec239fd0745f69ac5a0e9f8159d4520
normal_evidence_002/units/NDEV-EVD-0131.signature.csv,evidence/normal_dev_002/units/NDEV-EVD-0131.signature.csv,normal_evidence,4252,d3055112d7ade63ef051179c8fc4ec647c649fd1a5a61de00af61e512931e87a
normal_evidence_002/units/NDEV-EVD-0131.txt,evidence/normal_dev_002/units/NDEV-EVD-0131.txt,normal_evidence,374,07a6e9b6e3a466f5ce524d86ace0e0a75a7e3ecc00a78f8bfb4bba9b10124adb
normal_evidence_002/units/NDEV-EVD-0132.evidence.json,evidence/normal_dev_002/units/NDEV-EVD-0132.evidence.json,normal_evidence,179120,f0ae456bd7042aea37ebebf381628417b5fbaf40da180a33b6d060ce56111b72
normal_evidence_002/units/NDEV-EVD-0132.features.csv,evidence/normal_dev_002/units/NDEV-EVD-0132.features.csv,normal_evidence,6544,8dd357c4083ecf06a52f2cdb45382f1939251918403f38f706591825d3d471e8
normal_evidence_002/units/NDEV-EVD-0132.signature.csv,evidence/normal_dev_002/units/NDEV-EVD-0132.signature.csv,normal_evidence,4252,d3055112d7ade63ef051179c8fc4ec647c649fd1a5a61de00af61e512931e87a
normal_evidence_002/units/NDEV-EVD-0132.txt,evidence/normal_dev_002/units/NDEV-EVD-0132.txt,normal_evidence,374,558a9432689aa713d9280ee9198ac280610dcdfd4faf3dc3239b6a75dca87a1d
normal_evidence_002/units/NDEV-EVD-0133.evidence.json,evidence/normal_dev_002/units/NDEV-EVD-0133.evidence.json,normal_evidence,179133,c2786790c5d240c58a2fee1ce8336909d8dd56339c4ab6065895c1db199a0b08
normal_evidence_002/units/NDEV-EVD-0133.features.csv,evidence/normal_dev_002/units/NDEV-EVD-0133.features.csv,normal_evidence,6566,e7d3f200512bc839a8b85279759f4221536d5e5040174a7b099eb9074ec8196c
normal_evidence_002/units/NDEV-EVD-0133.signature.csv,evidence/normal_dev_002/units/NDEV-EVD-0133.signature.csv,normal_evidence,4252,d3055112d7ade63ef051179c8fc4ec647c649fd1a5a61de00af61e512931e87a
normal_evidence_002/units/NDEV-EVD-0133.txt,evidence/normal_dev_002/units/NDEV-EVD-0133.txt,normal_evidence,374,55ea97c934e53de5d74b163026a68ff493bea63c1c1398dc3a4f087edab33bda
normal_evidence_002/units/NDEV-EVD-0134.evidence.json,evidence/normal_dev_002/units/NDEV-EVD-0134.evidence.json,normal_evidence,179126,2efa0490d400f1bbcb3ab520c137b2b52af2781ba52ea59a20ae72c482c3b249
normal_evidence_002/units/NDEV-EVD-0134.features.csv,evidence/normal_dev_002/units/NDEV-EVD-0134.features.csv,normal_evidence,6546,4d55b0dc76c475fd7ca619d9062f28f4c251e1c659df6968e89b59bcd69cc3d4
normal_evidence_002/units/NDEV-EVD-0134.signature.csv,evidence/normal_dev_002/units/NDEV-EVD-0134.signature.csv,normal_evidence,4252,d3055112d7ade63ef051179c8fc4ec647c649fd1a5a61de00af61e512931e87a
normal_evidence_002/units/NDEV-EVD-0134.txt,evidence/normal_dev_002/units/NDEV-EVD-0134.txt,normal_evidence,374,1bbad6d7e5764fd1db267e8d863f0a8c2312deba6fe190fb07c8b5912cee8f34
normal_evidence_002/units/NDEV-EVD-0135.evidence.json,evidence/normal_dev_002/units/NDEV-EVD-0135.evidence.json,normal_evidence,179134,e36beb98650573862a082e107fbd74c811301a24f8900295a3ec107acd5e9a38
normal_evidence_002/units/NDEV-EVD-0135.features.csv,evidence/normal_dev_002/units/NDEV-EVD-0135.features.csv,normal_evidence,6517,1907763f88327b7eccdc2f751a19094124ed46a68fcc1b264a8766ff86f63dfe
normal_evidence_002/units/NDEV-EVD-0135.signature.csv,evidence/normal_dev_002/units/NDEV-EVD-0135.signature.csv,normal_evidence,4252,621f60ca075f747ac522d2045658efd3a6e1307e72ce85771a2256e2443e617b
normal_evidence_002/units/NDEV-EVD-0135.txt,evidence/normal_dev_002/units/NDEV-EVD-0135.txt,normal_evidence,429,c5f2395f4e74eb15929d2969fae43bde6c3774e819a56c9b82b7eae6156f9529
normal_evidence_002/units/NDEV-EVD-0136.evidence.json,evidence/normal_dev_002/units/NDEV-EVD-0136.evidence.json,normal_evidence,179113,c9116f9b19be9953a8dfb5bffcb9d3a320c010f1a658226fdc9ca7b6d6d60d32
normal_evidence_002/units/NDEV-EVD-0136.features.csv,evidence/normal_dev_002/units/NDEV-EVD-0136.features.csv,normal_evidence,6524,c5f35c7ed162034c9248fde28fb73baf3f7886e45fa4fbda3b224ca9d92a4a57
normal_evidence_002/units/NDEV-EVD-0136.signature.csv,evidence/normal_dev_002/units/NDEV-EVD-0136.signature.csv,normal_evidence,4252,d3055112d7ade63ef051179c8fc4ec647c649fd1a5a61de00af61e512931e87a
normal_evidence_002/units/NDEV-EVD-0136.txt,evidence/normal_dev_002/units/NDEV-EVD-0136.txt,normal_evidence,374,92699caa09f3215e4855a3ea6c11a31fdc6fd64486917b1c83415f0ae1853559
normal_evidence_002/units/NDEV-EVD-0137.evidence.json,evidence/normal_dev_002/units/NDEV-EVD-0137.evidence.json,normal_evidence,179131,13b934fbe1ed9c0e01fe75a0c04ebe72ee445fa861ec28adb4c694f80724143f
normal_evidence_002/units/NDEV-EVD-0137.features.csv,evidence/normal_dev_002/units/NDEV-EVD-0137.features.csv,normal_evidence,6562,412699f799b8a9af276e64aa6b86971135c568095ec43dd9bfe69cc996f47f44
normal_evidence_002/units/NDEV-EVD-0137.signature.csv,evidence/normal_dev_002/units/NDEV-EVD-0137.signature.csv,normal_evidence,4252,d3055112d7ade63ef051179c8fc4ec647c649fd1a5a61de00af61e512931e87a
normal_evidence_002/units/NDEV-EVD-0137.txt,evidence/normal_dev_002/units/NDEV-EVD-0137.txt,normal_evidence,374,de8b9fcc5c0f86fed0704a4e69d9226bdbd0098a65155bd4f004e2c8e4018b78
normal_evidence_002/units/NDEV-EVD-0138.evidence.json,evidence/normal_dev_002/units/NDEV-EVD-0138.evidence.json,normal_evidence,179130,4381be285070b6845fdd148a991837b7165e372355d961e468975b98181a9b21
normal_evidence_002/units/NDEV-EVD-0138.features.csv,evidence/normal_dev_002/units/NDEV-EVD-0138.features.csv,normal_evidence,6560,a4158cec64c466b92e2b5b86c6db702807f4aaa09059b0b5a01cbf33e7059c2a
normal_evidence_002/units/NDEV-EVD-0138.signature.csv,evidence/normal_dev_002/units/NDEV-EVD-0138.signature.csv,normal_evidence,4252,d3055112d7ade63ef051179c8fc4ec647c649fd1a5a61de00af61e512931e87a
normal_evidence_002/units/NDEV-EVD-0138.txt,evidence/normal_dev_002/units/NDEV-EVD-0138.txt,normal_evidence,374,eafa3e3c3224e4e275ada7fd27fffce05d59c6ad58cffa3c7e43db351613b15c
normal_evidence_002/units/NDEV-EVD-0139.evidence.json,evidence/normal_dev_002/units/NDEV-EVD-0139.evidence.json,normal_evidence,179112,d150eb36841237400d8b649e22e6159e8b3f25a541989e913fb315c0f81874da
normal_evidence_002/units/NDEV-EVD-0139.features.csv,evidence/normal_dev_002/units/NDEV-EVD-0139.features.csv,normal_evidence,6544,9c67eba2ae00dbac7a8167095f4ae05f12af78bf943b9096ed25709525dcf3af
normal_evidence_002/units/NDEV-EVD-0139.signature.csv,evidence/normal_dev_002/units/NDEV-EVD-0139.signature.csv,normal_evidence,4252,d3055112d7ade63ef051179c8fc4ec647c649fd1a5a61de00af61e512931e87a
normal_evidence_002/units/NDEV-EVD-0139.txt,evidence/normal_dev_002/units/NDEV-EVD-0139.txt,normal_evidence,374,d03730ec0eec1cc74c6035663f5d75356af55f6af7aa5e40acc5ac599ed7a6fe
normal_evidence_002/units/NDEV-EVD-0140.evidence.json,evidence/normal_dev_002/units/NDEV-EVD-0140.evidence.json,normal_evidence,179121,4081833606c517370496cc238f74daedeb9c93b96b89216fbe4b33d3e8082e3a
normal_evidence_002/units/NDEV-EVD-0140.features.csv,evidence/normal_dev_002/units/NDEV-EVD-0140.features.csv,normal_evidence,6521,1a57c22bdbbb4028ad0ef00474433a75a38e2c1c9c70c2294983d3a64330affa
normal_evidence_002/units/NDEV-EVD-0140.signature.csv,evidence/normal_dev_002/units/NDEV-EVD-0140.signature.csv,normal_evidence,4250,213c90c5d08a6337f457d4eb35b88df25e2b9276b47dcd86d752be483e468b99
normal_evidence_002/units/NDEV-EVD-0140.txt,evidence/normal_dev_002/units/NDEV-EVD-0140.txt,normal_evidence,523,5269933514eab93f30d8f2f4bba4e089059f60380be273ba664f220e68e4224e
normal_evidence_002/units/NDEV-EVD-0141.evidence.json,evidence/normal_dev_002/units/NDEV-EVD-0141.evidence.json,normal_evidence,179131,b72335fe1bae16179dc6fa614796ee2edc56919b91d18e046b87ec1fa26b1983
normal_evidence_002/units/NDEV-EVD-0141.features.csv,evidence/normal_dev_002/units/NDEV-EVD-0141.features.csv,normal_evidence,6546,accd96044f9c3551f541798601201dd7d96b5301cd84f77c6a54943d7995461b
normal_evidence_002/units/NDEV-EVD-0141.signature.csv,evidence/normal_dev_002/units/NDEV-EVD-0141.signature.csv,normal_evidence,4250,b439be3d249a76a160784caedc97f40cbafb08f188e578876061d605b1c777f8
normal_evidence_002/units/NDEV-EVD-0141.txt,evidence/normal_dev_002/units/NDEV-EVD-0141.txt,normal_evidence,523,b29bcbdf4196e3b3e683ad716924826de83966b48cb8a3906df2784a89b9b875
normal_evidence_002/units/NDEV-EVD-0142.evidence.json,evidence/normal_dev_002/units/NDEV-EVD-0142.evidence.json,normal_evidence,179099,fb29c6ccd141655c3f94020cd8a1ecb1eba096a18b67f3d4c76d0bbfb87b29f6
normal_evidence_002/units/NDEV-EVD-0142.features.csv,evidence/normal_dev_002/units/NDEV-EVD-0142.features.csv,normal_evidence,6529,a7192bafd691acd3ea4dc4b5c41ef225a08e64be09ef76cf322f735505b0b586
normal_evidence_002/units/NDEV-EVD-0142.signature.csv,evidence/normal_dev_002/units/NDEV-EVD-0142.signature.csv,normal_evidence,4252,d3055112d7ade63ef051179c8fc4ec647c649fd1a5a61de00af61e512931e87a
normal_evidence_002/units/NDEV-EVD-0142.txt,evidence/normal_dev_002/units/NDEV-EVD-0142.txt,normal_evidence,374,9be4fe20a29d2647a569a7a1258d1235904026c432bb059a5179b2227642ed7f
normal_evidence_002/units/NDEV-EVD-0143.evidence.json,evidence/normal_dev_002/units/NDEV-EVD-0143.evidence.json,normal_evidence,179119,ae6d1fbb238f528affe8dc1eec52a08d84d41b7627ed3f5ea1bd7c0449ec2172
normal_evidence_002/units/NDEV-EVD-0143.features.csv,evidence/normal_dev_002/units/NDEV-EVD-0143.features.csv,normal_evidence,6551,8674ed5e94017a7eaada4fae05cfa7de684fa7929759f25fd7d570550b1386c1
normal_evidence_002/units/NDEV-EVD-0143.signature.csv,evidence/normal_dev_002/units/NDEV-EVD-0143.signature.csv,normal_evidence,4252,d3055112d7ade63ef051179c8fc4ec647c649fd1a5a61de00af61e512931e87a
normal_evidence_002/units/NDEV-EVD-0143.txt,evidence/normal_dev_002/units/NDEV-EVD-0143.txt,normal_evidence,374,784debfd189d74e1b5d0c6690f895af9cce5ab95fbbe92bac879d3138dfa70a7
normal_evidence_002/units/NDEV-EVD-0144.evidence.json,evidence/normal_dev_002/units/NDEV-EVD-0144.evidence.json,normal_evidence,179119,e0a9185fd9f6293123228595179a02bbe03799f233a0a2aa7bb4b643c9274a56
normal_evidence_002/units/NDEV-EVD-0144.features.csv,evidence/normal_dev_002/units/NDEV-EVD-0144.features.csv,normal_evidence,6539,59252d658d3a5787736e56c719f34cf1b27677437f43494af1929b460b555347
normal_evidence_002/units/NDEV-EVD-0144.signature.csv,evidence/normal_dev_002/units/NDEV-EVD-0144.signature.csv,normal_evidence,4252,d3055112d7ade63ef051179c8fc4ec647c649fd1a5a61de00af61e512931e87a
normal_evidence_002/units/NDEV-EVD-0144.txt,evidence/normal_dev_002/units/NDEV-EVD-0144.txt,normal_evidence,374,ccb1f49ee2d1627454ec6860e5e874d700f40b1a2e1f90ef4b4dcb1fe69757fd
normal_evidence_002/units/NDEV-EVD-0145.evidence.json,evidence/normal_dev_002/units/NDEV-EVD-0145.evidence.json,normal_evidence,179148,45bd5f15711437713c9f647cc16ae378970668bb91ae4def74c8b3fd1307b81e
normal_evidence_002/units/NDEV-EVD-0145.features.csv,evidence/normal_dev_002/units/NDEV-EVD-0145.features.csv,normal_evidence,6571,565622c0fb6da495ea6e670775a59bc525f47947c3d55e1f4cc95c929a33483e
normal_evidence_002/units/NDEV-EVD-0145.signature.csv,evidence/normal_dev_002/units/NDEV-EVD-0145.signature.csv,normal_evidence,4252,d3055112d7ade63ef051179c8fc4ec647c649fd1a5a61de00af61e512931e87a
normal_evidence_002/units/NDEV-EVD-0145.txt,evidence/normal_dev_002/units/NDEV-EVD-0145.txt,normal_evidence,374,61b8d1a21f7656c4665fe4378cbf7edb15c390faed71873f893bd42f63b691a4
normal_evidence_002/units/NDEV-EVD-0146.evidence.json,evidence/normal_dev_002/units/NDEV-EVD-0146.evidence.json,normal_evidence,179114,9187a81498f8f4c5836785fad569c5db9681d25a3852c65e22cb020c72ceee08
normal_evidence_002/units/NDEV-EVD-0146.features.csv,evidence/normal_dev_002/units/NDEV-EVD-0146.features.csv,normal_evidence,6521,782a4c2bce2f47f7377c58a761d490bb80be01a519ae11f013b5fc928361ceac
normal_evidence_002/units/NDEV-EVD-0146.signature.csv,evidence/normal_dev_002/units/NDEV-EVD-0146.signature.csv,normal_evidence,4252,d3055112d7ade63ef051179c8fc4ec647c649fd1a5a61de00af61e512931e87a
normal_evidence_002/units/NDEV-EVD-0146.txt,evidence/normal_dev_002/units/NDEV-EVD-0146.txt,normal_evidence,374,65d52a58efe26a0c4a041f16097186ca10d18babbaa3c2b745a0d46c6e745934
normal_evidence_002/units/NDEV-EVD-0147.evidence.json,evidence/normal_dev_002/units/NDEV-EVD-0147.evidence.json,normal_evidence,179209,2e067324d9772635f46b9f222603c40e9996e31ce6105b6fe2bcf6dd0effa34c
normal_evidence_002/units/NDEV-EVD-0147.features.csv,evidence/normal_dev_002/units/NDEV-EVD-0147.features.csv,normal_evidence,6576,f7540ba5e3f4661cc3da7e05771ad84acfa1898e8d85f9a31078c699b5c6b5b0
normal_evidence_002/units/NDEV-EVD-0147.signature.csv,evidence/normal_dev_002/units/NDEV-EVD-0147.signature.csv,normal_evidence,4252,411554a6507852e225a5312808bb66b3c97f634fc8278981e0a890979ca1d3d5
normal_evidence_002/units/NDEV-EVD-0147.txt,evidence/normal_dev_002/units/NDEV-EVD-0147.txt,normal_evidence,641,88b1246ec7e237fd630360a68904cb04ee3749626c248edb7e14679e9fecb65a
normal_evidence_002/units/NDEV-EVD-0148.evidence.json,evidence/normal_dev_002/units/NDEV-EVD-0148.evidence.json,normal_evidence,179115,117de4308b67fbce64d019113f5d3ce1bb3033353bd9b99f862009fb434bb3a8
normal_evidence_002/units/NDEV-EVD-0148.features.csv,evidence/normal_dev_002/units/NDEV-EVD-0148.features.csv,normal_evidence,6533,4ab402aa7c2363b1c508bd4e1875baf1f5e829165f79418413986722bf7442d5
normal_evidence_002/units/NDEV-EVD-0148.signature.csv,evidence/normal_dev_002/units/NDEV-EVD-0148.signature.csv,normal_evidence,4250,213c90c5d08a6337f457d4eb35b88df25e2b9276b47dcd86d752be483e468b99
normal_evidence_002/units/NDEV-EVD-0148.txt,evidence/normal_dev_002/units/NDEV-EVD-0148.txt,normal_evidence,523,d8cd0de895d0da96b67809891f11806db1cf6f506148625e4b27b06f98c148d9
normal_evidence_002/units/NDEV-EVD-0149.evidence.json,evidence/normal_dev_002/units/NDEV-EVD-0149.evidence.json,normal_evidence,179111,9e3cd1033c897e54da8612b176b40db1a939dc98c7b86aacdeb13e4450540fa5
normal_evidence_002/units/NDEV-EVD-0149.features.csv,evidence/normal_dev_002/units/NDEV-EVD-0149.features.csv,normal_evidence,6536,d58b0749b0b2c51b8653c04fb7b3527f77d695a0ec416dcbd9afd36ca20132b5
normal_evidence_002/units/NDEV-EVD-0149.signature.csv,evidence/normal_dev_002/units/NDEV-EVD-0149.signature.csv,normal_evidence,4252,d3055112d7ade63ef051179c8fc4ec647c649fd1a5a61de00af61e512931e87a
normal_evidence_002/units/NDEV-EVD-0149.txt,evidence/normal_dev_002/units/NDEV-EVD-0149.txt,normal_evidence,374,f691f154e860107d04ad5d3db48822c8b79ba5f660b8b1a3e69fef9263f0970a
normal_evidence_002/units/NDEV-EVD-0150.evidence.json,evidence/normal_dev_002/units/NDEV-EVD-0150.evidence.json,normal_evidence,179141,4ebaadc17bc9f61a4480126fee1420c62c24a55a2988f2f964f8a15e693f1660
normal_evidence_002/units/NDEV-EVD-0150.features.csv,evidence/normal_dev_002/units/NDEV-EVD-0150.features.csv,normal_evidence,6542,92af253c8ceb44a0c999f2d9f8ed9c9e03902d1c2b7887ca0b46ba4daddf092f
normal_evidence_002/units/NDEV-EVD-0150.signature.csv,evidence/normal_dev_002/units/NDEV-EVD-0150.signature.csv,normal_evidence,4250,213c90c5d08a6337f457d4eb35b88df25e2b9276b47dcd86d752be483e468b99
normal_evidence_002/units/NDEV-EVD-0150.txt,evidence/normal_dev_002/units/NDEV-EVD-0150.txt,normal_evidence,523,f1ac46573a0b314b25d5441d3003e4e3014b1811a1cb75331fe344bae968f3dc
normal_evidence_002/units/NDEV-EVD-0151.evidence.json,evidence/normal_dev_002/units/NDEV-EVD-0151.evidence.json,normal_evidence,179120,c2d42f7421d4a9eea0fcac51dab2bf99b8c1842a39693806db3eb03011f92567
normal_evidence_002/units/NDEV-EVD-0151.features.csv,evidence/normal_dev_002/units/NDEV-EVD-0151.features.csv,normal_evidence,6516,5f1b938b04eaa31e550ed4712d04962ab3ddff382ec0c4cf9a72448aaec0a4c5
normal_evidence_002/units/NDEV-EVD-0151.signature.csv,evidence/normal_dev_002/units/NDEV-EVD-0151.signature.csv,normal_evidence,4252,d3055112d7ade63ef051179c8fc4ec647c649fd1a5a61de00af61e512931e87a
normal_evidence_002/units/NDEV-EVD-0151.txt,evidence/normal_dev_002/units/NDEV-EVD-0151.txt,normal_evidence,374,bfb0c6633c67527ad2caa366b64d3f8d27ac1fa1bf3681d33830cea444c98462
normal_evidence_002/units/NDEV-EVD-0152.evidence.json,evidence/normal_dev_002/units/NDEV-EVD-0152.evidence.json,normal_evidence,179082,d0d27181676f53db37a83154d2833bda57d1fb2dbeefe1968d897f835bf15e29
normal_evidence_002/units/NDEV-EVD-0152.features.csv,evidence/normal_dev_002/units/NDEV-EVD-0152.features.csv,normal_evidence,6507,b7922d9aabf558dcd50ac17ab5f3da70783e598fb93d3bfd44a991e551652d56
normal_evidence_002/units/NDEV-EVD-0152.signature.csv,evidence/normal_dev_002/units/NDEV-EVD-0152.signature.csv,normal_evidence,4252,d3055112d7ade63ef051179c8fc4ec647c649fd1a5a61de00af61e512931e87a
normal_evidence_002/units/NDEV-EVD-0152.txt,evidence/normal_dev_002/units/NDEV-EVD-0152.txt,normal_evidence,374,ad72b44a68f11b542007e6210eff6c43511e8b550ac41adb9f8e385d47381832
normal_evidence_002/units/NDEV-EVD-0153.evidence.json,evidence/normal_dev_002/units/NDEV-EVD-0153.evidence.json,normal_evidence,179112,2a5efe9ed2c4a61947a6765cae50d9caf106376ec954404cb7b7190fbf42e0b3
normal_evidence_002/units/NDEV-EVD-0153.features.csv,evidence/normal_dev_002/units/NDEV-EVD-0153.features.csv,normal_evidence,6550,eecaf5b6035ac5f874f0132b4aff99181148a897e709edfb04b040e2e85a569d
normal_evidence_002/units/NDEV-EVD-0153.signature.csv,evidence/normal_dev_002/units/NDEV-EVD-0153.signature.csv,normal_evidence,4252,d3055112d7ade63ef051179c8fc4ec647c649fd1a5a61de00af61e512931e87a
normal_evidence_002/units/NDEV-EVD-0153.txt,evidence/normal_dev_002/units/NDEV-EVD-0153.txt,normal_evidence,373,f149b1d9be7223ffe801e92ed58db3d2971ae019e1fef77cedb4d7bf43c2a675
normal_evidence_002/units/NDEV-EVD-0154.evidence.json,evidence/normal_dev_002/units/NDEV-EVD-0154.evidence.json,normal_evidence,179144,35d54677cd52d2545db3534f05bd07649cfac4fb01594106b41e4d3f51417f19
normal_evidence_002/units/NDEV-EVD-0154.features.csv,evidence/normal_dev_002/units/NDEV-EVD-0154.features.csv,normal_evidence,6587,3104d9c2041ee17403401104b2f761bc51251eaa985fe9a916cebf222557b358
normal_evidence_002/units/NDEV-EVD-0154.signature.csv,evidence/normal_dev_002/units/NDEV-EVD-0154.signature.csv,normal_evidence,4252,d3055112d7ade63ef051179c8fc4ec647c649fd1a5a61de00af61e512931e87a
normal_evidence_002/units/NDEV-EVD-0154.txt,evidence/normal_dev_002/units/NDEV-EVD-0154.txt,normal_evidence,373,03c3d1488667b9e8aae83967adab2e1849048e08e95c27d357391fc6825c062b
normal_evidence_002/units/NDEV-EVD-0155.evidence.json,evidence/normal_dev_002/units/NDEV-EVD-0155.evidence.json,normal_evidence,179081,56f9875f3ace9d344bcb375526d2a2353e38742f9d9ea1a592d218ffd9164864
normal_evidence_002/units/NDEV-EVD-0155.features.csv,evidence/normal_dev_002/units/NDEV-EVD-0155.features.csv,normal_evidence,6511,3457e4a22ef879a59758d635cad8cea959ce9f725cfc189d6b31376a0bd33fe4
normal_evidence_002/units/NDEV-EVD-0155.signature.csv,evidence/normal_dev_002/units/NDEV-EVD-0155.signature.csv,normal_evidence,4252,d3055112d7ade63ef051179c8fc4ec647c649fd1a5a61de00af61e512931e87a
normal_evidence_002/units/NDEV-EVD-0155.txt,evidence/normal_dev_002/units/NDEV-EVD-0155.txt,normal_evidence,374,dd0bf4730bb727874fff69f7f7d4f17d60393e34de125bff6d3be25d2fcd52d3
normal_evidence_002/units/NDEV-EVD-0156.evidence.json,evidence/normal_dev_002/units/NDEV-EVD-0156.evidence.json,normal_evidence,179137,62dbbc3c63b85a0fbdb2ee3c941e496eac63e599f70613b83b66b89365543b02
normal_evidence_002/units/NDEV-EVD-0156.features.csv,evidence/normal_dev_002/units/NDEV-EVD-0156.features.csv,normal_evidence,6558,bad316f09359caf84a6f8e2e387aa5f32d76a3c1747f72b641bce3374a356b1d
normal_evidence_002/units/NDEV-EVD-0156.signature.csv,evidence/normal_dev_002/units/NDEV-EVD-0156.signature.csv,normal_evidence,4252,d3055112d7ade63ef051179c8fc4ec647c649fd1a5a61de00af61e512931e87a
normal_evidence_002/units/NDEV-EVD-0156.txt,evidence/normal_dev_002/units/NDEV-EVD-0156.txt,normal_evidence,374,c4b9dc3c33712a6536434baa5bae0fe6dd28dd0f7469c2f8db87d9f4f1fda010
normal_evidence_002/units/NDEV-EVD-0157.evidence.json,evidence/normal_dev_002/units/NDEV-EVD-0157.evidence.json,normal_evidence,179119,f1472944fe22f70e0ee2a170492b45b92a59b74d8d3e3f588f3957a4524ee118
normal_evidence_002/units/NDEV-EVD-0157.features.csv,evidence/normal_dev_002/units/NDEV-EVD-0157.features.csv,normal_evidence,6546,839e775c42d9cff4766aa10b9b10fb073687382685219757823fb20143e95e84
normal_evidence_002/units/NDEV-EVD-0157.signature.csv,evidence/normal_dev_002/units/NDEV-EVD-0157.signature.csv,normal_evidence,4252,d3055112d7ade63ef051179c8fc4ec647c649fd1a5a61de00af61e512931e87a
normal_evidence_002/units/NDEV-EVD-0157.txt,evidence/normal_dev_002/units/NDEV-EVD-0157.txt,normal_evidence,374,bc855f8c3ba31bff69c302fb5b4534bca1f02688761783280049851c68b94d85
normal_evidence_002/units/NDEV-EVD-0158.evidence.json,evidence/normal_dev_002/units/NDEV-EVD-0158.evidence.json,normal_evidence,179113,80853ed32d46db0974309bdc78650d36a92d3db717c79db114aa1f87114b2cf9
normal_evidence_002/units/NDEV-EVD-0158.features.csv,evidence/normal_dev_002/units/NDEV-EVD-0158.features.csv,normal_evidence,6542,822268bc1240f90c3991d9ad3445906b5e967e76a85ed2d1971947d116694027
normal_evidence_002/units/NDEV-EVD-0158.signature.csv,evidence/normal_dev_002/units/NDEV-EVD-0158.signature.csv,normal_evidence,4252,d3055112d7ade63ef051179c8fc4ec647c649fd1a5a61de00af61e512931e87a
normal_evidence_002/units/NDEV-EVD-0158.txt,evidence/normal_dev_002/units/NDEV-EVD-0158.txt,normal_evidence,374,0026ff78ebf985e81489dfd3a9fe817559c2c2afaab0970ab94a185b3a29c2db
normal_evidence_002/units/NDEV-EVD-0159.evidence.json,evidence/normal_dev_002/units/NDEV-EVD-0159.evidence.json,normal_evidence,179118,6f7d649761f8e9f90031c096ed31e63359cb55db00adaf088cbe9062833441a3
normal_evidence_002/units/NDEV-EVD-0159.features.csv,evidence/normal_dev_002/units/NDEV-EVD-0159.features.csv,normal_evidence,6528,86a72f83c2c1feb9ed4de5bff15f2ebd87d391e85b6e904142abbe90dd4e85ae
normal_evidence_002/units/NDEV-EVD-0159.signature.csv,evidence/normal_dev_002/units/NDEV-EVD-0159.signature.csv,normal_evidence,4252,d3055112d7ade63ef051179c8fc4ec647c649fd1a5a61de00af61e512931e87a
normal_evidence_002/units/NDEV-EVD-0159.txt,evidence/normal_dev_002/units/NDEV-EVD-0159.txt,normal_evidence,374,534e3f3354bf2ab1a8eab0dab153b02c0fd4040b387d390b185cae0fa981bc8e
normal_evidence_002/units/NDEV-EVD-0160.evidence.json,evidence/normal_dev_002/units/NDEV-EVD-0160.evidence.json,normal_evidence,179148,d4bbcd2db3a1a8dd3f6f423edede4590b3996d34c67d15107c24ed1998258a64
normal_evidence_002/units/NDEV-EVD-0160.features.csv,evidence/normal_dev_002/units/NDEV-EVD-0160.features.csv,normal_evidence,6561,da0cb8593cf89e3582544c1c3b351cf0a712822f5d181dda51482f05303dcd0c
normal_evidence_002/units/NDEV-EVD-0160.signature.csv,evidence/normal_dev_002/units/NDEV-EVD-0160.signature.csv,normal_evidence,4250,213c90c5d08a6337f457d4eb35b88df25e2b9276b47dcd86d752be483e468b99
normal_evidence_002/units/NDEV-EVD-0160.txt,evidence/normal_dev_002/units/NDEV-EVD-0160.txt,normal_evidence,523,55d24b9f2baefa899d7639e2402c714107b6807678a38188bb40cf16676b4469
normal_evidence_002/units/NDEV-EVD-0161.evidence.json,evidence/normal_dev_002/units/NDEV-EVD-0161.evidence.json,normal_evidence,179107,389ed81167e63b82ca7367e6fd336625437365413642edf363ba3d476bcb07be
normal_evidence_002/units/NDEV-EVD-0161.features.csv,evidence/normal_dev_002/units/NDEV-EVD-0161.features.csv,normal_evidence,6543,d3a2f4f433d829e920eda8564e39755dab62b7769feb90de5aec76aed017559f
normal_evidence_002/units/NDEV-EVD-0161.signature.csv,evidence/normal_dev_002/units/NDEV-EVD-0161.signature.csv,normal_evidence,4252,d3055112d7ade63ef051179c8fc4ec647c649fd1a5a61de00af61e512931e87a
normal_evidence_002/units/NDEV-EVD-0161.txt,evidence/normal_dev_002/units/NDEV-EVD-0161.txt,normal_evidence,374,ffa621b4e7501503f371b98348b1ae6630342b3924fce347f8906f84a4a8ee44
normal_evidence_002/units/NDEV-EVD-0162.evidence.json,evidence/normal_dev_002/units/NDEV-EVD-0162.evidence.json,normal_evidence,179099,1596e2021f619770a6724dd13f48e4e027340c3ccbfe8130818d8fd721891b67
normal_evidence_002/units/NDEV-EVD-0162.features.csv,evidence/normal_dev_002/units/NDEV-EVD-0162.features.csv,normal_evidence,6542,a4a0d539509b2d8a4e18ba7260726ac2282642dee312dd8c7ee6cb8177d2e4d7
normal_evidence_002/units/NDEV-EVD-0162.signature.csv,evidence/normal_dev_002/units/NDEV-EVD-0162.signature.csv,normal_evidence,4252,d3055112d7ade63ef051179c8fc4ec647c649fd1a5a61de00af61e512931e87a
normal_evidence_002/units/NDEV-EVD-0162.txt,evidence/normal_dev_002/units/NDEV-EVD-0162.txt,normal_evidence,374,fe370e22e6b5f37f5590c289ff89f6b40435c0d82042ad112209132c92068da2
normal_evidence_002/units/NDEV-EVD-0163.evidence.json,evidence/normal_dev_002/units/NDEV-EVD-0163.evidence.json,normal_evidence,179125,74d58a4f674ca3e0e8ce0d489f086f9fce3c982cb2a9a1b4f1726b9c9584430e
normal_evidence_002/units/NDEV-EVD-0163.features.csv,evidence/normal_dev_002/units/NDEV-EVD-0163.features.csv,normal_evidence,6549,2bff928fc2a2ae6a56cc9eba614a26ff29704a01c5a63a4352871519038ebf81
normal_evidence_002/units/NDEV-EVD-0163.signature.csv,evidence/normal_dev_002/units/NDEV-EVD-0163.signature.csv,normal_evidence,4252,d3055112d7ade63ef051179c8fc4ec647c649fd1a5a61de00af61e512931e87a
normal_evidence_002/units/NDEV-EVD-0163.txt,evidence/normal_dev_002/units/NDEV-EVD-0163.txt,normal_evidence,374,1f001e9fcaa2d7c543dd769d5803057e12251342a3e92848d87c3b71a8d6557d
normal_evidence_002/units/NDEV-EVD-0164.evidence.json,evidence/normal_dev_002/units/NDEV-EVD-0164.evidence.json,normal_evidence,179105,529fbbda7eff50949a80e1926adb28fdfdc3492e038508a2cd2056abf5112d79
normal_evidence_002/units/NDEV-EVD-0164.features.csv,evidence/normal_dev_002/units/NDEV-EVD-0164.features.csv,normal_evidence,6543,55c18b8331ff95a241145a4a075a4d6be0c612d74a6f1086e43fc83334e2b382
normal_evidence_002/units/NDEV-EVD-0164.signature.csv,evidence/normal_dev_002/units/NDEV-EVD-0164.signature.csv,normal_evidence,4252,d3055112d7ade63ef051179c8fc4ec647c649fd1a5a61de00af61e512931e87a
normal_evidence_002/units/NDEV-EVD-0164.txt,evidence/normal_dev_002/units/NDEV-EVD-0164.txt,normal_evidence,373,50a50393e98b945ce247da2edb5525bceda71cf7a912b43c48752b26436cb265
normal_evidence_002/units/NDEV-EVD-0165.evidence.json,evidence/normal_dev_002/units/NDEV-EVD-0165.evidence.json,normal_evidence,179104,b4a67d8e31be07b42b6a7cc577fe7a56dffeccdb28019f7d236a096e15031ca4
normal_evidence_002/units/NDEV-EVD-0165.features.csv,evidence/normal_dev_002/units/NDEV-EVD-0165.features.csv,normal_evidence,6552,4ad30321e3d84f3ec0c6262f514e8e0b6faa0f28358d7cdad6c39e1cd31394af
normal_evidence_002/units/NDEV-EVD-0165.signature.csv,evidence/normal_dev_002/units/NDEV-EVD-0165.signature.csv,normal_evidence,4252,d3055112d7ade63ef051179c8fc4ec647c649fd1a5a61de00af61e512931e87a
normal_evidence_002/units/NDEV-EVD-0165.txt,evidence/normal_dev_002/units/NDEV-EVD-0165.txt,normal_evidence,374,68aa0ef8de644e9ea6ca0f1230157881ed52937727bbdb26b2c5ec01278a710f
normal_evidence_002/units/NDEV-EVD-0166.evidence.json,evidence/normal_dev_002/units/NDEV-EVD-0166.evidence.json,normal_evidence,179135,585ff17aee7d76c6392541a59c2965ce486adeb7971210f126ea5321c279c146
normal_evidence_002/units/NDEV-EVD-0166.features.csv,evidence/normal_dev_002/units/NDEV-EVD-0166.features.csv,normal_evidence,6566,0d4bd7e0725724af19c450562c06ed4dbc312c68cd4c995110eb8c6436ee2b61
normal_evidence_002/units/NDEV-EVD-0166.signature.csv,evidence/normal_dev_002/units/NDEV-EVD-0166.signature.csv,normal_evidence,4252,d3055112d7ade63ef051179c8fc4ec647c649fd1a5a61de00af61e512931e87a
normal_evidence_002/units/NDEV-EVD-0166.txt,evidence/normal_dev_002/units/NDEV-EVD-0166.txt,normal_evidence,374,4ee176e4b44ba3efeb436a46416b5905b3fa6292d8eb8e6c838472b3d09a9511
normal_evidence_002/units/NDEV-EVD-0167.evidence.json,evidence/normal_dev_002/units/NDEV-EVD-0167.evidence.json,normal_evidence,179126,4498c2c69ab0bf03d89a3aa3f8766251ec016fd3ee01346a365fd232592f618f
normal_evidence_002/units/NDEV-EVD-0167.features.csv,evidence/normal_dev_002/units/NDEV-EVD-0167.features.csv,normal_evidence,6549,bf568d70a32130f408358f3674b2924a3798add79fead5335d50bc6776b8a7f9
normal_evidence_002/units/NDEV-EVD-0167.signature.csv,evidence/normal_dev_002/units/NDEV-EVD-0167.signature.csv,normal_evidence,4252,d3055112d7ade63ef051179c8fc4ec647c649fd1a5a61de00af61e512931e87a
normal_evidence_002/units/NDEV-EVD-0167.txt,evidence/normal_dev_002/units/NDEV-EVD-0167.txt,normal_evidence,374,53c5a32a5229371271124ad716effd0bda0dee0c1c1de00629d9afff80bfb375
normal_evidence_002/units/NDEV-EVD-0168.evidence.json,evidence/normal_dev_002/units/NDEV-EVD-0168.evidence.json,normal_evidence,179127,e0535b0a89bb0f4c3fcfdb95112fbfe8819a5f41857957d0fe214997197c5697
normal_evidence_002/units/NDEV-EVD-0168.features.csv,evidence/normal_dev_002/units/NDEV-EVD-0168.features.csv,normal_evidence,6584,b3d1f5b13703ab92c3534483d9022929978e2675b3a7761edc37ecfbabba79db
normal_evidence_002/units/NDEV-EVD-0168.signature.csv,evidence/normal_dev_002/units/NDEV-EVD-0168.signature.csv,normal_evidence,4252,d3055112d7ade63ef051179c8fc4ec647c649fd1a5a61de00af61e512931e87a
normal_evidence_002/units/NDEV-EVD-0168.txt,evidence/normal_dev_002/units/NDEV-EVD-0168.txt,normal_evidence,374,8844238a51d052ee00304097e6d1b93c44b9886bab5d88664617bdeb84c90359
normal_evidence_002/units/NDEV-EVD-0169.evidence.json,evidence/normal_dev_002/units/NDEV-EVD-0169.evidence.json,normal_evidence,179127,0d3d5a516663e7c4294cf3ca5e4cd79d77d584d73ee48bfc8f1b8f224907a4fb
normal_evidence_002/units/NDEV-EVD-0169.features.csv,evidence/normal_dev_002/units/NDEV-EVD-0169.features.csv,normal_evidence,6555,fdb5bbfc09bdd6d4415244f727b6be59dfafb6f5ee7a9a44481f51227ce6a3b4
normal_evidence_002/units/NDEV-EVD-0169.signature.csv,evidence/normal_dev_002/units/NDEV-EVD-0169.signature.csv,normal_evidence,4252,d3055112d7ade63ef051179c8fc4ec647c649fd1a5a61de00af61e512931e87a
normal_evidence_002/units/NDEV-EVD-0169.txt,evidence/normal_dev_002/units/NDEV-EVD-0169.txt,normal_evidence,374,fc0581552486c4c22afbf8ee01f13585e27fb971b7c16233443bcce42bbe7457
normal_evidence_002/units/NDEV-EVD-0170.evidence.json,evidence/normal_dev_002/units/NDEV-EVD-0170.evidence.json,normal_evidence,179122,09a39cf4136319c22733c30138e666a224c6d717ddc65a1f30904f913b3abdbc
normal_evidence_002/units/NDEV-EVD-0170.features.csv,evidence/normal_dev_002/units/NDEV-EVD-0170.features.csv,normal_evidence,6559,76e48850a5e897087db69792a5a9a1a674c80577eaa86f8d5c6207ec52758ed5
normal_evidence_002/units/NDEV-EVD-0170.signature.csv,evidence/normal_dev_002/units/NDEV-EVD-0170.signature.csv,normal_evidence,4252,d3055112d7ade63ef051179c8fc4ec647c649fd1a5a61de00af61e512931e87a
normal_evidence_002/units/NDEV-EVD-0170.txt,evidence/normal_dev_002/units/NDEV-EVD-0170.txt,normal_evidence,374,1b1b83854b88d5c99482a275f643636d3e48c99df471291e2c0696f417a3e984
normal_evidence_002/units/NDEV-EVD-0171.evidence.json,evidence/normal_dev_002/units/NDEV-EVD-0171.evidence.json,normal_evidence,179141,77abbfa215de98fb60186f47d5f5d541681b4d84076b5badab88b8de564866a7
normal_evidence_002/units/NDEV-EVD-0171.features.csv,evidence/normal_dev_002/units/NDEV-EVD-0171.features.csv,normal_evidence,6539,c83f6301cb63eecf01dd7c00348c2bd0a2d6497e0ec761ee4bda4b4e2979633e
normal_evidence_002/units/NDEV-EVD-0171.signature.csv,evidence/normal_dev_002/units/NDEV-EVD-0171.signature.csv,normal_evidence,4252,f666ec79b8fd93691a6fbeb421d2543497e82c75c87e67c7450b5f290aeb7db3
normal_evidence_002/units/NDEV-EVD-0171.txt,evidence/normal_dev_002/units/NDEV-EVD-0171.txt,normal_evidence,429,4d3316ae4568c61dce164c4c3d235257f61502ff46cb189d2583162e7c2c36d5
normal_evidence_002/units/NDEV-EVD-0172.evidence.json,evidence/normal_dev_002/units/NDEV-EVD-0172.evidence.json,normal_evidence,179123,4ce9dc002f24fa9a99d08c670f1209c6a31ce14ab8103ce81d8301090c10f1b1
normal_evidence_002/units/NDEV-EVD-0172.features.csv,evidence/normal_dev_002/units/NDEV-EVD-0172.features.csv,normal_evidence,6555,a5753929a278e8e583e40f54200b218df2fe2596d82e3cdb0690b25259d67305
normal_evidence_002/units/NDEV-EVD-0172.signature.csv,evidence/normal_dev_002/units/NDEV-EVD-0172.signature.csv,normal_evidence,4252,d3055112d7ade63ef051179c8fc4ec647c649fd1a5a61de00af61e512931e87a
normal_evidence_002/units/NDEV-EVD-0172.txt,evidence/normal_dev_002/units/NDEV-EVD-0172.txt,normal_evidence,374,07ec95e4e528e2c98152a7bd2807b6e2b0cce52b0a5d489359edb36246103a13
normal_evidence_002/units/NDEV-EVD-0173.evidence.json,evidence/normal_dev_002/units/NDEV-EVD-0173.evidence.json,normal_evidence,179104,dddae803db98530e2c004264bf6fe4342a5b232409cd52bac741bc0f3f7ac9a2
normal_evidence_002/units/NDEV-EVD-0173.features.csv,evidence/normal_dev_002/units/NDEV-EVD-0173.features.csv,normal_evidence,6515,336d761e934fd61b7599479b4a8e9668dc3258442e6a9921b79f166c9a502062
normal_evidence_002/units/NDEV-EVD-0173.signature.csv,evidence/normal_dev_002/units/NDEV-EVD-0173.signature.csv,normal_evidence,4252,d3055112d7ade63ef051179c8fc4ec647c649fd1a5a61de00af61e512931e87a
normal_evidence_002/units/NDEV-EVD-0173.txt,evidence/normal_dev_002/units/NDEV-EVD-0173.txt,normal_evidence,374,e08deb9373fa2c96ee9b7efad8e66b5725192ce810af0a6dc7d3f54c09dc7f3c
normal_evidence_002/units/NDEV-EVD-0174.evidence.json,evidence/normal_dev_002/units/NDEV-EVD-0174.evidence.json,normal_evidence,179128,68139182c757410fc2e7eedaf80a7bbe30666e4b2176c7e5f614a54bca7ada05
normal_evidence_002/units/NDEV-EVD-0174.features.csv,evidence/normal_dev_002/units/NDEV-EVD-0174.features.csv,normal_evidence,6565,f3104858904229e9c305aefe014566566025599e02184dbacbd5b4be2901a7d4
normal_evidence_002/units/NDEV-EVD-0174.signature.csv,evidence/normal_dev_002/units/NDEV-EVD-0174.signature.csv,normal_evidence,4252,d3055112d7ade63ef051179c8fc4ec647c649fd1a5a61de00af61e512931e87a
normal_evidence_002/units/NDEV-EVD-0174.txt,evidence/normal_dev_002/units/NDEV-EVD-0174.txt,normal_evidence,374,43b88b8f0e1585d1dacee7a07c58ac989fd6fce96ddc6725168477a16e5aa977
normal_evidence_002/units/NDEV-EVD-0175.evidence.json,evidence/normal_dev_002/units/NDEV-EVD-0175.evidence.json,normal_evidence,179109,1e43735b3a34b00e50ef914327bc876b383e6be21a7c0b6f7e3642e9aa21cc75
normal_evidence_002/units/NDEV-EVD-0175.features.csv,evidence/normal_dev_002/units/NDEV-EVD-0175.features.csv,normal_evidence,6524,04535b02740f48e1a14427c396f4679163b1fb0b35bffd68a1617b0924f42153
normal_evidence_002/units/NDEV-EVD-0175.signature.csv,evidence/normal_dev_002/units/NDEV-EVD-0175.signature.csv,normal_evidence,4252,d3055112d7ade63ef051179c8fc4ec647c649fd1a5a61de00af61e512931e87a
normal_evidence_002/units/NDEV-EVD-0175.txt,evidence/normal_dev_002/units/NDEV-EVD-0175.txt,normal_evidence,374,8abe4ede9a63405a5020bd593a1513cd2b94b98f0fc2a8524d7a0f7e646f3c6a
normal_evidence_002/units/NDEV-EVD-0176.evidence.json,evidence/normal_dev_002/units/NDEV-EVD-0176.evidence.json,normal_evidence,179116,53abff375b82e4e8dae527291ae82308211db6f0703cbcbaf5803a3c307793f2
normal_evidence_002/units/NDEV-EVD-0176.features.csv,evidence/normal_dev_002/units/NDEV-EVD-0176.features.csv,normal_evidence,6557,d147e9e5c47b4cc1da0bd19eccdcfc064e1c678c01cfdd9d431a9b3c9a5e6303
normal_evidence_002/units/NDEV-EVD-0176.signature.csv,evidence/normal_dev_002/units/NDEV-EVD-0176.signature.csv,normal_evidence,4252,d3055112d7ade63ef051179c8fc4ec647c649fd1a5a61de00af61e512931e87a
normal_evidence_002/units/NDEV-EVD-0176.txt,evidence/normal_dev_002/units/NDEV-EVD-0176.txt,normal_evidence,374,82b17cf5d92efe92a20c20983f82cb785714e0be4fe64c70b1e2062a21c4855d
normal_evidence_002/units/NDEV-EVD-0177.evidence.json,evidence/normal_dev_002/units/NDEV-EVD-0177.evidence.json,normal_evidence,179157,d8106a29c88864b2327423eb435b7e8753e05b927a144833fac929fc1b6fdd82
normal_evidence_002/units/NDEV-EVD-0177.features.csv,evidence/normal_dev_002/units/NDEV-EVD-0177.features.csv,normal_evidence,6584,01637950ea60fbaf18f6afc2f712cf629d6db29a8a220660b3e66224e68591d4
normal_evidence_002/units/NDEV-EVD-0177.signature.csv,evidence/normal_dev_002/units/NDEV-EVD-0177.signature.csv,normal_evidence,4252,030ddc1efeb0adfa5c29f567cef1df66dfe7d5c1f481d75789892dae9244c29d
normal_evidence_002/units/NDEV-EVD-0177.txt,evidence/normal_dev_002/units/NDEV-EVD-0177.txt,normal_evidence,465,87acd672a5beea8d3849aa22d2d116758bc2b887d835349febed082f53d436a4
normal_evidence_002/units/NDEV-EVD-0178.evidence.json,evidence/normal_dev_002/units/NDEV-EVD-0178.evidence.json,normal_evidence,179139,5e7207fe71079ce9033636668ffb4dd0cad12ed1aa0f006f838429b05e7980f5
normal_evidence_002/units/NDEV-EVD-0178.features.csv,evidence/normal_dev_002/units/NDEV-EVD-0178.features.csv,normal_evidence,6569,cfaf891981b07672577e29e9ac44549b46fe3d7fb8c63cdfb40b0896b8b77856
normal_evidence_002/units/NDEV-EVD-0178.signature.csv,evidence/normal_dev_002/units/NDEV-EVD-0178.signature.csv,normal_evidence,4252,d3055112d7ade63ef051179c8fc4ec647c649fd1a5a61de00af61e512931e87a
normal_evidence_002/units/NDEV-EVD-0178.txt,evidence/normal_dev_002/units/NDEV-EVD-0178.txt,normal_evidence,374,323ac58106f6fac5a46d136c0a76824f09ed5278ff6ca10f1b4fe8d712ecfedb
normal_evidence_002/units/NDEV-EVD-0179.evidence.json,evidence/normal_dev_002/units/NDEV-EVD-0179.evidence.json,normal_evidence,179133,9cae6ab5eba84c537a1722879d8136a3aad2da7101f85b3d468bbb6031a67c7b
normal_evidence_002/units/NDEV-EVD-0179.features.csv,evidence/normal_dev_002/units/NDEV-EVD-0179.features.csv,normal_evidence,6544,0f74970a4e5275f94fcf7046ea6484298a6d37f0df0450075f9ae5e999058e14
normal_evidence_002/units/NDEV-EVD-0179.signature.csv,evidence/normal_dev_002/units/NDEV-EVD-0179.signature.csv,normal_evidence,4252,d3055112d7ade63ef051179c8fc4ec647c649fd1a5a61de00af61e512931e87a
normal_evidence_002/units/NDEV-EVD-0179.txt,evidence/normal_dev_002/units/NDEV-EVD-0179.txt,normal_evidence,374,ff22ce570bcd43689adf925b7a3526543610ee9b6d952c674dda14616cb57c0d
normal_evidence_002/units/NDEV-EVD-0180.evidence.json,evidence/normal_dev_002/units/NDEV-EVD-0180.evidence.json,normal_evidence,179097,cf2aec87f93da7d7958d81d4752c755d6f96fc8f78523ea637381382f61f6f49
normal_evidence_002/units/NDEV-EVD-0180.features.csv,evidence/normal_dev_002/units/NDEV-EVD-0180.features.csv,normal_evidence,6524,87f9ac2f48981ba5651a2d193b81eb3cd8c34dee409356cb3c00958229075a2f
normal_evidence_002/units/NDEV-EVD-0180.signature.csv,evidence/normal_dev_002/units/NDEV-EVD-0180.signature.csv,normal_evidence,4252,d3055112d7ade63ef051179c8fc4ec647c649fd1a5a61de00af61e512931e87a
normal_evidence_002/units/NDEV-EVD-0180.txt,evidence/normal_dev_002/units/NDEV-EVD-0180.txt,normal_evidence,374,7ced0d72c9ed9ab9716b4887ffbf7c3999afdc26ee0cf6220ab3289ae757f49d
normal_evidence_002/units/NDEV-EVD-0181.evidence.json,evidence/normal_dev_002/units/NDEV-EVD-0181.evidence.json,normal_evidence,179112,6aff3db1ebacd9c4d9d130e0a735547e943a5ee7586702dcd346d71bb7ae211d
normal_evidence_002/units/NDEV-EVD-0181.features.csv,evidence/normal_dev_002/units/NDEV-EVD-0181.features.csv,normal_evidence,6544,26877cc91a19fef77b694c9dfd667136d25253812985a410fc2977b592ad8ed4
normal_evidence_002/units/NDEV-EVD-0181.signature.csv,evidence/normal_dev_002/units/NDEV-EVD-0181.signature.csv,normal_evidence,4252,d3055112d7ade63ef051179c8fc4ec647c649fd1a5a61de00af61e512931e87a
normal_evidence_002/units/NDEV-EVD-0181.txt,evidence/normal_dev_002/units/NDEV-EVD-0181.txt,normal_evidence,374,e5050b257ed7f23c5b0aec4298cee63fc2e646b1dc77a2d561d62d8723508279
normal_evidence_002/units/NDEV-EVD-0182.evidence.json,evidence/normal_dev_002/units/NDEV-EVD-0182.evidence.json,normal_evidence,179122,904f87e1aada0b8fcfc41e6e5dc2287f7f8ba78bf129141a6ed6ad5709d52e79
normal_evidence_002/units/NDEV-EVD-0182.features.csv,evidence/normal_dev_002/units/NDEV-EVD-0182.features.csv,normal_evidence,6571,cf0b5c88ce6563a7a793311867f38d6c749ecedab725096b82076a8feaf6174b
normal_evidence_002/units/NDEV-EVD-0182.signature.csv,evidence/normal_dev_002/units/NDEV-EVD-0182.signature.csv,normal_evidence,4252,d3055112d7ade63ef051179c8fc4ec647c649fd1a5a61de00af61e512931e87a
normal_evidence_002/units/NDEV-EVD-0182.txt,evidence/normal_dev_002/units/NDEV-EVD-0182.txt,normal_evidence,374,00e4be6f6e89199ca0aaa50a028c66b13298b31eca5a40bea317cdaeb80f6761
normal_evidence_002/units/NDEV-EVD-0183.evidence.json,evidence/normal_dev_002/units/NDEV-EVD-0183.evidence.json,normal_evidence,179128,8c6c69aed56880f56dd239ea3d24a802cd0bf8d9c231e2b5a494f68ff5900bc7
normal_evidence_002/units/NDEV-EVD-0183.features.csv,evidence/normal_dev_002/units/NDEV-EVD-0183.features.csv,normal_evidence,6560,b08309e3b2796d8f09d07646db5d00518f1f38bc6503d072429c8c20fbebe9d0
normal_evidence_002/units/NDEV-EVD-0183.signature.csv,evidence/normal_dev_002/units/NDEV-EVD-0183.signature.csv,normal_evidence,4252,d3055112d7ade63ef051179c8fc4ec647c649fd1a5a61de00af61e512931e87a
normal_evidence_002/units/NDEV-EVD-0183.txt,evidence/normal_dev_002/units/NDEV-EVD-0183.txt,normal_evidence,374,a108db5f84f99f41057dd76e4cc398b70fef914de9fed4e13181101ded84ea0e
normal_evidence_002/units/NDEV-EVD-0184.evidence.json,evidence/normal_dev_002/units/NDEV-EVD-0184.evidence.json,normal_evidence,179131,70c1542b37c7026bf5c7a7ca87a818901f75adb5412a1b66929903ee7ac88850
normal_evidence_002/units/NDEV-EVD-0184.features.csv,evidence/normal_dev_002/units/NDEV-EVD-0184.features.csv,normal_evidence,6542,f04a7b7256aff8cbf54b32fab7e1eae0c494f9f65870df49e57517cca753b7f3
normal_evidence_002/units/NDEV-EVD-0184.signature.csv,evidence/normal_dev_002/units/NDEV-EVD-0184.signature.csv,normal_evidence,4252,d3055112d7ade63ef051179c8fc4ec647c649fd1a5a61de00af61e512931e87a
normal_evidence_002/units/NDEV-EVD-0184.txt,evidence/normal_dev_002/units/NDEV-EVD-0184.txt,normal_evidence,374,7f52e67764b49d0799cb3303e08d5305d983a5266166ecc4b3cee366fe0bf5f6
normal_evidence_002/units/NDEV-EVD-0185.evidence.json,evidence/normal_dev_002/units/NDEV-EVD-0185.evidence.json,normal_evidence,179115,021facf5bcdc6c67b9921911092b0f9343ef4e108249e17fd664cd3067040b61
normal_evidence_002/units/NDEV-EVD-0185.features.csv,evidence/normal_dev_002/units/NDEV-EVD-0185.features.csv,normal_evidence,6533,b1d73b7309374f79f8d04c38334f77937e89033d27d8fe98c4234f40c1ba9d94
normal_evidence_002/units/NDEV-EVD-0185.signature.csv,evidence/normal_dev_002/units/NDEV-EVD-0185.signature.csv,normal_evidence,4252,d3055112d7ade63ef051179c8fc4ec647c649fd1a5a61de00af61e512931e87a
normal_evidence_002/units/NDEV-EVD-0185.txt,evidence/normal_dev_002/units/NDEV-EVD-0185.txt,normal_evidence,374,c70eadcbda068486e54e9102f36384e4ccc43674fdc248edbedb9185447bdc1e
normal_evidence_002/units/NDEV-EVD-0186.evidence.json,evidence/normal_dev_002/units/NDEV-EVD-0186.evidence.json,normal_evidence,179103,8cc34d9ea0cc653e157a10f0d5711f16932cf4e99d3c1f5fce25c2fb21dc9c3c
normal_evidence_002/units/NDEV-EVD-0186.features.csv,evidence/normal_dev_002/units/NDEV-EVD-0186.features.csv,normal_evidence,6530,4e161ab72122778f7cd6a40c7e51b747a08a20dd605353300eaab7b12d6706da
normal_evidence_002/units/NDEV-EVD-0186.signature.csv,evidence/normal_dev_002/units/NDEV-EVD-0186.signature.csv,normal_evidence,4252,d3055112d7ade63ef051179c8fc4ec647c649fd1a5a61de00af61e512931e87a
normal_evidence_002/units/NDEV-EVD-0186.txt,evidence/normal_dev_002/units/NDEV-EVD-0186.txt,normal_evidence,374,b58bd50e5941cefc1a5a4192bd2b5af8ddb3d19cda6f8608d0e3fcde23362a63
normal_evidence_002/units/NDEV-EVD-0187.evidence.json,evidence/normal_dev_002/units/NDEV-EVD-0187.evidence.json,normal_evidence,179126,62f4d193f07c64253e32753bfae9907b5e42c35da8f42b145fb3da9dce3f564c
normal_evidence_002/units/NDEV-EVD-0187.features.csv,evidence/normal_dev_002/units/NDEV-EVD-0187.features.csv,normal_evidence,6538,abcb0a0b3ae762e8406e174036c484e61f5aa95a7abd53adb99cb1fb80823bbe
normal_evidence_002/units/NDEV-EVD-0187.signature.csv,evidence/normal_dev_002/units/NDEV-EVD-0187.signature.csv,normal_evidence,4252,d3055112d7ade63ef051179c8fc4ec647c649fd1a5a61de00af61e512931e87a
normal_evidence_002/units/NDEV-EVD-0187.txt,evidence/normal_dev_002/units/NDEV-EVD-0187.txt,normal_evidence,374,8a5b5b1722576b6d2692da88ebb70b4f72e0644563f9026effc75bf89419cc80
normal_evidence_002/units/NDEV-EVD-0188.evidence.json,evidence/normal_dev_002/units/NDEV-EVD-0188.evidence.json,normal_evidence,179129,4e8e6bce6ba3f9dc46c9c0bdc96987eba5e5fdb007f84960e0410dd4c50dcec7
normal_evidence_002/units/NDEV-EVD-0188.features.csv,evidence/normal_dev_002/units/NDEV-EVD-0188.features.csv,normal_evidence,6556,ea0c76a225c5df15ce47115e1d803ab9f5c44f76b5f4f496dd3ff06a990a3286
normal_evidence_002/units/NDEV-EVD-0188.signature.csv,evidence/normal_dev_002/units/NDEV-EVD-0188.signature.csv,normal_evidence,4252,d3055112d7ade63ef051179c8fc4ec647c649fd1a5a61de00af61e512931e87a
normal_evidence_002/units/NDEV-EVD-0188.txt,evidence/normal_dev_002/units/NDEV-EVD-0188.txt,normal_evidence,374,7669e1d6a2747e682ad1ef31d3ba8ed2c3635c23e90ecad5cf73e9e453ae642e
normal_evidence_002/units/NDEV-EVD-0189.evidence.json,evidence/normal_dev_002/units/NDEV-EVD-0189.evidence.json,normal_evidence,179120,374f6fc3e69e5d9e3e449ba4933d603a4d8f62544c95925cee44f62de4860a3e
normal_evidence_002/units/NDEV-EVD-0189.features.csv,evidence/normal_dev_002/units/NDEV-EVD-0189.features.csv,normal_evidence,6546,eb43727bc967a1a2e81de5643ff24a18a2d9eddb73a448c75f8f83f6f31b7c9b
normal_evidence_002/units/NDEV-EVD-0189.signature.csv,evidence/normal_dev_002/units/NDEV-EVD-0189.signature.csv,normal_evidence,4252,d3055112d7ade63ef051179c8fc4ec647c649fd1a5a61de00af61e512931e87a
normal_evidence_002/units/NDEV-EVD-0189.txt,evidence/normal_dev_002/units/NDEV-EVD-0189.txt,normal_evidence,374,c4f9fabc80e14f711f11d2b49a55d9f1742a30328eced076911d30781e325964
normal_evidence_002/units/NDEV-EVD-0190.evidence.json,evidence/normal_dev_002/units/NDEV-EVD-0190.evidence.json,normal_evidence,179127,8aa246cab5030132ceff6acf12b0f779ebf1811f9e15d0ec603c0c0693ec911b
normal_evidence_002/units/NDEV-EVD-0190.features.csv,evidence/normal_dev_002/units/NDEV-EVD-0190.features.csv,normal_evidence,6547,1d8bd1972e03198b614ad7f26d156a168d72d8f14d5b44b22c79d87100621b09
normal_evidence_002/units/NDEV-EVD-0190.signature.csv,evidence/normal_dev_002/units/NDEV-EVD-0190.signature.csv,normal_evidence,4252,d3055112d7ade63ef051179c8fc4ec647c649fd1a5a61de00af61e512931e87a
normal_evidence_002/units/NDEV-EVD-0190.txt,evidence/normal_dev_002/units/NDEV-EVD-0190.txt,normal_evidence,374,22248359b93035145077fa10294028c46ef732a6529e099c14a996d88372a1e1
normal_evidence_002/units/NDEV-EVD-0191.evidence.json,evidence/normal_dev_002/units/NDEV-EVD-0191.evidence.json,normal_evidence,179118,93443f83c541027adce4e46c62198a60d014204b1b6538f1e2bcf796e6d7ff23
normal_evidence_002/units/NDEV-EVD-0191.features.csv,evidence/normal_dev_002/units/NDEV-EVD-0191.features.csv,normal_evidence,6546,56f9f18f6b6041189f636ac0b9e602f78817d933896051677cf822a0424a9d7e
normal_evidence_002/units/NDEV-EVD-0191.signature.csv,evidence/normal_dev_002/units/NDEV-EVD-0191.signature.csv,normal_evidence,4252,d3055112d7ade63ef051179c8fc4ec647c649fd1a5a61de00af61e512931e87a
normal_evidence_002/units/NDEV-EVD-0191.txt,evidence/normal_dev_002/units/NDEV-EVD-0191.txt,normal_evidence,374,2d8fe4a1b2252df2966b3d3ddd22c9c9b36174f47afe01c75a0ebf5c93cbf820
normal_evidence_002/units/NDEV-EVD-0192.evidence.json,evidence/normal_dev_002/units/NDEV-EVD-0192.evidence.json,normal_evidence,179144,5d368fd17e4f6106b7ffd983911236b2a5cd8d95f500ca97586f2c20d4cb6848
normal_evidence_002/units/NDEV-EVD-0192.features.csv,evidence/normal_dev_002/units/NDEV-EVD-0192.features.csv,normal_evidence,6557,2f355bd29e53fdeef311ab0f784e4212e0e73057b081e9f42dd1a2c0e184ddec
normal_evidence_002/units/NDEV-EVD-0192.signature.csv,evidence/normal_dev_002/units/NDEV-EVD-0192.signature.csv,normal_evidence,4250,b439be3d249a76a160784caedc97f40cbafb08f188e578876061d605b1c777f8
normal_evidence_002/units/NDEV-EVD-0192.txt,evidence/normal_dev_002/units/NDEV-EVD-0192.txt,normal_evidence,524,140de0df0c08baf26734208280592e88bf293ff84836b9bfb0f65ce98a9fb59e
normal_evidence_002/units/NDEV-EVD-0193.evidence.json,evidence/normal_dev_002/units/NDEV-EVD-0193.evidence.json,normal_evidence,179101,bbb5690a4ae78a94e0c48662c2ff341fe8322f6ca4cd054ce485006692381932
normal_evidence_002/units/NDEV-EVD-0193.features.csv,evidence/normal_dev_002/units/NDEV-EVD-0193.features.csv,normal_evidence,6531,f959c3584460422dd5dd58ca7ffd6151ada6dacbff44ebcb32bc7898dd12525f
normal_evidence_002/units/NDEV-EVD-0193.signature.csv,evidence/normal_dev_002/units/NDEV-EVD-0193.signature.csv,normal_evidence,4252,d3055112d7ade63ef051179c8fc4ec647c649fd1a5a61de00af61e512931e87a
normal_evidence_002/units/NDEV-EVD-0193.txt,evidence/normal_dev_002/units/NDEV-EVD-0193.txt,normal_evidence,374,ab9cc214472dd0793b04a08b8128d8c1620144e54f1729df1b48bd8a3feb0bff
normal_evidence_002/units/NDEV-EVD-0194.evidence.json,evidence/normal_dev_002/units/NDEV-EVD-0194.evidence.json,normal_evidence,179124,cabe714bd4f9c634a2a71fdbb9487164eb47d968c6ffa77ac3c8e20da7d5918c
normal_evidence_002/units/NDEV-EVD-0194.features.csv,evidence/normal_dev_002/units/NDEV-EVD-0194.features.csv,normal_evidence,6549,c1ad77594a55661eec3d7dcb5b452c5bb48fe47071d6378f4e648927968cdc7f
normal_evidence_002/units/NDEV-EVD-0194.signature.csv,evidence/normal_dev_002/units/NDEV-EVD-0194.signature.csv,normal_evidence,4252,d3055112d7ade63ef051179c8fc4ec647c649fd1a5a61de00af61e512931e87a
normal_evidence_002/units/NDEV-EVD-0194.txt,evidence/normal_dev_002/units/NDEV-EVD-0194.txt,normal_evidence,374,a39efbe9bc4da6df8a41486f174ec2f472700e9dc11bd7e2f31b5985c0160e1c
normal_evidence_002/units/NDEV-EVD-0195.evidence.json,evidence/normal_dev_002/units/NDEV-EVD-0195.evidence.json,normal_evidence,179132,a257a2b58d523c048602063cbaee2fb35450562ddd959ca079e9ea631e8553d3
normal_evidence_002/units/NDEV-EVD-0195.features.csv,evidence/normal_dev_002/units/NDEV-EVD-0195.features.csv,normal_evidence,6559,6a0a2da818f06d53d8a3ada81f718965991db7c0ec9eb3b8b388c4d626b8a1ef
normal_evidence_002/units/NDEV-EVD-0195.signature.csv,evidence/normal_dev_002/units/NDEV-EVD-0195.signature.csv,normal_evidence,4252,d3055112d7ade63ef051179c8fc4ec647c649fd1a5a61de00af61e512931e87a
normal_evidence_002/units/NDEV-EVD-0195.txt,evidence/normal_dev_002/units/NDEV-EVD-0195.txt,normal_evidence,374,069880c07b311afc747947acaa20d8ed97f54b147091f67096a1e54b43a381a9
normal_evidence_002/units/NDEV-EVD-0196.evidence.json,evidence/normal_dev_002/units/NDEV-EVD-0196.evidence.json,normal_evidence,179117,b52bdf160e08b95b8889c4d4b79bad76390c5f6314be4fe8b44686c146ac3133
normal_evidence_002/units/NDEV-EVD-0196.features.csv,evidence/normal_dev_002/units/NDEV-EVD-0196.features.csv,normal_evidence,6561,eaee12b51b9809394555dfc709fb7628f6d6650fa71e162f3dbda233937d51aa
normal_evidence_002/units/NDEV-EVD-0196.signature.csv,evidence/normal_dev_002/units/NDEV-EVD-0196.signature.csv,normal_evidence,4252,d3055112d7ade63ef051179c8fc4ec647c649fd1a5a61de00af61e512931e87a
normal_evidence_002/units/NDEV-EVD-0196.txt,evidence/normal_dev_002/units/NDEV-EVD-0196.txt,normal_evidence,374,7c6c912f773fb50d263ab50616ef004850f39e364e66b4d6bb2933361e44a816
normal_evidence_002/units/NDEV-EVD-0197.evidence.json,evidence/normal_dev_002/units/NDEV-EVD-0197.evidence.json,normal_evidence,179122,c8685a679c6626893acdc3cbc390f5c365d8f261f6a0bcdc0f1369f50f78bd52
normal_evidence_002/units/NDEV-EVD-0197.features.csv,evidence/normal_dev_002/units/NDEV-EVD-0197.features.csv,normal_evidence,6558,8febc3bedefacf1ff5f185b4d8143dec453e35d5c904edf3b4c6a51bcf365182
normal_evidence_002/units/NDEV-EVD-0197.signature.csv,evidence/normal_dev_002/units/NDEV-EVD-0197.signature.csv,normal_evidence,4252,d3055112d7ade63ef051179c8fc4ec647c649fd1a5a61de00af61e512931e87a
normal_evidence_002/units/NDEV-EVD-0197.txt,evidence/normal_dev_002/units/NDEV-EVD-0197.txt,normal_evidence,374,ed77d44483a064c2f593b04243a32b8b2aeb0d465c9c1bb34975e733554d4910
normal_evidence_002/units/NDEV-EVD-0198.evidence.json,evidence/normal_dev_002/units/NDEV-EVD-0198.evidence.json,normal_evidence,179121,2b0e940f82783031de4f47e5162f96ca9ee2e3dfde437ae5f40c33bc35119f83
normal_evidence_002/units/NDEV-EVD-0198.features.csv,evidence/normal_dev_002/units/NDEV-EVD-0198.features.csv,normal_evidence,6571,cf4f6e665418c451f5ca8daee5d1b0000c51bae05125873c1622988713c5fbdf
normal_evidence_002/units/NDEV-EVD-0198.signature.csv,evidence/normal_dev_002/units/NDEV-EVD-0198.signature.csv,normal_evidence,4252,d3055112d7ade63ef051179c8fc4ec647c649fd1a5a61de00af61e512931e87a
normal_evidence_002/units/NDEV-EVD-0198.txt,evidence/normal_dev_002/units/NDEV-EVD-0198.txt,normal_evidence,373,aa2144f6914587848f901a09beae22b252d059558d2ddc1cabbf1370459f6b7d
normal_evidence_002/units/NDEV-EVD-0199.evidence.json,evidence/normal_dev_002/units/NDEV-EVD-0199.evidence.json,normal_evidence,179123,952ee0b948eba3d14f3512a3f7ed6a8a80dbf2fa65b126cc5bc98e9f87f6ee6a
normal_evidence_002/units/NDEV-EVD-0199.features.csv,evidence/normal_dev_002/units/NDEV-EVD-0199.features.csv,normal_evidence,6527,f46890d029278b0bfd23fc6b237b402ac9fd0038c9452e45d7500cf49f3551a6
normal_evidence_002/units/NDEV-EVD-0199.signature.csv,evidence/normal_dev_002/units/NDEV-EVD-0199.signature.csv,normal_evidence,4252,3592fd0220fe4edd17d8de2d8e84f6203e9750359451e2525ef860438a05d4ce
normal_evidence_002/units/NDEV-EVD-0199.txt,evidence/normal_dev_002/units/NDEV-EVD-0199.txt,normal_evidence,429,cee57b31642db07fa5bcea6a8ec62a80858ad0bb6118a3cbef2b5e02d3a4416d
normal_evidence_002/units/NDEV-EVD-0200.evidence.json,evidence/normal_dev_002/units/NDEV-EVD-0200.evidence.json,normal_evidence,179129,6effbf56b92b5ebe90219fd89973f7ee6f87b9023197a4dd1a7c38412f65ea9e
normal_evidence_002/units/NDEV-EVD-0200.features.csv,evidence/normal_dev_002/units/NDEV-EVD-0200.features.csv,normal_evidence,6567,26d695bef4a856e0440d26d3e83e026c3333b7f29db0ec3313c2f39084a1dc88
normal_evidence_002/units/NDEV-EVD-0200.signature.csv,evidence/normal_dev_002/units/NDEV-EVD-0200.signature.csv,normal_evidence,4252,d3055112d7ade63ef051179c8fc4ec647c649fd1a5a61de00af61e512931e87a
normal_evidence_002/units/NDEV-EVD-0200.txt,evidence/normal_dev_002/units/NDEV-EVD-0200.txt,normal_evidence,374,0fd6140ad161ac986b5d4e4521db7ae10e965cfac1a31714512a35841ad8fb4a
normal_evidence_002/units/NDEV-EVD-0201.evidence.json,evidence/normal_dev_002/units/NDEV-EVD-0201.evidence.json,normal_evidence,179146,f1f0424cd7a7ba5d5f89c3291bca6624b842199ffe9044212534d6ecd71d5f1b
normal_evidence_002/units/NDEV-EVD-0201.features.csv,evidence/normal_dev_002/units/NDEV-EVD-0201.features.csv,normal_evidence,6581,5b34644fd2f294f4e5c137727798c0711dd9e98f65cc1b0970d7648b23d37dd8
normal_evidence_002/units/NDEV-EVD-0201.signature.csv,evidence/normal_dev_002/units/NDEV-EVD-0201.signature.csv,normal_evidence,4252,d3055112d7ade63ef051179c8fc4ec647c649fd1a5a61de00af61e512931e87a
normal_evidence_002/units/NDEV-EVD-0201.txt,evidence/normal_dev_002/units/NDEV-EVD-0201.txt,normal_evidence,374,b6135845bfffa659c3102dedb03e9fc139d7192fadd23a03d5f5b1b9a119423f
normal_evidence_002/units/NDEV-EVD-0202.evidence.json,evidence/normal_dev_002/units/NDEV-EVD-0202.evidence.json,normal_evidence,179125,c4397c2b96339c4514c54b546317b9fb5caaab19962f15510f4922569d31a22f
normal_evidence_002/units/NDEV-EVD-0202.features.csv,evidence/normal_dev_002/units/NDEV-EVD-0202.features.csv,normal_evidence,6563,a67200e87fda87d46efa8125a4248a1ab140c6b5449b88da4e763b887c6333f2
normal_evidence_002/units/NDEV-EVD-0202.signature.csv,evidence/normal_dev_002/units/NDEV-EVD-0202.signature.csv,normal_evidence,4252,d3055112d7ade63ef051179c8fc4ec647c649fd1a5a61de00af61e512931e87a
normal_evidence_002/units/NDEV-EVD-0202.txt,evidence/normal_dev_002/units/NDEV-EVD-0202.txt,normal_evidence,374,9cfc92af7f768868df215dedeea6870bb82cb9fbe402a2aa7e86643c94e08bd7
normal_evidence_002/units/NDEV-EVD-0203.evidence.json,evidence/normal_dev_002/units/NDEV-EVD-0203.evidence.json,normal_evidence,179120,d7bab64715ad8948f2a8e23236ce487a3b9f912be922f5642a118db2d95a92ec
normal_evidence_002/units/NDEV-EVD-0203.features.csv,evidence/normal_dev_002/units/NDEV-EVD-0203.features.csv,normal_evidence,6550,fa98537673f71b11270327cd715372f07d57336aa2dadb1762fb13b38d35c793
normal_evidence_002/units/NDEV-EVD-0203.signature.csv,evidence/normal_dev_002/units/NDEV-EVD-0203.signature.csv,normal_evidence,4252,d3055112d7ade63ef051179c8fc4ec647c649fd1a5a61de00af61e512931e87a
normal_evidence_002/units/NDEV-EVD-0203.txt,evidence/normal_dev_002/units/NDEV-EVD-0203.txt,normal_evidence,374,7c93cd5dc8ff1521add155e27b3082fe83642a3504b68d0a9e02253c7ba8a9e2
normal_evidence_002/units/NDEV-EVD-0204.evidence.json,evidence/normal_dev_002/units/NDEV-EVD-0204.evidence.json,normal_evidence,179151,fbb6832c71fb9e89177a368f875a143e0d5c0e5b9a1cbef8e65f847b457ac670
normal_evidence_002/units/NDEV-EVD-0204.features.csv,evidence/normal_dev_002/units/NDEV-EVD-0204.features.csv,normal_evidence,6572,fab61f569bd89556bfa0b27c86d042323e0eb7b848511a8e1c34b7b21090af8e
normal_evidence_002/units/NDEV-EVD-0204.signature.csv,evidence/normal_dev_002/units/NDEV-EVD-0204.signature.csv,normal_evidence,4252,d3055112d7ade63ef051179c8fc4ec647c649fd1a5a61de00af61e512931e87a
normal_evidence_002/units/NDEV-EVD-0204.txt,evidence/normal_dev_002/units/NDEV-EVD-0204.txt,normal_evidence,374,253a4cd42821b0794c8f21bde4e11be715f80badad3efd49011c960f2b0c5fbe
normal_evidence_002/units/NDEV-EVD-0205.evidence.json,evidence/normal_dev_002/units/NDEV-EVD-0205.evidence.json,normal_evidence,179121,758c225d7f5169ec940549412d33e22ba5ccd1edbe56ff052d249a3fe41ecc9a
normal_evidence_002/units/NDEV-EVD-0205.features.csv,evidence/normal_dev_002/units/NDEV-EVD-0205.features.csv,normal_evidence,6549,c8be7e20430368f1215e17b9786527203bc945890ee44bff1d8f4a0b382546be
normal_evidence_002/units/NDEV-EVD-0205.signature.csv,evidence/normal_dev_002/units/NDEV-EVD-0205.signature.csv,normal_evidence,4252,d3055112d7ade63ef051179c8fc4ec647c649fd1a5a61de00af61e512931e87a
normal_evidence_002/units/NDEV-EVD-0205.txt,evidence/normal_dev_002/units/NDEV-EVD-0205.txt,normal_evidence,374,aadd94de85e01dc850f38246f30cf2fce9be67072b0a1b2758d92a6cb7ee84b6
normal_evidence_002/units/NDEV-EVD-0206.evidence.json,evidence/normal_dev_002/units/NDEV-EVD-0206.evidence.json,normal_evidence,179145,8d85df10477f114b7f6238b955690391fd32eb4681d50e67928f68de60a2ec95
normal_evidence_002/units/NDEV-EVD-0206.features.csv,evidence/normal_dev_002/units/NDEV-EVD-0206.features.csv,normal_evidence,6574,2a3e3a354c1c9d98de9b964fa1133719227504ccf16b639e459267fa9f0aab20
normal_evidence_002/units/NDEV-EVD-0206.signature.csv,evidence/normal_dev_002/units/NDEV-EVD-0206.signature.csv,normal_evidence,4252,d3055112d7ade63ef051179c8fc4ec647c649fd1a5a61de00af61e512931e87a
normal_evidence_002/units/NDEV-EVD-0206.txt,evidence/normal_dev_002/units/NDEV-EVD-0206.txt,normal_evidence,374,7f541b0eaf116c1dcecd388eba957f210bc0416ec7a05c6d64acdf0a86180ff4
normal_evidence_002/units/NDEV-EVD-0207.evidence.json,evidence/normal_dev_002/units/NDEV-EVD-0207.evidence.json,normal_evidence,179169,6cc03dbb10d82852c7a97b2e29f0d9e95e199212118b800ab27aced97365832b
normal_evidence_002/units/NDEV-EVD-0207.features.csv,evidence/normal_dev_002/units/NDEV-EVD-0207.features.csv,normal_evidence,6601,6c373bb26f8fc6f7a1961b95114bfd77f3cd85cbea4920a3efac6bb3405e82a8
normal_evidence_002/units/NDEV-EVD-0207.signature.csv,evidence/normal_dev_002/units/NDEV-EVD-0207.signature.csv,normal_evidence,4252,d3055112d7ade63ef051179c8fc4ec647c649fd1a5a61de00af61e512931e87a
normal_evidence_002/units/NDEV-EVD-0207.txt,evidence/normal_dev_002/units/NDEV-EVD-0207.txt,normal_evidence,374,6fe777f2f47e8e9e103732124e109a78dd013091caeec6f9c81d8d5efc013dfe
normal_evidence_002/units/NDEV-EVD-0208.evidence.json,evidence/normal_dev_002/units/NDEV-EVD-0208.evidence.json,normal_evidence,179122,15a5d37fa3738ce2160f21a6b2b655c0368e5ac8f31e51110aae29d143a43e0b
normal_evidence_002/units/NDEV-EVD-0208.features.csv,evidence/normal_dev_002/units/NDEV-EVD-0208.features.csv,normal_evidence,6540,ebe6217d4e2b8977648667160ccb484c6b29a4613da09901c756d2acd2cc489a
normal_evidence_002/units/NDEV-EVD-0208.signature.csv,evidence/normal_dev_002/units/NDEV-EVD-0208.signature.csv,normal_evidence,4252,d3055112d7ade63ef051179c8fc4ec647c649fd1a5a61de00af61e512931e87a
normal_evidence_002/units/NDEV-EVD-0208.txt,evidence/normal_dev_002/units/NDEV-EVD-0208.txt,normal_evidence,374,5d1420ed695492dcfa023b387d8d44a22b142a21ff85fd579ce71d91cafa3f0e
normal_evidence_002/units/NDEV-EVD-0209.evidence.json,evidence/normal_dev_002/units/NDEV-EVD-0209.evidence.json,normal_evidence,179138,6b46a606062f27cbbb49f3a6bd3e470fed56be3732e917a731c45a1ad306806f
normal_evidence_002/units/NDEV-EVD-0209.features.csv,evidence/normal_dev_002/units/NDEV-EVD-0209.features.csv,normal_evidence,6507,1820424cb2a5997cac549e51cced95ca5af8345804423c7b51fb1f5ff8f9427b
normal_evidence_002/units/NDEV-EVD-0209.signature.csv,evidence/normal_dev_002/units/NDEV-EVD-0209.signature.csv,normal_evidence,4250,05050220f6af7716f533798c4a1d96cfe02dae577605d2198a3741f260c28d9d
normal_evidence_002/units/NDEV-EVD-0209.txt,evidence/normal_dev_002/units/NDEV-EVD-0209.txt,normal_evidence,578,e3377b84b8cee65be8a0825aa23c3524bfa79680a6207257da69ad15f5be6252
normal_evidence_002/units/NDEV-EVD-0210.evidence.json,evidence/normal_dev_002/units/NDEV-EVD-0210.evidence.json,normal_evidence,179131,a7e7bddecd0965721c3eed74683373b3189a8a8e1d94a55eddc147314d68afce
normal_evidence_002/units/NDEV-EVD-0210.features.csv,evidence/normal_dev_002/units/NDEV-EVD-0210.features.csv,normal_evidence,6504,467d1e6f597b95e32ca2a900d79ae715949865a4eee25cf3407d9a97f30a00a0
normal_evidence_002/units/NDEV-EVD-0210.signature.csv,evidence/normal_dev_002/units/NDEV-EVD-0210.signature.csv,normal_evidence,4248,a9e32dad5c6cdb452fe578ffe331c998bf56c90fb107a0b2e3f1857c5f4c1300
normal_evidence_002/units/NDEV-EVD-0210.txt,evidence/normal_dev_002/units/NDEV-EVD-0210.txt,normal_evidence,674,8a7865bb0bd362d5adcabd3f8af02d497bfef8a43e9aabc8cd7b6fe605c13ae7
normal_evidence_002/units/NDEV-EVD-0211.evidence.json,evidence/normal_dev_002/units/NDEV-EVD-0211.evidence.json,normal_evidence,179112,efed89868efc1ac94c6ae84b7d599ca79819a5a12326d21a35fab8b49c26313a
normal_evidence_002/units/NDEV-EVD-0211.features.csv,evidence/normal_dev_002/units/NDEV-EVD-0211.features.csv,normal_evidence,6528,036dcd76a54ec39fc252376ac6932a867f2a15313f1ea04919966ff18802db17
normal_evidence_002/units/NDEV-EVD-0211.signature.csv,evidence/normal_dev_002/units/NDEV-EVD-0211.signature.csv,normal_evidence,4252,d3055112d7ade63ef051179c8fc4ec647c649fd1a5a61de00af61e512931e87a
normal_evidence_002/units/NDEV-EVD-0211.txt,evidence/normal_dev_002/units/NDEV-EVD-0211.txt,normal_evidence,374,8a5b5b1722576b6d2692da88ebb70b4f72e0644563f9026effc75bf89419cc80
normal_evidence_002/units/NDEV-EVD-0212.evidence.json,evidence/normal_dev_002/units/NDEV-EVD-0212.evidence.json,normal_evidence,179098,e6d09b942fdaabfba36cc88961bee40fa7afa805c03a44d6e4edcdb00dd15bc8
normal_evidence_002/units/NDEV-EVD-0212.features.csv,evidence/normal_dev_002/units/NDEV-EVD-0212.features.csv,normal_evidence,6529,d0a302ada223e45359de42d472a2d8554363e593b9531780a9384861ee148a05
normal_evidence_002/units/NDEV-EVD-0212.signature.csv,evidence/normal_dev_002/units/NDEV-EVD-0212.signature.csv,normal_evidence,4252,d3055112d7ade63ef051179c8fc4ec647c649fd1a5a61de00af61e512931e87a
normal_evidence_002/units/NDEV-EVD-0212.txt,evidence/normal_dev_002/units/NDEV-EVD-0212.txt,normal_evidence,374,b25795570abbab55c8566b0ed05ff5dbe219fdeac229aa8a2b5ca5c963a4b163
normal_evidence_002/units/NDEV-EVD-0213.evidence.json,evidence/normal_dev_002/units/NDEV-EVD-0213.evidence.json,normal_evidence,179122,9ee50f5e8a46189d55ac355771fffd7743512febe74b6023c1168c7495519312
normal_evidence_002/units/NDEV-EVD-0213.features.csv,evidence/normal_dev_002/units/NDEV-EVD-0213.features.csv,normal_evidence,6547,2c7843ac8dbfb4bfdc5f84789ffce7028513fa69d5497a92a7e518aa10928145
normal_evidence_002/units/NDEV-EVD-0213.signature.csv,evidence/normal_dev_002/units/NDEV-EVD-0213.signature.csv,normal_evidence,4252,d3055112d7ade63ef051179c8fc4ec647c649fd1a5a61de00af61e512931e87a
normal_evidence_002/units/NDEV-EVD-0213.txt,evidence/normal_dev_002/units/NDEV-EVD-0213.txt,normal_evidence,374,0f2fc248e1445ef9c78ce80206dd4d9083edce22c742fcc981ded1b9e4cacf87
normal_evidence_002/units/NDEV-EVD-0214.evidence.json,evidence/normal_dev_002/units/NDEV-EVD-0214.evidence.json,normal_evidence,179119,90a09789825168fb55d8da2b7e15ac8d7d53d37eacf578a2459b80898b395d3d
normal_evidence_002/units/NDEV-EVD-0214.features.csv,evidence/normal_dev_002/units/NDEV-EVD-0214.features.csv,normal_evidence,6534,ea063ab2c5529e5fdf1891da5c32b790c8e303c774d077baa08ea9369d62b515
normal_evidence_002/units/NDEV-EVD-0214.signature.csv,evidence/normal_dev_002/units/NDEV-EVD-0214.signature.csv,normal_evidence,4252,d3055112d7ade63ef051179c8fc4ec647c649fd1a5a61de00af61e512931e87a
normal_evidence_002/units/NDEV-EVD-0214.txt,evidence/normal_dev_002/units/NDEV-EVD-0214.txt,normal_evidence,374,0c226fbd6081a5e097bf3ee695db3180ef3e6f5f9902bcfd112a4db74d0a1b24
normal_evidence_002/units/NDEV-EVD-0215.evidence.json,evidence/normal_dev_002/units/NDEV-EVD-0215.evidence.json,normal_evidence,179129,fa12c23cb37494ac2c3d8ca08ec9ef49fb1a2d7bd45b47a0a5b830c27d5629da
normal_evidence_002/units/NDEV-EVD-0215.features.csv,evidence/normal_dev_002/units/NDEV-EVD-0215.features.csv,normal_evidence,6564,0c1ac6f52a7cd462ec47ca5544a733cf70bf97339093a4051cc67925354ea473
normal_evidence_002/units/NDEV-EVD-0215.signature.csv,evidence/normal_dev_002/units/NDEV-EVD-0215.signature.csv,normal_evidence,4252,d3055112d7ade63ef051179c8fc4ec647c649fd1a5a61de00af61e512931e87a
normal_evidence_002/units/NDEV-EVD-0215.txt,evidence/normal_dev_002/units/NDEV-EVD-0215.txt,normal_evidence,374,86e0833ec662614363a76ef4b2f128e5d8a21a2c597150f17ab27543bbe149cc
normal_evidence_002/units/NDEV-EVD-0216.evidence.json,evidence/normal_dev_002/units/NDEV-EVD-0216.evidence.json,normal_evidence,179123,f1e874bac9cc30a79312232fb12d8fa57288442a074841e45fdc1d1fd6a1066c
normal_evidence_002/units/NDEV-EVD-0216.features.csv,evidence/normal_dev_002/units/NDEV-EVD-0216.features.csv,normal_evidence,6531,45a0ff577e43022b9afdc5eca7fc972aea02ef06cf959251da42922c3892cfda
normal_evidence_002/units/NDEV-EVD-0216.signature.csv,evidence/normal_dev_002/units/NDEV-EVD-0216.signature.csv,normal_evidence,4252,e820a709a145a85e7c4e4fdf7532b01144164436f4efc2620c2cc1f7e499d4f6
normal_evidence_002/units/NDEV-EVD-0216.txt,evidence/normal_dev_002/units/NDEV-EVD-0216.txt,normal_evidence,465,f739f5ff674204911d44976a98c01cbb40b14568e6ca66724f01536c9c24ac70
normal_evidence_002/units/NDEV-EVD-0217.evidence.json,evidence/normal_dev_002/units/NDEV-EVD-0217.evidence.json,normal_evidence,179124,60a640676f98c5605dd12c1ef8a73abbfdf47fc50b93a6ba3c088b0f4b107637
normal_evidence_002/units/NDEV-EVD-0217.features.csv,evidence/normal_dev_002/units/NDEV-EVD-0217.features.csv,normal_evidence,6545,81e764f9f4c6a397030a115a1c66271eddbb8209be5d88beac6692de8e68d7d3
normal_evidence_002/units/NDEV-EVD-0217.signature.csv,evidence/normal_dev_002/units/NDEV-EVD-0217.signature.csv,normal_evidence,4252,d3055112d7ade63ef051179c8fc4ec647c649fd1a5a61de00af61e512931e87a
normal_evidence_002/units/NDEV-EVD-0217.txt,evidence/normal_dev_002/units/NDEV-EVD-0217.txt,normal_evidence,374,b81371ce33d1d5eb01c4418a41dbf07edabfab9090f78a3b7f992a1cf2f72875
normal_evidence_002/units/NDEV-EVD-0218.evidence.json,evidence/normal_dev_002/units/NDEV-EVD-0218.evidence.json,normal_evidence,179081,5f613396aae69835f1b680ea363877e2740fbe5149c66d0ec20a1863484aeb94
normal_evidence_002/units/NDEV-EVD-0218.features.csv,evidence/normal_dev_002/units/NDEV-EVD-0218.features.csv,normal_evidence,6510,dd15b4d7d2e7209d6272f711193a2ec81dbfa2af5d6f6fdd55a48a6b095a583c
normal_evidence_002/units/NDEV-EVD-0218.signature.csv,evidence/normal_dev_002/units/NDEV-EVD-0218.signature.csv,normal_evidence,4252,d3055112d7ade63ef051179c8fc4ec647c649fd1a5a61de00af61e512931e87a
normal_evidence_002/units/NDEV-EVD-0218.txt,evidence/normal_dev_002/units/NDEV-EVD-0218.txt,normal_evidence,373,5af2ada3b16dffcd94127488f377d7c8f0237138329a0c31da82d58d55cbafee
normal_evidence_002/units/NDEV-EVD-0219.evidence.json,evidence/normal_dev_002/units/NDEV-EVD-0219.evidence.json,normal_evidence,179127,9dbb532abb2a6dbe282e66c106a426c5949f6578acc30acc9eba7c6ceb559dd9
normal_evidence_002/units/NDEV-EVD-0219.features.csv,evidence/normal_dev_002/units/NDEV-EVD-0219.features.csv,normal_evidence,6544,3709f4a0335529c02ce94c1af80a2f3b6621bbd3c8c5ae7a74a6ab8de8fd6fe8
normal_evidence_002/units/NDEV-EVD-0219.signature.csv,evidence/normal_dev_002/units/NDEV-EVD-0219.signature.csv,normal_evidence,4252,d3055112d7ade63ef051179c8fc4ec647c649fd1a5a61de00af61e512931e87a
normal_evidence_002/units/NDEV-EVD-0219.txt,evidence/normal_dev_002/units/NDEV-EVD-0219.txt,normal_evidence,374,39b5f4ecdc2a2a028dfa0466ada535c771a9948f6c20708bbc551664257f5bfc
normal_evidence_002/units/NDEV-EVD-0220.evidence.json,evidence/normal_dev_002/units/NDEV-EVD-0220.evidence.json,normal_evidence,179115,754be902348e68e299e96b3f10b5fcc8911da85728776ca696134609c9e37c63
normal_evidence_002/units/NDEV-EVD-0220.features.csv,evidence/normal_dev_002/units/NDEV-EVD-0220.features.csv,normal_evidence,6543,f6abc362a907233da77ec4d148d1ed2a047ee167053dfd76387c240455380e4f
normal_evidence_002/units/NDEV-EVD-0220.signature.csv,evidence/normal_dev_002/units/NDEV-EVD-0220.signature.csv,normal_evidence,4252,d3055112d7ade63ef051179c8fc4ec647c649fd1a5a61de00af61e512931e87a
normal_evidence_002/units/NDEV-EVD-0220.txt,evidence/normal_dev_002/units/NDEV-EVD-0220.txt,normal_evidence,374,5115a2ce9b8d95f15da154efce0ca796f48b4e07b06360bbead8e401ded2f7e7
normal_evidence_002/units/NDEV-EVD-0221.evidence.json,evidence/normal_dev_002/units/NDEV-EVD-0221.evidence.json,normal_evidence,179120,65d534b2da796df9d4610aed7b1b9b1866bc4384f1cd2733e2fc17e4bfd04ea8
normal_evidence_002/units/NDEV-EVD-0221.features.csv,evidence/normal_dev_002/units/NDEV-EVD-0221.features.csv,normal_evidence,6562,8cc6ebad93cd293a030f162d6d70c011c185ed3862103148268fe5ac149da43b
normal_evidence_002/units/NDEV-EVD-0221.signature.csv,evidence/normal_dev_002/units/NDEV-EVD-0221.signature.csv,normal_evidence,4252,d3055112d7ade63ef051179c8fc4ec647c649fd1a5a61de00af61e512931e87a
normal_evidence_002/units/NDEV-EVD-0221.txt,evidence/normal_dev_002/units/NDEV-EVD-0221.txt,normal_evidence,374,a422cfbcbc373057c0db826cbdb8ee970bb23596460e3c6a446c2e3e539e3ede
normal_evidence_002/units/NDEV-EVD-0222.evidence.json,evidence/normal_dev_002/units/NDEV-EVD-0222.evidence.json,normal_evidence,179137,779fc8bb7a4dcde72f9a9ed9058442b48156b96a73bc7158cb37d7374af60f3e
normal_evidence_002/units/NDEV-EVD-0222.features.csv,evidence/normal_dev_002/units/NDEV-EVD-0222.features.csv,normal_evidence,6587,022f3992689b234ae5ca6dd965d8309f8968c183eb63b6193e9ca9a2d13044aa
normal_evidence_002/units/NDEV-EVD-0222.signature.csv,evidence/normal_dev_002/units/NDEV-EVD-0222.signature.csv,normal_evidence,4252,d3055112d7ade63ef051179c8fc4ec647c649fd1a5a61de00af61e512931e87a
normal_evidence_002/units/NDEV-EVD-0222.txt,evidence/normal_dev_002/units/NDEV-EVD-0222.txt,normal_evidence,374,68bb5e2766528574882287bedc8b62942bc7a1cf15bcc3a0bfc524d94a315608
normal_evidence_002/units/NDEV-EVD-0223.evidence.json,evidence/normal_dev_002/units/NDEV-EVD-0223.evidence.json,normal_evidence,179113,d208c65d6469022f6edf3d7e00aef59b954a5516d47fd154d9ac0dd83e9409d6
normal_evidence_002/units/NDEV-EVD-0223.features.csv,evidence/normal_dev_002/units/NDEV-EVD-0223.features.csv,normal_evidence,6536,6d1213d4e1f444fea74708a94d7b054b0b4520af4a7f0e42b57d1093ff14d5fd
normal_evidence_002/units/NDEV-EVD-0223.signature.csv,evidence/normal_dev_002/units/NDEV-EVD-0223.signature.csv,normal_evidence,4252,d3055112d7ade63ef051179c8fc4ec647c649fd1a5a61de00af61e512931e87a
normal_evidence_002/units/NDEV-EVD-0223.txt,evidence/normal_dev_002/units/NDEV-EVD-0223.txt,normal_evidence,374,558caac70561d358819153ff5b0d9266472bf682b856e77cba708a42da95ebdb
normal_evidence_002/units/NDEV-EVD-0224.evidence.json,evidence/normal_dev_002/units/NDEV-EVD-0224.evidence.json,normal_evidence,179123,d0cbc3b274525c95b8017b2c89d620bd06452b98d5d820d23347b98652c31f94
normal_evidence_002/units/NDEV-EVD-0224.features.csv,evidence/normal_dev_002/units/NDEV-EVD-0224.features.csv,normal_evidence,6550,31bd2b1b32c588b26d9e0dae1f67e03b8ca46cdbe97e999ce251ae0341562fac
normal_evidence_002/units/NDEV-EVD-0224.signature.csv,evidence/normal_dev_002/units/NDEV-EVD-0224.signature.csv,normal_evidence,4252,d3055112d7ade63ef051179c8fc4ec647c649fd1a5a61de00af61e512931e87a
normal_evidence_002/units/NDEV-EVD-0224.txt,evidence/normal_dev_002/units/NDEV-EVD-0224.txt,normal_evidence,374,f325fdc34f226fe0aa29158eef33f97a3b82367622d2d13c7ee6130030386cf1
normal_evidence_002/units/NDEV-EVD-0225.evidence.json,evidence/normal_dev_002/units/NDEV-EVD-0225.evidence.json,normal_evidence,179114,7cbb9d0d7ba6b717ea6e875452d57e3e81d8be8101f0c6b60f414a532666bc22
normal_evidence_002/units/NDEV-EVD-0225.features.csv,evidence/normal_dev_002/units/NDEV-EVD-0225.features.csv,normal_evidence,6538,87bf45afadd276c5683d0a75df151edbc6a2c2d50f10758a3ee41d7b40a0b809
normal_evidence_002/units/NDEV-EVD-0225.signature.csv,evidence/normal_dev_002/units/NDEV-EVD-0225.signature.csv,normal_evidence,4252,d3055112d7ade63ef051179c8fc4ec647c649fd1a5a61de00af61e512931e87a
normal_evidence_002/units/NDEV-EVD-0225.txt,evidence/normal_dev_002/units/NDEV-EVD-0225.txt,normal_evidence,374,42a035469a9e59825b3946f86539f86cfe310756ac148da1a4524e0040d871b9
normal_evidence_002/units/NDEV-EVD-0226.evidence.json,evidence/normal_dev_002/units/NDEV-EVD-0226.evidence.json,normal_evidence,179119,612b1c048cf63f2336c6ef4849228785794b1af97c7d995e4d1ce7f91c9a67b2
normal_evidence_002/units/NDEV-EVD-0226.features.csv,evidence/normal_dev_002/units/NDEV-EVD-0226.features.csv,normal_evidence,6544,8036e276a089194245dffbd1df2d34d94ca6c8763f5eb2980bf48b4deaf004d6
normal_evidence_002/units/NDEV-EVD-0226.signature.csv,evidence/normal_dev_002/units/NDEV-EVD-0226.signature.csv,normal_evidence,4252,d3055112d7ade63ef051179c8fc4ec647c649fd1a5a61de00af61e512931e87a
normal_evidence_002/units/NDEV-EVD-0226.txt,evidence/normal_dev_002/units/NDEV-EVD-0226.txt,normal_evidence,374,d10be024e626d8364fc82a7183fe26c47a6ddc23eec5d001a5dc8c91b3b5bb7d
normal_evidence_002/units/NDEV-EVD-0227.evidence.json,evidence/normal_dev_002/units/NDEV-EVD-0227.evidence.json,normal_evidence,179132,d7deae74b3907894734eef4deed25d01bd39f2065a845dd8acab83295df13d2c
normal_evidence_002/units/NDEV-EVD-0227.features.csv,evidence/normal_dev_002/units/NDEV-EVD-0227.features.csv,normal_evidence,6566,b0146560d23745394e3df7b15db0cf11915aab3adee31916e5868b0117d49d56
normal_evidence_002/units/NDEV-EVD-0227.signature.csv,evidence/normal_dev_002/units/NDEV-EVD-0227.signature.csv,normal_evidence,4252,d3055112d7ade63ef051179c8fc4ec647c649fd1a5a61de00af61e512931e87a
normal_evidence_002/units/NDEV-EVD-0227.txt,evidence/normal_dev_002/units/NDEV-EVD-0227.txt,normal_evidence,374,bbbda2875f6115f59e1b9f4f6a51c4f9fcd45c06669059d8d53d036069105d01
normal_evidence_002/units/NDEV-EVD-0228.evidence.json,evidence/normal_dev_002/units/NDEV-EVD-0228.evidence.json,normal_evidence,179132,350d27f1cbb1b64982736a5e2b27afa6dd007cc6aff79e080dc52a93893b54fc
normal_evidence_002/units/NDEV-EVD-0228.features.csv,evidence/normal_dev_002/units/NDEV-EVD-0228.features.csv,normal_evidence,6554,b3caaa26279a1cf991f718426c84814b37c9dde851a6169b7ea06eba8c567c71
normal_evidence_002/units/NDEV-EVD-0228.signature.csv,evidence/normal_dev_002/units/NDEV-EVD-0228.signature.csv,normal_evidence,4252,d3055112d7ade63ef051179c8fc4ec647c649fd1a5a61de00af61e512931e87a
normal_evidence_002/units/NDEV-EVD-0228.txt,evidence/normal_dev_002/units/NDEV-EVD-0228.txt,normal_evidence,374,bf057e2e8b308222eb5b777c7cc9d664f9f2c52c48d8a8e57aaa6a7b8489b60a
normal_evidence_002/units/NDEV-EVD-0229.evidence.json,evidence/normal_dev_002/units/NDEV-EVD-0229.evidence.json,normal_evidence,179112,1f7fa2d6b957831ba384fd63e497638293d4b985a167ea55d1399eb3a5b6d737
normal_evidence_002/units/NDEV-EVD-0229.features.csv,evidence/normal_dev_002/units/NDEV-EVD-0229.features.csv,normal_evidence,6529,592ec23602a3600ddf53466c1a98164e2f5523cb3901997ee0ab0132935ead6e
normal_evidence_002/units/NDEV-EVD-0229.signature.csv,evidence/normal_dev_002/units/NDEV-EVD-0229.signature.csv,normal_evidence,4252,d3055112d7ade63ef051179c8fc4ec647c649fd1a5a61de00af61e512931e87a
normal_evidence_002/units/NDEV-EVD-0229.txt,evidence/normal_dev_002/units/NDEV-EVD-0229.txt,normal_evidence,374,a801a90d70c13f23abd4060af391b15a5eba077f26c0a3bc7151f7a4e50fe506
normal_evidence_002/units/NDEV-EVD-0230.evidence.json,evidence/normal_dev_002/units/NDEV-EVD-0230.evidence.json,normal_evidence,179131,d6d7d5762e04a310479016a4d7b8d36263447938baed32e8bc92c31161bdd088
normal_evidence_002/units/NDEV-EVD-0230.features.csv,evidence/normal_dev_002/units/NDEV-EVD-0230.features.csv,normal_evidence,6577,94c36ee33a4e3e5325dac561a383415ad56996d42b4f8152604a59c597619c58
normal_evidence_002/units/NDEV-EVD-0230.signature.csv,evidence/normal_dev_002/units/NDEV-EVD-0230.signature.csv,normal_evidence,4252,d3055112d7ade63ef051179c8fc4ec647c649fd1a5a61de00af61e512931e87a
normal_evidence_002/units/NDEV-EVD-0230.txt,evidence/normal_dev_002/units/NDEV-EVD-0230.txt,normal_evidence,374,573d52452bf3c5eaf860c5732a9142a93fa73786facda309faf7f1837cc5c1e1
normal_evidence_002/units/NDEV-EVD-0231.evidence.json,evidence/normal_dev_002/units/NDEV-EVD-0231.evidence.json,normal_evidence,179143,a5ea1839d352e2623d2230b11d56ebeec8c0f8b502f3ea18f0d583b5a131633c
normal_evidence_002/units/NDEV-EVD-0231.features.csv,evidence/normal_dev_002/units/NDEV-EVD-0231.features.csv,normal_evidence,6577,ce55239306f97b5e750a639932cb4b3e8d80eb9654575a8f651e5b3ea1f6466c
normal_evidence_002/units/NDEV-EVD-0231.signature.csv,evidence/normal_dev_002/units/NDEV-EVD-0231.signature.csv,normal_evidence,4252,d3055112d7ade63ef051179c8fc4ec647c649fd1a5a61de00af61e512931e87a
normal_evidence_002/units/NDEV-EVD-0231.txt,evidence/normal_dev_002/units/NDEV-EVD-0231.txt,normal_evidence,374,660e3c41f12ef6197ae03f8854f3218aa978c72cab26ec11456397fe3e526e05
normal_evidence_002/units/NDEV-EVD-0232.evidence.json,evidence/normal_dev_002/units/NDEV-EVD-0232.evidence.json,normal_evidence,179108,13dc528ce5a67cefc3c20c8b361d65082eeecb2f254fa4db1d2193c5dba053d2
normal_evidence_002/units/NDEV-EVD-0232.features.csv,evidence/normal_dev_002/units/NDEV-EVD-0232.features.csv,normal_evidence,6535,c7b43d1a6b72767866549e937b35f1453cd723450e421106caf375618e80a0a6
normal_evidence_002/units/NDEV-EVD-0232.signature.csv,evidence/normal_dev_002/units/NDEV-EVD-0232.signature.csv,normal_evidence,4252,d3055112d7ade63ef051179c8fc4ec647c649fd1a5a61de00af61e512931e87a
normal_evidence_002/units/NDEV-EVD-0232.txt,evidence/normal_dev_002/units/NDEV-EVD-0232.txt,normal_evidence,374,dc25b48eba8e9959999bfbe2d0d7e51ce7b41e0a4122da974c15c1adcc5fae49
normal_evidence_002/units/NDEV-EVD-0233.evidence.json,evidence/normal_dev_002/units/NDEV-EVD-0233.evidence.json,normal_evidence,179138,6bf37eb7acf54515530d816fe02712e4e7eba52f8b47e25f83bd8a007bf69085
normal_evidence_002/units/NDEV-EVD-0233.features.csv,evidence/normal_dev_002/units/NDEV-EVD-0233.features.csv,normal_evidence,6578,510f7cd767e7521b38bbc9d9e999fe51197dba62ced59444005000a6d8750b96
normal_evidence_002/units/NDEV-EVD-0233.signature.csv,evidence/normal_dev_002/units/NDEV-EVD-0233.signature.csv,normal_evidence,4252,d3055112d7ade63ef051179c8fc4ec647c649fd1a5a61de00af61e512931e87a
normal_evidence_002/units/NDEV-EVD-0233.txt,evidence/normal_dev_002/units/NDEV-EVD-0233.txt,normal_evidence,374,18fc9d9e6832d61eac5a617ce08b118c183d6ee8b9435f026774629d635c94eb
normal_evidence_002/units/NDEV-EVD-0234.evidence.json,evidence/normal_dev_002/units/NDEV-EVD-0234.evidence.json,normal_evidence,179136,61853f8fa847ccdcf53b92fcbf62cd98d0f4c135a5a554df25fd909b374c7d5e
normal_evidence_002/units/NDEV-EVD-0234.features.csv,evidence/normal_dev_002/units/NDEV-EVD-0234.features.csv,normal_evidence,6562,6424ca0e5601935d20c83c1ed586b02b52fdba6088d020dfaf48684d0e9b885e
normal_evidence_002/units/NDEV-EVD-0234.signature.csv,evidence/normal_dev_002/units/NDEV-EVD-0234.signature.csv,normal_evidence,4252,d3055112d7ade63ef051179c8fc4ec647c649fd1a5a61de00af61e512931e87a
normal_evidence_002/units/NDEV-EVD-0234.txt,evidence/normal_dev_002/units/NDEV-EVD-0234.txt,normal_evidence,374,a23c6adaf201d55a0c6d077aa12216b476f153465c6e541cca6f56a2299a797b
normal_evidence_002/units/NDEV-EVD-0235.evidence.json,evidence/normal_dev_002/units/NDEV-EVD-0235.evidence.json,normal_evidence,179131,c848f0bd74b98c915370a1f6afffe8f6dd849781ad19693ac54bda7cb93b08f5
normal_evidence_002/units/NDEV-EVD-0235.features.csv,evidence/normal_dev_002/units/NDEV-EVD-0235.features.csv,normal_evidence,6567,15dff6104fadab7e2e22fb0a8ed8644441624a363d48b5e74706e91266f020c9
normal_evidence_002/units/NDEV-EVD-0235.signature.csv,evidence/normal_dev_002/units/NDEV-EVD-0235.signature.csv,normal_evidence,4252,d3055112d7ade63ef051179c8fc4ec647c649fd1a5a61de00af61e512931e87a
normal_evidence_002/units/NDEV-EVD-0235.txt,evidence/normal_dev_002/units/NDEV-EVD-0235.txt,normal_evidence,374,d12c399e3b70dcefdb9a29df067f4b8d5ee3ba9d53e3090bdaf7c0c52925d207
normal_evidence_002/units/NDEV-EVD-0236.evidence.json,evidence/normal_dev_002/units/NDEV-EVD-0236.evidence.json,normal_evidence,179084,574f48eb2944340cf888f712beb9524fc26ce86195bb9c22e387b702277560c7
normal_evidence_002/units/NDEV-EVD-0236.features.csv,evidence/normal_dev_002/units/NDEV-EVD-0236.features.csv,normal_evidence,6496,db5ef87edfa8075cfaee365730aa4ff09f6582abcf2e0a7ba04007727ad40197
normal_evidence_002/units/NDEV-EVD-0236.signature.csv,evidence/normal_dev_002/units/NDEV-EVD-0236.signature.csv,normal_evidence,4252,d3055112d7ade63ef051179c8fc4ec647c649fd1a5a61de00af61e512931e87a
normal_evidence_002/units/NDEV-EVD-0236.txt,evidence/normal_dev_002/units/NDEV-EVD-0236.txt,normal_evidence,374,f05aa7fc241ed381040bd0a8c03b72e6218016e6784da1e1e0632af55ab473d4
normal_evidence_002/units/NDEV-EVD-0237.evidence.json,evidence/normal_dev_002/units/NDEV-EVD-0237.evidence.json,normal_evidence,179159,89c18a5fd307b636daf185f262fdc2f78f827b12295739807100060e67c44bfc
normal_evidence_002/units/NDEV-EVD-0237.features.csv,evidence/normal_dev_002/units/NDEV-EVD-0237.features.csv,normal_evidence,6558,b28ca5382dcd88825e1b0a0fced59be12d56c1f7c5424953bc9da26162cabd41
normal_evidence_002/units/NDEV-EVD-0237.signature.csv,evidence/normal_dev_002/units/NDEV-EVD-0237.signature.csv,normal_evidence,4252,621f60ca075f747ac522d2045658efd3a6e1307e72ce85771a2256e2443e617b
normal_evidence_002/units/NDEV-EVD-0237.txt,evidence/normal_dev_002/units/NDEV-EVD-0237.txt,normal_evidence,429,e68422d81d8f77d26232f74914c19cbd84b291d1c4d5995fee0ffbf09d5606b4
normal_evidence_002/units/NDEV-EVD-0238.evidence.json,evidence/normal_dev_002/units/NDEV-EVD-0238.evidence.json,normal_evidence,179108,863eed724f894a3932f23f182ec7e9f2e0ee33981341f864665070816eb25a86
normal_evidence_002/units/NDEV-EVD-0238.features.csv,evidence/normal_dev_002/units/NDEV-EVD-0238.features.csv,normal_evidence,6556,601d36b9f5c1194663bd66ba2a5cc77b2a03e7d4b38c902c243eae5c2476ad9e
normal_evidence_002/units/NDEV-EVD-0238.signature.csv,evidence/normal_dev_002/units/NDEV-EVD-0238.signature.csv,normal_evidence,4252,d3055112d7ade63ef051179c8fc4ec647c649fd1a5a61de00af61e512931e87a
normal_evidence_002/units/NDEV-EVD-0238.txt,evidence/normal_dev_002/units/NDEV-EVD-0238.txt,normal_evidence,374,465ba6fd3bf1fa5a0638e8daccd7f7774596fc4de328b57995274179a0b4262f
normal_evidence_002/units/NDEV-EVD-0239.evidence.json,evidence/normal_dev_002/units/NDEV-EVD-0239.evidence.json,normal_evidence,179107,b3c0ebe4367f343d01d771d606162013dbd7c0496f059db38a1ec7bea85972bf
normal_evidence_002/units/NDEV-EVD-0239.features.csv,evidence/normal_dev_002/units/NDEV-EVD-0239.features.csv,normal_evidence,6525,884181a263c8ecb7fc890abe7bd15c389222ea80dbf4c75c37b47bc1b25b15c5
normal_evidence_002/units/NDEV-EVD-0239.signature.csv,evidence/normal_dev_002/units/NDEV-EVD-0239.signature.csv,normal_evidence,4252,d3055112d7ade63ef051179c8fc4ec647c649fd1a5a61de00af61e512931e87a
normal_evidence_002/units/NDEV-EVD-0239.txt,evidence/normal_dev_002/units/NDEV-EVD-0239.txt,normal_evidence,374,103656b0fbc510702ab1dd97452969c7ee5cbfb892a5a863000cc5909c763f3f
normal_evidence_002/units/NDEV-EVD-0240.evidence.json,evidence/normal_dev_002/units/NDEV-EVD-0240.evidence.json,normal_evidence,179087,73aa02e18fff7b3d9cd0deafe50d85c30f3f653cc761dc2bfa5aeb0befbc5934
normal_evidence_002/units/NDEV-EVD-0240.features.csv,evidence/normal_dev_002/units/NDEV-EVD-0240.features.csv,normal_evidence,6504,4cc8b7ec9064c3b37135b9743aad89f6fcf33d15fbcdc99683e12ce60a8a3ace
normal_evidence_002/units/NDEV-EVD-0240.signature.csv,evidence/normal_dev_002/units/NDEV-EVD-0240.signature.csv,normal_evidence,4252,d3055112d7ade63ef051179c8fc4ec647c649fd1a5a61de00af61e512931e87a
normal_evidence_002/units/NDEV-EVD-0240.txt,evidence/normal_dev_002/units/NDEV-EVD-0240.txt,normal_evidence,374,7226066520d49d935eb6d161776100166601b59326fe341ba694a1394ff01926
normal_evidence_002/units/NDEV-EVD-0241.evidence.json,evidence/normal_dev_002/units/NDEV-EVD-0241.evidence.json,normal_evidence,179127,2be3cf3e9c43142269c93a202d2e47fa308329ac56e561a42020f63b49444edb
normal_evidence_002/units/NDEV-EVD-0241.features.csv,evidence/normal_dev_002/units/NDEV-EVD-0241.features.csv,normal_evidence,6544,0af98e39eb00815cac75255dbe76cf4d9e2439114a62e5d1c841effd0d9d74b0
normal_evidence_002/units/NDEV-EVD-0241.signature.csv,evidence/normal_dev_002/units/NDEV-EVD-0241.signature.csv,normal_evidence,4252,d3055112d7ade63ef051179c8fc4ec647c649fd1a5a61de00af61e512931e87a
normal_evidence_002/units/NDEV-EVD-0241.txt,evidence/normal_dev_002/units/NDEV-EVD-0241.txt,normal_evidence,374,9ff9d5a9fa7713da329d12b18623318d90ea028bc20fcf7bb6d7cbc7d3512792
normal_evidence_002/units/NDEV-EVD-0242.evidence.json,evidence/normal_dev_002/units/NDEV-EVD-0242.evidence.json,normal_evidence,179087,b68619feda4d1f9284b16eeb38ecba9a853b0086f7aaff5ee716448fe492c2ce
normal_evidence_002/units/NDEV-EVD-0242.features.csv,evidence/normal_dev_002/units/NDEV-EVD-0242.features.csv,normal_evidence,6513,ad0f2385b6c905e17b0d7b35a9d4307934e0fec7b23b2b405cc96cd00052fe35
normal_evidence_002/units/NDEV-EVD-0242.signature.csv,evidence/normal_dev_002/units/NDEV-EVD-0242.signature.csv,normal_evidence,4252,d3055112d7ade63ef051179c8fc4ec647c649fd1a5a61de00af61e512931e87a
normal_evidence_002/units/NDEV-EVD-0242.txt,evidence/normal_dev_002/units/NDEV-EVD-0242.txt,normal_evidence,374,4a6129de335ad6fe653d272f1d88821f7d85c5d3c9c0e910027162ea91f1eee1
normal_evidence_002/units/NDEV-EVD-0243.evidence.json,evidence/normal_dev_002/units/NDEV-EVD-0243.evidence.json,normal_evidence,179103,354c340751eb9d47f5a372e04ca0b00b926fefd61dad9f26551531a92cb5d4d1
normal_evidence_002/units/NDEV-EVD-0243.features.csv,evidence/normal_dev_002/units/NDEV-EVD-0243.features.csv,normal_evidence,6522,3c09a18f8786e908709112a6d825049997a19343c1c0e99331465cf546b96892
normal_evidence_002/units/NDEV-EVD-0243.signature.csv,evidence/normal_dev_002/units/NDEV-EVD-0243.signature.csv,normal_evidence,4252,d3055112d7ade63ef051179c8fc4ec647c649fd1a5a61de00af61e512931e87a
normal_evidence_002/units/NDEV-EVD-0243.txt,evidence/normal_dev_002/units/NDEV-EVD-0243.txt,normal_evidence,373,9ae3e2961288a2f1229eee9f0cfd64763c9d48cd663db7b821195a7d2b723868
normal_evidence_002/units/NDEV-EVD-0244.evidence.json,evidence/normal_dev_002/units/NDEV-EVD-0244.evidence.json,normal_evidence,179106,b7083791568d9963328279f8572f99358c9fac17e7e65e71e1f85b785961ace3
normal_evidence_002/units/NDEV-EVD-0244.features.csv,evidence/normal_dev_002/units/NDEV-EVD-0244.features.csv,normal_evidence,6522,dffa5087669578f7b933e9d06abcc862580e25be35fb24a9c8a24cd1ab94e5b3
normal_evidence_002/units/NDEV-EVD-0244.signature.csv,evidence/normal_dev_002/units/NDEV-EVD-0244.signature.csv,normal_evidence,4252,d3055112d7ade63ef051179c8fc4ec647c649fd1a5a61de00af61e512931e87a
normal_evidence_002/units/NDEV-EVD-0244.txt,evidence/normal_dev_002/units/NDEV-EVD-0244.txt,normal_evidence,374,cb14562b4183f6c8ac61fad8114098813fda6fa987fc7e7211ed2649771a5301
normal_evidence_002/units/NDEV-EVD-0245.evidence.json,evidence/normal_dev_002/units/NDEV-EVD-0245.evidence.json,normal_evidence,179125,f3450c5b30fc7206be418cab1f60a8a221c908cef994d830ddf21065d8dbc5f2
normal_evidence_002/units/NDEV-EVD-0245.features.csv,evidence/normal_dev_002/units/NDEV-EVD-0245.features.csv,normal_evidence,6546,86a32e05f130d41bca443be49d5331176d1167d29b308564cebeffa9048a6691
normal_evidence_002/units/NDEV-EVD-0245.signature.csv,evidence/normal_dev_002/units/NDEV-EVD-0245.signature.csv,normal_evidence,4252,d3055112d7ade63ef051179c8fc4ec647c649fd1a5a61de00af61e512931e87a
normal_evidence_002/units/NDEV-EVD-0245.txt,evidence/normal_dev_002/units/NDEV-EVD-0245.txt,normal_evidence,374,aa78ba9b8b8697986dbe6eddd1fa2c035874d4cef627f5e75c7a444c6c0e379d
normal_evidence_002/units/NDEV-EVD-0246.evidence.json,evidence/normal_dev_002/units/NDEV-EVD-0246.evidence.json,normal_evidence,179127,cb8e5f765e080eca37a739f668df742c0d8806cd726cb56530239a4ad95a1c09
normal_evidence_002/units/NDEV-EVD-0246.features.csv,evidence/normal_dev_002/units/NDEV-EVD-0246.features.csv,normal_evidence,6525,5742ae8c9eaef1881a73edc1edf4407489fb697f64d1ed35f5fa37d9e710eb5e
normal_evidence_002/units/NDEV-EVD-0246.signature.csv,evidence/normal_dev_002/units/NDEV-EVD-0246.signature.csv,normal_evidence,4252,d3055112d7ade63ef051179c8fc4ec647c649fd1a5a61de00af61e512931e87a
normal_evidence_002/units/NDEV-EVD-0246.txt,evidence/normal_dev_002/units/NDEV-EVD-0246.txt,normal_evidence,374,9d648b6a3e3659cb8c797062a049ba1511c661973bcf51394b7af917a288e0c7
normal_evidence_002/units/NDEV-EVD-0247.evidence.json,evidence/normal_dev_002/units/NDEV-EVD-0247.evidence.json,normal_evidence,179131,22c40d5801cf8314ff9c68bda89485283357e37c524abfa7476f920bfbd0f199
normal_evidence_002/units/NDEV-EVD-0247.features.csv,evidence/normal_dev_002/units/NDEV-EVD-0247.features.csv,normal_evidence,6557,21776349bfae9f62740f43bbb293a9c49f49fb101624460518b260f76b65fa2b
normal_evidence_002/units/NDEV-EVD-0247.signature.csv,evidence/normal_dev_002/units/NDEV-EVD-0247.signature.csv,normal_evidence,4252,d3055112d7ade63ef051179c8fc4ec647c649fd1a5a61de00af61e512931e87a
normal_evidence_002/units/NDEV-EVD-0247.txt,evidence/normal_dev_002/units/NDEV-EVD-0247.txt,normal_evidence,374,2f46a00aab057c5b8293e1e37abd7d8ba0d031f093efef1031836e1475ededb9
normal_evidence_002/units/NDEV-EVD-0248.evidence.json,evidence/normal_dev_002/units/NDEV-EVD-0248.evidence.json,normal_evidence,179117,1f39650f2ff1a586bf82df81e0e304a31b9cb5f53bd8e4c5fd8f5eb310fd9eb7
normal_evidence_002/units/NDEV-EVD-0248.features.csv,evidence/normal_dev_002/units/NDEV-EVD-0248.features.csv,normal_evidence,6537,86d96bcb94f2958d7b39805162e12d5b7dea9607cb89229342dd060f8d861f56
normal_evidence_002/units/NDEV-EVD-0248.signature.csv,evidence/normal_dev_002/units/NDEV-EVD-0248.signature.csv,normal_evidence,4252,d3055112d7ade63ef051179c8fc4ec647c649fd1a5a61de00af61e512931e87a
normal_evidence_002/units/NDEV-EVD-0248.txt,evidence/normal_dev_002/units/NDEV-EVD-0248.txt,normal_evidence,374,dd01ea22d8719433a6fd5d0b4817999a5ec172217e02219ea43f75afc2db037e
normal_evidence_002/units/NDEV-EVD-0249.evidence.json,evidence/normal_dev_002/units/NDEV-EVD-0249.evidence.json,normal_evidence,179127,c82f57a5b0430dcc9bd872988739f1adffb1f543a4c0443442d1d65e03750b5b
normal_evidence_002/units/NDEV-EVD-0249.features.csv,evidence/normal_dev_002/units/NDEV-EVD-0249.features.csv,normal_evidence,6550,a0664e5c3537ba6ba467e4ff654d21d15218e855736f1484ad2742457893a6cf
normal_evidence_002/units/NDEV-EVD-0249.signature.csv,evidence/normal_dev_002/units/NDEV-EVD-0249.signature.csv,normal_evidence,4252,d3055112d7ade63ef051179c8fc4ec647c649fd1a5a61de00af61e512931e87a
normal_evidence_002/units/NDEV-EVD-0249.txt,evidence/normal_dev_002/units/NDEV-EVD-0249.txt,normal_evidence,374,f500ee7c3893fb54922594ed82581c6a775b157bb4df362a0bc966a145fafa2a
normal_evidence_002/units/NDEV-EVD-0250.evidence.json,evidence/normal_dev_002/units/NDEV-EVD-0250.evidence.json,normal_evidence,179111,8b8dd00e1ad74c62db3a006663a103d62c05144961b21fe806712f4516cecc4a
normal_evidence_002/units/NDEV-EVD-0250.features.csv,evidence/normal_dev_002/units/NDEV-EVD-0250.features.csv,normal_evidence,6535,bd0fb1d4dd7ecc171a79a544f57d2073e6a31bb9686ec55de9be8808c6a9d735
normal_evidence_002/units/NDEV-EVD-0250.signature.csv,evidence/normal_dev_002/units/NDEV-EVD-0250.signature.csv,normal_evidence,4252,d3055112d7ade63ef051179c8fc4ec647c649fd1a5a61de00af61e512931e87a
normal_evidence_002/units/NDEV-EVD-0250.txt,evidence/normal_dev_002/units/NDEV-EVD-0250.txt,normal_evidence,373,32d343c8ad39fbb40f8d1524ad6f147224bcf49c6a93f34595c54499126bbbe7
normal_evidence_002/units/NDEV-EVD-0251.evidence.json,evidence/normal_dev_002/units/NDEV-EVD-0251.evidence.json,normal_evidence,179087,94eed2c308618bdb4dde95fceb7920120a2a5e8c3d465782660ced02671c771d
normal_evidence_002/units/NDEV-EVD-0251.features.csv,evidence/normal_dev_002/units/NDEV-EVD-0251.features.csv,normal_evidence,6513,87ae6b7ee0b859181e12186a922fb67f173b5cbb0a66a6b41615e04857865a33
normal_evidence_002/units/NDEV-EVD-0251.signature.csv,evidence/normal_dev_002/units/NDEV-EVD-0251.signature.csv,normal_evidence,4252,d3055112d7ade63ef051179c8fc4ec647c649fd1a5a61de00af61e512931e87a
normal_evidence_002/units/NDEV-EVD-0251.txt,evidence/normal_dev_002/units/NDEV-EVD-0251.txt,normal_evidence,374,ff22ce570bcd43689adf925b7a3526543610ee9b6d952c674dda14616cb57c0d
normal_evidence_002/units/NDEV-EVD-0252.evidence.json,evidence/normal_dev_002/units/NDEV-EVD-0252.evidence.json,normal_evidence,179118,f70cb775e75f9e1d5c52caf1be8fc61c230a393c80f370053f2e9a203a519e36
normal_evidence_002/units/NDEV-EVD-0252.features.csv,evidence/normal_dev_002/units/NDEV-EVD-0252.features.csv,normal_evidence,6548,2b7746f0a1ddc464a1ba98f57f08863203ab1c15a661f5f9c1ab82f151404c85
normal_evidence_002/units/NDEV-EVD-0252.signature.csv,evidence/normal_dev_002/units/NDEV-EVD-0252.signature.csv,normal_evidence,4252,d3055112d7ade63ef051179c8fc4ec647c649fd1a5a61de00af61e512931e87a
normal_evidence_002/units/NDEV-EVD-0252.txt,evidence/normal_dev_002/units/NDEV-EVD-0252.txt,normal_evidence,374,1c71099e1474cf7003f89cfbf706ce416dda4af133002948bc40b01a08eca819
normal_evidence_002/units/NDEV-EVD-0253.evidence.json,evidence/normal_dev_002/units/NDEV-EVD-0253.evidence.json,normal_evidence,179100,6d1bf0bcb9365a66f54f508e4b4a0d52c691915333965698d01f81b381e78189
normal_evidence_002/units/NDEV-EVD-0253.features.csv,evidence/normal_dev_002/units/NDEV-EVD-0253.features.csv,normal_evidence,6532,2076f839e56b04946e8b6d8d660bcd80baaf320e36b142512d25ab9976d08c05
normal_evidence_002/units/NDEV-EVD-0253.signature.csv,evidence/normal_dev_002/units/NDEV-EVD-0253.signature.csv,normal_evidence,4252,d3055112d7ade63ef051179c8fc4ec647c649fd1a5a61de00af61e512931e87a
normal_evidence_002/units/NDEV-EVD-0253.txt,evidence/normal_dev_002/units/NDEV-EVD-0253.txt,normal_evidence,374,be15c487e8243a80f04d052583c34a10ba6634d7e77f0d035128e32e96c1638e
normal_evidence_002/units/NDEV-EVD-0254.evidence.json,evidence/normal_dev_002/units/NDEV-EVD-0254.evidence.json,normal_evidence,179109,7674c37b11b8490fafa7b2e2c39c5e45f583901eb674f94ac26b1d002ea2e01d
normal_evidence_002/units/NDEV-EVD-0254.features.csv,evidence/normal_dev_002/units/NDEV-EVD-0254.features.csv,normal_evidence,6535,1c91b1d9ecff0a71afe7a26af6f6cf5680b3c098dbbb48c6b64bc1e98707fdd6
normal_evidence_002/units/NDEV-EVD-0254.signature.csv,evidence/normal_dev_002/units/NDEV-EVD-0254.signature.csv,normal_evidence,4252,d3055112d7ade63ef051179c8fc4ec647c649fd1a5a61de00af61e512931e87a
normal_evidence_002/units/NDEV-EVD-0254.txt,evidence/normal_dev_002/units/NDEV-EVD-0254.txt,normal_evidence,374,23fd94a531f353384602320b8310e46de7c4a5630176b7fbdf9a7d1293a62f88
normal_evidence_002/units/NDEV-EVD-0255.evidence.json,evidence/normal_dev_002/units/NDEV-EVD-0255.evidence.json,normal_evidence,179111,8263179c772d56dcb41a47aea95f4e0f726ad2f178e96b48e99a30a4335c8db7
normal_evidence_002/units/NDEV-EVD-0255.features.csv,evidence/normal_dev_002/units/NDEV-EVD-0255.features.csv,normal_evidence,6531,5eaf8a1550d3250f7806c9c8544c4f8f368c70ce22a00ca82e44438ba086c3f9
normal_evidence_002/units/NDEV-EVD-0255.signature.csv,evidence/normal_dev_002/units/NDEV-EVD-0255.signature.csv,normal_evidence,4252,d3055112d7ade63ef051179c8fc4ec647c649fd1a5a61de00af61e512931e87a
normal_evidence_002/units/NDEV-EVD-0255.txt,evidence/normal_dev_002/units/NDEV-EVD-0255.txt,normal_evidence,374,d775296ddeda4c9fb9dd645a04bd8fb949d89b243cc3a8136265c9a478e5fed9
normal_evidence_002/units/NDEV-EVD-0256.evidence.json,evidence/normal_dev_002/units/NDEV-EVD-0256.evidence.json,normal_evidence,179122,43e9c826e272712e15d950b6cfc4fcbde5a61970d36003b0d82d991e7e55ea8c
normal_evidence_002/units/NDEV-EVD-0256.features.csv,evidence/normal_dev_002/units/NDEV-EVD-0256.features.csv,normal_evidence,6559,8fbe421d1d8a7bdbabb96ca93dc8dbdbe8414735da7f262b2bc311a2c62bb743
normal_evidence_002/units/NDEV-EVD-0256.signature.csv,evidence/normal_dev_002/units/NDEV-EVD-0256.signature.csv,normal_evidence,4252,d3055112d7ade63ef051179c8fc4ec647c649fd1a5a61de00af61e512931e87a
normal_evidence_002/units/NDEV-EVD-0256.txt,evidence/normal_dev_002/units/NDEV-EVD-0256.txt,normal_evidence,374,4b3b34d24de1cf2689e4f72640fcbfeb2374f8b5bd8c65783b48920cbdbaeee7
normal_evidence_002/units/NDEV-EVD-0257.evidence.json,evidence/normal_dev_002/units/NDEV-EVD-0257.evidence.json,normal_evidence,179113,d62e41033cc733b627877093585e0d4f2652db6fd7b36eddc93b65388e2c27f8
normal_evidence_002/units/NDEV-EVD-0257.features.csv,evidence/normal_dev_002/units/NDEV-EVD-0257.features.csv,normal_evidence,6557,edd3c2e59115c2a028e3d9bd75dddeeddd56cb51a3413b0d743864cbacfc99de
normal_evidence_002/units/NDEV-EVD-0257.signature.csv,evidence/normal_dev_002/units/NDEV-EVD-0257.signature.csv,normal_evidence,4252,d3055112d7ade63ef051179c8fc4ec647c649fd1a5a61de00af61e512931e87a
normal_evidence_002/units/NDEV-EVD-0257.txt,evidence/normal_dev_002/units/NDEV-EVD-0257.txt,normal_evidence,373,b6ed0ecc002b5fb5789c599e8c0a61d58e7c4fb92157ee711f8a55ee84ef8819
normal_evidence_002/units/NDEV-EVD-0258.evidence.json,evidence/normal_dev_002/units/NDEV-EVD-0258.evidence.json,normal_evidence,179118,7225786eaa1643a60c66f001a20692b07c6de0e9a55416c6823d1bcb6b06d18c
normal_evidence_002/units/NDEV-EVD-0258.features.csv,evidence/normal_dev_002/units/NDEV-EVD-0258.features.csv,normal_evidence,6541,1c92943c885b2baef47518e3093ff3c691ab4b4f31bdc267647e0ae8ead6acd3
normal_evidence_002/units/NDEV-EVD-0258.signature.csv,evidence/normal_dev_002/units/NDEV-EVD-0258.signature.csv,normal_evidence,4252,d3055112d7ade63ef051179c8fc4ec647c649fd1a5a61de00af61e512931e87a
normal_evidence_002/units/NDEV-EVD-0258.txt,evidence/normal_dev_002/units/NDEV-EVD-0258.txt,normal_evidence,374,0610e98cafc150802769ea3e5ccdae90537dcfb8a97556a12954108e4d312e44
normal_evidence_002/units/NDEV-EVD-0259.evidence.json,evidence/normal_dev_002/units/NDEV-EVD-0259.evidence.json,normal_evidence,179115,483c2a255ba058fcd87974655f4d3f6e5df7e88da231087f0bfe245a6ba1494d
normal_evidence_002/units/NDEV-EVD-0259.features.csv,evidence/normal_dev_002/units/NDEV-EVD-0259.features.csv,normal_evidence,6535,b358fec0e5dfa0e9c5641a994eb55a2f91877d8e75c948c3282d0ee0fb099dd4
normal_evidence_002/units/NDEV-EVD-0259.signature.csv,evidence/normal_dev_002/units/NDEV-EVD-0259.signature.csv,normal_evidence,4252,d3055112d7ade63ef051179c8fc4ec647c649fd1a5a61de00af61e512931e87a
normal_evidence_002/units/NDEV-EVD-0259.txt,evidence/normal_dev_002/units/NDEV-EVD-0259.txt,normal_evidence,374,844ff68c805428dba8dac58d5af34938627e13b53b644b168b4aa95da363f55c
normal_evidence_002/units/NDEV-EVD-0260.evidence.json,evidence/normal_dev_002/units/NDEV-EVD-0260.evidence.json,normal_evidence,179094,d7892e8363fedadbdaea7b4ddd0fe9ca072e8c0bb020d53e39df13d3bb2ecb33
normal_evidence_002/units/NDEV-EVD-0260.features.csv,evidence/normal_dev_002/units/NDEV-EVD-0260.features.csv,normal_evidence,6525,9830ec052ab7230f7d142f5663fd534468df520d3ea7b9ead83b759093bc12de
normal_evidence_002/units/NDEV-EVD-0260.signature.csv,evidence/normal_dev_002/units/NDEV-EVD-0260.signature.csv,normal_evidence,4252,d3055112d7ade63ef051179c8fc4ec647c649fd1a5a61de00af61e512931e87a
normal_evidence_002/units/NDEV-EVD-0260.txt,evidence/normal_dev_002/units/NDEV-EVD-0260.txt,normal_evidence,374,7ced0d72c9ed9ab9716b4887ffbf7c3999afdc26ee0cf6220ab3289ae757f49d
normal_evidence_002/units/NDEV-EVD-0261.evidence.json,evidence/normal_dev_002/units/NDEV-EVD-0261.evidence.json,normal_evidence,179127,08abe5bdad2c03d3e4718bd1905cc9c306a05ce5e757b15ab0f418d8941ee353
normal_evidence_002/units/NDEV-EVD-0261.features.csv,evidence/normal_dev_002/units/NDEV-EVD-0261.features.csv,normal_evidence,6553,15d484fa10daf81815a01990a3430694d523731160d85df64a1a1807925516e1
normal_evidence_002/units/NDEV-EVD-0261.signature.csv,evidence/normal_dev_002/units/NDEV-EVD-0261.signature.csv,normal_evidence,4252,d3055112d7ade63ef051179c8fc4ec647c649fd1a5a61de00af61e512931e87a
normal_evidence_002/units/NDEV-EVD-0261.txt,evidence/normal_dev_002/units/NDEV-EVD-0261.txt,normal_evidence,374,55ea97c934e53de5d74b163026a68ff493bea63c1c1398dc3a4f087edab33bda
normal_evidence_002/units/NDEV-EVD-0262.evidence.json,evidence/normal_dev_002/units/NDEV-EVD-0262.evidence.json,normal_evidence,179107,f9bdf5b35d1dfaab3aa69a1ab7a9517fb41c1596f28b4e2482cd71a1de7a074e
normal_evidence_002/units/NDEV-EVD-0262.features.csv,evidence/normal_dev_002/units/NDEV-EVD-0262.features.csv,normal_evidence,6519,4f3fd6a1b13cf926b6368ee3d1c1427e4da03ac9cee000aae231fbc3c4ef99fc
normal_evidence_002/units/NDEV-EVD-0262.signature.csv,evidence/normal_dev_002/units/NDEV-EVD-0262.signature.csv,normal_evidence,4252,d3055112d7ade63ef051179c8fc4ec647c649fd1a5a61de00af61e512931e87a
normal_evidence_002/units/NDEV-EVD-0262.txt,evidence/normal_dev_002/units/NDEV-EVD-0262.txt,normal_evidence,374,f911f74e297846bf4b958bb9d3d39a2dbc285ca5bec3e95918e4d96e7158a582
normal_evidence_002/units/NDEV-EVD-0263.evidence.json,evidence/normal_dev_002/units/NDEV-EVD-0263.evidence.json,normal_evidence,179129,a251f363a37490574c1423759ecc7bab402f061dc7b82760e8a3243e250910c8
normal_evidence_002/units/NDEV-EVD-0263.features.csv,evidence/normal_dev_002/units/NDEV-EVD-0263.features.csv,normal_evidence,6560,c5570f67515082df337032934f8bbd2f9f2fab6966555c803162fe8fe87ab82c
normal_evidence_002/units/NDEV-EVD-0263.signature.csv,evidence/normal_dev_002/units/NDEV-EVD-0263.signature.csv,normal_evidence,4252,d3055112d7ade63ef051179c8fc4ec647c649fd1a5a61de00af61e512931e87a
normal_evidence_002/units/NDEV-EVD-0263.txt,evidence/normal_dev_002/units/NDEV-EVD-0263.txt,normal_evidence,374,22359088bf1d1a5b434bb5b21ea261541a85d77b4070ba71b49cf58ced83cfbe
normal_evidence_002/units/NDEV-EVD-0264.evidence.json,evidence/normal_dev_002/units/NDEV-EVD-0264.evidence.json,normal_evidence,179113,e2453352de9440ba94d2ad5edb56a39723370653d50058f57372ef0e3d2c719b
normal_evidence_002/units/NDEV-EVD-0264.features.csv,evidence/normal_dev_002/units/NDEV-EVD-0264.features.csv,normal_evidence,6547,cc8ea3fe39a477b5653c0d3b92120c7b30e6046ea6f24c4338f5d2b69e4509b1
normal_evidence_002/units/NDEV-EVD-0264.signature.csv,evidence/normal_dev_002/units/NDEV-EVD-0264.signature.csv,normal_evidence,4252,d3055112d7ade63ef051179c8fc4ec647c649fd1a5a61de00af61e512931e87a
normal_evidence_002/units/NDEV-EVD-0264.txt,evidence/normal_dev_002/units/NDEV-EVD-0264.txt,normal_evidence,373,c40a006612705d03b513084e9a31f82c7714d844ad02ba2adb19491c09fee1b2
normal_evidence_002/units/NDEV-EVD-0265.evidence.json,evidence/normal_dev_002/units/NDEV-EVD-0265.evidence.json,normal_evidence,179119,212784b3f91dc2e529b671671c7256755011b89808b8691eb0ef2a08700de065
normal_evidence_002/units/NDEV-EVD-0265.features.csv,evidence/normal_dev_002/units/NDEV-EVD-0265.features.csv,normal_evidence,6542,c5222edcf6c5e896f35d3a8697db741de058d1537773aed586aecd4664eb98e9
normal_evidence_002/units/NDEV-EVD-0265.signature.csv,evidence/normal_dev_002/units/NDEV-EVD-0265.signature.csv,normal_evidence,4252,d3055112d7ade63ef051179c8fc4ec647c649fd1a5a61de00af61e512931e87a
normal_evidence_002/units/NDEV-EVD-0265.txt,evidence/normal_dev_002/units/NDEV-EVD-0265.txt,normal_evidence,374,6f18db01be5dceaac62e01361c23c98e8f378e4f7992052511fa830cb405ced6
normal_evidence_002/units/NDEV-EVD-0266.evidence.json,evidence/normal_dev_002/units/NDEV-EVD-0266.evidence.json,normal_evidence,179121,a23c714db52d6890f4f07a7c688f27ff5176fd2602ae25eb1805bd5b75e1ea88
normal_evidence_002/units/NDEV-EVD-0266.features.csv,evidence/normal_dev_002/units/NDEV-EVD-0266.features.csv,normal_evidence,6538,e7eb55fadbc503d56a9761a583045f58c78a0b0f42a55fca96d2a93bf637d3f6
normal_evidence_002/units/NDEV-EVD-0266.signature.csv,evidence/normal_dev_002/units/NDEV-EVD-0266.signature.csv,normal_evidence,4252,d3055112d7ade63ef051179c8fc4ec647c649fd1a5a61de00af61e512931e87a
normal_evidence_002/units/NDEV-EVD-0266.txt,evidence/normal_dev_002/units/NDEV-EVD-0266.txt,normal_evidence,374,d4bde6cadfd17a1511c2227d0c2b300f8692ea9397d806a2165f7a24ff524643
normal_evidence_002/units/NDEV-EVD-0267.evidence.json,evidence/normal_dev_002/units/NDEV-EVD-0267.evidence.json,normal_evidence,179139,33f96e1051f069acef81a9c45fd203afb35fa8d0247953d21b87e84f189d97cb
normal_evidence_002/units/NDEV-EVD-0267.features.csv,evidence/normal_dev_002/units/NDEV-EVD-0267.features.csv,normal_evidence,6584,21ffbd93609fb829ff2c7c6d78341074aef7d7962ebbb68c55df1fbf533fe929
normal_evidence_002/units/NDEV-EVD-0267.signature.csv,evidence/normal_dev_002/units/NDEV-EVD-0267.signature.csv,normal_evidence,4252,d3055112d7ade63ef051179c8fc4ec647c649fd1a5a61de00af61e512931e87a
normal_evidence_002/units/NDEV-EVD-0267.txt,evidence/normal_dev_002/units/NDEV-EVD-0267.txt,normal_evidence,374,78bb301a8832d5313334ed6a99871eadc16d930589834aa81ee4f818ec2afeed
normal_evidence_002/units/NDEV-EVD-0268.evidence.json,evidence/normal_dev_002/units/NDEV-EVD-0268.evidence.json,normal_evidence,179111,1c5d87af95aeb6607e60e518a3c6416cfb1d0abc41bbdf10a677b687655190da
normal_evidence_002/units/NDEV-EVD-0268.features.csv,evidence/normal_dev_002/units/NDEV-EVD-0268.features.csv,normal_evidence,6540,377f0c5922a3d3edfed3a4d2dd2acb12d70aea35660fef7f722e63816856fe9a
normal_evidence_002/units/NDEV-EVD-0268.signature.csv,evidence/normal_dev_002/units/NDEV-EVD-0268.signature.csv,normal_evidence,4252,d3055112d7ade63ef051179c8fc4ec647c649fd1a5a61de00af61e512931e87a
normal_evidence_002/units/NDEV-EVD-0268.txt,evidence/normal_dev_002/units/NDEV-EVD-0268.txt,normal_evidence,374,ca3e317f47cccfcfb56424328a0d0e16b7ccc4ae463eebc9a089efb8c2dd6e74
normal_evidence_002/units/NDEV-EVD-0269.evidence.json,evidence/normal_dev_002/units/NDEV-EVD-0269.evidence.json,normal_evidence,179119,92927f91a8658ab2578304939dd47e20238b3662024f15ae24300575c63f8dbc
normal_evidence_002/units/NDEV-EVD-0269.features.csv,evidence/normal_dev_002/units/NDEV-EVD-0269.features.csv,normal_evidence,6555,2cba06bc6efffd507af9910af9d0773d6e57b463f3ddde091b772499f47fb669
normal_evidence_002/units/NDEV-EVD-0269.signature.csv,evidence/normal_dev_002/units/NDEV-EVD-0269.signature.csv,normal_evidence,4252,d3055112d7ade63ef051179c8fc4ec647c649fd1a5a61de00af61e512931e87a
normal_evidence_002/units/NDEV-EVD-0269.txt,evidence/normal_dev_002/units/NDEV-EVD-0269.txt,normal_evidence,374,5f6a34a0ccdb747114ba2dcb40f3d626089b0f179c98127a15db1616b887fb0c
normal_evidence_002/units/NDEV-EVD-0270.evidence.json,evidence/normal_dev_002/units/NDEV-EVD-0270.evidence.json,normal_evidence,179093,c2d7d33082b43b70a4803d3b68e1010abe69d02d17aa2e2698b461ffe9f28105
normal_evidence_002/units/NDEV-EVD-0270.features.csv,evidence/normal_dev_002/units/NDEV-EVD-0270.features.csv,normal_evidence,6526,a3700f627e486b92efb3f62279d8fc3ff86f4b92da92a805ab3b83f965bf9603
normal_evidence_002/units/NDEV-EVD-0270.signature.csv,evidence/normal_dev_002/units/NDEV-EVD-0270.signature.csv,normal_evidence,4252,d3055112d7ade63ef051179c8fc4ec647c649fd1a5a61de00af61e512931e87a
normal_evidence_002/units/NDEV-EVD-0270.txt,evidence/normal_dev_002/units/NDEV-EVD-0270.txt,normal_evidence,374,744b9f7b46dda58428f9a026348c0a3d5d14528c51a1afddf0d65d452f168641
normal_evidence_002/units/NDEV-EVD-0271.evidence.json,evidence/normal_dev_002/units/NDEV-EVD-0271.evidence.json,normal_evidence,179113,b043e9888bf353b54fa9f90b3a8c30f734856de251265fd5c178c0817a253ab0
normal_evidence_002/units/NDEV-EVD-0271.features.csv,evidence/normal_dev_002/units/NDEV-EVD-0271.features.csv,normal_evidence,6541,8523cd4faaeefedbce54f720aa9f547dbc08fd6316ea3b672ca4f08fa5f2b057
normal_evidence_002/units/NDEV-EVD-0271.signature.csv,evidence/normal_dev_002/units/NDEV-EVD-0271.signature.csv,normal_evidence,4252,d3055112d7ade63ef051179c8fc4ec647c649fd1a5a61de00af61e512931e87a
normal_evidence_002/units/NDEV-EVD-0271.txt,evidence/normal_dev_002/units/NDEV-EVD-0271.txt,normal_evidence,374,5b0978fd8403422485eebe91ce030f9d3a2040ac47d3b272200d7ccce1c894f0
normal_evidence_002/units/NDEV-EVD-0272.evidence.json,evidence/normal_dev_002/units/NDEV-EVD-0272.evidence.json,normal_evidence,179127,34ada32357663c85c3dc27169967549c77e2c323cf81b89b074b340c7e44b200
normal_evidence_002/units/NDEV-EVD-0272.features.csv,evidence/normal_dev_002/units/NDEV-EVD-0272.features.csv,normal_evidence,6580,259e0655ba0c45a618b891a7bf847e418bb229b34405c6398c9660e84f6967b0
normal_evidence_002/units/NDEV-EVD-0272.signature.csv,evidence/normal_dev_002/units/NDEV-EVD-0272.signature.csv,normal_evidence,4252,d3055112d7ade63ef051179c8fc4ec647c649fd1a5a61de00af61e512931e87a
normal_evidence_002/units/NDEV-EVD-0272.txt,evidence/normal_dev_002/units/NDEV-EVD-0272.txt,normal_evidence,374,1c73cf55e681b39e218ee2bc400c160b503ef5e72a9693228c60dba9ec8cb3ff
normal_evidence_002/units/NDEV-EVD-0273.evidence.json,evidence/normal_dev_002/units/NDEV-EVD-0273.evidence.json,normal_evidence,179100,9f3d678228e96e8956acbb70bf141691974ad3d1c157e474116b6de0de3df948
normal_evidence_002/units/NDEV-EVD-0273.features.csv,evidence/normal_dev_002/units/NDEV-EVD-0273.features.csv,normal_evidence,6530,146b1aa6ef6e274d1f11473029016def03972cd9303e7bcea74f9a968c3d4003
normal_evidence_002/units/NDEV-EVD-0273.signature.csv,evidence/normal_dev_002/units/NDEV-EVD-0273.signature.csv,normal_evidence,4252,d3055112d7ade63ef051179c8fc4ec647c649fd1a5a61de00af61e512931e87a
normal_evidence_002/units/NDEV-EVD-0273.txt,evidence/normal_dev_002/units/NDEV-EVD-0273.txt,normal_evidence,374,3ebf0e7855421bcb1e4d33c109e1a003515c3b9da32d6606e08f8955b3a462f5
normal_evidence_002/units/NDEV-EVD-0274.evidence.json,evidence/normal_dev_002/units/NDEV-EVD-0274.evidence.json,normal_evidence,179122,58779a79c7e8866927948dfb6a7be5290f202facd858b92c8fc22c6a204fc5a9
normal_evidence_002/units/NDEV-EVD-0274.features.csv,evidence/normal_dev_002/units/NDEV-EVD-0274.features.csv,normal_evidence,6568,a24652a22b87f0dbbc3f6dfd93aba9975dfc1c412dea5750e9d184be1854d1ea
normal_evidence_002/units/NDEV-EVD-0274.signature.csv,evidence/normal_dev_002/units/NDEV-EVD-0274.signature.csv,normal_evidence,4252,d3055112d7ade63ef051179c8fc4ec647c649fd1a5a61de00af61e512931e87a
normal_evidence_002/units/NDEV-EVD-0274.txt,evidence/normal_dev_002/units/NDEV-EVD-0274.txt,normal_evidence,374,443f5e6ff82b6eecded46316f4807db215d45af5d1cc5f023f5c9635fadd5e5e
normal_evidence_002/units/NDEV-EVD-0275.evidence.json,evidence/normal_dev_002/units/NDEV-EVD-0275.evidence.json,normal_evidence,179125,ecc6ab4d9cced456c5ee9e285436537b693663e977c0cf5f1d15bc3c7afd9cac
normal_evidence_002/units/NDEV-EVD-0275.features.csv,evidence/normal_dev_002/units/NDEV-EVD-0275.features.csv,normal_evidence,6571,c5d9914a5ecad41c1a7d07c859ea85c3578f4fe5afac1f0ec4a19501796aeb5b
normal_evidence_002/units/NDEV-EVD-0275.signature.csv,evidence/normal_dev_002/units/NDEV-EVD-0275.signature.csv,normal_evidence,4252,d3055112d7ade63ef051179c8fc4ec647c649fd1a5a61de00af61e512931e87a
normal_evidence_002/units/NDEV-EVD-0275.txt,evidence/normal_dev_002/units/NDEV-EVD-0275.txt,normal_evidence,374,39b3d52507a5847e4eddd999702c0dcfacbe66d181066ec2fab2ad3003fcf8a5
normal_evidence_002/units/NDEV-EVD-0276.evidence.json,evidence/normal_dev_002/units/NDEV-EVD-0276.evidence.json,normal_evidence,179124,402c64f6ba9f8ea50a25272bf4b2932a0d858ef86a18ab6ff445e213f9e057e1
normal_evidence_002/units/NDEV-EVD-0276.features.csv,evidence/normal_dev_002/units/NDEV-EVD-0276.features.csv,normal_evidence,6543,d9a688e8131e20e0f8eeb75d18519b7dfe0018357f343b94d7ad4c4e425dd5d1
normal_evidence_002/units/NDEV-EVD-0276.signature.csv,evidence/normal_dev_002/units/NDEV-EVD-0276.signature.csv,normal_evidence,4252,d3055112d7ade63ef051179c8fc4ec647c649fd1a5a61de00af61e512931e87a
normal_evidence_002/units/NDEV-EVD-0276.txt,evidence/normal_dev_002/units/NDEV-EVD-0276.txt,normal_evidence,374,6ad00d6bc57ab96c91d7d97791aa883c0f30f56291e6862d9e44c63244b026d7
normal_evidence_002/units/NDEV-EVD-0277.evidence.json,evidence/normal_dev_002/units/NDEV-EVD-0277.evidence.json,normal_evidence,179116,ab8cd866294bc5aadb3cc0eea331e8465ae8d56dde8a77da9a28395486f18e9d
normal_evidence_002/units/NDEV-EVD-0277.features.csv,evidence/normal_dev_002/units/NDEV-EVD-0277.features.csv,normal_evidence,6518,627625b02035742604dff9491a828e50eb5cde41ebac65780cc0a9595c2cede8
normal_evidence_002/units/NDEV-EVD-0277.signature.csv,evidence/normal_dev_002/units/NDEV-EVD-0277.signature.csv,normal_evidence,4252,d3055112d7ade63ef051179c8fc4ec647c649fd1a5a61de00af61e512931e87a
normal_evidence_002/units/NDEV-EVD-0277.txt,evidence/normal_dev_002/units/NDEV-EVD-0277.txt,normal_evidence,374,c962cb86b0d97070377367d2c8d45e50657101f886c04089d7d058e071c8a750
normal_evidence_002/units/NDEV-EVD-0278.evidence.json,evidence/normal_dev_002/units/NDEV-EVD-0278.evidence.json,normal_evidence,179129,ab5ffc3e21fd8745c9f9abcd88becd902a8b4589f7e80656060333fe902ce690
normal_evidence_002/units/NDEV-EVD-0278.features.csv,evidence/normal_dev_002/units/NDEV-EVD-0278.features.csv,normal_evidence,6537,4d4be1a1625a1a5f6cdda07203f0a854607acb7aff7e1d27376f91ba500c2573
normal_evidence_002/units/NDEV-EVD-0278.signature.csv,evidence/normal_dev_002/units/NDEV-EVD-0278.signature.csv,normal_evidence,4252,d3055112d7ade63ef051179c8fc4ec647c649fd1a5a61de00af61e512931e87a
normal_evidence_002/units/NDEV-EVD-0278.txt,evidence/normal_dev_002/units/NDEV-EVD-0278.txt,normal_evidence,374,b3079874bcb8f424ed103810c2650ab77f36c722e1e7461adbc4615838d2a028
normal_evidence_002/units/NDEV-EVD-0279.evidence.json,evidence/normal_dev_002/units/NDEV-EVD-0279.evidence.json,normal_evidence,179127,03743fd4ccb0d32d46ed0d5c433cdd4e170dc2c427bca49f475dde03fd55ba5c
normal_evidence_002/units/NDEV-EVD-0279.features.csv,evidence/normal_dev_002/units/NDEV-EVD-0279.features.csv,normal_evidence,6556,0aec2cc8537b3caa8bc96f0d654adbb56f9f2829fb892a3d4e84ad891f8235a6
normal_evidence_002/units/NDEV-EVD-0279.signature.csv,evidence/normal_dev_002/units/NDEV-EVD-0279.signature.csv,normal_evidence,4252,d3055112d7ade63ef051179c8fc4ec647c649fd1a5a61de00af61e512931e87a
normal_evidence_002/units/NDEV-EVD-0279.txt,evidence/normal_dev_002/units/NDEV-EVD-0279.txt,normal_evidence,374,9bf101dcf2bd0a5d2a361e896dbbe2449f62f1a6800de2beaaa4105ea034ccfd
normal_evidence_002/units/NDEV-EVD-0280.evidence.json,evidence/normal_dev_002/units/NDEV-EVD-0280.evidence.json,normal_evidence,179099,0b01da1f291ad73353bf9731a147f5865161bd2441f3c008402ebed1f28654a5
normal_evidence_002/units/NDEV-EVD-0280.features.csv,evidence/normal_dev_002/units/NDEV-EVD-0280.features.csv,normal_evidence,6500,fa90c646dd9d1094dbdd2137857cb627058464cfe3102e21213a2415dafa9287
normal_evidence_002/units/NDEV-EVD-0280.signature.csv,evidence/normal_dev_002/units/NDEV-EVD-0280.signature.csv,normal_evidence,4250,213c90c5d08a6337f457d4eb35b88df25e2b9276b47dcd86d752be483e468b99
normal_evidence_002/units/NDEV-EVD-0280.txt,evidence/normal_dev_002/units/NDEV-EVD-0280.txt,normal_evidence,523,69f57758d5b8a3c622052286061b4352f25b2331a6a5ae5cf31d7c5531f6d73c
normal_evidence_002/units/NDEV-EVD-0281.evidence.json,evidence/normal_dev_002/units/NDEV-EVD-0281.evidence.json,normal_evidence,179118,83d2521297eaba87d70bb755b0071c42ed350e3251a74316fc6a9720283e5aa9
normal_evidence_002/units/NDEV-EVD-0281.features.csv,evidence/normal_dev_002/units/NDEV-EVD-0281.features.csv,normal_evidence,6532,1d1108e61a67721770cd0e2272998384c1630e3b530be81eb4c3609e1dd47aed
normal_evidence_002/units/NDEV-EVD-0281.signature.csv,evidence/normal_dev_002/units/NDEV-EVD-0281.signature.csv,normal_evidence,4252,d3055112d7ade63ef051179c8fc4ec647c649fd1a5a61de00af61e512931e87a
normal_evidence_002/units/NDEV-EVD-0281.txt,evidence/normal_dev_002/units/NDEV-EVD-0281.txt,normal_evidence,374,86d8858ee681010660ed2ca7ef9810517c885ae61eaf3fc0a04a85006b5dc32b
normal_evidence_002/units/NDEV-EVD-0282.evidence.json,evidence/normal_dev_002/units/NDEV-EVD-0282.evidence.json,normal_evidence,179126,fd3309ca14edede2bfbf63c6da796b49807d2afdae80df0b4e763e5ee10c1df9
normal_evidence_002/units/NDEV-EVD-0282.features.csv,evidence/normal_dev_002/units/NDEV-EVD-0282.features.csv,normal_evidence,6548,99195a214a53a4baa419e44e228d8640183724d759a043984b58f7a4adced3a2
normal_evidence_002/units/NDEV-EVD-0282.signature.csv,evidence/normal_dev_002/units/NDEV-EVD-0282.signature.csv,normal_evidence,4252,d3055112d7ade63ef051179c8fc4ec647c649fd1a5a61de00af61e512931e87a
normal_evidence_002/units/NDEV-EVD-0282.txt,evidence/normal_dev_002/units/NDEV-EVD-0282.txt,normal_evidence,374,4724c981a6b83a89f3a8e0cc1403266a48567bc3628cf28eabff497f2ae21dca
normal_evidence_002/units/NDEV-EVD-0283.evidence.json,evidence/normal_dev_002/units/NDEV-EVD-0283.evidence.json,normal_evidence,179153,23987de6116bab80be87a5f8882aeb86de5fa0698803141e0d5ec14fc99e5145
normal_evidence_002/units/NDEV-EVD-0283.features.csv,evidence/normal_dev_002/units/NDEV-EVD-0283.features.csv,normal_evidence,6581,5cfb0c8e8e5e4e89094644a4470d4bc7689acbabaf81235a9c21770ef60d1ddf
normal_evidence_002/units/NDEV-EVD-0283.signature.csv,evidence/normal_dev_002/units/NDEV-EVD-0283.signature.csv,normal_evidence,4252,d3055112d7ade63ef051179c8fc4ec647c649fd1a5a61de00af61e512931e87a
normal_evidence_002/units/NDEV-EVD-0283.txt,evidence/normal_dev_002/units/NDEV-EVD-0283.txt,normal_evidence,374,cdcda1226583642f942d3dab18e1e116792a73e938b6da195cec24d2b926fdc4
normal_evidence_002/units/NDEV-EVD-0284.evidence.json,evidence/normal_dev_002/units/NDEV-EVD-0284.evidence.json,normal_evidence,179119,fbf69eb71dc6fcf9f20e4ad857ffe0fa34c3f51adc4ee0eb3e6bd032a6786f44
normal_evidence_002/units/NDEV-EVD-0284.features.csv,evidence/normal_dev_002/units/NDEV-EVD-0284.features.csv,normal_evidence,6553,23a3797bde48c3ca1b7cbd18dbecaa26f12da96f1588a7214b066d87bff37680
normal_evidence_002/units/NDEV-EVD-0284.signature.csv,evidence/normal_dev_002/units/NDEV-EVD-0284.signature.csv,normal_evidence,4252,d3055112d7ade63ef051179c8fc4ec647c649fd1a5a61de00af61e512931e87a
normal_evidence_002/units/NDEV-EVD-0284.txt,evidence/normal_dev_002/units/NDEV-EVD-0284.txt,normal_evidence,374,7a7bbf1de2716c71f41dec3733775b0833dda8ff3c308a71b533516c894c40c3
normal_evidence_002/units/NDEV-EVD-0285.evidence.json,evidence/normal_dev_002/units/NDEV-EVD-0285.evidence.json,normal_evidence,179133,ee2df1dfdda967fc94b35f72303a336634ecd8e3f35f0ab80ab191984782edea
normal_evidence_002/units/NDEV-EVD-0285.features.csv,evidence/normal_dev_002/units/NDEV-EVD-0285.features.csv,normal_evidence,6552,52b289e67fb8ede6ddf110bbf865911de3967f43d35caf254827d7119c764dc3
normal_evidence_002/units/NDEV-EVD-0285.signature.csv,evidence/normal_dev_002/units/NDEV-EVD-0285.signature.csv,normal_evidence,4252,d3055112d7ade63ef051179c8fc4ec647c649fd1a5a61de00af61e512931e87a
normal_evidence_002/units/NDEV-EVD-0285.txt,evidence/normal_dev_002/units/NDEV-EVD-0285.txt,normal_evidence,373,759ee59a21c0038b6d8c1f21ed860bc4ba7cc654967aa283d90fa4a0a72d8b30
normal_evidence_002/units/NDEV-EVD-0286.evidence.json,evidence/normal_dev_002/units/NDEV-EVD-0286.evidence.json,normal_evidence,179100,7eab05a6388f102941c674896a6e7d9082327bc26a17ae5903093a5ec0107e45
normal_evidence_002/units/NDEV-EVD-0286.features.csv,evidence/normal_dev_002/units/NDEV-EVD-0286.features.csv,normal_evidence,6510,7b6ae58f921ccfd8962006a47a5af929227f62bfa9b55c24c241fcc0f48bd06b
normal_evidence_002/units/NDEV-EVD-0286.signature.csv,evidence/normal_dev_002/units/NDEV-EVD-0286.signature.csv,normal_evidence,4252,d3055112d7ade63ef051179c8fc4ec647c649fd1a5a61de00af61e512931e87a
normal_evidence_002/units/NDEV-EVD-0286.txt,evidence/normal_dev_002/units/NDEV-EVD-0286.txt,normal_evidence,373,1f564d804d7332454fdb1e533cda1b4b64ad99a08b19ff9e4ca5a269d0b6ab60
normal_evidence_002/units/NDEV-EVD-0287.evidence.json,evidence/normal_dev_002/units/NDEV-EVD-0287.evidence.json,normal_evidence,179127,a534985224b30b02268d6e49ff103a7e78d32cb6d6a730e3cb8c74590c7e33e4
normal_evidence_002/units/NDEV-EVD-0287.features.csv,evidence/normal_dev_002/units/NDEV-EVD-0287.features.csv,normal_evidence,6549,2b6701cf276b425df5c72582a37f95accbddd644075957757e9ca43e5de6cb5e
normal_evidence_002/units/NDEV-EVD-0287.signature.csv,evidence/normal_dev_002/units/NDEV-EVD-0287.signature.csv,normal_evidence,4252,d3055112d7ade63ef051179c8fc4ec647c649fd1a5a61de00af61e512931e87a
normal_evidence_002/units/NDEV-EVD-0287.txt,evidence/normal_dev_002/units/NDEV-EVD-0287.txt,normal_evidence,374,423ef2fb4f4f41329b1e607731cd6e85595695c4911d01bd38350d074541574f
normal_evidence_002/units/NDEV-EVD-0288.evidence.json,evidence/normal_dev_002/units/NDEV-EVD-0288.evidence.json,normal_evidence,179140,0879963db7151184adce125d67d5a98d6d2003cad0fca252cd8e26c1feb63c26
normal_evidence_002/units/NDEV-EVD-0288.features.csv,evidence/normal_dev_002/units/NDEV-EVD-0288.features.csv,normal_evidence,6549,aa4770fa622817be1d818ac9012ca4512ea200e13e9f49c69baa1c3a707c7873
normal_evidence_002/units/NDEV-EVD-0288.signature.csv,evidence/normal_dev_002/units/NDEV-EVD-0288.signature.csv,normal_evidence,4252,decb198611bf4c4398b091b45a8175a83f83bf11a903d6d4cecc064020005e52
normal_evidence_002/units/NDEV-EVD-0288.txt,evidence/normal_dev_002/units/NDEV-EVD-0288.txt,normal_evidence,429,5019b66ae7bd5b53e2b06012b929fe4a6beb115cf9e916f919c3cca40246205e
normal_evidence_002/units/NDEV-EVD-0289.evidence.json,evidence/normal_dev_002/units/NDEV-EVD-0289.evidence.json,normal_evidence,179124,ccaf66704c25db68ecbce05efaf8762409cb37e64b165709f79d76564d682cab
normal_evidence_002/units/NDEV-EVD-0289.features.csv,evidence/normal_dev_002/units/NDEV-EVD-0289.features.csv,normal_evidence,6554,dcb4486d4dc9d02b78af54bd73fa393e1f8742f1fcf17827afb0e26c23c1b872
normal_evidence_002/units/NDEV-EVD-0289.signature.csv,evidence/normal_dev_002/units/NDEV-EVD-0289.signature.csv,normal_evidence,4252,d3055112d7ade63ef051179c8fc4ec647c649fd1a5a61de00af61e512931e87a
normal_evidence_002/units/NDEV-EVD-0289.txt,evidence/normal_dev_002/units/NDEV-EVD-0289.txt,normal_evidence,374,03a62816de7015baa46a862ed8fa12db7e6ca0e1e6327099410e3ace2a285b5f
normal_evidence_002/units/NDEV-EVD-0290.evidence.json,evidence/normal_dev_002/units/NDEV-EVD-0290.evidence.json,normal_evidence,179108,69cc19b1bb9b0aedb0db011a18e10d9b15aa3cded736879daafe724b84360fe1
normal_evidence_002/units/NDEV-EVD-0290.features.csv,evidence/normal_dev_002/units/NDEV-EVD-0290.features.csv,normal_evidence,6525,2cc1b3a8e41f3326c449421fd74ae91bcf7fcdf702babd34fde049e8c1db32d5
normal_evidence_002/units/NDEV-EVD-0290.signature.csv,evidence/normal_dev_002/units/NDEV-EVD-0290.signature.csv,normal_evidence,4252,d3055112d7ade63ef051179c8fc4ec647c649fd1a5a61de00af61e512931e87a
normal_evidence_002/units/NDEV-EVD-0290.txt,evidence/normal_dev_002/units/NDEV-EVD-0290.txt,normal_evidence,374,0a7e369415f8f28c6a942761abff3fe97ca60b8fe57b0e3c80e25332e7e7597a
normal_evidence_002/units/NDEV-EVD-0291.evidence.json,evidence/normal_dev_002/units/NDEV-EVD-0291.evidence.json,normal_evidence,179111,804ebb28715b8aa22d86558598d69db702e02266600e5139317a2ef506b9a2ad
normal_evidence_002/units/NDEV-EVD-0291.features.csv,evidence/normal_dev_002/units/NDEV-EVD-0291.features.csv,normal_evidence,6548,4d980cde5e1e1773514da6a6e6a5df87c1d60985011d4a82e399b8def3a54be1
normal_evidence_002/units/NDEV-EVD-0291.signature.csv,evidence/normal_dev_002/units/NDEV-EVD-0291.signature.csv,normal_evidence,4252,d3055112d7ade63ef051179c8fc4ec647c649fd1a5a61de00af61e512931e87a
normal_evidence_002/units/NDEV-EVD-0291.txt,evidence/normal_dev_002/units/NDEV-EVD-0291.txt,normal_evidence,374,7a0a2ffce7a7191f6b9e7e3837e67c5ca9ee3c842ace244c4fa07ec8dc74af7a
normal_evidence_002/units/NDEV-EVD-0292.evidence.json,evidence/normal_dev_002/units/NDEV-EVD-0292.evidence.json,normal_evidence,179136,38e59e0f0c126b999073760cd955604d2f55a3daba7890556c9ed19e1bb4828f
normal_evidence_002/units/NDEV-EVD-0292.features.csv,evidence/normal_dev_002/units/NDEV-EVD-0292.features.csv,normal_evidence,6580,d64d71555704f32535f238caa3fc4b57c934b0ff9243f7c3323ae742bf9d9470
normal_evidence_002/units/NDEV-EVD-0292.signature.csv,evidence/normal_dev_002/units/NDEV-EVD-0292.signature.csv,normal_evidence,4252,d3055112d7ade63ef051179c8fc4ec647c649fd1a5a61de00af61e512931e87a
normal_evidence_002/units/NDEV-EVD-0292.txt,evidence/normal_dev_002/units/NDEV-EVD-0292.txt,normal_evidence,374,54d835ba6a326f95cb2d42037a2bb5b93e1d68ef6bb771781015dea195e3e3ff
normal_evidence_002/units/NDEV-EVD-0293.evidence.json,evidence/normal_dev_002/units/NDEV-EVD-0293.evidence.json,normal_evidence,179138,8bced73d1ec169481ca8e2b6c15bd2ccadcf633f5a2d4a3fb96f19c729cdc83d
normal_evidence_002/units/NDEV-EVD-0293.features.csv,evidence/normal_dev_002/units/NDEV-EVD-0293.features.csv,normal_evidence,6576,0764d84516afef3dba762919da95f901daba08482b3f1c49ca7cd22b5894831f
normal_evidence_002/units/NDEV-EVD-0293.signature.csv,evidence/normal_dev_002/units/NDEV-EVD-0293.signature.csv,normal_evidence,4252,d3055112d7ade63ef051179c8fc4ec647c649fd1a5a61de00af61e512931e87a
normal_evidence_002/units/NDEV-EVD-0293.txt,evidence/normal_dev_002/units/NDEV-EVD-0293.txt,normal_evidence,374,492bbc3954d5fad2d929d70f787e3bf531339ceb3352e689f8782a80156e8c93
normal_evidence_002/units/NDEV-EVD-0294.evidence.json,evidence/normal_dev_002/units/NDEV-EVD-0294.evidence.json,normal_evidence,179137,f10a5effc82cb61c5782fd79378f2c86c5e4d7b8b1f53af8225f74af9a1ba42c
normal_evidence_002/units/NDEV-EVD-0294.features.csv,evidence/normal_dev_002/units/NDEV-EVD-0294.features.csv,normal_evidence,6576,8d63c696d6886a60f8e417e062ac402fe959ede9135cb099125ac7225e557f34
normal_evidence_002/units/NDEV-EVD-0294.signature.csv,evidence/normal_dev_002/units/NDEV-EVD-0294.signature.csv,normal_evidence,4252,d3055112d7ade63ef051179c8fc4ec647c649fd1a5a61de00af61e512931e87a
normal_evidence_002/units/NDEV-EVD-0294.txt,evidence/normal_dev_002/units/NDEV-EVD-0294.txt,normal_evidence,374,9377be3305fc944edf573e93067b368c59e76ae0743afc32876316df8a7582a3
normal_evidence_002/units/NDEV-EVD-0295.evidence.json,evidence/normal_dev_002/units/NDEV-EVD-0295.evidence.json,normal_evidence,179117,772a84ccdced6ddc9375be10fb1bcaecc6740c74f863d8be13c03317ecd39a29
normal_evidence_002/units/NDEV-EVD-0295.features.csv,evidence/normal_dev_002/units/NDEV-EVD-0295.features.csv,normal_evidence,6548,ec0bb398677d4fe51199d7b8275520a97f28c2e1149513cc985e59a42f2c5b8c
normal_evidence_002/units/NDEV-EVD-0295.signature.csv,evidence/normal_dev_002/units/NDEV-EVD-0295.signature.csv,normal_evidence,4252,d3055112d7ade63ef051179c8fc4ec647c649fd1a5a61de00af61e512931e87a
normal_evidence_002/units/NDEV-EVD-0295.txt,evidence/normal_dev_002/units/NDEV-EVD-0295.txt,normal_evidence,374,efe6484e3dc612adbc9049f6ab1c13ea4204e4d4bad1c1547de1ea53fe5944d5
normal_evidence_002/units/NDEV-EVD-0296.evidence.json,evidence/normal_dev_002/units/NDEV-EVD-0296.evidence.json,normal_evidence,179129,d03b83d69f3b839223c16723c21527e97dfe8179cf2cd72831af25fcebdb2706
normal_evidence_002/units/NDEV-EVD-0296.features.csv,evidence/normal_dev_002/units/NDEV-EVD-0296.features.csv,normal_evidence,6536,0f636acac9874f05e5d964c8b0e44490d027541bdb8023364ddb765621cd21ad
normal_evidence_002/units/NDEV-EVD-0296.signature.csv,evidence/normal_dev_002/units/NDEV-EVD-0296.signature.csv,normal_evidence,4252,d3055112d7ade63ef051179c8fc4ec647c649fd1a5a61de00af61e512931e87a
normal_evidence_002/units/NDEV-EVD-0296.txt,evidence/normal_dev_002/units/NDEV-EVD-0296.txt,normal_evidence,374,e7d10a87eef540ffa4c51aa1672127de26f2a0bad02a70fd7165c5c23db0495e
normal_evidence_002/units/NDEV-EVD-0297.evidence.json,evidence/normal_dev_002/units/NDEV-EVD-0297.evidence.json,normal_evidence,179103,b9bca8497e5f1af6e1d91046ce68ed988bef290c8d7e15988748720aeddbc5b0
normal_evidence_002/units/NDEV-EVD-0297.features.csv,evidence/normal_dev_002/units/NDEV-EVD-0297.features.csv,normal_evidence,6527,09445b9c1c792ee0f356caac49a79181efd82a756ca0c23b5481b7e015f0d031
normal_evidence_002/units/NDEV-EVD-0297.signature.csv,evidence/normal_dev_002/units/NDEV-EVD-0297.signature.csv,normal_evidence,4252,d3055112d7ade63ef051179c8fc4ec647c649fd1a5a61de00af61e512931e87a
normal_evidence_002/units/NDEV-EVD-0297.txt,evidence/normal_dev_002/units/NDEV-EVD-0297.txt,normal_evidence,374,61b8d1a21f7656c4665fe4378cbf7edb15c390faed71873f893bd42f63b691a4
normal_evidence_002/units/NDEV-EVD-0298.evidence.json,evidence/normal_dev_002/units/NDEV-EVD-0298.evidence.json,normal_evidence,179083,5d026fcbe6f9bb3fe6ca67bf037b1ad498536cc52c00176d4475ea27fa201242
normal_evidence_002/units/NDEV-EVD-0298.features.csv,evidence/normal_dev_002/units/NDEV-EVD-0298.features.csv,normal_evidence,6525,e05fc174ea94e450a8bf5961391355bebb9ca6941915157e39cf53c9be6169d0
normal_evidence_002/units/NDEV-EVD-0298.signature.csv,evidence/normal_dev_002/units/NDEV-EVD-0298.signature.csv,normal_evidence,4252,d3055112d7ade63ef051179c8fc4ec647c649fd1a5a61de00af61e512931e87a
normal_evidence_002/units/NDEV-EVD-0298.txt,evidence/normal_dev_002/units/NDEV-EVD-0298.txt,normal_evidence,374,527d47a051a0fcda16c7f89be6dac82a77b60bf7bb143d463d9087441d3dbe5d
normal_evidence_002/units/NDEV-EVD-0299.evidence.json,evidence/normal_dev_002/units/NDEV-EVD-0299.evidence.json,normal_evidence,179133,b552ba702f21526094bd1dd5d289a2fe18577df9f0f8431d146deae54756501b
normal_evidence_002/units/NDEV-EVD-0299.features.csv,evidence/normal_dev_002/units/NDEV-EVD-0299.features.csv,normal_evidence,6559,098f96f1cb861561296264faa99f85a440292482fac62d4bbd68f8c161d12681
normal_evidence_002/units/NDEV-EVD-0299.signature.csv,evidence/normal_dev_002/units/NDEV-EVD-0299.signature.csv,normal_evidence,4252,d3055112d7ade63ef051179c8fc4ec647c649fd1a5a61de00af61e512931e87a
normal_evidence_002/units/NDEV-EVD-0299.txt,evidence/normal_dev_002/units/NDEV-EVD-0299.txt,normal_evidence,374,65e376e3919634f0612808ea34ad9d3955bdfb31af4274cc5c16654438c6b78a
normal_evidence_002/units/NDEV-EVD-0300.evidence.json,evidence/normal_dev_002/units/NDEV-EVD-0300.evidence.json,normal_evidence,179105,1077e47fde724322d3a29b7d55430c0a57660c4edd140008451bebc7fb7b0ec5
normal_evidence_002/units/NDEV-EVD-0300.features.csv,evidence/normal_dev_002/units/NDEV-EVD-0300.features.csv,normal_evidence,6517,2684e526b1600114a1689effad7cd80c296f0f7d6a6365524ac96ec697e5eaf0
normal_evidence_002/units/NDEV-EVD-0300.signature.csv,evidence/normal_dev_002/units/NDEV-EVD-0300.signature.csv,normal_evidence,4252,d3055112d7ade63ef051179c8fc4ec647c649fd1a5a61de00af61e512931e87a
normal_evidence_002/units/NDEV-EVD-0300.txt,evidence/normal_dev_002/units/NDEV-EVD-0300.txt,normal_evidence,373,345f98cc7ed125745fa4ebe33d866e93c9f2b257ba369fca73cc502c43290d3f
normal_evidence_002/units/NDEV-EVD-0301.evidence.json,evidence/normal_dev_002/units/NDEV-EVD-0301.evidence.json,normal_evidence,179140,d50e63e6d4c957e80f0556ed5e9728313034ae8a682106d8ce4f05a029a6201e
normal_evidence_002/units/NDEV-EVD-0301.features.csv,evidence/normal_dev_002/units/NDEV-EVD-0301.features.csv,normal_evidence,6548,50a1619fda95d4473f2709fb021b6d83b0df7516c46bf77d6c866975ebe82052
normal_evidence_002/units/NDEV-EVD-0301.signature.csv,evidence/normal_dev_002/units/NDEV-EVD-0301.signature.csv,normal_evidence,4250,213c90c5d08a6337f457d4eb35b88df25e2b9276b47dcd86d752be483e468b99
normal_evidence_002/units/NDEV-EVD-0301.txt,evidence/normal_dev_002/units/NDEV-EVD-0301.txt,normal_evidence,523,f41dcf0947f3b01323243e74be32efcbe8f37562325d07d32ec9b834c90d419f
normal_evidence_002/units/NDEV-EVD-0302.evidence.json,evidence/normal_dev_002/units/NDEV-EVD-0302.evidence.json,normal_evidence,179121,bbf34fde8fd7cfb755887661d8b400bb99434458f66759b72cab8a3066a750fc
normal_evidence_002/units/NDEV-EVD-0302.features.csv,evidence/normal_dev_002/units/NDEV-EVD-0302.features.csv,normal_evidence,6556,b54f7671708a3f86d10ffa7f5363a54abf94bd91d05e5c2f795ace269844edd5
normal_evidence_002/units/NDEV-EVD-0302.signature.csv,evidence/normal_dev_002/units/NDEV-EVD-0302.signature.csv,normal_evidence,4252,d3055112d7ade63ef051179c8fc4ec647c649fd1a5a61de00af61e512931e87a
normal_evidence_002/units/NDEV-EVD-0302.txt,evidence/normal_dev_002/units/NDEV-EVD-0302.txt,normal_evidence,374,5f8cfe04e512f1e23491fc3c0817377d34f50edc3c458ffc96e13da1459d3e9f
normal_evidence_002/units/NDEV-EVD-0303.evidence.json,evidence/normal_dev_002/units/NDEV-EVD-0303.evidence.json,normal_evidence,179144,1baa2970183ef2126dd53e8f9bb31b27686b75564942f5cd942cd3e88c4f9026
normal_evidence_002/units/NDEV-EVD-0303.features.csv,evidence/normal_dev_002/units/NDEV-EVD-0303.features.csv,normal_evidence,6554,0067b653e8599306ce09aed1ac766220ca35e9f4ab0fe8cb8631f14a5df51fd2
normal_evidence_002/units/NDEV-EVD-0303.signature.csv,evidence/normal_dev_002/units/NDEV-EVD-0303.signature.csv,normal_evidence,4252,d3055112d7ade63ef051179c8fc4ec647c649fd1a5a61de00af61e512931e87a
normal_evidence_002/units/NDEV-EVD-0303.txt,evidence/normal_dev_002/units/NDEV-EVD-0303.txt,normal_evidence,374,32f983cb78b9f885257e5a86d9e804e0311b1e25dd8008b10c932abc325f4a40
normal_evidence_002/units/NDEV-EVD-0304.evidence.json,evidence/normal_dev_002/units/NDEV-EVD-0304.evidence.json,normal_evidence,179114,1048deba8a991e7159c7c6d7522c3586681dc777a9eb711c9f59691339e9b7f3
normal_evidence_002/units/NDEV-EVD-0304.features.csv,evidence/normal_dev_002/units/NDEV-EVD-0304.features.csv,normal_evidence,6529,f0378754694673b33d37812688e773eb2c7ad371b2182d6ee811568f5d0c211b
normal_evidence_002/units/NDEV-EVD-0304.signature.csv,evidence/normal_dev_002/units/NDEV-EVD-0304.signature.csv,normal_evidence,4252,d3055112d7ade63ef051179c8fc4ec647c649fd1a5a61de00af61e512931e87a
normal_evidence_002/units/NDEV-EVD-0304.txt,evidence/normal_dev_002/units/NDEV-EVD-0304.txt,normal_evidence,374,a7993ea70b0b15c4e229d2f396de38f4082802fa313b227bca252003ba1f379c
normal_evidence_002/units/NDEV-EVD-0305.evidence.json,evidence/normal_dev_002/units/NDEV-EVD-0305.evidence.json,normal_evidence,179098,a3fd60d5e79bdb1bf698b43131c1d021f8c1113dc8fdde394c795b6df4a94b14
normal_evidence_002/units/NDEV-EVD-0305.features.csv,evidence/normal_dev_002/units/NDEV-EVD-0305.features.csv,normal_evidence,6531,b81b91866dd46d561af211fb7d0e30bcf4311e7b99034c43549e640f2bb7d245
normal_evidence_002/units/NDEV-EVD-0305.signature.csv,evidence/normal_dev_002/units/NDEV-EVD-0305.signature.csv,normal_evidence,4252,d3055112d7ade63ef051179c8fc4ec647c649fd1a5a61de00af61e512931e87a
normal_evidence_002/units/NDEV-EVD-0305.txt,evidence/normal_dev_002/units/NDEV-EVD-0305.txt,normal_evidence,374,5fab288f1040964f843c91113f841042fd0fd96a03ec237bafc175b95bfaa5f1
normal_evidence_002/units/NDEV-EVD-0306.evidence.json,evidence/normal_dev_002/units/NDEV-EVD-0306.evidence.json,normal_evidence,179109,4c65704b81f947f5f740adcc56150773ab44598b89411f3b8b951172c0d4582a
normal_evidence_002/units/NDEV-EVD-0306.features.csv,evidence/normal_dev_002/units/NDEV-EVD-0306.features.csv,normal_evidence,6548,ed2a8664f8db451dc5cf419b2fccc4248c4c82d05425de0b1d8d174b1594480e
normal_evidence_002/units/NDEV-EVD-0306.signature.csv,evidence/normal_dev_002/units/NDEV-EVD-0306.signature.csv,normal_evidence,4252,d3055112d7ade63ef051179c8fc4ec647c649fd1a5a61de00af61e512931e87a
normal_evidence_002/units/NDEV-EVD-0306.txt,evidence/normal_dev_002/units/NDEV-EVD-0306.txt,normal_evidence,374,85dade3ecfb800bbfff7fea9c051ddd818647e3771792edc31cf3f0bb6794e14
normal_evidence_002/units/NDEV-EVD-0307.evidence.json,evidence/normal_dev_002/units/NDEV-EVD-0307.evidence.json,normal_evidence,179125,c64157bbac5adbb677c2a68a2fc3af609a777e978400c1970cb4ace94092d146
normal_evidence_002/units/NDEV-EVD-0307.features.csv,evidence/normal_dev_002/units/NDEV-EVD-0307.features.csv,normal_evidence,6558,dd4a2de9c6619712f29712593a82b17203a3ab4e0588bcbaf1aea17e4eb52de0
normal_evidence_002/units/NDEV-EVD-0307.signature.csv,evidence/normal_dev_002/units/NDEV-EVD-0307.signature.csv,normal_evidence,4252,d3055112d7ade63ef051179c8fc4ec647c649fd1a5a61de00af61e512931e87a
normal_evidence_002/units/NDEV-EVD-0307.txt,evidence/normal_dev_002/units/NDEV-EVD-0307.txt,normal_evidence,374,43486a6e1879131d2bde0714896cd4b7409e678517c1d7c8e1a1bdd40f3a2f0a
normal_evidence_002/units/NDEV-EVD-0308.evidence.json,evidence/normal_dev_002/units/NDEV-EVD-0308.evidence.json,normal_evidence,179116,ad0a2c3a0cb98866ba34475c1e1155008c259ac478626b2976b5946b1f650154
normal_evidence_002/units/NDEV-EVD-0308.features.csv,evidence/normal_dev_002/units/NDEV-EVD-0308.features.csv,normal_evidence,6538,198c365a0b174e34ac0b3a5d4ac373c87799f7afb8a2fabcdcd063036c71132b
normal_evidence_002/units/NDEV-EVD-0308.signature.csv,evidence/normal_dev_002/units/NDEV-EVD-0308.signature.csv,normal_evidence,4252,d3055112d7ade63ef051179c8fc4ec647c649fd1a5a61de00af61e512931e87a
normal_evidence_002/units/NDEV-EVD-0308.txt,evidence/normal_dev_002/units/NDEV-EVD-0308.txt,normal_evidence,374,e99da38e92faa8b730213b0dfc31b62b80058d5eb99df8947b1364b1634bad2c
normal_evidence_002/units/NDEV-EVD-0309.evidence.json,evidence/normal_dev_002/units/NDEV-EVD-0309.evidence.json,normal_evidence,179090,137ad374c162f82aecb4a2abb2ea3704fcd369ba5389a61a8574f99c44b7057b
normal_evidence_002/units/NDEV-EVD-0309.features.csv,evidence/normal_dev_002/units/NDEV-EVD-0309.features.csv,normal_evidence,6521,c5f959d2c354ae00fbc6c4ca2ffb085f171ab6d8821fca3bc6b3690aa53bf437
normal_evidence_002/units/NDEV-EVD-0309.signature.csv,evidence/normal_dev_002/units/NDEV-EVD-0309.signature.csv,normal_evidence,4252,d3055112d7ade63ef051179c8fc4ec647c649fd1a5a61de00af61e512931e87a
normal_evidence_002/units/NDEV-EVD-0309.txt,evidence/normal_dev_002/units/NDEV-EVD-0309.txt,normal_evidence,374,1e9a812926b8aca4edca613105c58be14948c9304105d2c461536085512f5cbd
normal_evidence_002/units/NDEV-EVD-0310.evidence.json,evidence/normal_dev_002/units/NDEV-EVD-0310.evidence.json,normal_evidence,179134,d34ac2c5710656c35a83b529bc9337fd81a83febe0f7cad737a0870ad9a1f089
normal_evidence_002/units/NDEV-EVD-0310.features.csv,evidence/normal_dev_002/units/NDEV-EVD-0310.features.csv,normal_evidence,6558,d785a07a4c630c22fe2d9f732bd538bc7af926d53eeb5486e3ebf0df30e90830
normal_evidence_002/units/NDEV-EVD-0310.signature.csv,evidence/normal_dev_002/units/NDEV-EVD-0310.signature.csv,normal_evidence,4252,d3055112d7ade63ef051179c8fc4ec647c649fd1a5a61de00af61e512931e87a
normal_evidence_002/units/NDEV-EVD-0310.txt,evidence/normal_dev_002/units/NDEV-EVD-0310.txt,normal_evidence,374,8dfbc974cf0bf468263f77c53f8de186afcfc023292e8146ce1ecde3d465a464
normal_evidence_002/units/NDEV-EVD-0311.evidence.json,evidence/normal_dev_002/units/NDEV-EVD-0311.evidence.json,normal_evidence,179116,2d98241ace72dcfa8815166408fb7f49f76d567358cf1d57873955ad10be3189
normal_evidence_002/units/NDEV-EVD-0311.features.csv,evidence/normal_dev_002/units/NDEV-EVD-0311.features.csv,normal_evidence,6549,fe1e10ac89ff12b2e747e4679a6ba0c208ba190e4bfb1072aab3a85614a5723a
normal_evidence_002/units/NDEV-EVD-0311.signature.csv,evidence/normal_dev_002/units/NDEV-EVD-0311.signature.csv,normal_evidence,4252,d3055112d7ade63ef051179c8fc4ec647c649fd1a5a61de00af61e512931e87a
normal_evidence_002/units/NDEV-EVD-0311.txt,evidence/normal_dev_002/units/NDEV-EVD-0311.txt,normal_evidence,374,2202343e3368b66376d262448103b9d7bd600fe87e0a0589f05d746212de7537
normal_evidence_002/units/NDEV-EVD-0312.evidence.json,evidence/normal_dev_002/units/NDEV-EVD-0312.evidence.json,normal_evidence,179123,277b38a2e94c03b92b0d1bb35310c47a84aa6d28290a31a6f51295dabdbfbfd9
normal_evidence_002/units/NDEV-EVD-0312.features.csv,evidence/normal_dev_002/units/NDEV-EVD-0312.features.csv,normal_evidence,6574,8bee70be4ebf790798b9ba003f49bdb75c4a18b0c92af3d20956775f10a13bcc
normal_evidence_002/units/NDEV-EVD-0312.signature.csv,evidence/normal_dev_002/units/NDEV-EVD-0312.signature.csv,normal_evidence,4252,d3055112d7ade63ef051179c8fc4ec647c649fd1a5a61de00af61e512931e87a
normal_evidence_002/units/NDEV-EVD-0312.txt,evidence/normal_dev_002/units/NDEV-EVD-0312.txt,normal_evidence,374,747cf750a7149795dd4b6e2ca2b3f209570766ae82a872c548a79c3134d87f74
normal_evidence_002/units/NDEV-EVD-0313.evidence.json,evidence/normal_dev_002/units/NDEV-EVD-0313.evidence.json,normal_evidence,179133,067e9a7c104a7db3511bcb8bc77bd96896feac7e08421763d3be837a0bca72c7
normal_evidence_002/units/NDEV-EVD-0313.features.csv,evidence/normal_dev_002/units/NDEV-EVD-0313.features.csv,normal_evidence,6567,d6f58364090655843fc604ad6c8d2f5b0e3ed9fe656bc5487ed0cd3b7c420b12
normal_evidence_002/units/NDEV-EVD-0313.signature.csv,evidence/normal_dev_002/units/NDEV-EVD-0313.signature.csv,normal_evidence,4252,d3055112d7ade63ef051179c8fc4ec647c649fd1a5a61de00af61e512931e87a
normal_evidence_002/units/NDEV-EVD-0313.txt,evidence/normal_dev_002/units/NDEV-EVD-0313.txt,normal_evidence,374,caef087aaebe42b09d0d90aaa102ea96c9e140858c21ae463ea2dcb99283b542
normal_evidence_002/units/NDEV-EVD-0314.evidence.json,evidence/normal_dev_002/units/NDEV-EVD-0314.evidence.json,normal_evidence,179121,eb8650fe4dcb5b63990a246f9fbea0b5860fd05cbba57d22a173dc2d9485dab2
normal_evidence_002/units/NDEV-EVD-0314.features.csv,evidence/normal_dev_002/units/NDEV-EVD-0314.features.csv,normal_evidence,6564,ee233d016afb1966a86037cae9e2a63878ba0c601c66b7ef45b2638de6a00124
normal_evidence_002/units/NDEV-EVD-0314.signature.csv,evidence/normal_dev_002/units/NDEV-EVD-0314.signature.csv,normal_evidence,4252,d3055112d7ade63ef051179c8fc4ec647c649fd1a5a61de00af61e512931e87a
normal_evidence_002/units/NDEV-EVD-0314.txt,evidence/normal_dev_002/units/NDEV-EVD-0314.txt,normal_evidence,374,19eb4650203205599b11b18697ef21ecb8d7127de5d42e0bcd7cd84a753fce34
normal_evidence_002/units/NDEV-EVD-0315.evidence.json,evidence/normal_dev_002/units/NDEV-EVD-0315.evidence.json,normal_evidence,179137,6d50e93c5fa4ee084e8e6c678abcd3fd449b8c1995e565d228c40fe749a7f163
normal_evidence_002/units/NDEV-EVD-0315.features.csv,evidence/normal_dev_002/units/NDEV-EVD-0315.features.csv,normal_evidence,6571,078ab66beb4ae738744cb83611d98966e2ba94e043fcd1e3a258938c7f878c9f
normal_evidence_002/units/NDEV-EVD-0315.signature.csv,evidence/normal_dev_002/units/NDEV-EVD-0315.signature.csv,normal_evidence,4252,d3055112d7ade63ef051179c8fc4ec647c649fd1a5a61de00af61e512931e87a
normal_evidence_002/units/NDEV-EVD-0315.txt,evidence/normal_dev_002/units/NDEV-EVD-0315.txt,normal_evidence,374,4261fb7e982e07220103ef864beb8d4bb866ebaf0332a3dc8e5ffd3bbb0a2e78
normal_evidence_002/units/NDEV-EVD-0316.evidence.json,evidence/normal_dev_002/units/NDEV-EVD-0316.evidence.json,normal_evidence,179119,d65a415c981f417c9fedef43d045a50e22ae826bea79781ee1516b6c32482b71
normal_evidence_002/units/NDEV-EVD-0316.features.csv,evidence/normal_dev_002/units/NDEV-EVD-0316.features.csv,normal_evidence,6548,3d727c8a637e7b7b861b4301d20cf80c507d5d23437ad5e4e2847f3e5aa04d19
normal_evidence_002/units/NDEV-EVD-0316.signature.csv,evidence/normal_dev_002/units/NDEV-EVD-0316.signature.csv,normal_evidence,4252,d3055112d7ade63ef051179c8fc4ec647c649fd1a5a61de00af61e512931e87a
normal_evidence_002/units/NDEV-EVD-0316.txt,evidence/normal_dev_002/units/NDEV-EVD-0316.txt,normal_evidence,374,835419f542aef242fd16341daf25bcd34d54c8df362b2e05912f9d61062bcd17
normal_evidence_002/units/NDEV-EVD-0317.evidence.json,evidence/normal_dev_002/units/NDEV-EVD-0317.evidence.json,normal_evidence,179124,eddaab94c7dc7cb533531c73ff407e646d1f03e16a261a940984241a0205c11a
normal_evidence_002/units/NDEV-EVD-0317.features.csv,evidence/normal_dev_002/units/NDEV-EVD-0317.features.csv,normal_evidence,6536,5ac19ddcc63dd9c5eb32d7d433be375b753418a23a3b038c50001bddde101e9a
normal_evidence_002/units/NDEV-EVD-0317.signature.csv,evidence/normal_dev_002/units/NDEV-EVD-0317.signature.csv,normal_evidence,4252,d3055112d7ade63ef051179c8fc4ec647c649fd1a5a61de00af61e512931e87a
normal_evidence_002/units/NDEV-EVD-0317.txt,evidence/normal_dev_002/units/NDEV-EVD-0317.txt,normal_evidence,374,9295d8639180e552f43754a23e84653570d190f5cd03a17cc28a149f3b02fa24
normal_evidence_002/units/NDEV-EVD-0318.evidence.json,evidence/normal_dev_002/units/NDEV-EVD-0318.evidence.json,normal_evidence,179102,d5c25c9cfb45d060a230dbc24ad5c48358af2bff70afd45f584a84264ca4d38c
normal_evidence_002/units/NDEV-EVD-0318.features.csv,evidence/normal_dev_002/units/NDEV-EVD-0318.features.csv,normal_evidence,6544,577df932680aa25afd69f53bf244c76ac9753f5f03773d6f2957e59e210b9d09
normal_evidence_002/units/NDEV-EVD-0318.signature.csv,evidence/normal_dev_002/units/NDEV-EVD-0318.signature.csv,normal_evidence,4252,d3055112d7ade63ef051179c8fc4ec647c649fd1a5a61de00af61e512931e87a
normal_evidence_002/units/NDEV-EVD-0318.txt,evidence/normal_dev_002/units/NDEV-EVD-0318.txt,normal_evidence,374,a8e2ff366276fa9393a76b6188f1bbc7d06a92bf3ac010b8aa5a225ba8f611fb
normal_evidence_002/units/NDEV-EVD-0319.evidence.json,evidence/normal_dev_002/units/NDEV-EVD-0319.evidence.json,normal_evidence,179116,f8ac3ab4bb40ce2573b4d5ee8941c07dac44df6f3f4ff669830b991ae1bbd4dc
normal_evidence_002/units/NDEV-EVD-0319.features.csv,evidence/normal_dev_002/units/NDEV-EVD-0319.features.csv,normal_evidence,6556,2b283c011cab2dc10cf18b8c7845e3d7d6e88a3a65b01761d124879b00cee308
normal_evidence_002/units/NDEV-EVD-0319.signature.csv,evidence/normal_dev_002/units/NDEV-EVD-0319.signature.csv,normal_evidence,4252,d3055112d7ade63ef051179c8fc4ec647c649fd1a5a61de00af61e512931e87a
normal_evidence_002/units/NDEV-EVD-0319.txt,evidence/normal_dev_002/units/NDEV-EVD-0319.txt,normal_evidence,374,e67019c9d44fbd5628d8bc3017de73c6925e641b24a26e9a4af5519d2e59c5c7
normal_evidence_002/units/NDEV-EVD-0320.evidence.json,evidence/normal_dev_002/units/NDEV-EVD-0320.evidence.json,normal_evidence,179122,f06aa48334b5fad6da79d821b7d76f4144b512187f7d8f16b3f37a5e5b6b61e4
normal_evidence_002/units/NDEV-EVD-0320.features.csv,evidence/normal_dev_002/units/NDEV-EVD-0320.features.csv,normal_evidence,6549,2f44e35b5c9683fe561c657912490dd981b879c4b250861a2ca0fe8c26f1c6fc
normal_evidence_002/units/NDEV-EVD-0320.signature.csv,evidence/normal_dev_002/units/NDEV-EVD-0320.signature.csv,normal_evidence,4252,d3055112d7ade63ef051179c8fc4ec647c649fd1a5a61de00af61e512931e87a
normal_evidence_002/units/NDEV-EVD-0320.txt,evidence/normal_dev_002/units/NDEV-EVD-0320.txt,normal_evidence,374,746d15df69645b9ac38ab0e565f6498a519ccb1e8baaedfdf7064a432e9b6537
runtime/normal_dev_001/matlab.log,runtime/normal_dev_001/matlab.log,runtime_trace,12852,983d4f3e54395078820df7b44d094823e99f2f856c47bb5d8a87df0ade2fb31d
runtime/normal_dev_001/matlab.pid,runtime/normal_dev_001/matlab.pid,runtime_trace,6,82ebe41c5448ff63a92d64076546adb8406cb735c7779443567eba470a9cce25
runtime/normal_dev_001_prestart_failure_20260914T090037Z/RECOVERY.json,runtime/normal_dev_001_prestart_failure_20260914T090037Z/RECOVERY.json,runtime_trace,721,4c24f2c14daad7905d2c8c2a6b96a7a3fc04788f5cd7e02292316f2f80601351
runtime/normal_dev_001_prestart_failure_20260914T090037Z/matlab.log,runtime/normal_dev_001_prestart_failure_20260914T090037Z/matlab.log,runtime_trace,405,7d8a8169da30b372236a7c5d29d1af26ea649e72ef1a3c1f5ac84a39e8480ea6
runtime/normal_dev_001_prestart_failure_20260914T090037Z/matlab.pid,runtime/normal_dev_001_prestart_failure_20260914T090037Z/matlab.pid,runtime_trace,6,81a2a1a69476339eaf482376cc3c9c62e5eca7d58ad9f91966f0f61b007eccad
