fault,batch,variable,shift_sigma,abs_shift_sigma,slope_sigma_h,abs_slope_sigma_h,raw_std_ratio,diff_std_ratio,residual_std_ratio
1,1,XMEAS-1,84.63276386989925,84.63276386989925,0.10888444364423602,0.10888444364423602,19.5532760078445,1.1860013755677683,19.599039147270002
1,1,XMEAS-2,-0.35842422419837117,0.35842422419837117,0.0009323656709695729,0.0009323656709695729,1.1418419985640762,1.013920992404893,1.1499980819268647
1,1,XMEAS-3,0.1801353025266465,0.1801353025266465,-0.026574159047352938,0.026574159047352938,1.33279734340251,1.014169890350955,1.3077673433245327
1,1,XMEAS-4,-10.008477261835312,10.008477261835312,-0.014595878477367081,0.014595878477367081,2.3179098535901415,1.0147759452321978,2.3128659048824307
1,1,XMEAS-5,-0.8546987712529145,0.8546987712529145,0.12085827513165408,0.12085827513165408,3.246342182006769,1.0071556367525483,2.936167374038358
1,1,XMEAS-6,-0.9286884333167423,0.9286884333167423,0.10369157318553693,0.10369157318553693,2.9899686374157053,1.032423968503838,2.743338874189511
1,1,XMEAS-7,-1.9685543354441348,1.9685543354441348,0.21896061543878348,0.21896061543878348,7.85667114857062,1.0405674422105025,7.438818415098049
1,1,XMEAS-8,0.0317976088341044,0.0317976088341044,-0.0038611799679455633,0.0038611799679455633,1.3266029762144067,1.0211703826344098,1.3266605807790033
1,1,XMEAS-9,-0.00020124566974313166,0.00020124566974313166,-0.0004990760299816357,0.0004990760299816357,1.0500871746879414,1.0116966769784672,1.0502974974091168
1,1,XMEAS-10,-0.8414170929634269,0.8414170929634269,-0.0489310596281782,0.0489310596281782,8.380420700703644,1.1836992270566018,8.37043688060491
1,1,XMEAS-11,-1.545908313553414,1.545908313553414,0.3449367712418549,0.3449367712418549,10.436659703759679,1.016169887476776,9.810241457870086
1,1,XMEAS-12,-0.02971389429931297,0.02971389429931297,-0.0030974963726581447,0.0030974963726581447,2.266852924635841,1.0135844313324915,2.2684241673950525
1,1,XMEAS-13,-1.9150751979641674,1.9150751979641674,0.21627525720363525,0.21627525720363525,7.839718971308199,1.0275011803701914,7.431381585566254
1,1,XMEAS-14,-0.10056444546554294,0.10056444546554294,-0.02873594274500616,0.02873594274500616,2.3765797720008357,0.9856255070659541,2.357710663255573
1,1,XMEAS-15,0.10571827827986363,0.10571827827986363,-0.004965741962166338,0.004965741962166338,5.510643962722446,0.9905813185090445,5.513411400592666
1,1,XMEAS-16,-2.0643986585791274,2.0643986585791274,0.20946237383048455,0.20946237383048455,7.807990858137111,1.0421397650759436,7.4242258944032775
1,1,XMEAS-17,-0.0035072581348177356,0.0035072581348177356,0.0011758966651881837,0.0011758966651881837,1.1622757280014473,0.9638732296739999,1.1632020594642631
1,1,XMEAS-18,7.536420247051914,7.536420247051914,0.4914945192084113,0.4914945192084113,12.062334758952483,1.0573485719239994,11.084269936374412
1,1,XMEAS-19,0.02712017578227478,0.02712017578227478,-0.0011224602252530786,0.0011224602252530786,1.001739862508615,1.0013318313560857,1.0020472693096782
1,1,XMEAS-20,-4.099578075564392,4.099578075564392,0.5330067746979701,0.5330067746979701,14.111775013533041,1.026906884317388,13.090625967874665
1,1,XMEAS-21,1.4177990149194664,1.4177990149194664,-0.0809565589374319,0.0809565589374319,5.895519017331911,1.0073437549257653,5.9484233800547255
1,1,XMEAS-22,-1.9923128324887969,1.9923128324887969,0.30532555342403117,0.30532555342403117,8.03171535947734,1.008142327758461,7.297021654537355
1,1,XMEAS-23,-1.274211740075253,1.274211740075253,0.18088139590279667,0.18088139590279667,5.525675572027733,1.1185125760619665,5.119261651724953
1,1,XMEAS-24,-1.5067798578890126,1.5067798578890126,0.14311298830592792,0.14311298830592792,4.297074525949134,0.9212251049672109,3.994920925453598
1,1,XMEAS-25,1.2857790320242943,1.2857790320242943,-0.18068724926588364,0.18068724926588364,6.7795333811618725,1.0221946803482833,6.453244576256445
1,1,XMEAS-26,0.2389138442572466,0.2389138442572466,-0.03390835573754065,0.03390835573754065,1.4433403178125546,0.9854283995128037,1.3973686736258781
1,1,XMEAS-27,0.8749603963433291,0.8749603963433291,-0.09408383674483714,0.09408383674483714,2.1913908800941084,0.9578932128388373,1.9075128231223388
1,1,XMEAS-28,-0.35278008674982836,0.35278008674982836,0.30179893497294613,0.30179893497294613,6.42798631181943,1.0357416777717816,5.4477638542451325
1,1,XMEAS-29,-1.8123104654402427,1.8123104654402427,0.24764535525188502,0.24764535525188502,7.73739937279073,1.062062411451155,7.230614740852302
1,1,XMEAS-30,-1.7970549982444874,1.7970549982444874,0.1436787336730487,0.1436787336730487,4.4927229243554265,1.0860452875987423,4.209535629571361
1,1,XMEAS-31,1.702668704155137,1.702668704155137,-0.25486085035912115,0.25486085035912115,9.451414515932385,1.0628642149905672,9.011195643225916
1,1,XMEAS-32,0.21755912542229466,0.21755912542229466,-0.02604128235729279,0.02604128235729279,1.0744193309423316,0.9615925316421157,1.0321673023551097
1,1,XMEAS-33,1.1191390947330457,1.1191390947330457,-0.1256376452925961,0.1256376452925961,2.6472595140696042,0.922785419636146,2.2192739706193576
1,1,XMEAS-34,-0.25965351403367315,0.25965351403367315,0.34592123459609425,0.34592123459609425,7.3581731960007595,1.0408452066268818,6.272246462756217
1,1,XMEAS-35,-0.7499200161891234,0.7499200161891234,0.09126695534442097,0.09126695534442097,2.692854128096535,0.9625626100207003,2.4963956788167905
1,1,XMEAS-36,-0.2401608213242199,0.2401608213242199,0.05359976702203984,0.05359976702203984,1.8385687726382398,0.9914276947293673,1.7350787309567668
1,1,XMEAS-37,0.06756526681307783,0.06756526681307783,-0.002525106896798553,0.002525106896798553,1.0336023584014016,0.9876861628617948,1.0405580830467556
1,1,XMEAS-38,3.496611879421313,3.496611879421313,-0.1841518670094714,0.1841518670094714,4.836489345431327,1.1194510646399032,4.365059422654292
1,1,XMEAS-39,0.8418793173347168,0.8418793173347168,0.013432412333122359,0.013432412333122359,1.0499482396709403,0.9554402961064551,1.0449832979748002
1,1,XMEAS-40,-0.01894368644075932,0.01894368644075932,0.0014002365790344278,0.0014002365790344278,1.132402899665167,1.055843717851157,1.1333860428237181
1,1,XMEAS-41,0.18109015614094398,0.18109015614094398,0.007903518886175038,0.007903518886175038,1.0958537497221068,1.0023502532300663,1.104021880468978
1,2,XMEAS-1,84.65772390615429,84.65772390615429,0.10350645057631969,0.10350645057631969,19.729517033029758,1.2020837547130334,19.780308938935935
1,2,XMEAS-2,-0.11044379937293207,0.11044379937293207,-0.0025740153571582785,0.0025740153571582785,1.1433808292319771,1.0169532750411148,1.1512097967571555
1,2,XMEAS-3,-0.017298145697591145,0.017298145697591145,-0.025960033956883777,0.025960033956883777,1.2947006339947762,0.9851769686429074,1.2699840119608
1,2,XMEAS-4,-9.978803847149953,9.978803847149953,-0.01769328289233447,0.01769328289233447,2.306225042192032,1.0186066125231372,2.2982411092030173
1,2,XMEAS-5,-0.9005261704357344,0.9005261704357344,0.12002061344342642,0.12002061344342642,3.2890764988732015,0.9812334860837595,2.9880386380721813
1,2,XMEAS-6,-0.9280177149374937,0.9280177149374937,0.10806720859543244,0.10806720859543244,3.0715539945687356,0.9841753085018464,2.810309923145029
1,2,XMEAS-7,-1.9401287439508996,1.9401287439508996,0.2121071738849297,0.2121071738849297,7.6784827871033565,1.018044427261601,7.277481631665558
1,2,XMEAS-8,0.051149373174185386,0.051149373174185386,-0.005496732802287935,0.005496732802287935,1.3244463659102375,0.9818073136593645,1.3237295793337671
1,2,XMEAS-9,0.020845248803817724,0.020845248803817724,0.00045255572405218647,0.00045255572405218647,1.0628504963796068,0.994979819789831,1.0630665364310306
1,2,XMEAS-10,-0.8183190579095382,0.8183190579095382,-0.05673793767896941,0.05673793767896941,8.597869205184857,1.1944299871420812,8.582183461193525
1,2,XMEAS-11,-1.5467683225641327,1.5467683225641327,0.3507843575469779,0.3507843575469779,10.736953159184367,0.9967736391134567,10.112156014103151
1,2,XMEAS-12,-0.01530557095225924,0.01530557095225924,-0.0029805338375042036,0.0029805338375042036,2.3008520775255965,0.9885416059266037,2.3024759254459597
1,2,XMEAS-13,-1.8844769537674813,1.8844769537674813,0.20957224801770893,0.20957224801770893,7.6461566552766635,1.0274409865143177,7.253174310245102
1,2,XMEAS-14,-0.12930315213940566,0.12930315213940566,-0.030520013255684323,0.030520013255684323,2.408437479034207,1.0027597033258326,2.3869766964193144
1,2,XMEAS-15,0.092402389752087,0.092402389752087,-0.005973271911998341,0.005973271911998341,5.6838489877835245,0.9955644968586513,5.686592489609022
1,2,XMEAS-16,-2.0182020787662758,2.0182020787662758,0.20114370831076958,0.20114370831076958,7.602642346877653,1.009043047233804,7.239465595571796
1,2,XMEAS-17,0.0012702348847030058,0.0012702348847030058,-0.0018203534134137317,0.0018203534134137317,1.182211684618222,0.979617662054086,1.1830475653095416
1,2,XMEAS-18,7.543823788794567,7.543823788794567,0.5049647771306861,0.5049647771306861,12.45328895263069,1.0426554113725472,11.459253675151405
1,2,XMEAS-19,-6.095603331523251e-05,6.095603331523251e-05,-0.00011639225685331246,0.00011639225685331246,1.0132271197966403,1.002987686004944,1.0136220417838842
1,2,XMEAS-20,-4.1591842991549575,4.1591842991549575,0.5398762528938961,0.5398762528938961,14.388358571840353,1.0070528949752233,13.367758990693494
1,2,XMEAS-21,1.079001630376991,1.079001630376991,-0.07310888558583205,0.07310888558583205,6.123445975148529,0.9978862874567317,6.197817918239705
1,2,XMEAS-22,-2.014468198853794,2.014468198853794,0.3102411750677403,0.3102411750677403,8.209102212718022,1.0080287549993,7.468575420537894
1,2,XMEAS-23,-1.268294845484542,1.268294845484542,0.18382031609488833,0.18382031609488833,5.583932064660821,1.0110721929976536,5.16834676649667
1,2,XMEAS-24,-1.5835426758543825,1.5835426758543825,0.14850961286893324,0.14850961286893324,4.350073696640394,1.0042808803923693,4.0263303978186915
1,2,XMEAS-25,1.2930209461387305,1.2930209461387305,-0.1812515625834596,0.1812515625834596,6.800876710725158,1.0153012157430716,6.4735776032184065
1,2,XMEAS-26,0.2854078865602132,0.2854078865602132,-0.042677724084398905,0.042677724084398905,1.4753039558668268,1.0597119766291667,1.3987093714974626
1,2,XMEAS-27,0.7303284661114552,0.7303284661114552,-0.10173867941791148,0.10173867941791148,2.25061309514925,1.054146784383722,1.9240635391110466
1,2,XMEAS-28,-0.6655028167467973,0.6655028167467973,0.30316222986892377,0.30316222986892377,6.589097097182422,1.0809293646552882,5.630271390720633
1,2,XMEAS-29,-1.963745061959791,1.963745061959791,0.25925729273012943,0.25925729273012943,7.882096298910925,1.0668725604487266,7.33305644094423
1,2,XMEAS-30,-1.8396482889328747,1.8396482889328747,0.15661341423692945,0.15661341423692945,4.670824125890345,1.06751973542509,4.3419588977803345
1,2,XMEAS-31,1.8172124528617868,1.8172124528617868,-0.2502960735679831,0.2502960735679831,9.521260718909604,1.0981229443859302,9.101937270989945
1,2,XMEAS-32,0.30359141993549676,0.30359141993549676,-0.018741254885861612,0.018741254885861612,1.0644397294498231,1.0028096800598871,1.0429100532694944
1,2,XMEAS-33,1.1141023141234312,1.1141023141234312,-0.12673185881747295,0.12673185881747295,2.719545519782338,0.9385951886794252,2.297371049868843
1,2,XMEAS-34,-0.4686601232318895,0.4686601232318895,0.3457429588866809,0.3457429588866809,7.45936255752254,1.049095040693434,6.395541300778379
1,2,XMEAS-35,-0.5756417288357787,0.5756417288357787,0.08910669917701444,0.08910669917701444,2.803310350060172,1.0120147513529245,2.6269536095977752
1,2,XMEAS-36,-0.19440171117915822,0.19440171117915822,0.05176171873631234,0.05176171873631234,1.9027159157918097,1.0040678680426895,1.8103893867015202
1,2,XMEAS-37,0.16478534412038195,0.16478534412038195,-0.009359873310424855,0.009359873310424855,1.0331691953868452,1.068602885174628,1.0348249447211273
1,2,XMEAS-38,3.402524126520189,3.402524126520189,-0.19422072262694107,0.19422072262694107,4.887574417903467,0.9809018241776358,4.363737352169606
1,2,XMEAS-39,0.7967657175805666,0.7967657175805666,0.003183924692487898,0.003183924692487898,1.1515376915021998,1.0378172789088373,1.158220711987147
1,2,XMEAS-40,0.011623769431863683,0.011623769431863683,-0.012145754769509123,0.012145754769509123,1.0584142414255622,0.9742005660748516,1.0500952276527389
1,2,XMEAS-41,-0.027121956435982843,0.027121956435982843,0.009285334097059427,0.009285334097059427,1.1241953126487194,1.08335808424548,1.1313414680022915
1,3,XMEAS-1,84.6066009952681,84.6066009952681,0.11747860677779891,0.11747860677779891,19.60507042992799,1.2065866990661838,19.644507982529866
1,3,XMEAS-2,0.006484362866219965,0.006484362866219965,-0.011741228953226771,0.011741228953226771,1.0644900974794065,1.0069969463485824,1.0634064324121228
1,3,XMEAS-3,-0.1461050159984995,0.1461050159984995,-0.010691936121176965,0.010691936121176965,1.4272824588648239,1.0124077626038663,1.433759594438922
1,3,XMEAS-4,-9.993338457611632,9.993338457611632,-0.017082930991502703,0.017082930991502703,2.326539598581369,1.016299200474209,2.3192558748177166
1,3,XMEAS-5,-0.9251345797248758,0.9251345797248758,0.11898016765587678,0.11898016765587678,3.2734825332608986,1.0102358160877718,2.976400633533779
1,3,XMEAS-6,-1.006029493737336,1.006029493737336,0.10715140077739024,0.10715140077739024,3.058292337293064,1.0033225567075446,2.800480820860993
1,3,XMEAS-7,-1.8908462689053425,1.8908462689053425,0.208733491934422,0.208733491934422,7.585521164993071,1.0079561640379429,7.192500875894978
1,3,XMEAS-8,0.045425039155796126,0.045425039155796126,-0.0026753807202131523,0.0026753807202131523,1.3338359136035007,1.0038261175686107,1.3342899571694802
1,3,XMEAS-9,0.045278347549392084,0.045278347549392084,0.002254913865860603,0.002254913865860603,1.076890955829001,1.0066647018459263,1.0768078565570558
1,3,XMEAS-10,-0.9000982916215712,0.9000982916215712,-0.049344768755166225,0.049344768755166225,8.357226082646921,1.1944218836107352,8.346838347561523
1,3,XMEAS-11,-1.6437984714974767,1.6437984714974767,0.3379511157882026,0.3379511157882026,10.748952726563838,1.0579914417782037,10.185368319034971
1,3,XMEAS-12,0.00962458963786197,0.00962458963786197,-0.0029350363769075193,0.0029350363769075193,2.2854970903537097,1.012345701651293,2.28711451092558
1,3,XMEAS-13,-1.8429405882579077,1.8429405882579077,0.20763430934053595,0.20763430934053595,7.5704675455419705,1.031668703231508,7.180848578843993
1,3,XMEAS-14,-0.04747080353162061,0.04747080353162061,-0.029479272913250244,0.029479272913250244,2.378802908658947,1.0001183482183733,2.358732143078887
1,3,XMEAS-15,0.08068740355837065,0.08068740355837065,0.0014202299651491334,0.0014202299651491334,5.556180450411694,0.9409492658933168,5.559247611823409
1,3,XMEAS-16,-1.969914689193353,1.969914689193353,0.19883271786480178,0.19883271786480178,7.5257665828457245,1.0539864234848526,7.167288410602722
1,3,XMEAS-17,0.012871240246535121,0.012871240246535121,-0.00015601965234524848,0.00015601965234524848,1.173825280316359,0.9814396680292681,1.17483963787212
1,3,XMEAS-18,7.369251443918446,7.369251443918446,0.4891003384663773,0.4891003384663773,12.513201067940514,1.1000759653648018,11.628343970483582
1,3,XMEAS-19,0.016411589676905244,0.016411589676905244,0.0019476707895139211,0.0019476707895139211,0.9917904177930794,0.9803837050227896,0.9919226308356263
1,3,XMEAS-20,-4.31597619069735,4.31597619069735,0.5228783130987176,0.5228783130987176,14.297665556734685,1.0137936602970146,13.360124745653538
1,3,XMEAS-21,0.9414236136538269,0.9414236136538269,-0.0649729143785993,0.0649729143785993,5.953858829130061,0.9929823800470445,6.035773372926113
1,3,XMEAS-22,-2.1236746438455456,2.1236746438455456,0.30214610930697783,0.30214610930697783,8.210685137089179,1.0416077922372495,7.515473547404341
1,3,XMEAS-23,-1.2964793270200488,1.2964793270200488,0.17721008914257344,0.17721008914257344,5.550363547493924,1.1116923382944188,5.162973726507375
1,3,XMEAS-24,-1.3236709840161567,1.3236709840161567,0.13567637643653863,0.13567637643653863,4.392248577075292,1.0177906270301396,4.1326539496459525
1,3,XMEAS-25,1.2728083113847266,1.2728083113847266,-0.17896622425875588,0.17896622425875588,6.716479335051687,1.0677114219368877,6.39337666568098
1,3,XMEAS-26,0.3366873297996871,0.3366873297996871,-0.043507287647392555,0.043507287647392555,1.322780812460262,0.9693038372576452,1.2308246564515992
1,3,XMEAS-27,0.6641283452820457,0.6641283452820457,-0.09113897990808296,0.09113897990808296,2.2748781629601678,1.0311040008774583,2.0214718428434244
1,3,XMEAS-28,-0.4964964530359116,0.4964964530359116,0.2855451268484706,0.2855451268484706,6.412706298949128,1.0913229214470435,5.54744192287652
1,3,XMEAS-29,-1.9968377206442685,1.9968377206442685,0.25026616359534765,0.25026616359534765,7.882784175371583,1.0588282610643829,7.375825360463592
1,3,XMEAS-30,-1.5224257475420953,1.5224257475420953,0.14423598578361757,0.14423598578361757,4.5911824622149595,0.9379470291495652,4.313661215513502
1,3,XMEAS-31,1.7352990198574398,1.7352990198574398,-0.2478462901067812,0.2478462901067812,9.431918594818399,1.056106249323926,9.016903239994246
1,3,XMEAS-32,0.18992637645307742,0.18992637645307742,-0.025952680525356032,0.025952680525356032,1.0879652053645725,0.939782230722119,1.046573444904817
1,3,XMEAS-33,1.049265411123291,1.049265411123291,-0.12127383219945309,0.12127383219945309,2.723027733036877,0.9509420302273389,2.3405871852311306
1,3,XMEAS-34,-0.3701748312825662,0.3701748312825662,0.32945616213743945,0.32945616213743945,7.304837236441404,0.9719945106234804,6.329582539710128
1,3,XMEAS-35,-0.487555752968137,0.487555752968137,0.08614987568985769,0.08614987568985769,3.049395811146105,1.129909094286848,2.90392717821026
1,3,XMEAS-36,-0.25611356301056737,0.25611356301056737,0.06570061136199604,0.06570061136199604,1.9075771897112694,1.0368367842196597,1.7540648031991477
1,3,XMEAS-37,0.1327170452620741,0.1327170452620741,-0.012249661578552362,0.012249661578552362,0.9819812444722646,0.9147528615431341,0.9786654153420021
1,3,XMEAS-38,3.554124996904209,3.554124996904209,-0.17506443225240703,0.17506443225240703,4.857627806300067,1.0762605637346407,4.438512088472292
1,3,XMEAS-39,0.7816300088746961,0.7816300088746961,0.013787375655112528,0.013787375655112528,1.1419724922199586,1.003305578137382,1.1379592184897054
1,3,XMEAS-40,-0.03462309440270451,0.03462309440270451,0.009931610673064225,0.009931610673064225,1.1918784855635411,1.014586724344751,1.1874972567418425
1,3,XMEAS-41,-0.07009505610997276,0.07009505610997276,-0.0016671321836586477,0.0016671321836586477,1.1852188178911705,1.0891125071267547,1.1980589756613922
1,4,XMEAS-1,84.60437799255992,84.60437799255992,0.1148123670981617,0.1148123670981617,19.62209493710989,1.2038933736457567,19.66376817654633
1,4,XMEAS-2,-0.059945037655053664,0.059945037655053664,0.009256410696645494,0.009256410696645494,1.0527905771778214,1.0097022769827,1.0548766331943975
1,4,XMEAS-3,-0.11807455686360485,0.11807455686360485,-0.036787337858408084,0.036787337858408084,1.4317914539366885,0.9860685979201871,1.3786749989440485
1,4,XMEAS-4,-9.971736633804035,9.971736633804035,-0.016205521072536384,0.016205521072536384,2.275050396430156,0.9940354434265136,2.2684115497506827
1,4,XMEAS-5,-0.8219108661685185,0.8219108661685185,0.12497346015962518,0.12497346015962518,3.2362095454956146,1.0032259542250368,2.901677824481301
1,4,XMEAS-6,-0.8824111547075457,0.8824111547075457,0.11343022999587724,0.11343022999587724,3.063184885048562,1.000922359829695,2.772631114101439
1,4,XMEAS-7,-1.867914221168661,1.867914221168661,0.2070652493517576,0.2070652493517576,7.356097457548454,1.0163949230611122,6.956751953872335
1,4,XMEAS-8,-0.04916232001547008,0.04916232001547008,-0.002171756025877773,0.002171756025877773,1.3073509953401141,0.9555596640438897,1.307906292946385
1,4,XMEAS-9,0.02032468128034178,0.02032468128034178,0.001512907802411337,0.001512907802411337,1.0504984122192547,0.9902638646907526,1.0505792874376099
1,4,XMEAS-10,-0.8514206234233668,0.8514206234233668,-0.049117842381372075,0.049117842381372075,8.456848388860111,1.1949121557907678,8.446975736490373
1,4,XMEAS-11,-1.2796067246589677,1.2796067246589677,0.3744276805216248,0.3744276805216248,10.624490074494554,1.0200412754667372,9.869424103721425
1,4,XMEAS-12,-0.03659106822972387,0.03659106822972387,-0.004582362827956724,0.004582362827956724,2.334150404812179,1.022727537360391,2.3354586633233496
1,4,XMEAS-13,-1.826791862882329,1.826791862882329,0.2060959177315532,0.2060959177315532,7.345993208991085,1.0172197414157023,6.949886038544331
1,4,XMEAS-14,-0.16384880496698812,0.16384880496698812,-0.03670819464123373,0.03670819464123373,2.436152615970467,1.0196883344902836,2.4034828513302897
1,4,XMEAS-15,0.05051780136810761,0.05051780136810761,-0.0037531204645117034,0.0037531204645117034,5.701222324522302,0.974345834382179,5.704229535984055
1,4,XMEAS-16,-1.976944961373764,1.976944961373764,0.19634296770267595,0.19634296770267595,7.278154590013522,1.0419222600450089,6.916299581050732
1,4,XMEAS-17,0.0004898254611036234,0.0004898254611036234,0.0018926343530564574,0.0018926343530564574,1.2045454826194169,1.0195481209263682,1.2053892842288918
1,4,XMEAS-18,7.9746987510606715,7.9746987510606715,0.539284986088154,0.539284986088154,12.247307118095168,1.0765392108917087,10.982314583842022
1,4,XMEAS-19,0.021608157140444333,0.021608157140444333,-6.633005546052816e-06,6.633005546052816e-06,0.965455929929447,0.9740674925618552,0.9658330792815569
1,4,XMEAS-20,-3.8193951806664326,3.8193951806664326,0.5666364661000974,0.5666364661000974,14.225401180965807,1.0407451717608853,13.020907879667792
1,4,XMEAS-21,0.8870806765130169,0.8870806765130169,-0.10974418372197113,0.10974418372197113,6.043092690456462,1.0058478727787952,6.038119515792439
1,4,XMEAS-22,-1.792908017575136,1.792908017575136,0.32765670782061307,0.32765670782061307,8.086763139541855,1.0265939243250013,7.226744969472439
1,4,XMEAS-23,-1.2289149072948828,1.2289149072948828,0.18518389766209475,0.18518389766209475,5.478796793462353,1.0511448681717006,5.0477542569194025
1,4,XMEAS-24,-1.6369651476421416,1.6369651476421416,0.1391885662979073,0.1391885662979073,4.320655664036199,1.0138202911099217,4.039237597918415
1,4,XMEAS-25,1.2867490166713542,1.2867490166713542,-0.1823333752047244,0.1823333752047244,6.705699176872812,1.0334262607000808,6.369303223479433
1,4,XMEAS-26,0.3310930470865998,0.3310930470865998,-0.0318584501423418,0.0318584501423418,1.2952160143238929,0.9771468823958839,1.2491598593369158
1,4,XMEAS-27,0.6822443725301064,0.6822443725301064,-0.09894421727935622,0.09894421727935622,2.2248047049665827,0.921182165862515,1.913407733665638
1,4,XMEAS-28,-0.624282341017357,0.624282341017357,0.2825552547247877,0.2825552547247877,6.556974357665777,0.9833657507886626,5.736580850546198
1,4,XMEAS-29,-1.8410041004475421,1.8410041004475421,0.26626951666334064,0.26626951666334064,7.765014705855692,1.0963596630571593,7.171013170864369
1,4,XMEAS-30,-1.8341985223089028,1.8341985223089028,0.14756715236737095,0.14756715236737095,4.696628553080259,0.9448059969723679,4.41264962723481
1,4,XMEAS-31,1.8384810021685012,1.8384810021685012,-0.24775806043501722,0.24775806043501722,9.411319990915826,1.1559360785442878,8.995537188403095
1,4,XMEAS-32,0.22600875411635585,0.22600875411635585,-0.020035665468564792,0.020035665468564792,1.000844640608472,0.9114671628663886,0.9743901157017485
1,4,XMEAS-33,1.008638408303348,1.008638408303348,-0.13290531500966046,0.13290531500966046,2.6390408332782407,0.9041443820775408,2.1516806604724628
1,4,XMEAS-34,-0.48266777482253503,0.48266777482253503,0.3136932896951834,0.3136932896951834,7.414357629739958,1.0219070643387562,6.566429719876839
1,4,XMEAS-35,-0.44324220927704683,0.44324220927704683,0.10634996931946113,0.10634996931946113,2.893091014381921,0.9986974864340997,2.6388771789722316
1,4,XMEAS-36,-0.1366027672310376,0.1366027672310376,0.050812095310582145,0.050812095310582145,1.8328970783679666,0.971818564579823,1.7402816176179152
1,4,XMEAS-37,0.11230051812663498,0.11230051812663498,-5.20025599039381e-05,5.20025599039381e-05,1.0865183699382006,1.1100724021258905,1.0942656945471914
1,4,XMEAS-38,3.2716156645320664,3.2716156645320664,-0.20044658463967643,0.20044658463967643,4.773813727441067,1.0104563720094724,4.195393591448702
1,4,XMEAS-39,0.7793773850573106,0.7793773850573106,0.006024896146824832,0.006024896146824832,1.0604435862998565,0.9752702763451363,1.0648423036654078
1,4,XMEAS-40,-0.06165639645349092,0.06165639645349092,0.0038134560441519705,0.0038134560441519705,1.1271449205942778,1.0477569118977146,1.1273768989330544
1,4,XMEAS-41,-0.215845368529724,0.215845368529724,-0.001841487712078211,0.001841487712078211,1.246827256200038,1.194755455873363,1.2603178007792615
1,5,XMEAS-1,84.64593093089348,84.64593093089348,0.11098042509081033,0.11098042509081033,19.784447274155905,1.2015228648348704,19.830144640238732
1,5,XMEAS-2,-0.33573587226912105,0.33573587226912105,-0.0029589062443017215,0.0029589062443017215,1.0899860798350482,1.0056703272310124,1.0972808850242688
1,5,XMEAS-3,0.19771207113095413,0.19771207113095413,-0.02531754163016154,0.02531754163016154,1.3960444769518718,1.0169140317586387,1.376435145260229
1,5,XMEAS-4,-10.02614906865837,10.02614906865837,-0.018477775879992726,0.018477775879992726,2.367003747205264,0.9761596731099981,2.358479442462711
1,5,XMEAS-5,-0.8540587671335126,0.8540587671335126,0.12435008563896423,0.12435008563896423,3.288115775630199,0.976738667292233,2.963174633570604
1,5,XMEAS-6,-0.9026813944853224,0.9026813944853224,0.10739846246133915,0.10739846246133915,3.061072605486682,1.0172440851040268,2.8022602470086913
1,5,XMEAS-7,-1.908763662837719,1.908763662837719,0.21356579080289806,0.21356579080289806,7.7079755591497,1.0278915445092278,7.302926402001105
1,5,XMEAS-8,0.0328920044101436,0.0328920044101436,-0.0032494295421586477,0.0032494295421586477,1.322872435039044,1.0033255678421522,1.3231451984686806
1,5,XMEAS-9,0.03817496182931587,0.03817496182931587,0.0026428663273625496,0.0026428663273625496,1.0626872253784554,1.0131697647070101,1.0624775362568568
1,5,XMEAS-10,-0.8036497084991442,0.8036497084991442,-0.05245483234100769,0.05245483234100769,8.471892380067942,1.1834379051234338,8.459392351140853
1,5,XMEAS-11,-1.397326683431659,1.397326683431659,0.36299238705883535,0.36299238705883535,10.74517032113929,1.0285940126498527,10.061616425277562
1,5,XMEAS-12,-0.011989118685917404,0.011989118685917404,-0.0039297499953231535,0.0039297499953231535,2.351048073754332,1.007835798729519,2.3525322190276645
1,5,XMEAS-13,-1.8714998907888007,1.8714998907888007,0.21166331307753922,0.21166331307753922,7.673987652200365,1.0233017700490254,7.274437365874763
1,5,XMEAS-14,-0.156049230104059,0.156049230104059,-0.031405330234527,0.031405330234527,2.4105220801922904,0.9619783684423044,2.3875512089902537
1,5,XMEAS-15,0.08392913594939834,0.08392913594939834,-0.001154079768926341,0.001154079768926341,5.5513786753313665,0.9612534544852777,5.554451380203794
1,5,XMEAS-16,-1.9976652504289112,1.9976652504289112,0.2022901244331156,0.2022901244331156,7.634170175424208,1.0318214255186744,7.268328861973457
1,5,XMEAS-17,-0.021243781045842278,0.021243781045842278,-0.0019195178338352516,0.0019195178338352516,1.2230821506911698,1.0216983371610149,1.2239394076376136
1,5,XMEAS-18,7.715676091081155,7.715676091081155,0.525820536589646,0.525820536589646,12.509682403721412,1.0886595981304379,11.389959208155346
1,5,XMEAS-19,0.054975373348786515,0.054975373348786515,0.0020246576963170067,0.0020246576963170067,0.9972499142191138,0.9878501021224739,0.997365191639419
1,5,XMEAS-20,-3.8612946368333136,3.8612946368333136,0.5539465167813353,0.5539465167813353,14.377727703003492,1.0135017535419553,13.273668198834866
1,5,XMEAS-21,1.4052676672169004,1.4052676672169004,-0.07680173436170742,0.07680173436170742,5.80519149935483,0.9897228464788506,5.862707014661922
1,5,XMEAS-22,-1.8758507811529643,1.8758507811529643,0.3208608701791137,0.3208608701791137,8.238567503319041,1.014652236668713,7.440500344482223
1,5,XMEAS-23,-1.2489943679661961,1.2489943679661961,0.18484180044085044,0.18484180044085044,5.493543049271516,1.0504918261403717,5.065448478410232
1,5,XMEAS-24,-1.6725511072899748,1.6725511072899748,0.13794893347727608,0.13794893347727608,4.229374745720314,1.1279048773823421,3.945913580194568
1,5,XMEAS-25,1.2886567536494988,1.2886567536494988,-0.1821302070547029,0.1821302070547029,6.834085887373916,1.0452918709367047,6.50521255270863
1,5,XMEAS-26,0.18091636030810082,0.18091636030810082,-0.034329688805762,0.034329688805762,1.3667649523822247,0.9996701321181193,1.3156878597243262
1,5,XMEAS-27,0.8148737213434437,0.8148737213434437,-0.10560094930716243,0.10560094930716243,2.3615455467816147,0.9729297440632482,2.0270067482612113
1,5,XMEAS-28,-0.3870844970782923,0.3870844970782923,0.29767757903091746,0.29767757903091746,6.5356318306807415,1.098126411642635,5.606535286976114
1,5,XMEAS-29,-1.755022057107077,1.755022057107077,0.26214172969377436,0.26214172969377436,7.911502094942671,1.0656051087175913,7.351228979531865
1,5,XMEAS-30,-2.0182333566814155,2.0182333566814155,0.13711152308241037,0.13711152308241037,4.574213781185617,0.9951366536550709,4.326820513350715
1,5,XMEAS-31,1.6069426341586897,1.6069426341586897,-0.24843342715201022,0.24843342715201022,9.546428473774942,1.1361369647716528,9.135265832633348
1,5,XMEAS-32,0.12545503159016239,0.12545503159016239,-0.016126600198540408,0.016126600198540408,1.0325925993503653,0.9262370159378497,1.0163479695878619
1,5,XMEAS-33,1.136940455772504,1.136940455772504,-0.1273771357601718,0.1273771357601718,2.8583109183110462,0.9918258549688624,2.4563265364474165
1,5,XMEAS-34,-0.3232534311163698,0.3232534311163698,0.3376206910609115,0.3376206910609115,7.463400893010781,1.0725056955273815,6.459713888161786
1,5,XMEAS-35,-0.6534189370172055,0.6534189370172055,0.10385517038290767,0.10385517038290767,3.0102821290863,0.9430251334987934,2.7815126687859077
1,5,XMEAS-36,-0.08075121288933533,0.08075121288933533,0.0546026425548994,0.0546026425548994,1.919599857533766,1.0382647629593396,1.8170985479803499
1,5,XMEAS-37,0.04825644485873418,0.04825644485873418,0.010715255096717757,0.010715255096717757,1.0090013088585337,0.9649291474601589,1.0085236584862078
1,5,XMEAS-38,3.335906201909215,3.335906201909215,-0.1975435366183661,0.1975435366183661,4.9945671984444004,1.0901050126692722,4.464815004380075
1,5,XMEAS-39,0.751284905200401,0.751284905200401,0.01283344459028759,0.01283344459028759,1.0864117839728515,0.9988099623158663,1.0830520431976292
1,5,XMEAS-40,-0.0022512499254791984,0.0022512499254791984,-0.005062360098375584,0.005062360098375584,1.0901068753827365,0.8985228760352936,1.0895939922814104
1,5,XMEAS-41,0.2098933834349064,0.2098933834349064,-0.0007549655170892138,0.0007549655170892138,1.055681965347924,0.9667007355918064,1.0672232130554216
8,1,XMEAS-1,-8.34946317502379,8.34946317502379,0.33328215889836355,0.33328215889836355,32.02180484467475,1.505171448721491,31.93012005681526
8,1,XMEAS-2,0.10369047114053571,0.10369047114053571,-0.01226085629306709,0.01226085629306709,1.1587957517627627,1.0208603903107163,1.1583777117784846
8,1,XMEAS-3,0.5761051147894437,0.5761051147894437,-0.0022634617433272618,0.0022634617433272618,1.4448848438887292,1.0246165082945888,1.4566663578365169
8,1,XMEAS-4,1.2530502718446168,1.2530502718446168,-0.0648981091979217,0.0648981091979217,4.534193926068095,1.0215280705080416,4.473929404488919
8,1,XMEAS-5,-0.7317653831576459,0.7317653831576459,-0.10227113162906735,0.10227113162906735,5.285088765997792,0.9465948207449072,5.160608837517233
8,1,XMEAS-6,-0.4679903416061616,0.4679903416061616,-0.09625415925821051,0.09625415925821051,5.113922083015225,0.9938736051980198,4.998337485464847
8,1,XMEAS-7,-3.5245232030226346,3.5245232030226346,-0.17414853113937953,0.17414853113937953,11.759592380166662,1.1964746601232779,11.586720803387184
8,1,XMEAS-8,0.026550128751641297,0.026550128751641297,0.004214723466919567,0.004214723466919567,1.8996753085170552,1.006273581876436,1.9002079264571512
8,1,XMEAS-9,-0.017684887838694714,0.017684887838694714,0.0019641811752254723,0.0019641811752254723,1.2852286660014622,0.9996952524499148,1.2853051892845964
8,1,XMEAS-10,1.6813414182411806,1.6813414182411806,-0.22685590840807004,0.22685590840807004,13.536745118536919,1.9296860935953124,13.2952094982128
8,1,XMEAS-11,-2.319622152494573,2.319622152494573,-0.39325957219247687,0.39325957219247687,18.83446256088707,1.065930298109512,18.589074173713275
8,1,XMEAS-12,0.4161937835457467,0.4161937835457467,0.05620875869515997,0.05620875869515997,3.5226321137606806,1.0251656537815814,3.4651290113199513
8,1,XMEAS-13,-3.525234427483093,3.525234427483093,-0.17471615293122134,0.17471615293122134,11.59003940910107,1.2079034454918733,11.413390418201157
8,1,XMEAS-14,0.7545710873978605,0.7545710873978605,0.08276744800483661,0.08276744800483661,3.697432827703515,1.0198487176760835,3.578433156224771
8,1,XMEAS-15,0.4049861253064662,0.4049861253064662,0.10765036339665544,0.10765036339665544,6.1274147532335475,0.9774213065950309,6.003290043829424
8,1,XMEAS-16,-3.335100117720731,3.335100117720731,-0.17221698133622867,0.17221698133622867,11.692841792011338,1.2542123104980911,11.523139222642003
8,1,XMEAS-17,-0.015532940021227277,0.015532940021227277,0.013753691795680083,0.013753691795680083,1.2723030096462993,1.0332416368239072,1.2634403802825442
8,1,XMEAS-18,-5.75054118509886,5.75054118509886,-0.48869331987459425,0.48869331987459425,19.15760057291377,1.2858249536867659,19.066001403180383
8,1,XMEAS-19,0.018933646251725222,0.018933646251725222,0.0023215248560772422,0.0023215248560772422,0.980641012045094,0.9766452547556334,0.9806573405563694
8,1,XMEAS-20,-2.9187608238679763,2.9187608238679763,-0.4813777565153696,0.4813777565153696,24.304822747627714,1.081608918117871,24.391412195097377
8,1,XMEAS-21,0.49458442893411586,0.49458442893411586,0.1300929190000644,0.1300929190000644,8.467558767384922,1.0354617923858478,8.515747009202501
8,1,XMEAS-22,-2.6641846044657154,2.6641846044657154,-0.3274318159575208,0.3274318159575208,14.02513440628788,1.0112031001609838,13.656962838774554
8,1,XMEAS-23,-0.40102969588383197,0.40102969588383197,-0.14697752186276664,0.14697752186276664,9.321513912169513,1.1822148003141446,9.172296378233543
8,1,XMEAS-24,-2.312685081862723,2.312685081862723,0.051910903240610824,0.051910903240610824,5.916988673868048,1.0796998605496562,5.928762377214598
8,1,XMEAS-25,0.13487514428819838,0.13487514428819838,0.04041147691925489,0.04041147691925489,10.52140460477612,1.262768095042272,10.515739889601008
8,1,XMEAS-26,0.3752590100462747,0.3752590100462747,0.03209098782944136,0.03209098782944136,1.9540345549210882,0.9623737754929772,1.9298505219078352
8,1,XMEAS-27,1.7987055650762291,1.7987055650762291,0.09986646041701201,0.09986646041701201,3.9770079392802606,0.994684011971457,3.815078006964036
8,1,XMEAS-28,-5.611860350006311,5.611860350006311,0.10402853679793586,0.10402853679793586,8.484782800670155,1.1296772477302357,8.472184765773044
8,1,XMEAS-29,-0.6910153258349114,0.6910153258349114,-0.20614058482541311,0.20614058482541311,13.152193510475291,1.3180094474762698,13.00914397413396
8,1,XMEAS-30,-2.4933820097085273,2.4933820097085273,0.1145932905372037,0.1145932905372037,8.243459795408251,1.0400903594152158,8.203756002978276
8,1,XMEAS-31,0.2176074633457775,0.2176074633457775,0.04099726126886447,0.04099726126886447,14.523476283265833,1.3814634104526735,14.56395297725066
8,1,XMEAS-32,0.3488824645529151,0.3488824645529151,0.018834160113151505,0.018834160113151505,1.1995486147913579,0.9323676574950426,1.1804646922267947
8,1,XMEAS-33,2.261676227206163,2.261676227206163,0.1228399952941115,0.1228399952941115,4.875300199557701,1.007624035604279,4.675099348189525
8,1,XMEAS-34,-6.645536373893533,6.645536373893533,0.14169376195356878,0.14169376195356878,9.958813472541767,1.051963470327635,9.971529354557212
8,1,XMEAS-35,-0.68079943987983,0.68079943987983,-0.13764320442832947,0.13764320442832947,5.541490336272621,1.0767972957393026,5.348029858814236
8,1,XMEAS-36,-0.3852899543690672,0.3852899543690672,-0.05935059273074561,0.05935059273074561,3.1407479715252036,1.0676384414667597,3.071868817516122
8,1,XMEAS-37,0.10210207992496763,0.10210207992496763,-0.01615709625521637,0.01615709625521637,0.9843637238097973,0.9633313396339661,0.9734064305582993
8,1,XMEAS-38,2.914258202424854,2.914258202424854,0.23407403970324384,0.23407403970324384,8.641849454104937,1.2397322286617147,8.248380257248874
8,1,XMEAS-39,-0.3256883460171335,0.3256883460171335,0.05274824581303703,0.05274824581303703,2.0613563283957532,1.113647744618977,1.9817164381409231
8,1,XMEAS-40,0.012324616982275568,0.012324616982275568,-0.005395059668996705,0.005395059668996705,1.1864084838086988,1.0963740938311153,1.1859206588507631
8,1,XMEAS-41,-0.12739432412030044,0.12739432412030044,0.005521413094017103,0.005521413094017103,1.177045695695011,1.0860137905920244,1.1882066991554237
8,2,XMEAS-1,-4.009009951858949,4.009009951858949,-0.5603057801718373,0.5603057801718373,21.98309286520584,1.3542575163761306,21.101901217548857
8,2,XMEAS-2,-0.1757294240435153,0.1757294240435153,0.017220621302454917,0.017220621302454917,1.0447514915453202,1.0134212602295056,1.033017803685575
8,2,XMEAS-3,0.18197189112694137,0.18197189112694137,-0.034849314347725154,0.034849314347725154,1.250916146027002,0.9868143579114886,1.194248932779777
8,2,XMEAS-4,0.345397053027078,0.345397053027078,0.06299729367655667,0.06299729367655667,3.0680919330381764,0.9785692526211885,2.9819832130996518
8,2,XMEAS-5,-0.37448999213210626,0.37448999213210626,-0.029797718043098866,0.029797718043098866,3.737425303420432,1.0098252517952941,3.7281943698793847
8,2,XMEAS-6,-0.30203750328021894,0.30203750328021894,-0.028736293294045354,0.028736293294045354,3.6472690407586006,1.011330939412533,3.637018159076238
8,2,XMEAS-7,-1.5410041878347938,1.5410041878347938,-0.04790515075388841,0.04790515075388841,7.872230331773582,1.1075916977811469,7.853040426793194
8,2,XMEAS-8,0.013759703340556845,0.013759703340556845,0.0015772970601560365,0.0015772970601560365,1.421652530379516,0.9905841863119537,1.422401421111934
8,2,XMEAS-9,0.009850233840123027,0.009850233840123027,-0.00022079049643794146,0.00022079049643794146,1.2081197252166396,1.0327569517962345,1.2083772131597883
8,2,XMEAS-10,-0.44358631860281994,0.44358631860281994,-0.04103276298726117,0.04103276298726117,9.222337285935247,1.6244553704019742,9.220168277531009
8,2,XMEAS-11,-1.2774513643817211,1.2774513643817211,-0.08432426278507653,0.08432426278507653,11.272255271590511,1.0230658143026896,11.42084320918984
8,2,XMEAS-12,0.04979263119316231,0.04979263119316231,-0.019818653309711047,0.019818653309711047,2.3866692971691754,0.9731514252467132,2.3776106637482646
8,2,XMEAS-13,-1.5453358952194873,1.5453358952194873,-0.046329655043866796,0.046329655043866796,7.82984042810926,1.1011166526898424,7.8117834242527975
8,2,XMEAS-14,0.606411918063743,0.606411918063743,0.02250363356222261,0.02250363356222261,2.425200690619965,1.0349563653760474,2.4157608871872585
8,2,XMEAS-15,-0.06631273149930625,0.06631273149930625,-0.013396069706103972,0.013396069706103972,4.402209815564108,0.9777035727821327,4.4019380171110125
8,2,XMEAS-16,-1.4599906958313031,1.4599906958313031,-0.0440434894647182,0.0440434894647182,7.945449595320113,1.1591840499042294,7.929637425717604
8,2,XMEAS-17,0.03336401192519189,0.03336401192519189,2.5933560185660693e-05,2.5933560185660693e-05,1.0924891297835428,0.9794945328136435,1.093434448209609
8,2,XMEAS-18,-3.172774515332976,3.172774515332976,-0.21249270180915078,0.21249270180915078,11.688779070595547,1.1219286864533287,11.901847654851958
8,2,XMEAS-19,0.015898138907268287,0.015898138907268287,0.00206296311186074,0.00206296311186074,1.0135254514810477,0.9940591373031682,1.0136411824523588
8,2,XMEAS-20,-1.6176146306740282,1.6176146306740282,-0.1318848773594686,0.1318848773594686,16.65030592348649,1.0683197336964978,17.09275263392579
8,2,XMEAS-21,0.9633807127359624,0.9633807127359624,0.012588377079357777,0.012588377079357777,6.517002646748279,0.9866955784949366,6.658114569938238
8,2,XMEAS-22,-1.5105317788812387,1.5105317788812387,-0.08166314346531328,0.08166314346531328,8.643553833119757,1.004868679259846,8.688180139320817
8,2,XMEAS-23,0.030950481252985104,0.030950481252985104,-0.028879502907802834,0.028879502907802834,6.508841010794919,1.1434754321324923,6.505004408678335
8,2,XMEAS-24,-2.086869144413191,2.086869144413191,-0.05158115888151635,0.05158115888151635,4.687746746168264,1.053859519053595,4.683093360664502
8,2,XMEAS-25,-0.030105089275677427,0.030105089275677427,0.0041545283566795255,0.0041545283566795255,7.45732221135886,1.1604248335303626,7.460496920966413
8,2,XMEAS-26,0.14677372128756,0.14677372128756,0.01834089675698334,0.01834089675698334,1.4646945406561682,0.964905038419875,1.4578231239522843
8,2,XMEAS-27,0.8098931132535884,0.8098931132535884,0.017582343948744816,0.017582343948744816,2.3846965019528916,0.9626569153658655,2.3816505743430287
8,2,XMEAS-28,2.3978056372934304,2.3978056372934304,0.2447450373368629,0.2447450373368629,5.297006181717972,1.0444882427284494,4.518641733732231
8,2,XMEAS-29,0.005354860833637903,0.005354860833637903,-0.03311270721420301,0.03311270721420301,9.113246752613874,1.2853632339730976,9.157472029723863
8,2,XMEAS-30,-2.6093325334428474,2.6093325334428474,-0.05247471488533004,0.05247471488533004,5.998188982667885,0.9562868961575866,6.016802533861074
8,2,XMEAS-31,-0.10676574916433222,0.10676574916433222,0.024525288938425708,0.024525288938425708,10.310027020853003,1.3707442174167122,10.340355136331448
8,2,XMEAS-32,0.26791652069942185,0.26791652069942185,0.00863807970512789,0.00863807970512789,1.099359804475303,0.9952606218154555,1.0955694748022002
8,2,XMEAS-33,1.1296938697997292,1.1296938697997292,0.01929656316634699,0.01929656316634699,2.892747018409433,0.8819280462560587,2.8908227433776235
8,2,XMEAS-34,3.0742605010954613,3.0742605010954613,0.29777523570465697,0.29777523570465697,6.1764007828426095,1.0724197570916054,5.207675748279656
8,2,XMEAS-35,-0.6893844138592098,0.6893844138592098,-0.025679668008245473,0.025679668008245473,3.2508841035846334,1.0259832119734775,3.261387123961658
8,2,XMEAS-36,-0.2069894735188381,0.2069894735188381,-0.025798502671296214,0.025798502671296214,2.0921209083048042,0.9074598601291157,2.0754122295561017
8,2,XMEAS-37,-0.05210165651139612,0.05210165651139612,-0.013625508971880609,0.013625508971880609,1.0169613931725285,0.9481977058837309,1.011876178781687
8,2,XMEAS-38,1.5499634678129492,1.5499634678129492,0.04092334270513565,0.04092334270513565,4.963392827647976,1.0226384446206114,4.965077419656971
8,2,XMEAS-39,0.4589909895322205,0.4589909895322205,0.03616502846986213,0.03616502846986213,1.4806761050542219,1.0282477683519011,1.4295158181494139
8,2,XMEAS-40,-0.02538311299027076,0.02538311299027076,-0.006950368632575344,0.006950368632575344,1.1180329700139018,1.0814370926916534,1.1162295282853627
8,2,XMEAS-41,0.15024381687865693,0.15024381687865693,-0.0091839718294222,0.0091839718294222,1.2761657692997466,1.158233340336878,1.2856973781108547
8,3,XMEAS-1,-2.304796705938356,2.304796705938356,-0.23844115909978347,0.23844115909978347,31.04571551567216,1.5721348565632423,31.060013790607986
8,3,XMEAS-2,0.09541200740087856,0.09541200740087856,-0.0011767693254986196,0.0011767693254986196,1.169406764972291,1.0279143222299045,1.1777325691495202
8,3,XMEAS-3,-0.03133360835123664,0.03133360835123664,-0.018476991826620586,0.018476991826620586,1.4114839922812323,1.0172592720728701,1.406866336152269
8,3,XMEAS-4,0.1752519594258356,0.1752519594258356,0.03413067240720509,0.03413067240720509,4.140728079021363,0.999414217870608,4.123873121611456
8,3,XMEAS-5,-0.5207526169860945,0.5207526169860945,0.058039521989994645,0.058039521989994645,5.067941569812106,1.029794260452052,5.032388027050065
8,3,XMEAS-6,-0.3985223453633347,0.3985223453633347,0.0575627217642623,0.0575627217642623,4.983837673685187,1.0169732937829294,4.945934589333672
8,3,XMEAS-7,-6.275378611628643,6.275378611628643,0.27229865789067104,0.27229865789067104,15.378226459643415,1.1716415933037438,15.053753679670214
8,3,XMEAS-8,-0.06652214063153672,0.06652214063153672,-0.01721434624758437,0.01721434624758437,1.8563262591470493,1.011353239424006,1.8467726797256918
8,3,XMEAS-9,0.024794115189775253,0.024794115189775253,0.001953815107784324,0.001953815107784324,1.3088372464481672,0.9761841926209857,1.3089245372391143
8,3,XMEAS-10,-0.6920117410217729,0.6920117410217729,-0.0539835317032923,0.0539835317032923,12.845666930105212,1.8557512599305637,12.844479448409029
8,3,XMEAS-11,-0.7993242130380233,0.7993242130380233,0.1089769665581311,0.1089769665581311,15.48441084329963,1.0522919739971663,15.695298777636182
8,3,XMEAS-12,0.10257694555914809,0.10257694555914809,-0.017435523281600238,0.017435523281600238,3.2310780059632225,1.0168756571816993,3.227434082355009
8,3,XMEAS-13,-6.198435574042658,6.198435574042658,0.27034996184634,0.27034996184634,15.199468023506638,1.179902447925293,14.875771833341584
8,3,XMEAS-14,1.0429170323815171,1.0429170323815171,0.008083759739813066,0.008083759739813066,3.243912261560428,0.9926835660966393,3.2486563657933725
8,3,XMEAS-15,0.05757748227669937,0.05757748227669937,0.015003509546693324,0.015003509546693324,6.416631793199274,0.979410114860115,6.417860451808992
8,3,XMEAS-16,-6.110410902310333,6.110410902310333,0.27081631315092436,0.27081631315092436,15.314717517958817,1.232454922465966,14.992840821820652
8,3,XMEAS-17,0.0012492221556122012,0.0012492221556122012,-0.0003496346149904097,0.0003496346149904097,1.2376109372881534,1.0094633080268716,1.2386752810903818
8,3,XMEAS-18,-3.5234928328672286,3.5234928328672286,0.08134518812248119,0.08134518812248119,15.174950556459146,1.2919724341861956,15.773515003735573
8,3,XMEAS-19,0.013886878471671811,0.013886878471671811,-0.000411673096248425,0.000411673096248425,1.00615838251353,1.011016259010135,1.0065401969017773
8,3,XMEAS-20,-1.855537934539404,1.855537934539404,0.24250099185220275,0.24250099185220275,23.08087232887365,1.1065606062443158,23.61814340727162
8,3,XMEAS-21,0.43913301056902876,0.43913301056902876,-0.04894292249822985,0.04894292249822985,9.300971552439051,1.038313248729122,9.487160674427333
8,3,XMEAS-22,-2.1148255283882964,2.1148255283882964,0.11954665466693501,0.11954665466693501,11.753415647223113,1.007074534500433,11.802775760698088
8,3,XMEAS-23,0.6893411227196944,0.6893411227196944,0.07414801350243796,0.07414801350243796,9.168213104383925,1.2059536119309908,9.134751845739181
8,3,XMEAS-24,-4.596033410877285,4.596033410877285,0.08219260232534446,0.08219260232534446,5.639223185555071,1.11265875762563,5.5986260552563385
8,3,XMEAS-25,-0.6254983452344955,0.6254983452344955,-0.10868375930147835,0.10868375930147835,10.612685759993177,1.1942957175749436,10.542896412174697
8,3,XMEAS-26,0.344524840481264,0.344524840481264,-0.01930716736004731,0.01930716736004731,1.684411846026958,1.0587813501856262,1.6794098226646632
8,3,XMEAS-27,1.3821239530155278,1.3821239530155278,-0.02703105093387042,0.02703105093387042,2.734456386388403,0.9269264080266726,2.7229969809160184
8,3,XMEAS-28,3.8891153314909563,3.8891153314909563,0.27881164176295226,0.27881164176295226,8.066903766101033,1.0541014981789387,7.460532357294159
8,3,XMEAS-29,0.8174597892663377,0.8174597892663377,0.11226672656200862,0.11226672656200862,13.162486481844633,1.4279839477025245,13.173636697267145
8,3,XMEAS-30,-5.693728404419045,5.693728404419045,0.09554882057094186,0.09554882057094186,7.027310272278061,1.0152200241752376,6.997469341103782
8,3,XMEAS-31,-0.8841298296933101,0.8841298296933101,-0.1527642754732571,0.1527642754732571,14.799085242301173,1.4212266479067608,14.742324741988927
8,3,XMEAS-32,0.348000506020169,0.348000506020169,-0.006313625502952147,0.006313625502952147,1.0949203090256296,1.0078593000602272,1.0932336854372142
8,3,XMEAS-33,1.9736535029805373,1.9736535029805373,-0.03922304804086156,0.03922304804086156,3.274651759656562,1.0603628757016,3.250671214870663
8,3,XMEAS-34,4.966332231825686,4.966332231825686,0.3368363838212339,0.3368363838212339,9.553175501011992,1.1532068914976032,8.856731408976
8,3,XMEAS-35,-0.34964988099454236,0.34964988099454236,0.01276132833747679,0.01276132833747679,4.041574299640768,1.045223652396344,4.068903660460262
8,3,XMEAS-36,-0.26883864358092113,0.26883864358092113,0.004899332789181429,0.004899332789181429,2.6729263744634544,1.0916026993717725,2.678286058753703
8,3,XMEAS-37,0.05701843788139945,0.05701843788139945,0.0037866835298713455,0.0037866835298713455,0.9377742244221443,0.9095838960449854,0.9434334686378378
8,3,XMEAS-38,2.535632041106264,2.535632041106264,-0.03255597437400895,0.03255597437400895,5.7447230383325545,1.2271939668741867,5.7605277117360645
8,3,XMEAS-39,0.8604983502157441,0.8604983502157441,0.030629204855841526,0.030629204855841526,1.644256559845772,1.0269357380943216,1.6158956897577155
8,3,XMEAS-40,-0.009605865389606269,0.009605865389606269,-0.007645538771924888,0.007645538771924888,1.1828553679228642,1.0055747083242461,1.180699349088062
8,3,XMEAS-41,0.00040248053390822447,0.00040248053390822447,0.008229130722795719,0.008229130722795719,1.1844097897352395,1.0560004612207916,1.193537900050427
8,4,XMEAS-1,4.203110883771343,4.203110883771343,0.0003462041684664888,0.0003462041684664888,34.62811722256953,1.654092058343834,34.7811690438604
8,4,XMEAS-2,0.13928004226262766,0.13928004226262766,-0.00818891570975492,0.00818891570975492,1.0627686682490753,1.0058854216492208,1.066160593466039
8,4,XMEAS-3,0.4784676967421593,0.4784676967421593,0.001695381312722072,0.001695381312722072,1.3697498600919038,0.9761037115924067,1.3810036732888853
8,4,XMEAS-4,-0.1866755173863578,0.1866755173863578,0.0015724632224155776,0.0015724632224155776,4.4768302615572715,1.015112576979075,4.478912135419863
8,4,XMEAS-5,-0.7648865850691622,0.7648865850691622,-0.03661083982492445,0.03661083982492445,5.025313416047902,0.9995946637769871,5.016437484864165
8,4,XMEAS-6,-0.5903372027168271,0.5903372027168271,-0.038673923485253066,0.038673923485253066,4.842897322850271,0.9757637727762755,4.828735496635192
8,4,XMEAS-7,-3.7363072966659114,3.7363072966659114,-0.1369412353489285,0.1369412353489285,13.416177548350344,1.3800441513706154,13.323096733134669
8,4,XMEAS-8,0.0245797312597933,0.0245797312597933,0.00482035779461185,0.00482035779461185,2.2404758564206024,0.980733852099169,2.2411479271983787
8,4,XMEAS-9,0.005576325896310806,0.005576325896310806,-0.0002723380884748772,0.0002723380884748772,1.3512651585062097,1.0419682394670327,1.351552504375116
8,4,XMEAS-10,2.7577919900512673,2.7577919900512673,0.045844181395035835,0.045844181395035835,13.88646151999824,2.3072763487857646,13.89145304527022
8,4,XMEAS-11,-1.2297674764754334,1.2297674764754334,-0.046350464875696794,0.046350464875696794,19.52745057540484,1.0737876987523975,19.85165118037343
8,4,XMEAS-12,-0.1873602770928533,0.1873602770928533,-0.032000034362797754,0.032000034362797754,3.0750024553179722,0.9727986847190959,3.055208273348841
8,4,XMEAS-13,-3.695271963032272,3.695271963032272,-0.13348492948703725,0.13348492948703725,13.191800946949261,1.3369684699648148,13.101822196778015
8,4,XMEAS-14,0.3722397570022117,0.3722397570022117,0.002316056556842628,0.002316056556842628,3.1081482080589056,0.9946308936829473,3.113868425842861
8,4,XMEAS-15,-0.1125229970858057,0.1125229970858057,0.02057478967158832,0.02057478967158832,5.6579537839466285,0.9741736830213086,5.6561068101991525
8,4,XMEAS-16,-3.544981824245734,3.544981824245734,-0.13174033230333726,0.13174033230333726,13.236680629510401,1.4380055451691627,13.149750726290401
8,4,XMEAS-17,0.0352502846716092,0.0352502846716092,0.0038092902559098353,0.0038092902559098353,1.212824175238744,1.0208152149006784,1.2130747525966092
8,4,XMEAS-18,-3.1562348857433196,3.1562348857433196,-0.11593023722727898,0.11593023722727898,18.489015019178424,1.3404932928369386,19.204681212651018
8,4,XMEAS-19,-0.00047379670935248703,0.00047379670935248703,-0.0001485311095443737,0.0001485311095443737,0.9936617693971426,0.9946323020345321,0.994048458970457
8,4,XMEAS-20,-3.0598516061726424,3.0598516061726424,-0.15359388740005098,0.15359388740005098,23.21393339453529,1.108019671443541,23.861168620825886
8,4,XMEAS-21,0.6900578278996354,0.6900578278996354,0.06516728163108018,0.06516728163108018,7.753194044530432,1.0277188732003684,7.885624724392607
8,4,XMEAS-22,-2.0759395385879307,2.0759395385879307,-0.07378299626128383,0.07378299626128383,13.37418548468342,1.0038611240031454,13.496509374663924
8,4,XMEAS-23,-0.2905639470265348,0.2905639470265348,-0.02680123551200213,0.02680123551200213,9.523134902167337,1.2185338497406513,9.525007051954246
8,4,XMEAS-24,-3.157937754338931,3.157937754338931,-0.060696383551297466,0.060696383551297466,5.325782811381403,1.121475198621996,5.317317565337876
8,4,XMEAS-25,0.3283378068848315,0.3283378068848315,0.021392052924159577,0.021392052924159577,11.503145259013227,1.2034189330721368,11.505625827364177
8,4,XMEAS-26,0.42739207199273077,0.42739207199273077,0.013016803607171806,0.013016803607171806,1.736412238979695,1.068487192277176,1.7400697793017714
8,4,XMEAS-27,1.5871552116631347,1.5871552116631347,0.0443592336454195,0.0443592336454195,2.823978742804876,0.9157376792658202,2.7836810525055466
8,4,XMEAS-28,-4.835854068336467,4.835854068336467,-0.05293307290641993,0.05293307290641993,6.413364214080936,1.0582535475189583,6.439568642930802
8,4,XMEAS-29,-0.39705352983917586,0.39705352983917586,-0.036893180359156674,0.036893180359156674,13.517623811319266,1.3825604413551313,13.588443072713094
8,4,XMEAS-30,-3.8270337943558035,3.8270337943558035,-0.06639895198862013,0.06639895198862013,5.99041841170411,0.997583704029146,5.9902217006495055
8,4,XMEAS-31,0.49857920448436444,0.49857920448436444,0.019312817619778645,0.019312817619778645,15.85641214290671,1.4451007931690738,15.907486626229542
8,4,XMEAS-32,0.40204397867084785,0.40204397867084785,0.005155627787415667,0.005155627787415667,1.0986472321784562,0.9471072690962404,1.0977797097699264
8,4,XMEAS-33,2.199220242319068,2.199220242319068,0.04971348954807737,0.04971348954807737,3.442831443159419,0.9754899637837396,3.402471966782237
8,4,XMEAS-34,-5.753125735643918,5.753125735643918,-0.052107154313145436,0.052107154313145436,7.106482336136722,1.0466543705457039,7.1877035277136505
8,4,XMEAS-35,-0.2846236142656469,0.2846236142656469,-0.01715364010007435,0.01715364010007435,5.237412707713766,1.0610611151292038,5.272561780521806
8,4,XMEAS-36,-0.2874527678448606,0.2874527678448606,-0.002521038128556276,0.002521038128556276,3.177865516140119,1.0531418158660835,3.1848177461743545
8,4,XMEAS-37,0.04353417089511479,0.04353417089511479,0.004665892605344437,0.004665892605344437,1.0847183484612626,1.06046188084444,1.091104054181925
8,4,XMEAS-38,2.7109770725751923,2.7109770725751923,0.0641948408307455,0.0641948408307455,6.4598978934972155,1.285958158724544,6.448692821919478
8,4,XMEAS-39,-0.4443893688013535,0.4443893688013535,-0.009183842779905757,0.009183842779905757,1.429196151678401,0.9793192286363536,1.43425781839067
8,4,XMEAS-40,0.055257106654939624,0.055257106654939624,-0.0023780786661150395,0.0023780786661150395,1.1340065054991848,1.1001748987016071,1.134773823623095
8,4,XMEAS-41,-0.14230765742478038,0.14230765742478038,-0.0079806450640359,0.0079806450640359,1.128635761861239,0.9871089821460971,1.1372021832793209
8,5,XMEAS-1,-3.3858688225742757,3.3858688225742757,1.0076561942705313,1.0076561942705313,31.913356231523007,1.5182693058976653,29.84704431783241
8,5,XMEAS-2,0.2252173264003952,0.2252173264003952,-0.00324781932720833,0.00324781932720833,1.009405048417875,1.0069347136537816,1.0159581435328378
8,5,XMEAS-3,0.08904451984680928,0.08904451984680928,0.0016559455468856544,0.0016559455468856544,1.11095241107527,1.0069871134052217,1.1200284119920654
8,5,XMEAS-4,0.4544654896545384,0.4544654896545384,-0.1253990978900666,0.1253990978900666,4.0127014104415855,0.9739180656813241,3.743995158355719
8,5,XMEAS-5,-0.45994345396152525,0.45994345396152525,-0.05516322212641622,0.05516322212641622,4.454522420472091,0.9919170496256682,4.416601499747692
8,5,XMEAS-6,-0.3811800226458975,0.3811800226458975,-0.05311188622778493,0.05311188622778493,4.353834184451086,1.0133998596364644,4.316198066043008
8,5,XMEAS-7,-1.2319956636465588,1.2319956636465588,-0.04897131401801399,0.04897131401801399,8.29870661419138,1.1842035902833028,8.279702477110341
8,5,XMEAS-8,0.06844870452927888,0.06844870452927888,0.010153650175807691,0.010153650175807691,1.7648194110671942,0.980070551530897,1.761991236491035
8,5,XMEAS-9,0.012492578316225167,0.012492578316225167,0.0007891210388257538,0.0007891210388257538,1.2581425224323493,1.0187557915685612,1.2583804573339288
8,5,XMEAS-10,0.5584792026903063,0.5584792026903063,-0.07072260168591499,0.07072260168591499,11.64261351620488,1.9255479434841052,11.626555205660308
8,5,XMEAS-11,-1.6357114832916744,1.6357114832916744,-0.17806454762803792,0.17806454762803792,14.626505807628371,1.0341496718641703,14.727161702767605
8,5,XMEAS-12,0.1218624323502664,0.1218624323502664,0.010568441943176876,0.010568441943176876,2.5111380037646844,0.9987351247302642,2.5102208915621427
8,5,XMEAS-13,-1.249581852587397,1.249581852587397,-0.04868492621709701,0.04868492621709701,8.166767470019622,1.1965525388893643,8.147646256982584
8,5,XMEAS-14,0.4769935580272602,0.4769935580272602,0.021971437970938944,0.021971437970938944,2.4687990682655476,1.016732866600124,2.460333753189288
8,5,XMEAS-15,-0.031886198937574314,0.031886198937574314,0.020031931029704363,0.020031931029704363,3.8387670936317413,0.9671641713306987,3.833920931370795
8,5,XMEAS-16,-1.113898110673308,1.113898110673308,-0.04628846748108359,0.04628846748108359,8.361899827087909,1.235549286473517,8.345305905242988
8,5,XMEAS-17,-0.01274834589969679,0.01274834589969679,0.0029866748373320842,0.0029866748373320842,1.0872974787551823,1.0002538818294253,1.0876905709066829
8,5,XMEAS-18,-3.598258233798834,3.598258233798834,-0.1125103442286144,0.1125103442286144,15.005403374017584,1.191358218685627,15.568552403674751
8,5,XMEAS-19,0.0016146880046783141,0.0016146880046783141,0.0010088730927917517,0.0010088730927917517,0.9977417140465484,0.9945405504217651,0.9980634129681042
8,5,XMEAS-20,-2.2011784212336707,2.2011784212336707,-0.2567387695006389,0.2567387695006389,20.412872616649405,1.1068540720598896,20.820342489821968
8,5,XMEAS-21,0.3620718514402566,0.3620718514402566,0.06140025348554019,0.06140025348554019,7.597102107608832,1.033839065292653,7.72963793662873
8,5,XMEAS-22,-1.83557715762443,1.83557715762443,-0.1494867015111728,0.1494867015111728,10.639652388869358,1.0150959022454427,10.616235630698768
8,5,XMEAS-23,-0.29069342845335305,0.29069342845335305,-0.0754821715635299,0.0754821715635299,8.202312563925055,1.252156095084476,8.161769088983695
8,5,XMEAS-24,-1.976763633716828,1.976763633716828,-0.05569729272436453,0.05569729272436453,3.781070524348589,1.048117309886139,3.752676765705016
8,5,XMEAS-25,0.33845323797975213,0.33845323797975213,0.05608121928852815,0.05608121928852815,8.98331748903196,1.2403766732893706,8.963936966450406
8,5,XMEAS-26,0.3445266867687059,0.3445266867687059,0.0124696431989179,0.0124696431989179,1.5726918892455422,1.045957888459005,1.5752979223983905
8,5,XMEAS-27,1.0676268202716388,1.0676268202716388,0.04317428606561632,0.04317428606561632,2.253225344412855,0.9087249828631982,2.202552052399185
8,5,XMEAS-28,-1.5267010680529183,1.5267010680529183,0.04376033751880805,0.04376033751880805,4.826910874261859,1.1218066592031353,4.842041444707958
8,5,XMEAS-29,-0.44990259266037375,0.44990259266037375,-0.10272056980126267,0.10272056980126267,11.458015764447975,1.2975110747426695,11.461834271513
8,5,XMEAS-30,-2.374798626163607,2.374798626163607,-0.06568551490402136,0.06568551490402136,4.4968972660817546,1.038037566350978,4.469070258118519
8,5,XMEAS-31,0.49590890820674105,0.49590890820674105,0.07644055445382822,0.07644055445382822,12.324300322088162,1.3860738409953883,12.333454371481583
8,5,XMEAS-32,0.19848591895662135,0.19848591895662135,0.010462162681903902,0.010462162681903902,1.0650653105294652,0.9656151845229427,1.0589097193686599
8,5,XMEAS-33,1.2922640700905323,1.2922640700905323,0.046502015138043265,0.046502015138043265,2.8544550617625815,0.9556135076681395,2.8099611854968187
8,5,XMEAS-34,-1.6526509821704234,1.6526509821704234,0.06904941484838603,0.06904941484838603,5.484372332559528,1.0603363405049,5.507882770660783
8,5,XMEAS-35,-0.4940847321653547,0.4940847321653547,-0.05603492523525229,0.05603492523525229,4.146952619245688,0.9992150414990413,4.126586073847488
8,5,XMEAS-36,-0.35613119847807634,0.35613119847807634,-0.029456800553044015,0.029456800553044015,2.51973860369751,1.037026594650913,2.5022329094811697
8,5,XMEAS-37,0.056248209080254186,0.056248209080254186,-0.0037305090058121497,0.0037305090058121497,1.012198495677385,0.9817348935469173,1.0184921067285686
8,5,XMEAS-38,1.7867002206142182,1.7867002206142182,0.09906774318054483,0.09906774318054483,5.386620684468163,1.120768515985221,5.289524443269723
8,5,XMEAS-39,-0.06172283208194297,0.06172283208194297,0.018245982429669728,0.018245982429669728,1.5157480833042365,0.9893939870979187,1.510509640284471
8,5,XMEAS-40,-0.004341428590019858,0.004341428590019858,0.006440773897505836,0.006440773897505836,1.0354407726262487,0.9799455239760901,1.0337673527254387
8,5,XMEAS-41,-0.04504523741140352,0.04504523741140352,-0.020925224791385075,0.020925224791385075,1.1732814825611286,1.0051462843469186,1.1607129920727397
10,1,XMEAS-1,-0.035193241453205716,0.035193241453205716,0.006361031746467464,0.006361031746467464,0.970878484412848,1.004892376495243,0.9723737707704181
10,1,XMEAS-2,-0.18260232357741196,0.18260232357741196,0.006510347628986531,0.006510347628986531,0.9960325407610837,1.0168408824211226,1.00032916792218
10,1,XMEAS-3,0.04382916832670343,0.04382916832670343,-0.011892338205395167,0.011892338205395167,1.0129922771042086,1.0262481935760888,1.011986871404304
10,1,XMEAS-4,-0.07392133627980656,0.07392133627980656,-0.00010755227804481402,0.00010755227804481402,0.9919125590822563,0.9858516460637067,0.9923812186583475
10,1,XMEAS-5,0.002457709508730606,0.002457709508730606,0.010568758970293699,0.010568758970293699,1.0002133129737234,1.0116896121972379,0.994510518956141
10,1,XMEAS-6,0.010842616496563963,0.010842616496563963,0.006951705262762019,0.006951705262762019,0.9998239094246261,1.0158476686430786,0.9979342255280933
10,1,XMEAS-7,0.005529849953343562,0.005529849953343562,-0.0001397365022742947,0.0001397365022742947,0.9033149213364242,0.9873629450294306,0.9033453262107144
10,1,XMEAS-8,-0.01770826091187553,0.01770826091187553,0.0005505961802068105,0.0005505961802068105,1.0140141872347788,1.0252968535418432,1.0146116947253647
10,1,XMEAS-9,0.009732047937820001,0.009732047937820001,-0.001104962254520374,0.001104962254520374,1.011584077450965,1.0093902553337015,1.01172141331282
10,1,XMEAS-10,0.08740551042940692,0.08740551042940692,-0.0022053219535584268,0.0022053219535584268,0.8463361073465843,1.0176085839639555,0.8468726588534115
10,1,XMEAS-11,-0.0336692125875797,0.0336692125875797,0.044563473117548415,0.044563473117548415,1.265273032538383,0.9879654168717179,1.175494398243507
10,1,XMEAS-12,0.0076526640483577735,0.0076526640483577735,-0.007353148850026067,0.007353148850026067,1.0313129376816426,1.0065099673485205,1.0286509082911717
10,1,XMEAS-13,0.010823089674351768,0.010823089674351768,0.0004255877011414909,0.0004255877011414909,0.9064440240993501,0.9963243135454556,0.906459440241269
10,1,XMEAS-14,0.007009114384210927,0.007009114384210927,-0.0140298775876149,0.0140298775876149,1.015992176765684,0.9756847426224787,1.0048707295454236
10,1,XMEAS-15,-0.07137789725900462,0.07137789725900462,-0.017569188782024483,0.017569188782024483,1.2050111814378817,1.0015210004500077,1.1884647118648413
10,1,XMEAS-16,0.018922235817631576,0.018922235817631576,-0.0026358683227902806,0.0026358683227902806,0.8962990623323233,0.9985672397589517,0.8958370016644246
10,1,XMEAS-17,-0.02232002718439085,0.02232002718439085,-0.0027909098868979677,0.0027909098868979677,1.002247890981239,0.990831149141528,1.0025962498964467
10,1,XMEAS-18,4.0076800187116,4.0076800187116,-0.04534393963770091,0.04534393963770091,14.499818099611687,2.092715821129239,15.090867697364066
10,1,XMEAS-19,0.03907721696026839,0.03907721696026839,2.146248818932137e-07,2.146248818932137e-07,0.9904562028618836,0.9783309551764224,0.9908431215312151
10,1,XMEAS-20,-0.022152298108493215,0.022152298108493215,0.040156563487433,0.040156563487433,0.9178933056301766,0.979695069386907,0.8165786349728538
10,1,XMEAS-21,0.3633096883558773,0.3633096883558773,-0.007898138491000593,0.007898138491000593,1.1019118060335564,0.9831356795590558,1.1221866259334934
10,1,XMEAS-22,-0.021533076603348043,0.021533076603348043,0.031259045265759164,0.031259045265759164,1.050228234634393,0.9992834868862358,0.9972724800115176
10,1,XMEAS-23,-0.03997978916895012,0.03997978916895012,0.00719614374611518,0.00719614374611518,1.0186126621488956,1.0486609107038765,1.0159527711213832
10,1,XMEAS-24,-0.16081814094163768,0.16081814094163768,-0.007726902519172288,0.007726902519172288,1.0037113545741458,1.0161559474731723,1.0069077004808054
10,1,XMEAS-25,-0.020608714415539776,0.020608714415539776,0.0019403635321405502,0.0019403635321405502,1.0153599548840082,1.0410467120108284,1.0155657911704559
10,1,XMEAS-26,-0.0459792580456094,0.0459792580456094,-0.0010454444883412934,0.0010454444883412934,1.0300090521483949,1.0098233103890084,1.0359978808729358
10,1,XMEAS-27,-0.013235592408853905,0.013235592408853905,-0.005602473698185393,0.005602473698185393,1.0529123067810364,1.0463020876316131,1.05340606864097
10,1,XMEAS-28,0.39840677382284573,0.39840677382284573,0.004746001125350094,0.004746001125350094,0.9870978842256817,0.946345844435534,0.9941287215573601
10,1,XMEAS-29,0.02774326070418635,0.02774326070418635,0.011565670849158955,0.011565670849158955,0.9869768469158382,1.0408862123498652,0.9835079452483305
10,1,XMEAS-30,-0.11161238449027137,0.11161238449027137,-0.019409698264488403,0.019409698264488403,0.9588002672040771,0.9952797871670361,0.9399291168429303
10,1,XMEAS-31,0.043760248237465514,0.043760248237465514,0.009487840282761607,0.009487840282761607,0.9749166539436185,1.0087431452766775,0.9719553736321894
10,1,XMEAS-32,0.01830166672461628,0.01830166672461628,0.00573110639254154,0.00573110639254154,0.9810122981228536,0.9500583292062569,0.9794434408711505
10,1,XMEAS-33,0.0037074400064248457,0.0037074400064248457,-0.02160849474721612,0.02160849474721612,0.954328919136062,0.887553435217681,0.9232506512396189
10,1,XMEAS-34,0.44420888180228196,0.44420888180228196,0.0012067931321191152,0.0012067931321191152,1.0301640952368993,1.0434401038601886,1.0455986050623058
10,1,XMEAS-35,-0.017385155027715895,0.017385155027715895,0.016515855237411947,0.016515855237411947,0.9998292214273645,0.9877628061891965,0.9887593918691557
10,1,XMEAS-36,0.038999564426832854,0.038999564426832854,0.0058695487343321025,0.0058695487343321025,0.9386729678885496,0.9451579131024386,0.938309479845518
10,1,XMEAS-37,-0.020769009164177548,0.020769009164177548,-0.00587934290895824,0.00587934290895824,0.9669546340673472,0.9498142857843485,0.97144540888554
10,1,XMEAS-38,-0.15175877021758752,0.15175877021758752,-0.012400370588946469,0.012400370588946469,1.3549564985306761,1.1145915609602137,1.3539764355800872
10,1,XMEAS-39,0.0615043003414557,0.0615043003414557,-0.019327124940546163,0.019327124940546163,1.059959366597122,0.9614854005681107,1.0427345892165962
10,1,XMEAS-40,-0.02567584624089204,0.02567584624089204,-0.0021212075660657836,0.0021212075660657836,1.051225956153207,1.180525897445253,1.0519601441801067
10,1,XMEAS-41,0.12518394595241825,0.12518394595241825,-0.0007084510419215017,0.0007084510419215017,1.0586069080834448,1.1140194670947379,1.0701846699206796
10,2,XMEAS-1,-0.02746396212533188,0.02746396212533188,-0.01957175077714673,0.01957175077714673,0.9790569958255425,1.0096565167585423,0.9568160536205045
10,2,XMEAS-2,0.1165082154902179,0.1165082154902179,-0.0075507778444695375,0.0075507778444695375,0.9949051011927281,1.0027602629717918,0.9981992868513274
10,2,XMEAS-3,-0.188324504363282,0.188324504363282,-0.0050963320569706,0.0050963320569706,0.9769639770574047,1.0170533774231392,0.9833018842964903
10,2,XMEAS-4,-0.040639453623884644,0.040639453623884644,-0.002006598028476241,0.002006598028476241,1.0130504452012734,1.036826868249339,1.0132646451315468
10,2,XMEAS-5,0.0013496477583750301,0.0013496477583750301,-0.004266239757356827,0.004266239757356827,0.9983968251054949,0.975666001049333,0.9989614156339854
10,2,XMEAS-6,0.026434511626649306,0.026434511626649306,-0.0012895212214961715,0.0012895212214961715,0.9948183241153891,0.997710816910271,0.996043486001875
10,2,XMEAS-7,0.0034170770602671165,0.0034170770602671165,0.0016410223292695333,0.0016410223292695333,0.9717983200772724,0.9788972416419723,0.9716477397477622
10,2,XMEAS-8,-0.05336968784700882,0.05336968784700882,0.0021523086752726238,0.0021523086752726238,1.0111233754668325,1.006153589185447,1.0114332834515156
10,2,XMEAS-9,0.010407531501271234,0.010407531501271234,-0.0014265504226229288,0.0014265504226229288,0.9905180588367343,0.9905189393406335,0.9905943114798177
10,2,XMEAS-10,-0.08465791470139561,0.08465791470139561,-0.003411507199483673,0.003411507199483673,0.9640285196282086,1.00841451920232,0.9642704207949837
10,2,XMEAS-11,-0.05285570325166548,0.05285570325166548,-0.018568386018381174,0.018568386018381174,1.3768951637600608,1.0208976635935207,1.383192333657188
10,2,XMEAS-12,0.025422705955726578,0.025422705955726578,0.007833961648865299,0.007833961648865299,1.0258250647321558,0.9912259800917584,1.0226628413104695
10,2,XMEAS-13,-0.005119914365624544,0.005119914365624544,-7.678238496590617e-05,7.678238496590617e-05,0.9789463966601357,1.0030932816240457,0.9789770375448478
10,2,XMEAS-14,0.04643519800208973,0.04643519800208973,0.009630325213295179,0.009630325213295179,1.0497699830538634,1.0070266385450644,1.04582100062745
10,2,XMEAS-15,0.1289107366773469,0.1289107366773469,0.014572751112999088,0.014572751112999088,1.2555374968814283,0.9785834298567038,1.2448977350991572
10,2,XMEAS-16,0.006671063861564875,0.006671063861564875,0.0015429420288354282,0.0015429420288354282,0.978706243775649,1.0304707531985142,0.9786041681984373
10,2,XMEAS-17,0.015293048234935961,0.015293048234935961,0.0003767463442084037,0.0003767463442084037,1.0411739747006516,1.0089803124440004,1.0420658298570433
10,2,XMEAS-18,2.031279133773594,2.031279133773594,0.4049350674720087,0.4049350674720087,16.503949444225345,2.0422925132551177,16.483374288493597
10,2,XMEAS-19,0.03364214292742091,0.03364214292742091,0.003140842905640361,0.003140842905640361,0.9968329948755141,0.9957586117715368,0.9965619041132587
10,2,XMEAS-20,-0.07985940243182338,0.07985940243182338,-0.016837060631362543,0.016837060631362543,0.9871479150118264,0.9660703206979079,0.9977062444574802
10,2,XMEAS-21,-0.1383169721175404,0.1383169721175404,0.023147609432093104,0.023147609432093104,1.2628639585732762,1.0142838465600994,1.2612811064147504
10,2,XMEAS-22,-0.08595481507344223,0.08595481507344223,-0.014849594661282202,0.014849594661282202,1.1058016889230915,1.0076928083134429,1.1046572040096005
10,2,XMEAS-23,-0.0032626307570501646,0.0032626307570501646,0.002160625946206764,0.002160625946206764,1.00312741122669,1.0163716636175066,1.0035443896546639
10,2,XMEAS-24,0.18897312392540538,0.18897312392540538,0.005380094673956935,0.005380094673956935,0.9316769085174537,0.9299386443046245,0.9362709218828996
10,2,XMEAS-25,-0.016328072859638196,0.016328072859638196,-0.0032768680863821315,0.0032768680863821315,0.9532160390386878,0.921152136763613,0.9528896430815146
10,2,XMEAS-26,0.09188876629310691,0.09188876629310691,-0.004743872597924092,0.004743872597924092,1.0254480298661544,1.01683960072666,1.0300078832106085
10,2,XMEAS-27,0.08919568317744492,0.08919568317744492,0.004536174587902548,0.004536174587902548,0.9872848014411724,0.9739911715495757,0.9882239191514813
10,2,XMEAS-28,0.15145115591885622,0.15145115591885622,0.013973535147592947,0.013973535147592947,1.0725755793039167,1.0381420307033713,1.0695675298738123
10,2,XMEAS-29,-0.08658489075041778,0.08658489075041778,-0.005778941015265441,0.005778941015265441,1.0064345793330645,1.0454069131943151,1.0099820615842396
10,2,XMEAS-30,0.27268283307342495,0.27268283307342495,0.014171091469392988,0.014171091469392988,0.993111102248045,0.9260471820229714,0.9876256934581389
10,2,XMEAS-31,-0.08890691333990812,0.08890691333990812,-0.010550846993355583,0.010550846993355583,1.0431391053471255,1.0768023073683677,1.0394371032774117
10,2,XMEAS-32,0.02769187661484917,0.02769187661484917,0.005428893755448216,0.005428893755448216,1.0111761453784873,0.9770422617062601,1.0099177727214805
10,2,XMEAS-33,0.024391460924442665,0.024391460924442665,0.00445964793751704,0.00445964793751704,0.9840463046051904,0.9605800936188786,0.9849712365892748
10,2,XMEAS-34,0.20581328364500126,0.20581328364500126,0.017472044990183302,0.017472044990183302,1.1223188049792534,1.010666325244995,1.120672553603806
10,2,XMEAS-35,0.11757448190478983,0.11757448190478983,0.0023039814952009225,0.0023039814952009225,0.9534220866948381,0.9496776512135764,0.960133907190177
10,2,XMEAS-36,-0.08907139959314832,0.08907139959314832,0.0007283388757006682,0.0007283388757006682,0.984188517147105,1.0204124364065146,0.9863470045119812
10,2,XMEAS-37,-0.08058033499992247,0.08058033499992247,0.004302207645752124,0.004302207645752124,1.0077534848741172,1.0307434158443982,1.013704903888512
10,2,XMEAS-38,-0.038657377209131975,0.038657377209131975,-0.013218513211264783,0.013218513211264783,1.4129690689258678,1.0533465115767289,1.4115887336150539
10,2,XMEAS-39,-0.030343813554513797,0.030343813554513797,-0.0026283772973713696,0.0026283772973713696,1.1070751878948866,1.105619738900319,1.1136494474996212
10,2,XMEAS-40,-0.011455233234568,0.011455233234568,0.0061767531201077025,0.0061767531201077025,0.9702014394472365,0.9902363776309837,0.9685139968386436
10,2,XMEAS-41,0.11054422702289726,0.11054422702289726,0.008249964561887072,0.008249964561887072,1.1208205382291403,1.1613070418852873,1.1290106981003278
10,3,XMEAS-1,-0.023921306003979702,0.023921306003979702,0.012412348094748437,0.012412348094748437,1.2118204786459608,0.9864311037557776,1.2086298074180064
10,3,XMEAS-2,-0.01784602014612067,0.01784602014612067,0.0022507332378353985,0.0022507332378353985,0.9965427936970052,1.0142944043455353,1.0033641230420733
10,3,XMEAS-3,-0.005191508779739452,0.005191508779739452,3.174088176739359e-05,3.174088176739359e-05,0.9659601226877663,1.0058571927063265,0.9739958669823462
10,3,XMEAS-4,-0.018649909653721722,0.018649909653721722,0.004104460069555213,0.004104460069555213,1.0097941754042612,1.0049845203202084,1.00915825891799
10,3,XMEAS-5,-0.04340209882074161,0.04340209882074161,-0.005862985351904926,0.005862985351904926,1.0057419418318043,1.0025454706715682,1.005252236852336
10,3,XMEAS-6,-0.07846852564236671,0.07846852564236671,-0.0017063215535153887,0.0017063215535153887,1.021826885683751,1.0161376496697967,1.0230096699617741
10,3,XMEAS-7,-0.014525591155630175,0.014525591155630175,0.0019504052395453717,0.0019504052395453717,1.1087484889874033,1.0014974237421663,1.108558720022442
10,3,XMEAS-8,0.005894638716866114,0.005894638716866114,-0.002457924551327361,0.002457924551327361,1.0147285419801295,1.012270158633414,1.0149490376710326
10,3,XMEAS-9,-0.03473002815358155,0.03473002815358155,-0.001160061614189243,0.001160061614189243,1.023286671837665,1.031260876472841,1.023419312302679
10,3,XMEAS-10,0.037099889547120984,0.037099889547120984,0.004305572813115405,0.004305572813115405,1.1534770021613572,1.028829238663108,1.1536577666962726
10,3,XMEAS-11,-0.18937662300534833,0.18937662300534833,-0.0030784065608505623,0.0030784065608505623,1.268044308865174,0.9621348424185571,1.289074422884133
10,3,XMEAS-12,0.01137508152828347,0.01137508152828347,5.829319194870698e-05,5.829319194870698e-05,1.0486111983309088,0.9892316729746685,1.0494685103403427
10,3,XMEAS-13,-0.023133244616780752,0.023133244616780752,0.0007903015599504165,0.0007903015599504165,1.0944567300799832,0.9913465704190048,1.0944533729189991
10,3,XMEAS-14,0.03548093522777415,0.03548093522777415,-0.0017024806039476858,0.0017024806039476858,1.061992798300894,1.0164766120839244,1.063804303621253
10,3,XMEAS-15,-0.0065592142252918675,0.0065592142252918675,0.00020026464130928838,0.00020026464130928838,1.3969975569583717,0.9805740280383759,1.397772912554717
10,3,XMEAS-16,-0.00010491255568063019,0.00010491255568063019,0.0012057162623550217,0.0012057162623550217,1.096712328457855,0.9709801959984211,1.096691348296134
10,3,XMEAS-17,-0.02556838875286139,0.02556838875286139,0.0022450220654945167,0.0022450220654945167,1.0225064887229343,1.0301303151748855,1.0230622037564443
10,3,XMEAS-18,-0.29857935179663864,0.29857935179663864,-0.22906225786198664,0.22906225786198664,16.385135582685713,2.105824332347716,16.840276099820574
10,3,XMEAS-19,-0.020329660037928365,0.020329660037928365,0.0013470944758617247,0.0013470944758617247,0.9979447892723368,0.9911397574903541,0.9982133013624288
10,3,XMEAS-20,-0.3126871702311886,0.3126871702311886,-0.011966394886489262,0.011966394886489262,1.021777628592422,1.0068743800646682,1.0436661266223477
10,3,XMEAS-21,0.12939163891582203,0.12939163891582203,-0.005643538613235919,0.005643538613235919,1.234915377832312,0.9596624599740013,1.2602099224876768
10,3,XMEAS-22,-0.18045796077814855,0.18045796077814855,-0.0025957970966003444,0.0025957970966003444,1.035650732713571,0.9897816605822477,1.0468121337790397
10,3,XMEAS-23,-0.019966017901650573,0.019966017901650573,-0.005597126761106857,0.005597126761106857,0.9574867287761091,0.9767221803532928,0.9559950137115037
10,3,XMEAS-24,0.11808081907355596,0.11808081907355596,0.0018732861813958552,0.0018732861813958552,1.010899534482738,1.056132287010111,1.0179178919024618
10,3,XMEAS-25,7.585496446528377e-05,7.585496446528377e-05,-0.0007912012775338732,0.0007912012775338732,1.0016250870203793,0.9528893465104233,1.0020305364911362
10,3,XMEAS-26,-0.06572315124085198,0.06572315124085198,0.0062826785165574755,0.0062826785165574755,1.016894822117219,0.992223752758922,1.0202702997580553
10,3,XMEAS-27,0.013221852860903471,0.013221852860903471,0.003581126899589381,0.003581126899589381,0.9449013490916025,0.9268100529196294,0.946226829897386
10,3,XMEAS-28,0.17049707034277203,0.17049707034277203,-0.002344514280475056,0.002344514280475056,1.074604541304049,1.0677642367469593,1.083586982043351
10,3,XMEAS-29,-0.07496514320550263,0.07496514320550263,-0.00036753719154293687,0.00036753719154293687,0.9998790645847716,1.0129731857944166,1.0056081149200915
10,3,XMEAS-30,0.1878698440265716,0.1878698440265716,-0.00015863452113322904,0.00015863452113322904,0.9697656894241363,0.9695106487006407,0.9777771506200009
10,3,XMEAS-31,-0.09217101927462097,0.09217101927462097,0.004964384440138218,0.004964384440138218,1.048365868037449,1.0388540069598453,1.0502725489381408
10,3,XMEAS-32,0.055936002039600384,0.055936002039600384,0.0006820547652560678,0.0006820547652560678,0.9776502083279697,0.9450908558351306,0.9782843910025428
10,3,XMEAS-33,0.07320874508644015,0.07320874508644015,0.004637914914662284,0.004637914914662284,0.9552002539335748,0.9387038364933091,0.9559038810949774
10,3,XMEAS-34,0.27841079834373283,0.27841079834373283,-0.013793026318682598,0.013793026318682598,0.9945240535370218,0.9474085299006778,0.9964821743439903
10,3,XMEAS-35,-0.031172106971688072,0.031172106971688072,0.00015481854043077439,0.00015481854043077439,1.021199009620062,1.0065802229930125,1.0287871467129714
10,3,XMEAS-36,0.04327075363229507,0.04327075363229507,-0.006107329187879917,0.006107329187879917,0.9987283503496939,0.9917230987577399,0.998455777673967
10,3,XMEAS-37,-0.03659931348644233,0.03659931348644233,0.009764401675312225,0.009764401675312225,0.976669507728088,1.0505191586249196,0.9770545019202002
10,3,XMEAS-38,0.1284189505991036,0.1284189505991036,0.021475840570111458,0.021475840570111458,1.363857314883808,1.067300384849926,1.347693248432818
10,3,XMEAS-39,0.049144042136755724,0.049144042136755724,0.010234562965493143,0.010234562965493143,1.1527532005239585,1.1108577107153497,1.1539202261220987
10,3,XMEAS-40,0.036098838257658944,0.036098838257658944,-0.0029000941858082865,0.0029000941858082865,0.9860318023233293,0.9736475660122155,0.9864189205045106
10,3,XMEAS-41,0.010857565256010096,0.010857565256010096,0.0083608938646864,0.0083608938646864,0.9437265109752657,0.9495701641453614,0.9490687779579476
10,4,XMEAS-1,0.02969775029312661,0.02969775029312661,-0.007522060130104372,0.007522060130104372,1.049130484211877,0.9942022174230148,1.0501484556029117
10,4,XMEAS-2,-0.0924597024933321,0.0924597024933321,-0.01801697671170727,0.01801697671170727,1.016462402793377,1.0183060775936565,1.0020866052303434
10,4,XMEAS-3,-0.02537736631690014,0.02537736631690014,0.020674010153476485,0.020674010153476485,1.0139600928712538,1.0147208700667616,0.993643344112111
10,4,XMEAS-4,-0.07043150359683158,0.07043150359683158,-0.0042850514074904604,0.0042850514074904604,1.038741465220127,1.0302876855119705,1.038052890413181
10,4,XMEAS-5,-0.0075158370916138416,0.0075158370916138416,-0.0047861382963683766,0.0047861382963683766,0.9879416056464946,0.9881463067468047,0.9881558751731732
10,4,XMEAS-6,-3.724870281840232e-05,3.724870281840232e-05,-0.003641440225312492,0.003641440225312492,0.9791963824205233,0.9853848738629084,0.9796073954162118
10,4,XMEAS-7,0.00291240808403618,0.00291240808403618,0.0006476121202401687,0.0006476121202401687,1.0173310504047248,0.9793627896581826,1.017339420117719
10,4,XMEAS-8,-0.019279211672381332,0.019279211672381332,0.0013272934665059103,0.0013272934665059103,0.9878972763284911,0.9768195646403979,0.9883798171325008
10,4,XMEAS-9,0.016179924720451284,0.016179924720451284,-0.0007449442206537681,0.0007449442206537681,1.013257600136998,1.006582349249653,1.0134392786758148
10,4,XMEAS-10,0.0038580655001700243,0.0038580655001700243,0.0030459362070965677,0.0030459362070965677,1.129555384731825,0.997510460632306,1.1302351415928134
10,4,XMEAS-11,-0.05973089488352817,0.05973089488352817,-0.014133246643236987,0.014133246643236987,1.2015038142849337,0.9905192702697376,1.2105820545716277
10,4,XMEAS-12,0.004895940903691522,0.004895940903691522,-0.00281811057848524,0.00281811057848524,1.0478889368254907,1.040797794164676,1.048239874795289
10,4,XMEAS-13,0.0015016981501202306,0.0015016981501202306,-0.0005320587029062716,0.0005320587029062716,1.0314737587478682,0.9858806382105945,1.0314881620169967
10,4,XMEAS-14,0.03406412271774819,0.03406412271774819,0.0018297223468282274,0.0018297223468282274,0.9910490042138269,0.983980238900688,0.992683945143489
10,4,XMEAS-15,-0.018859095984812474,0.018859095984812474,-0.003020977593630476,0.003020977593630476,1.0275441728696342,0.9711998190588447,1.0275230267661815
10,4,XMEAS-16,0.016498593034409356,0.016498593034409356,0.00011738528539402593,0.00011738528539402593,1.0330256215237736,0.9982825403382025,1.0330882517459368
10,4,XMEAS-17,0.02784345942224301,0.02784345942224301,-0.002622990687941494,0.002622990687941494,1.0152462026455003,1.01219519686086,1.015672257729142
10,4,XMEAS-18,2.809424194591522,2.809424194591522,-0.07345093501424642,0.07345093501424642,15.743950811975056,2.7192184659522307,16.37259333711202
10,4,XMEAS-19,0.019932265112283735,0.019932265112283735,-0.0005843640548381071,0.0005843640548381071,0.983048977447752,0.9746953660630228,0.9834098255631216
10,4,XMEAS-20,-0.008276291072544358,0.008276291072544358,-0.01806143105525451,0.01806143105525451,0.877258191264463,0.991640510241146,0.878422572008618
10,4,XMEAS-21,0.1588438531129235,0.1588438531129235,0.036402796781175695,0.036402796781175695,1.125821357478526,1.0093688706570856,1.0672506747219375
10,4,XMEAS-22,-0.04897041407007529,0.04897041407007529,-0.008137093008374074,0.008137093008374074,1.007089169418373,1.0179905117450836,1.0139258176771684
10,4,XMEAS-23,0.004117362128441136,0.004117362128441136,0.001240314612851994,0.001240314612851994,0.9905949689423826,1.0240195270659826,0.9912098531999513
10,4,XMEAS-24,0.003365122379098104,0.003365122379098104,-0.014193172583645695,0.014193172583645695,1.012155865767331,1.0241737752801403,1.0059584075691939
10,4,XMEAS-25,-0.016560964056673518,0.016560964056673518,-0.0014271169549257253,0.0014271169549257253,0.9814683905662935,0.9441925297580602,0.9817680735832222
10,4,XMEAS-26,0.08062932754809396,0.08062932754809396,-0.00919337818586004,0.00919337818586004,1.0487144743443584,1.018603840873046,1.0494639419991192
10,4,XMEAS-27,-0.06941609298611057,0.06941609298611057,0.002985080677628917,0.002985080677628917,0.9595380643144703,0.9789761193695835,0.9611848897888099
10,4,XMEAS-28,0.15460065436910714,0.15460065436910714,-0.005226409904997083,0.005226409904997083,1.0040603074542838,0.9828492863891539,1.010942834042918
10,4,XMEAS-29,0.06641543839033903,0.06641543839033903,-0.008781842298550958,0.008781842298550958,0.9662388312579925,0.9693908077839252,0.9664152655857788
10,4,XMEAS-30,0.08742347950087594,0.08742347950087594,-0.01039113280917132,0.01039113280917132,0.8961787698488068,0.8890443807802949,0.8954452268468263
10,4,XMEAS-31,-0.08916421544405431,0.08916421544405431,0.00573727050503388,0.00573727050503388,0.9649831003069231,0.9199228796487247,0.9659019209445958
10,4,XMEAS-32,0.10505385882284916,0.10505385882284916,-0.00035462198604996987,0.00035462198604996987,0.9332100975527013,0.9200746328981173,0.9338367730799805
10,4,XMEAS-33,0.012579035783068628,0.012579035783068628,0.005689990344856348,0.005689990344856348,0.9356588772148455,0.9798749003298189,0.9355078646822419
10,4,XMEAS-34,0.29467057675499564,0.29467057675499564,0.0032713159206023417,0.0032713159206023417,0.9617933614400251,0.9812790642433343,0.9755392998122386
10,4,XMEAS-35,-0.09773769427461247,0.09773769427461247,-0.022298111497635675,0.022298111497635675,0.9658971230457352,0.9339955830091355,0.9378514508521516
10,4,XMEAS-36,-0.045789799798036726,0.045789799798036726,0.008068797452539918,0.008068797452539918,1.0120832919148646,1.0066486419036906,1.0100309549194824
10,4,XMEAS-37,0.10484014455202807,0.10484014455202807,0.00042909833433834037,0.00042909833433834037,1.0204505086116418,0.9887714655182577,1.0277147791862982
10,4,XMEAS-38,-0.2661436605095625,0.2661436605095625,0.018351945261303196,0.018351945261303196,1.3905435538871767,1.0193994332617942,1.3810372458706117
10,4,XMEAS-39,0.0861700334815956,0.0861700334815956,0.001831482399185835,0.001831482399185835,1.0527885836620214,0.978119236137453,1.0592249592790492
10,4,XMEAS-40,0.09332972979332163,0.09332972979332163,0.0057836905427641125,0.0057836905427641125,0.9952224829749212,1.0427087204649763,0.9939416992344168
10,4,XMEAS-41,0.014485932202069774,0.014485932202069774,0.01697734901627114,0.01697734901627114,1.0546490700199584,1.0143424138156176,1.0476261849861157
10,5,XMEAS-1,0.023458129460097024,0.023458129460097024,-0.004117982477857282,0.004117982477857282,0.8333296240845552,1.0179471058206433,0.8356485351567989
10,5,XMEAS-2,0.025980693745479202,0.025980693745479202,-0.004425587256373343,0.004425587256373343,1.0044758467654464,0.9969047970723938,1.0103850832318382
10,5,XMEAS-3,-0.033562538572337826,0.033562538572337826,0.0005768531697553101,0.0005768531697553101,1.0076492668592565,1.0351479350181692,1.0160096847380293
10,5,XMEAS-4,-0.04281118533368039,0.04281118533368039,0.0023676179931731416,0.0023676179931731416,1.0029929875354673,1.0145640990690115,1.0030946757626578
10,5,XMEAS-5,0.016162732509956933,0.016162732509956933,-0.001428497648204612,0.001428497648204612,0.9891131176580182,0.9817094398431574,0.9907420309996776
10,5,XMEAS-6,-0.011175351510732515,0.011175351510732515,0.0004907885065312291,0.0004907885065312291,1.0014013099998058,0.9977022283280649,1.0027308913123225
10,5,XMEAS-7,0.004465640801946406,0.004465640801946406,-0.001811775285085157,0.001811775285085157,0.9996438313206962,1.0069787382989497,0.9994600378196958
10,5,XMEAS-8,0.011030250217821034,0.011030250217821034,-0.002162836875602676,0.002162836875602676,1.0012610374387145,1.008863257301342,1.0015588981122199
10,5,XMEAS-9,0.0001433008648231229,0.0001433008648231229,-2.0518865090307578e-06,2.0518865090307578e-06,0.9946969330824329,0.9942337831862246,0.9949111499307562
10,5,XMEAS-10,0.023769339330233286,0.023769339330233286,0.002272090515893571,0.002272090515893571,1.0700162363835293,0.9894500377904772,1.070857608718909
10,5,XMEAS-11,0.019273544185722056,0.019273544185722056,0.008755527505822706,0.008755527505822706,1.4278089052844702,1.0206608430157358,1.4484133108011203
10,5,XMEAS-12,-0.0005849893730952419,0.0005849893730952419,-0.003827361180929123,0.003827361180929123,1.096138110037709,1.003285535718728,1.0961421141336902
10,5,XMEAS-13,0.0024881452120503857,0.0024881452120503857,-0.00035872840349165344,0.00035872840349165344,1.0104316055727256,1.0167532197246278,1.010455152182817
10,5,XMEAS-14,-0.027021180663976078,0.027021180663976078,-0.0028462324612063337,0.0028462324612063337,1.050535695767412,0.9820629228600486,1.051992677967369
10,5,XMEAS-15,0.018097720093751518,0.018097720093751518,-0.0017106634332479651,0.0017106634332479651,1.4761480893030403,0.9619242408920187,1.4768371020374775
10,5,XMEAS-16,0.0076996376464323665,0.0076996376464323665,-0.0020741285885943228,0.0020741285885943228,0.9991038337609931,1.0159113350392956,0.9988780314070494
10,5,XMEAS-17,-0.0024598972964756465,0.0024598972964756465,-7.213215835230091e-05,7.213215835230091e-05,1.0045625010465669,0.9991658779752566,1.005431429609011
10,5,XMEAS-18,-0.467367415227424,0.467367415227424,-0.10653957358530179,0.10653957358530179,17.84735271778519,2.0364141241014413,18.542756136277653
10,5,XMEAS-19,-0.015558650647833653,0.015558650647833653,-0.0026946337713346885,0.0026946337713346885,0.971930063830452,0.9660376182972209,0.971811165010825
10,5,XMEAS-20,-0.05056913774908954,0.05056913774908954,-0.0016073578892673093,0.0016073578892673093,0.8331997582684956,1.010963221165578,0.8587287839332864
10,5,XMEAS-21,0.0003992666899551714,0.0003992666899551714,0.014096384142922433,0.014096384142922433,1.3104696714487027,0.9907296360607912,1.3288037263015575
10,5,XMEAS-22,0.0030304211338988375,0.0030304211338988375,0.002274723669171658,0.002274723669171658,1.0783956712951315,1.0238554191522955,1.0901510908284524
10,5,XMEAS-23,-0.02971614564185155,0.02971614564185155,-0.0005449926405298418,0.0005449926405298418,0.9863861708946883,1.0105603132425331,0.9870815607929957
10,5,XMEAS-24,-0.03565172704517302,0.03565172704517302,0.0013978081128473575,0.0013978081128473575,0.9508132521339222,1.0349210995344014,0.9574957497113179
10,5,XMEAS-25,0.005953240417031274,0.005953240417031274,-0.0023605654824925674,0.0023605654824925674,0.9610504619787013,0.9589789274269598,0.9610925485436221
10,5,XMEAS-26,-0.02242313915062923,0.02242313915062923,-0.0027403871219206376,0.0027403871219206376,0.972487997454125,0.9663207762339892,0.9776913988613711
10,5,XMEAS-27,-0.04512321249452183,0.04512321249452183,-0.003336309540500348,0.003336309540500348,0.9923748585538914,0.9626235716969981,0.9939701838543903
10,5,XMEAS-28,-0.0790153457547295,0.0790153457547295,0.00732898239127628,0.00732898239127628,1.0824266690778444,0.9858202666852951,1.088477698566425
10,5,XMEAS-29,-0.07764676181251325,0.07764676181251325,0.007677369440316534,0.007677369440316534,0.9982948652692009,1.0337316422858842,1.0000556274352705
10,5,XMEAS-30,0.015403187250584127,0.015403187250584127,0.012884954648697959,0.012884954648697959,0.9132798685681617,0.9556939697533211,0.9085197539792079
10,5,XMEAS-31,0.06519333244640654,0.06519333244640654,-0.011824531631341664,0.011824531631341664,0.9596188306103615,0.9852396546257479,0.9530053536325875
10,5,XMEAS-32,0.019596013707965015,0.019596013707965015,-0.001623414631572668,0.001623414631572668,0.9574313832444514,0.9570325689921168,0.9578998219217675
10,5,XMEAS-33,-0.0851190863265588,0.0851190863265588,0.00843125006839868,0.00843125006839868,0.9179521973934656,0.924505976016811,0.9148848012522584
10,5,XMEAS-34,-0.0522336217382305,0.0522336217382305,0.011834490365622887,0.011834490365622887,1.0179680641531863,0.9985258518058252,1.0239577034036944
10,5,XMEAS-35,-0.021273099845753346,0.021273099845753346,0.00329188628316986,0.00329188628316986,0.9253078511169915,0.9427926641913309,0.9313976737875844
10,5,XMEAS-36,-0.04700447063810879,0.04700447063810879,-0.001859723987751903,0.001859723987751903,1.011197603977126,1.0193164445330734,1.0132236968377655
10,5,XMEAS-37,-0.034043400772610935,0.034043400772610935,0.00855715833777364,0.00855715833777364,0.9594486454995989,0.9482999312837818,0.9611499829858802
10,5,XMEAS-38,0.05108253219930106,0.05108253219930106,0.009378551021455161,0.009378551021455161,1.4064543250033905,1.028622810582025,1.4091566680950254
10,5,XMEAS-39,0.035047921417761134,0.035047921417761134,-0.0005742824833963601,0.0005742824833963601,1.0449956629756403,0.9216262149199161,1.0515754919473763
10,5,XMEAS-40,6.702171105265352e-06,6.702171105265352e-06,-0.0018170373027804408,0.0018170373027804408,1.0441248298335861,1.059821546144712,1.0449267929868404
10,5,XMEAS-41,0.062057462950129066,0.062057462950129066,-0.002270378978572721,0.002270378978572721,0.9443127976397889,0.9338791427498931,0.9543009439232207
13,1,XMEAS-1,0.337798007908549,0.337798007908549,-0.10830904648240203,0.10830904648240203,7.508134839524227,1.0421056041623074,7.435918089123768
13,1,XMEAS-2,0.24432241907671712,0.24432241907671712,-0.03331294346715982,0.03331294346715982,1.4594238290189823,0.9761695990419645,1.4179147250135533
13,1,XMEAS-3,0.431187846506173,0.431187846506173,-0.07543420164639873,0.07543420164639873,2.1102999622525416,0.9960842761787138,1.938056418213871
13,1,XMEAS-4,0.1694142439996724,0.1694142439996724,-0.008561828101126098,0.008561828101126098,1.1870722384369312,0.9856137808279501,1.1835063551341736
13,1,XMEAS-5,-3.3335938769458546,3.3335938769458546,-0.021179480123831293,0.021179480123831293,2.7464439072677758,1.0064832341312597,2.7404153979886634
13,1,XMEAS-6,-2.9224118233581344,2.9224118233581344,-0.03603183630315464,0.03603183630315464,2.492756861778193,0.998422889663521,2.461077855148992
13,1,XMEAS-7,-34.173940070670255,34.173940070670255,0.07892009014361469,0.07892009014361469,49.57710677956379,2.0789583093867217,49.57047479546453
13,1,XMEAS-8,-0.10728744905356764,0.10728744905356764,-0.014149162142560926,0.014149162142560926,1.7941211766305754,0.9914505024339905,1.7877514564315353
13,1,XMEAS-9,-0.014176709762829556,0.014176709762829556,-0.004279969107017156,0.004279969107017156,1.7148698971275094,0.9917613793957755,1.7145264826376405
13,1,XMEAS-10,3.8298470661252155,3.8298470661252155,0.035373975986791775,0.035373975986791775,26.769838587337528,3.2544156343756447,26.795827219174527
13,1,XMEAS-11,-0.11882670554051633,0.11882670554051633,0.04916079726195303,0.04916079726195303,11.930347119238943,1.0387941846149493,12.119230380918248
13,1,XMEAS-12,-0.23026736626003144,0.23026736626003144,-0.07003851650092219,0.07003851650092219,4.460831001341125,1.0049808929727755,4.390464294958979
13,1,XMEAS-13,-33.72382088901579,33.72382088901579,0.07946390200953543,0.07946390200953543,48.888958098607915,2.009246441636738,48.881893069971156
13,1,XMEAS-14,1.3386538905309493,1.3386538905309493,-0.03493770167775807,0.03493770167775807,4.228662755036708,1.0131930362758343,4.217269828964476
13,1,XMEAS-15,0.5196083932232513,0.5196083932232513,0.1311329570675548,0.1311329570675548,10.86822592581305,0.9842751102552962,10.768171692469855
13,1,XMEAS-16,-33.73708121971365,33.73708121971365,0.06560653784999212,0.06560653784999212,49.1335001343167,2.259663698823884,49.13067800576598
13,1,XMEAS-17,0.10293979232775834,0.10293979232775834,0.021607347313823674,0.021607347313823674,1.624137529003489,1.010972141372127,1.606239630997029
13,1,XMEAS-18,-4.990741155369441,4.990741155369441,0.05164279950560328,0.05164279950560328,10.21624488795612,1.2532568759922702,10.621479109867142
13,1,XMEAS-19,-0.01675138550523926,0.01675138550523926,0.0024606406048474773,0.0024606406048474773,0.9975787018697029,0.9815871165401303,0.9975633641249193
13,1,XMEAS-20,-12.234188528819688,12.234188528819688,-0.10813144216923981,0.10813144216923981,9.267191491793312,1.0395510394720262,9.46636179011371
13,1,XMEAS-21,1.5346633074525302,1.5346633074525302,0.22382834313152938,0.22382834313152938,15.998567362248068,1.0844123427822832,16.134212481662974
13,1,XMEAS-22,-5.958072374633575,5.958072374633575,0.0047971933315455245,0.0047971933315455245,9.865074090701683,0.9852547446644943,9.975415055494434
13,1,XMEAS-23,-0.43602613912858434,0.43602613912858434,-0.07651416668235692,0.07651416668235692,2.5851870821002283,1.0310252983968435,2.4312226684666434
13,1,XMEAS-24,-9.329409626155346,9.329409626155346,0.16790700646825005,0.16790700646825005,9.678423296051216,1.1571862785792493,9.550174770104952
13,1,XMEAS-25,0.09756473045676521,0.09756473045676521,0.007992036835310998,0.007992036835310998,3.011153866470499,1.02658269380817,3.0110824370598523
13,1,XMEAS-26,1.435711817512939,1.435711817512939,0.0282915362351163,0.0282915362351163,1.7459559390103994,1.0831505408940059,1.7251989911174759
13,1,XMEAS-27,3.8324275557469023,3.8324275557469023,-0.06923153522835362,0.06923153522835362,3.2674871702741175,0.9505951108877656,3.175632199227987
13,1,XMEAS-28,-1.5554926448030186,1.5554926448030186,0.4552933671830579,0.4552933671830579,10.74991188035849,1.1213192890946193,9.45741689313793
13,1,XMEAS-29,-0.46853232596663946,0.46853232596663946,-0.10388019482921741,0.10388019482921741,3.441148814408251,0.985222916791956,3.2437365471317823
13,1,XMEAS-30,-11.137237494050671,11.137237494050671,0.2147030041987786,0.2147030041987786,12.36978738499057,1.2092136354384924,12.218831895218367
13,1,XMEAS-31,-0.20292265295598647,0.20292265295598647,0.012560747540186224,0.012560747540186224,4.453762534012756,1.1336494546603273,4.466179425652631
13,1,XMEAS-32,0.8507679028486886,0.8507679028486886,0.03982556174192502,0.03982556174192502,1.8603453039966948,1.0283274190219032,1.803814837208594
13,1,XMEAS-33,5.082922477574525,5.082922477574525,-0.07845878149992783,0.07845878149992783,4.070874758153448,0.9525375178229145,3.9779244953581
13,1,XMEAS-34,-0.7367959458345903,0.7367959458345903,0.5653692827999628,0.5653692827999628,12.795273970041436,1.2614360989501754,11.169626423253508
13,1,XMEAS-35,0.8003675355188221,0.8003675355188221,0.0010322633686276064,0.0010322633686276064,3.3165927448061026,1.0555785507077966,3.3412206045828308
13,1,XMEAS-36,0.24317423870572213,0.24317423870572213,0.006981451567876532,0.006981451567876532,1.5976676634225915,1.0561129467926755,1.599189588574699
13,1,XMEAS-37,0.07760360157716709,0.07760360157716709,0.006432780120942638,0.006432780120942638,1.1655212435357598,1.089947463414917,1.171444839316672
13,1,XMEAS-38,4.817413215290082,4.817413215290082,-0.07232134052779292,0.07232134052779292,4.230550843038688,1.1518816710812874,4.1676208898044775
13,1,XMEAS-39,0.13474266803368304,0.13474266803368304,0.05465963975000038,0.05465963975000038,1.705085763353399,0.9488679734923219,1.5939227640359395
13,1,XMEAS-40,-0.03660853568957824,0.03660853568957824,-0.0032350587482107376,0.0032350587482107376,1.328114850456913,0.9885776399289613,1.3288773117171198
13,1,XMEAS-41,-0.25430567484991273,0.25430567484991273,-0.003461927652314429,0.003461927652314429,1.490840677964249,1.0989020107757461,1.5066485733248824
13,2,XMEAS-1,0.6043664504951791,0.6043664504951791,-0.1448241586553466,0.1448241586553466,14.985119546427258,1.1143309332771363,14.957296088044851
13,2,XMEAS-2,0.0068358835970739025,0.0068358835970739025,-0.05924444054980438,0.05924444054980438,2.5734970369979533,1.010076528370238,2.4986995088733988
13,2,XMEAS-3,1.3565356467438188,1.3565356467438188,-0.064094732894451,0.064094732894451,3.830052196708651,1.010804439274162,3.7890959170006844
13,2,XMEAS-4,0.2652810662586666,0.2652810662586666,-0.027881327537298634,0.027881327537298634,1.9870535242967688,1.013944646176761,1.9617159260843102
13,2,XMEAS-5,-4.295494093861944,4.295494093861944,0.036412456990345315,0.036412456990345315,4.488564828746278,1.019336475590816,4.47680293471098
13,2,XMEAS-6,-3.6328163227118146,3.6328163227118146,0.013278676569720428,0.013278676569720428,3.9573741106464992,0.9997913399006744,3.959715157792313
13,2,XMEAS-7,-43.25634663675704,43.25634663675704,0.49138753710533867,0.49138753710533867,70.72237589026145,2.286911125108817,70.49678394537203
13,2,XMEAS-8,0.033359560041775926,0.033359560041775926,0.0017153717850704115,0.0017153717850704115,1.91239631209123,0.9980056821305988,1.9134581348528164
13,2,XMEAS-9,-0.03797841396629977,0.03797841396629977,0.0020146979670586608,0.0020146979670586608,1.7988410551866318,1.010113736346035,1.7990779202797345
13,2,XMEAS-10,2.5696385103133657,2.5696385103133657,-0.5078456274985422,0.5078456274985422,29.09845384481204,3.3027005867058734,28.532186507749245
13,2,XMEAS-11,-2.642995918848655,2.642995918848655,-0.19353461643480782,0.19353461643480782,16.982225961244684,1.0519036795045975,17.120408872581905
13,2,XMEAS-12,0.2595073310444589,0.2595073310444589,-0.010086459830329594,0.010086459830329594,6.027588156397354,1.0150807896792489,6.031390640722962
13,2,XMEAS-13,-42.685488247589674,42.685488247589674,0.48757606060084296,0.48757606060084296,69.75826303278343,2.2095670396867924,69.53280719353508
13,2,XMEAS-14,2.603782930772047,2.603782930772047,0.013626256925808261,0.013626256925808261,6.291863115204243,1.0254760536842633,6.301703891323959
13,2,XMEAS-15,0.5865155278426839,0.5865155278426839,0.1760077122565596,0.1760077122565596,20.10376392752769,1.01778282978761,20.011855825712967
13,2,XMEAS-16,-42.57986245119658,42.57986245119658,0.4792365251465373,0.4792365251465373,69.87444927908744,2.4828876627374736,69.65917193742126
13,2,XMEAS-17,0.10438907095779248,0.10438907095779248,0.027687558774087552,0.027687558774087552,2.611096537772584,0.9752252156828469,2.593683949673192
13,2,XMEAS-18,-10.110437615995718,10.110437615995718,-0.09394696608199458,0.09394696608199458,21.379519297017296,1.3605071631476908,22.236837382618273
13,2,XMEAS-19,0.01128234364853428,0.01128234364853428,-0.0007509091100516639,0.0007509091100516639,0.9903079308609956,0.9728566253842565,0.9906568013660758
13,2,XMEAS-20,-15.955390243390614,15.955390243390614,0.08270831082599939,0.08270831082599939,17.44002084751776,1.0300520447702965,17.951852954723517
13,2,XMEAS-21,1.206534060663828,1.206534060663828,0.049836858843634986,0.049836858843634986,20.26214060467008,1.0931488444171054,20.697671613077727
13,2,XMEAS-22,-9.406664376183604,9.406664376183604,-0.013625699200499282,0.013625699200499282,15.155125980826885,1.0010974386741225,15.324051706211481
13,2,XMEAS-23,-0.19546249622630726,0.19546249622630726,-0.04559771935942154,0.04559771935942154,5.274202317624163,1.0521880046415308,5.251651319380018
13,2,XMEAS-24,-13.698327899018313,13.698327899018313,0.24534510404192533,0.24534510404192533,15.745675614518152,1.1735039505525378,15.59971634512493
13,2,XMEAS-25,0.05410150536913233,0.05410150536913233,-0.004226640598992023,0.004226640598992023,4.450611511966473,1.0106852219044202,4.452330547386211
13,2,XMEAS-26,1.2483374027434464,1.2483374027434464,-0.0023923091078745843,0.0023923091078745843,2.073205240026458,0.975450396850549,2.0852176581810946
13,2,XMEAS-27,5.905743450260905,5.905743450260905,-0.108537313544462,0.108537313544462,6.733959631600828,0.9488435047908895,6.631893455620212
13,2,XMEAS-28,-2.1524554248339434,2.1524554248339434,0.6189988895038839,0.6189988895038839,17.986541452598967,1.1537653618997716,16.64798622292395
13,2,XMEAS-29,-0.11708419478797426,0.11708419478797426,-0.06260713870595977,0.06260713870595977,7.498425101390944,1.0936128131069471,7.506311940931367
13,2,XMEAS-30,-16.511118951529404,16.511118951529404,0.3186264796673215,0.3186264796673215,19.98589371199165,1.2591211889945804,19.80650363491188
13,2,XMEAS-31,-0.48376586940785304,0.48376586940785304,0.0017642929564849457,0.0017642929564849457,6.969263140077455,1.0466401414054052,6.992373541453007
13,2,XMEAS-32,0.6331775478179651,0.6331775478179651,0.023443342988906494,0.023443342988906494,1.7439600896422518,0.9674871124333784,1.7239873658037488
13,2,XMEAS-33,7.668143646967362,7.668143646967362,-0.13095088286997117,0.13095088286997117,8.579835575005646,0.9748190948389012,8.465026028945575
13,2,XMEAS-34,-1.1276837098888082,1.1276837098888082,0.7378224068398754,0.7378224068398754,21.305205061809886,1.2451492232772232,19.821210969926668
13,2,XMEAS-35,-0.0859050532962941,0.0859050532962941,-0.09770498903625505,0.09770498903625505,6.51408223277798,1.0955774525107922,6.463280060789707
13,2,XMEAS-36,-0.057882673596138697,0.057882673596138697,-0.006272725064902943,0.006272725064902943,2.9836163144026835,1.017014444292322,2.9893874615327567
13,2,XMEAS-37,0.025949656362235556,0.025949656362235556,0.011895723858654133,0.011895723858654133,1.0301196662106848,1.0160848386653851,1.0281964100935024
13,2,XMEAS-38,8.297490107267842,8.297490107267842,-0.07320029727171026,0.07320029727171026,10.906384922277985,1.2822671538529953,10.926913895872676
13,2,XMEAS-39,0.35610190791509744,0.35610190791509744,0.0946111474568597,0.0946111474568597,3.195107658010913,1.0448966961189756,3.0214170131001707
13,2,XMEAS-40,0.04443193708971945,0.04443193708971945,-0.01298044485741208,0.01298044485741208,1.7553015401733252,0.9978261526990773,1.7505846958573568
13,2,XMEAS-41,-0.13154501753576156,0.13154501753576156,0.03283288032194345,0.03283288032194345,1.7921149280178144,1.0945804299921793,1.7707464020807198
13,3,XMEAS-1,-0.06752026616557447,0.06752026616557447,-0.08736360644870536,0.08736360644870536,6.9147527587501205,1.0577322803603675,6.8709755773410315
13,3,XMEAS-2,-0.2552776513140411,0.2552776513140411,-0.020353836962530254,0.020353836962530254,1.287685773344036,1.0075736312197767,1.2751467642591896
13,3,XMEAS-3,0.5555939859952489,0.5555939859952489,-0.03940579883392701,0.03940579883392701,1.8699297915225948,1.0137585334284656,1.8287884901133635
13,3,XMEAS-4,0.08925467641346217,0.08925467641346217,-0.006389972055066704,0.006389972055066704,1.0944065664102554,0.9901537790759593,1.0924321614811932
13,3,XMEAS-5,-2.0337957348158975,2.0337957348158975,-0.009265591247055758,0.009265591247055758,2.410586352688436,0.9885208805925593,2.4125114785041215
13,3,XMEAS-6,-1.8284196581063439,1.8284196581063439,-0.014517840797275203,0.014517840797275203,2.1370847716355694,1.0045419296806812,2.1333598311631787
13,3,XMEAS-7,-25.870843158851812,25.870843158851812,0.23492243618145336,0.23492243618145336,40.81628511865798,1.8061884116944282,40.72744213381429
13,3,XMEAS-8,-0.02092632900163371,0.02092632900163371,0.001265846013950978,0.001265846013950978,1.793662956910917,1.0339558726569507,1.7946955455988722
13,3,XMEAS-9,0.045753972224727324,0.045753972224727324,-0.000597024201243351,0.000597024201243351,1.6467127615825374,0.9768661177634106,1.6470529568520902
13,3,XMEAS-10,0.9069079161866171,0.9069079161866171,-0.17579608589273737,0.17579608589273737,23.9880953248745,2.9515906932578724,23.92800856737452
13,3,XMEAS-11,0.25565049717467747,0.25565049717467747,-0.09882750796462336,0.09882750796462336,11.859489352870606,1.0538214609410388,12.00492795750938
13,3,XMEAS-12,-0.04948393263686708,0.04948393263686708,-0.021238840752264874,0.021238840752264874,4.199637863242465,1.0079757723699057,4.195896505837526
13,3,XMEAS-13,-25.49032420517469,25.49032420517469,0.2332042814507559,0.2332042814507559,40.22862740980404,1.7572944365116614,40.13963611838332
13,3,XMEAS-14,0.6899465311715212,0.6899465311715212,0.024378225389095363,0.024378225389095363,3.9607917738186504,1.0197198957799365,3.958189479713492
13,3,XMEAS-15,0.5986077084491911,0.5986077084491911,0.10103428009523466,0.10103428009523466,9.72667675444281,0.993912215685351,9.661801493519969
13,3,XMEAS-16,-25.58150696176578,25.58150696176578,0.23211992276629023,0.23211992276629023,40.49272924297225,1.9470046841524722,40.40637250399544
13,3,XMEAS-17,0.04853861214137113,0.04853861214137113,0.015466549713691578,0.015466549713691578,1.5419652044160743,1.0213737176261521,1.532908872708884
13,3,XMEAS-18,-1.998006928881201,1.998006928881201,-0.1560724234176151,0.1560724234176151,11.335444178053478,1.230505805984511,11.654994064195774
13,3,XMEAS-19,0.03681727249260968,0.03681727249260968,0.0008417754874212766,0.0008417754874212766,0.994334203386142,0.981588259157795,0.9946750892526419
13,3,XMEAS-20,-7.225010302735189,7.225010302735189,-0.0590698600385389,0.0590698600385389,8.00440291076835,1.0085794451435246,8.221678099902197
13,3,XMEAS-21,0.3632940296675453,0.3632940296675453,0.07413760794984507,0.07413760794984507,14.61706467545342,1.0647815667157057,14.911633674301964
13,3,XMEAS-22,-3.6307307747704467,3.6307307747704467,-0.05820210136327082,0.05820210136327082,7.897765056497548,1.0192316833523243,7.957248231719424
13,3,XMEAS-23,-0.16487406436909857,0.16487406436909857,-0.02435809786967095,0.02435809786967095,2.1395610391990596,0.9964698529722925,2.1225239980180968
13,3,XMEAS-24,-5.032357806771381,5.032357806771381,0.020933522589594297,0.020933522589594297,8.276839283771086,1.1399630078428886,8.332655003459365
13,3,XMEAS-25,-0.05399674429102959,0.05399674429102959,-0.01409906681736435,0.01409906681736435,3.0135418111867636,0.9815907310696893,3.010482557208943
13,3,XMEAS-26,0.5536264236974009,0.5536264236974009,0.014256942860040972,0.014256942860040972,1.5444371874825824,1.0546432515631512,1.544669419543321
13,3,XMEAS-27,2.1838345151317737,2.1838345151317737,0.005430599891701517,0.005430599891701517,3.0659971069016785,0.9514510698518194,3.072600407564161
13,3,XMEAS-28,-1.604097001446041,1.604097001446041,0.28865041086823534,0.28865041086823534,9.33933441781987,1.1408047099279455,8.799783272045415
13,3,XMEAS-29,-0.1250003204743471,0.1250003204743471,-0.03593581790671739,0.03593581790671739,2.9025479208689964,1.0292329137066665,2.8892074004136914
13,3,XMEAS-30,-5.937665014736008,5.937665014736008,0.04356011369069406,0.04356011369069406,10.393568607412481,1.1968555357978847,10.467167247722521
13,3,XMEAS-31,-0.2596760532986858,0.2596760532986858,-0.02504332297500465,0.02504332297500465,4.246671587367578,1.0896490314356302,4.250878025172804
13,3,XMEAS-32,0.27116455501596154,0.27116455501596154,0.027936731009538095,0.027936731009538095,1.5965806159569707,1.0653470033057122,1.5647034303198046
13,3,XMEAS-33,2.8066822589736033,2.8066822589736033,0.008695148880213662,0.008695148880213662,3.883018685321674,0.9360551615811138,3.890701575958172
13,3,XMEAS-34,-1.2221188967532126,1.2221188967532126,0.3414457626393149,0.3414457626393149,10.758996026774586,1.1607112886323676,10.1611451118788
13,3,XMEAS-35,0.7274700603348284,0.7274700603348284,-0.060910788772604835,0.060910788772604835,4.065789682246936,1.1064481003045288,4.034228893990936
13,3,XMEAS-36,0.5298440350536174,0.5298440350536174,-0.00973080348011868,0.00973080348011868,1.9119444443846716,1.1397945924902781,1.9128943915986667
13,3,XMEAS-37,0.15383329137295063,0.15383329137295063,0.006924268606229364,0.006924268606229364,1.0202598746717886,1.0267450058372243,1.0243734941587035
13,3,XMEAS-38,2.551745261235625,2.551745261235625,0.05582917755746099,0.05582917755746099,4.660140736751577,1.0070626031802354,4.637959648081844
13,3,XMEAS-39,-0.09378422927777287,0.09378422927777287,0.0482408720354856,0.0482408720354856,1.8056827924654588,0.9213145553130259,1.7284263885185727
13,3,XMEAS-40,-0.047851668076343265,0.047851668076343265,-0.0153367944147332,0.0153367944147332,1.3498039503394494,0.9771510357615989,1.3394296338740435
13,3,XMEAS-41,0.09700041718958717,0.09700041718958717,0.001601850435449028,0.001601850435449028,1.4046642946750123,1.1419830275058738,1.4199460587849877
13,4,XMEAS-1,-0.18343187651185003,0.18343187651185003,-0.05461038126540529,0.05461038126540529,10.816778304132095,1.0428180187981217,10.846101820584735
13,4,XMEAS-2,0.15189854115479978,0.15189854115479978,0.011380927339664417,0.011380927339664417,1.522646820059884,0.9792545007012815,1.5278662630381732
13,4,XMEAS-3,0.3587529321284307,0.3587529321284307,0.02605911790371039,0.02605911790371039,2.146660827789191,0.9845195204991157,2.1431395705848284
13,4,XMEAS-4,0.16644361133858743,0.16644361133858743,0.007615182607647448,0.007615182607647448,1.3952796163736985,0.9909206925049404,1.3931639081499336
13,4,XMEAS-5,-1.510150014766255,1.510150014766255,-0.07409408088546177,0.07409408088546177,3.102127481853008,1.0033876897599654,2.987087087134945
13,4,XMEAS-6,-1.2903512078816919,1.2903512078816919,-0.06305280433233218,0.06305280433233218,2.9251934881193913,1.0015680564171814,2.8369057724308715
13,4,XMEAS-7,-24.416672956341607,24.416672956341607,-0.9542614597664577,0.9542614597664577,40.9565304408482,1.78149080982312,39.44719490501561
13,4,XMEAS-8,0.04140807215482789,0.04140807215482789,0.008581255979254215,0.008581255979254215,1.6958676437966385,0.9926532937159946,1.6940000533945516
13,4,XMEAS-9,0.00720535162092028,0.00720535162092028,0.005226740522929486,0.005226740522929486,1.6350675988135643,0.9879784532999317,1.634304770465471
13,4,XMEAS-10,1.5055051473666103,1.5055051473666103,0.04426198102652558,0.04426198102652558,22.192870152010286,2.6764349147347692,22.211108081490078
13,4,XMEAS-11,1.727355445396324,1.727355445396324,0.020529157681411336,0.020529157681411336,10.69013601642498,1.0676552994326967,10.869028412530058
13,4,XMEAS-12,0.12508418868868146,0.12508418868868146,0.015175405455007004,0.015175405455007004,3.972733066780975,1.0138950619991982,3.972110653991479
13,4,XMEAS-13,-24.05286164486339,24.05286164486339,-0.9394489011596537,0.9394489011596537,40.3758452479692,1.7471871435560908,38.891908415782666
13,4,XMEAS-14,0.13337522201107838,0.13337522201107838,0.02049709560914119,0.02049709560914119,4.006154314264242,0.9844995998887233,4.006662258859186
13,4,XMEAS-15,-0.1236490619277093,0.1236490619277093,0.02259652967171155,0.02259652967171155,12.232902184167848,0.9960684484573944,12.236922710805906
13,4,XMEAS-16,-24.19669789833867,24.19669789833867,-0.9400967374697694,0.9400967374697694,40.55456049605371,1.9154173032332993,39.07650780165813
13,4,XMEAS-17,0.024928028420247016,0.024928028420247016,0.0001922464474174679,0.0001922464474174679,1.7280305520227057,0.9901721855880937,1.7295244345370127
13,4,XMEAS-18,0.9510360939013807,0.9510360939013807,-0.04658991562433637,0.04658991562433637,10.690782143475035,1.2672450255602579,11.119718397592607
13,4,XMEAS-19,0.010169772136100801,0.010169772136100801,-0.00037754443288112944,0.00037754443288112944,0.9761344642578323,0.9781016294423106,0.9765060452938541
13,4,XMEAS-20,-4.812414359708922,4.812414359708922,-0.25701704908507633,0.25701704908507633,11.560264023151966,1.0271237228239933,11.517846654247506
13,4,XMEAS-21,-1.0356342947748538,1.0356342947748538,-0.042147878196898754,0.042147878196898754,14.593581189253163,1.071589213782259,14.90498722494523
13,4,XMEAS-22,-2.2391452055579726,2.2391452055579726,-0.1363304050621052,0.1363304050621052,8.6381394160649,1.0116537235774525,8.588560769232464
13,4,XMEAS-23,0.09444350403095049,0.09444350403095049,0.006959927479031569,0.006959927479031569,3.5319793914146684,0.9829733956044349,3.5336258697316754
13,4,XMEAS-24,-3.09367604471282,3.09367604471282,-0.19315968846023168,0.19315968846023168,9.621089998741992,1.1733202295181875,9.426009937493166
13,4,XMEAS-25,-0.054754530589841685,0.054754530589841685,-0.008716564018338292,0.008716564018338292,3.5258163005371794,1.0753973830000507,3.525952171969505
13,4,XMEAS-26,0.5185346380611503,0.5185346380611503,0.04525587161042035,0.04525587161042035,1.5318658092312436,0.952553616705742,1.448409274425047
13,4,XMEAS-27,1.1362958203462261,1.1362958203462261,0.09348769984673495,0.09348769984673495,3.7230115808501645,0.974430475127059,3.5714258470254805
13,4,XMEAS-28,-2.833144554965334,2.833144554965334,-0.19922689287134127,0.19922689287134127,10.740853065208645,1.1018544726624564,10.582555240992718
13,4,XMEAS-29,0.08830194654725504,0.08830194654725504,0.001845649932306527,0.001845649932306527,5.002762938678919,0.9945114225689026,5.031427153637503
13,4,XMEAS-30,-3.681107668197677,3.681107668197677,-0.23088577320824524,0.23088577320824524,12.352412982648705,1.1960616326396525,12.160813365739802
13,4,XMEAS-31,-0.39489428831909906,0.39489428831909906,-0.013222395829063588,0.013222395829063588,5.091802872358501,1.004429764439864,5.106411227972023
13,4,XMEAS-32,0.25450992503251496,0.25450992503251496,0.050714384933327854,0.050714384933327854,1.7392441954250377,0.954076502055663,1.6387665627688162
13,4,XMEAS-33,1.4902287404975165,1.4902287404975165,0.11109547243375403,0.11109547243375403,4.6246364619628295,0.970879880576755,4.4533594371864345
13,4,XMEAS-34,-2.7937614851492345,2.7937614851492345,-0.22575919880936637,0.22575919880936637,12.863045049572468,1.1512290385099473,12.785900932310145
13,4,XMEAS-35,1.670363521015816,1.670363521015816,0.0390718101771921,0.0390718101771921,3.3407022343336426,1.042011687698807,3.334685530444932
13,4,XMEAS-36,0.6596079700957436,0.6596079700957436,0.009180653000855419,0.009180653000855419,1.7792905718929166,1.0268760411201092,1.780088831329469
13,4,XMEAS-37,-0.05939575090899672,0.05939575090899672,0.01609777829424586,0.01609777829424586,1.0055367477999295,0.9433529017588602,0.9952457733826278
13,4,XMEAS-38,0.7522852735218034,0.7522852735218034,0.0851930436448087,0.0851930436448087,4.86024214799976,1.0481000759186085,4.7829550459683
13,4,XMEAS-39,-0.5799933853271042,0.5799933853271042,-0.03055649995147744,0.03055649995147744,1.7076678746117322,1.0406650519970622,1.6813576243938964
13,4,XMEAS-40,0.053108323106258286,0.053108323106258286,0.006186382155511107,0.006186382155511107,1.305375576622443,0.9408575496578696,1.3046834143545865
13,4,XMEAS-41,0.05213916415456913,0.05213916415456913,-0.015407459346562105,0.015407459346562105,1.5244112062975375,1.1219847381899077,1.530593458418652
13,5,XMEAS-1,0.5815784527479407,0.5815784527479407,-0.005007862407665353,0.005007862407665353,13.513869118505786,1.07024714518509,13.573474453759449
13,5,XMEAS-2,0.30672060674824647,0.30672060674824647,0.021208746113019237,0.021208746113019237,2.1395243465081952,1.0069109129778646,2.1407334960272135
13,5,XMEAS-3,0.6834318056911797,0.6834318056911797,-0.022442629172518793,0.022442629172518793,3.142109282513502,0.9957674781478805,3.157450185836466
13,5,XMEAS-4,0.2911433661172699,0.2911433661172699,0.006146459232876896,0.006146459232876896,1.71344493016991,0.9909286946370427,1.7127840010699886
13,5,XMEAS-5,-2.458902973310457,2.458902973310457,0.053976634137309125,0.053976634137309125,3.4129238904861534,1.0123962452835478,3.3615001611186064
13,5,XMEAS-6,-2.0790122754599047,2.0790122754599047,0.05109560589790383,0.05109560589790383,3.373454082010172,0.9948425420252198,3.3259005533830734
13,5,XMEAS-7,-36.67598962893282,36.67598962893282,-0.01143605841327335,0.01143605841327335,58.64670467126991,2.4462258430845294,58.64862354113023
13,5,XMEAS-8,-0.020533417104679545,0.020533417104679545,0.0011452452627015003,0.0011452452627015003,1.6597183696057918,0.9948234582551855,1.6606762766700327
13,5,XMEAS-9,0.021020791781704684,0.021020791781704684,-0.004221364845338255,0.004221364845338255,1.8244791519786414,1.0287223458317014,1.8242204005285396
13,5,XMEAS-10,2.7286219513917267,2.7286219513917267,-0.07721905337731357,0.07721905337731357,26.5981739700852,3.2274508873004915,26.61212500428061
13,5,XMEAS-11,1.9645632072557306,1.9645632072557306,0.11756085566126875,0.11756085566126875,13.080952751154857,1.0495894471647544,13.231270082039703
13,5,XMEAS-12,0.022072881102705458,0.022072881102705458,-0.005975955900104831,0.005975955900104831,5.134840997482923,1.0117895802029822,5.138575893354816
13,5,XMEAS-13,-36.17491489467551,36.17491489467551,-0.010878477633602057,0.010878477633602057,57.79667115245223,2.3651801761551274,57.798367330160744
13,5,XMEAS-14,0.8245256441988782,0.8245256441988782,0.0005267563850898673,0.0005267563850898673,5.058057431451565,0.9828115683304035,5.067550253524309
13,5,XMEAS-15,-0.9874972863181289,0.9874972863181289,-0.0933211187536653,0.0933211187536653,18.243612996933525,0.9647595865415335,18.221880469194584
13,5,XMEAS-16,-36.29877103347354,36.29877103347354,-0.012337302484240132,0.012337302484240132,58.16394864823209,2.6686814525946354,58.16735055838063
13,5,XMEAS-17,-0.18308082512359122,0.18308082512359122,-0.01139001660830545,0.01139001660830545,2.388369788409537,1.028035169725055,2.3868078815574334
13,5,XMEAS-18,-0.6426283893536866,0.6426283893536866,0.16894167256797052,0.16894167256797052,13.24418341520283,1.2363883501652695,13.642545006143294
13,5,XMEAS-19,0.008323164743590933,0.008323164743590933,0.0003672797693269679,0.0003672797693269679,0.9818475933736803,0.9669110140117467,0.9822219824567511
13,5,XMEAS-20,-8.046561757439907,8.046561757439907,0.2414408988272761,0.2414408988272761,12.879900175639195,1.0504361723750784,12.96291723874218
13,5,XMEAS-21,-1.077366163660058,1.077366163660058,-0.1127671143321605,0.1127671143321605,18.465229993020966,1.1014627514007398,18.822756721420077
13,5,XMEAS-22,-4.014515362046234,4.014515362046234,0.10484914812624894,0.10484914812624894,10.76032106188769,1.0253116601804768,10.811725446659379
13,5,XMEAS-23,0.5461235608490389,0.5461235608490389,0.08203205614071207,0.08203205614071207,5.1175620602648815,1.0008344360349746,5.032746562209238
13,5,XMEAS-24,-8.168583521659546,8.168583521659546,-0.09188466485227784,0.09188466485227784,12.93040439153639,1.144603670597351,12.979225056027893
13,5,XMEAS-25,-0.14392926028285968,0.14392926028285968,-0.023580338136632118,0.023580338136632118,3.496118891428942,0.9883427032018146,3.487051500832779
13,5,XMEAS-26,0.8555267492327311,0.8555267492327311,0.011720207421980459,0.011720207421980459,1.6924759346135259,0.986617506606409,1.6969799715078702
13,5,XMEAS-27,2.5692355629900216,2.5692355629900216,-0.048617628233308376,0.048617628233308376,3.572393353678176,0.9620984798463603,3.536327325677921
13,5,XMEAS-28,-3.3777787060371454,3.3777787060371454,0.08946314148580885,0.08946314148580885,15.412996973829918,1.2418282000802323,15.511795037684525
13,5,XMEAS-29,0.898927619187109,0.898927619187109,0.11898486254337855,0.11898486254337855,7.308538278480932,1.054304782236307,7.219375876765126
13,5,XMEAS-30,-9.995560452296166,9.995560452296166,-0.1330410986790159,0.1330410986790159,17.100966072842773,1.298094510244868,17.172530034575345
13,5,XMEAS-31,-0.522105229307983,0.522105229307983,-0.039282835492777404,0.039282835492777404,5.306161776569065,1.088356580582032,5.304283792713206
13,5,XMEAS-32,0.4680523716506243,0.4680523716506243,0.0161090067204743,0.0161090067204743,1.7178504066657372,0.9724166637960172,1.7089090178585091
13,5,XMEAS-33,3.5900073018132463,3.5900073018132463,-0.05402521739034705,0.05402521739034705,4.3700222311941115,1.0323276680266418,4.335255806647145
13,5,XMEAS-34,-3.1482701942257276,3.1482701942257276,0.10888281923942959,0.10888281923942959,18.588833759224375,1.312124844447698,18.82584269598298
13,5,XMEAS-35,1.883486813345563,1.883486813345563,0.042932077236925235,0.042932077236925235,4.887969073129948,1.0036802509865053,4.898895561590334
13,5,XMEAS-36,0.8863664980581241,0.8863664980581241,0.02341868648141772,0.02341868648141772,2.312738534163445,1.1034846334465,2.3019898856067273
13,5,XMEAS-37,0.10427190019176552,0.10427190019176552,-0.006429461358373078,0.006429461358373078,0.9486265359644841,0.9284428456360265,0.9524592385625821
13,5,XMEAS-38,2.538716367064595,2.538716367064595,-0.054893485566277676,0.054893485566277676,5.1707666564296195,1.127625375767329,5.156929016725368
13,5,XMEAS-39,-0.40594054048741357,0.40594054048741357,0.005762996337303571,0.005762996337303571,2.5147469281437242,0.9712243872489634,2.5297454896984606
13,5,XMEAS-40,0.006118819870290328,0.006118819870290328,-1.6089793364417644e-05,1.6089793364417644e-05,1.4906078281533626,1.1147468033574655,1.4920541092466728
13,5,XMEAS-41,0.03323064193886468,0.03323064193886468,0.002987655467755912,0.002987655467755912,1.4415343449474116,0.9437131141743615,1.4569260700914541
