fault,batch,variable,windows,level_positive_windows,trend_positive_windows,residual_positive_windows,diff_positive_windows,rapid_positive_windows,level_max_same_sign_run,trend_max_same_sign_run,drift_max_coherent_run,residual_max_run,diff_max_run,rapid_max_run,level_positive_sign_count,level_negative_sign_count,level_sign_coherence,level_dominant_sign,trend_positive_sign_count,trend_negative_sign_count,trend_sign_coherence,trend_dominant_sign,first_shift_sigma,first_slope_sigma_h,first_residual_std_ratio,first_diff_std_ratio,first_level_candidate,first_trend_candidate,first_residual_candidate,first_diff_candidate,first_rapid_candidate,late_shift_sigma_median,late_abs_slope_sigma_h_median,late_residual_std_ratio_median,late_diff_std_ratio_median,late_level_positive_windows,late_trend_positive_windows,late_residual_positive_windows,late_diff_positive_windows,late_rapid_positive_windows,level_batches_persistent,drift_batches_persistent,residual_batches_persistent,diff_batches_persistent,rapid_batches_persistent
1,1,XMEAS-1,8,8,6,3,0,0,8,1,1,3,0,0,8,0,1.0,+,3,3,0.5,tie,76.67353831016274,31.153280989078283,10.785177887482044,1.3068055814879471,True,True,True,False,False,85.1256594019298,0.32994214081492973,0.7861887150195668,0.9446898764790244,2,0,0,0,0,5,0,5,0,0
1,1,XMEAS-10,8,2,4,2,1,1,1,1,1,2,1,1,1,1,0.5,tie,2,2,0.5,tie,3.868657231619516,-9.64277854423298,13.33832989997958,1.8476269283027311,True,True,True,True,True,-0.6160622039762232,0.32781358448618403,1.0042277477044848,0.9881371555662384,0,0,0,0,0,0,0,5,0,0
1,1,XMEAS-11,8,3,5,4,0,0,1,1,1,4,0,0,2,1,0.6666666666666666,+,2,3,0.6,-,-22.607354324452334,-8.349173978684112,5.082161774177855,0.9871948783144404,True,True,True,False,False,0.8470158895199251,0.0955681923285899,0.9334425485756055,1.074743681081812,0,0,0,0,0,0,0,5,0,0
1,1,XMEAS-12,8,0,2,1,0,0,0,1,1,1,0,0,0,0,,none,1,1,0.5,tie,-0.1089552867550838,1.74526291359631,2.78272009141441,1.074252197968227,False,True,True,False,False,-0.06641288701572855,0.03983517125184395,1.0039986222560944,1.0167455551524205,0,0,0,0,0,0,0,0,0,0
1,1,XMEAS-13,8,2,2,2,0,0,2,1,1,2,0,0,0,2,1.0,-,1,1,0.5,tie,-8.055512943820466,-8.61329576466559,4.761993834796209,1.057261549230893,True,True,True,False,False,0.03528149037756485,0.14491376311383225,1.091642173826835,1.0394255855759789,0,0,0,0,0,5,0,5,0,0
1,1,XMEAS-14,8,1,2,1,0,0,1,1,1,1,0,0,1,0,1.0,+,1,1,0.5,tie,-0.1487364974951382,1.6892605042193825,2.748054024336703,1.0409291215159115,False,True,True,False,False,-0.30836380294797555,0.0380763024715862,0.9777035192427341,0.9665365302996356,0,0,0,0,0,0,0,0,0,0
1,1,XMEAS-15,8,3,3,3,0,0,1,1,1,3,0,0,1,2,0.6666666666666666,-,1,2,0.6666666666666666,-,-6.435546873569598,-2.9499798519402103,4.2335982926600915,0.9318936034533496,True,True,True,False,False,-0.12911455020454624,0.09565135890028875,0.9712554705167022,1.0028878770207414,0,0,0,0,0,0,0,5,0,0
1,1,XMEAS-16,8,2,2,2,0,0,2,1,1,2,0,0,0,2,1.0,-,1,1,0.5,tie,-7.829224687107313,-8.662450998215096,4.843612797612831,1.0718326036527046,True,True,True,False,False,-0.14030144825942353,0.1392022825642825,1.076296122414932,1.0506315774941517,0,0,0,0,0,5,0,5,0,0
1,1,XMEAS-17,8,0,0,0,0,0,0,0,0,0,0,0,0,0,,none,0,0,,none,-0.8479147909473375,-0.4053274900902744,1.0430562211191892,0.9217619401395848,False,False,False,False,False,-0.019943632343281198,0.0698787479805036,0.9476077931342063,0.9428211809777046,0,0,0,0,0,0,0,0,0,0
1,1,XMEAS-18,8,8,3,4,0,0,7,1,1,4,0,0,7,1,0.875,+,1,2,0.6666666666666666,-,-20.422366397889487,-5.9786686045672335,6.260495469637208,1.261089640750687,True,True,True,False,False,10.810157904476391,0.1662399472789028,0.6234774561445381,0.9674906176112323,2,0,0,0,0,5,0,5,0,0
1,1,XMEAS-19,8,0,0,0,0,0,0,0,0,0,0,0,0,0,,none,0,0,,none,0.0666930142247553,0.0063574148101952,0.9693747082943222,0.9974724384230974,False,False,False,False,False,0.005386743019555201,0.0424475067224041,1.0044420793257698,1.0161155103941188,0,0,0,0,0,0,0,0,0,0
1,1,XMEAS-2,8,0,0,0,0,0,0,0,0,0,0,0,0,0,,none,0,0,,none,0.1493198178151192,0.4163915900270227,0.99074746291466,1.0011956645385016,False,False,False,False,False,-0.3943470727460733,0.08846582115856086,0.9624211688304933,1.023293350265083,0,0,0,0,0,0,0,0,0,0
1,1,XMEAS-20,8,4,3,4,0,0,1,1,1,4,0,0,2,2,0.5,tie,1,2,0.6666666666666666,-,-36.40255028878524,-2.243943511562271,13.5426701331603,1.089392687852406,True,True,True,False,False,-0.5671436250225109,0.17462413378347294,0.6757926574142181,1.038903273935738,0,0,0,0,0,0,0,5,0,0
1,1,XMEAS-21,8,3,4,2,0,0,1,1,1,2,0,0,2,1,0.6666666666666666,+,2,2,0.5,tie,7.148425019571761,-6.386338185647942,8.647455782221346,0.966484670105644,True,True,True,False,False,1.0574425824347804,0.23442431710066294,0.9914674040031426,1.0391740111898142,0,0,0,0,0,0,0,5,0,0
1,1,XMEAS-22,8,2,3,4,0,0,1,1,1,4,0,0,1,1,0.5,tie,1,2,0.6666666666666666,-,-19.422789712362892,-5.024620732935745,4.583502636790757,1.0188369369567871,True,True,True,False,False,0.14857229705473857,0.04932363523820125,0.9781595345278997,1.0760596909216065,0,0,0,0,0,0,0,5,0,0
1,1,XMEAS-23,8,4,1,4,0,0,1,1,1,4,0,0,2,2,0.5,tie,1,0,1.0,+,-13.326007688946513,-0.557954241645499,5.568294913949933,1.180791216240883,True,False,True,False,False,-0.08962302735452529,0.1521232915116248,1.0052335714455767,1.0952124313192726,0,0,0,0,0,0,0,5,0,0
1,1,XMEAS-24,8,3,3,3,0,0,1,1,1,3,0,0,1,2,0.6666666666666666,-,1,2,0.6666666666666666,-,-10.00736795349816,-2.761141343776284,4.470651107357945,0.9704330328904022,True,True,True,False,False,-0.43930104517082014,0.12239557680553559,0.8772981628959216,0.8598313994967073,0,0,0,0,0,0,0,5,0,0
1,1,XMEAS-25,8,3,3,4,0,0,1,1,1,4,0,0,2,1,0.6666666666666666,+,2,1,0.6666666666666666,+,15.238489599238086,1.1848766662105212,6.432551073976679,1.0026566733069386,True,True,True,False,False,0.01414452527103715,0.13496444309451505,1.0246537172104238,1.0149410026435368,0,0,0,0,0,0,0,5,0,0
1,1,XMEAS-26,8,1,0,1,0,0,1,0,0,1,0,0,1,0,1.0,+,0,0,,none,2.4955575972586583,0.5517163823820099,1.536918647776145,1.2024476090078398,True,False,True,False,False,0.06833054928854784,0.0583687737199802,0.9984250943359996,0.996763428093528,0,0,0,0,0,0,0,0,0,0
1,1,XMEAS-27,8,2,2,1,0,0,2,1,1,1,0,0,2,0,1.0,+,1,1,0.5,tie,4.273623015878325,1.5138295352495987,1.3683208999284906,0.9060496657533856,True,True,True,False,False,0.1948249508719424,0.09708300788329885,0.9542606882239588,0.905657521826555,0,0,0,0,0,5,0,0,0,0
1,1,XMEAS-28,8,4,3,3,0,0,3,1,1,3,0,0,3,1,0.75,+,1,2,0.6666666666666666,-,-13.66837484767924,-4.748499484898719,4.26280830382473,0.9869617555951368,True,True,True,False,False,2.4395427981315296,0.14193174219618965,0.8725770577946299,0.8958384152065244,2,0,0,0,0,5,0,5,0,0
1,1,XMEAS-29,8,4,2,4,0,0,1,1,1,4,0,0,2,2,0.5,tie,1,1,0.5,tie,-18.60541709611588,-1.3666068099942643,8.268037950975481,1.3489134125838538,True,True,True,False,False,-0.22045055976245428,0.0291732040465838,0.8907890627654859,0.8819104934102828,0,0,0,0,0,0,0,5,0,0
1,1,XMEAS-3,8,0,2,0,0,0,0,1,1,0,0,0,0,0,,none,1,1,0.5,tie,1.7260434266536877,0.8219599773088907,1.1867225859740664,1.0036667747432697,False,True,False,False,False,0.1284182583343294,0.0687257167989198,1.0142957653478597,1.089751230031871,0,0,0,0,0,0,0,0,0,0
1,1,XMEAS-30,8,4,3,3,0,0,2,1,1,3,0,0,1,3,0.75,-,1,2,0.6666666666666666,-,-10.294189223165631,-2.690318941734436,5.104376734780627,1.0453228483064845,True,True,True,False,False,-0.5859660158580895,0.2174717320743625,0.9284286867020602,1.0626324543416508,0,0,0,0,0,2,0,5,0,0
1,1,XMEAS-31,8,3,3,4,1,1,1,1,1,4,1,1,2,1,0.6666666666666666,+,2,1,0.6666666666666666,+,21.141142270187466,1.9317511169463557,9.220756444550211,1.474629360805184,True,True,True,True,True,-0.0807782797005573,0.08699673409550951,1.0052833991448868,1.0242108694979704,0,0,0,0,0,0,0,5,0,0
1,1,XMEAS-32,8,0,0,0,0,0,0,0,0,0,0,0,0,0,,none,0,0,,none,1.09715332561214,0.3092612159221687,0.9184692639235448,0.8520837440223905,False,False,False,False,False,-0.0890699455191734,0.10639789263151275,1.0626569540398232,1.0549222018527584,0,0,0,0,0,0,0,0,0,0
1,1,XMEAS-33,8,2,2,1,0,0,2,1,1,1,0,0,2,0,1.0,+,1,1,0.5,tie,5.378135144781781,1.866477009878846,1.475504609606451,0.9459230116452144,True,True,True,False,False,0.04307059763729681,0.0599315898539442,0.8672422358348608,0.8742518070681009,0,0,0,0,0,5,0,0,0,0
1,1,XMEAS-34,8,5,4,2,0,0,4,1,1,2,0,0,4,1,0.8,+,2,2,0.5,tie,-15.46198412255533,-5.578187598283715,5.138030560668218,1.3489416703315265,True,True,True,False,False,2.912557262018273,0.21549259376570498,0.9557749716970634,1.0852019830685595,2,0,0,0,0,5,0,5,0,0
1,1,XMEAS-35,8,1,2,1,0,0,1,1,1,1,0,0,0,1,1.0,-,1,1,0.5,tie,-5.3563205026788365,-2.3534951853830157,1.3372050758791414,0.8377494923259057,True,True,False,False,False,-0.125833406477301,0.13672771843567216,0.945809287981195,0.9959552770221047,0,0,0,0,0,0,0,4,0,0
1,1,XMEAS-36,8,1,2,0,0,0,1,1,1,0,0,0,0,1,1.0,-,1,1,0.5,tie,-3.7696948559060344,-1.0696591911031574,1.3606465501148717,0.959352073466216,True,True,False,False,False,0.051687122514728255,0.0883324349186964,1.0375087138625343,1.0819221728691724,0,0,0,0,0,0,0,0,0,0
1,1,XMEAS-37,8,0,0,0,0,0,0,0,0,0,0,0,0,0,,none,0,0,,none,0.2128759477432596,0.0710032801577321,0.9230930008433264,0.7459783945263776,False,False,False,False,False,0.041899820344714095,0.09643499991528809,0.9361997703722507,1.0341564487198507,0,0,0,0,0,0,0,0,0,0
1,1,XMEAS-38,8,5,2,2,0,0,3,1,1,2,0,0,5,0,1.0,+,1,1,0.5,tie,9.922382682664418,5.003984519869361,1.6141637058380107,1.3889024009728757,True,True,True,False,False,2.117132422434069,0.0763627994459494,0.8810072769794906,0.9906013744939726,2,0,0,0,0,5,0,2,0,0
1,1,XMEAS-39,8,0,0,0,0,0,0,0,0,0,0,0,0,0,,none,0,0,,none,0.4297701936724804,0.3149845511427598,0.984011902932104,1.1023136396272804,False,False,False,False,False,0.9915942716291857,0.18117363999884356,0.786742208183937,0.7679859511372242,0,0,0,0,0,0,0,0,0,0
1,1,XMEAS-4,8,8,3,1,0,0,8,1,1,1,0,0,0,8,1.0,-,1,2,0.6666666666666666,-,-9.313737334239926,-3.4389740223446856,1.457608428193337,0.9771528227260312,True,True,True,False,False,-10.05415863291854,0.07331094179361285,0.9856213022748915,1.0054682857140818,2,0,0,0,0,5,0,0,0,0
1,1,XMEAS-40,8,0,0,0,0,0,0,0,0,0,0,0,0,0,,none,0,0,,none,0.4206670259009036,0.0303960325517599,1.3254101140976784,0.8447781960176298,False,False,False,False,False,0.2344694189226496,0.3190433534193461,0.949753045802225,1.0206194893426987,0,0,0,0,0,0,0,0,0,0
1,1,XMEAS-41,8,0,0,0,0,0,0,0,0,0,0,0,0,0,,none,0,0,,none,-0.7601516109827817,-0.0795144483189848,1.0271536595506947,1.0307067293006504,False,False,False,False,False,0.26012931410074797,0.1663356786099633,0.9043587080836224,0.8494616339674685,0,0,0,0,0,0,0,0,0,0
1,1,XMEAS-5,8,1,1,2,0,0,1,1,1,2,0,0,0,1,1.0,-,1,0,1.0,+,-7.926441942099795,-0.3543925172034472,3.1442192539835045,0.9895717423603176,True,False,True,False,False,-0.0250728646014721,0.07690383936789025,0.9854263059467439,1.0058411764366895,0,0,0,0,0,0,0,5,0,0
1,1,XMEAS-6,8,1,0,2,0,0,1,0,0,2,0,0,0,1,1.0,-,0,0,,none,-7.273253283759389,-0.1012087323709961,3.032848520041934,1.0228192870110475,True,False,True,False,False,-0.25626691843366517,0.046703123988128405,1.0162517635273964,1.0269183456305258,0,0,0,0,0,0,0,5,0,0
1,1,XMEAS-7,8,2,2,2,0,0,2,1,1,2,0,0,0,2,1.0,-,1,1,0.5,tie,-8.086658078143142,-8.564653173122686,4.814719077091009,1.0181224458663218,True,True,True,False,False,0.00788150860157765,0.1173842716578235,1.0832018240134522,1.051698076688601,0,0,0,0,0,5,0,5,0,0
1,1,XMEAS-8,8,0,0,1,0,0,0,0,0,1,0,0,0,0,,none,0,0,,none,1.1490464644852658,-0.0049598503561237,1.390683107214776,1.0788275305503343,False,False,True,False,False,-0.01204517992252245,0.04708718236627035,1.0282717303350775,1.015526065451851,0,0,0,0,0,0,0,0,0,0
1,1,XMEAS-9,8,0,0,0,0,0,0,0,0,0,0,0,0,0,,none,0,0,,none,0.147264003304597,0.402443129909199,1.0858306894489034,0.9320451921363258,False,False,False,False,False,-0.023704510788731953,0.04327902306272885,0.9872983617162859,1.0289594614070952,0,0,0,0,0,0,0,0,0,0
1,2,XMEAS-1,8,8,5,3,1,1,8,1,1,3,1,1,8,0,1.0,+,3,2,0.6,+,76.76196623975049,31.21440121172195,11.011014908658815,1.4101094105350869,True,True,True,True,True,85.03598223882648,0.2554284297453526,0.7775743460295573,1.049085695625338,2,0,0,0,0,5,0,5,0,0
1,2,XMEAS-10,8,3,4,3,1,1,1,1,1,3,1,1,1,2,0.6666666666666666,-,2,2,0.5,tie,4.1858991808803925,-9.980861775370755,13.746828224917902,1.886989640089562,True,True,True,True,True,-0.7951538779072773,0.15586874527737324,0.7017549708322002,0.9690892192618845,0,0,0,0,0,0,0,5,0,0
1,2,XMEAS-11,8,3,5,4,0,0,1,1,1,4,0,0,2,1,0.6666666666666666,+,2,3,0.6,-,-23.00526222399313,-8.596754265614042,5.398421634909457,1.0184262515402225,True,True,True,False,False,1.03554898447539,0.017314945860911948,0.8105568010065545,0.9834921310916,0,0,0,0,0,0,0,5,0,0
1,2,XMEAS-12,8,0,2,1,0,0,0,1,1,1,0,0,0,0,,none,1,1,0.5,tie,-0.1517109812765249,1.7860236599598422,2.9105691691700586,0.9093042193041612,False,True,True,False,False,-0.1234206925818903,0.0666919586114441,0.9909835087135567,0.9927479365756307,0,0,0,0,0,0,0,0,0,0
1,2,XMEAS-13,8,2,2,2,0,0,2,1,1,2,0,0,0,2,1.0,-,1,1,0.5,tie,-7.987854085923929,-8.717612490877356,4.540877401850112,1.052866814474216,True,True,True,False,False,-0.0017012673693776001,0.2036143894255738,0.8281709596947645,0.9805308451477177,0,0,0,0,0,5,0,5,0,0
1,2,XMEAS-14,8,1,2,1,0,0,1,1,1,1,0,0,1,0,1.0,+,1,1,0.5,tie,-0.1707081248553077,1.699503995758196,2.7590326515516135,1.018002079733003,False,True,True,False,False,-0.40190212737287945,0.0632946751740347,0.9581286175825493,0.966683130309175,0,0,0,0,0,0,0,0,0,0
1,2,XMEAS-15,8,3,4,3,0,0,1,1,1,3,0,0,1,2,0.6666666666666666,-,2,2,0.5,tie,-6.743601553352502,-2.9376752212203847,4.466202523679854,1.0228752186917889,True,True,True,False,False,-0.2576585878847124,0.11795756560580456,0.9620458682475904,0.9590704959110585,0,0,0,0,0,0,0,5,0,0
1,2,XMEAS-16,8,2,2,2,0,0,2,1,1,2,0,0,0,2,1.0,-,1,1,0.5,tie,-7.673883749640931,-8.752683190597775,4.6234373568004825,1.050328650268929,True,True,True,False,False,-0.18556836482235145,0.2171733780176066,0.8177177655492772,0.9699339812364194,0,0,0,0,0,5,0,5,0,0
1,2,XMEAS-17,8,0,0,0,0,0,0,0,0,0,0,0,0,0,,none,0,0,,none,-0.8600689083843499,-0.4483159728315892,1.105578907326114,1.00597595908674,False,False,False,False,False,-0.06744632821192885,0.0426912178183549,0.9199576107356086,0.9178891002688379,0,0,0,0,0,0,0,0,0,0
1,2,XMEAS-18,8,8,3,4,0,0,7,1,1,4,0,0,7,1,0.875,+,1,2,0.6666666666666666,-,-21.20587145166384,-6.1706639884103,6.515325702301232,1.2816448126563635,True,True,True,False,False,11.126223661358928,0.13763276165963484,0.49395492425499626,0.99311206645099,2,0,0,0,0,5,0,5,0,0
1,2,XMEAS-19,8,0,0,0,0,0,0,0,0,0,0,0,0,0,,none,0,0,,none,0.0083302721486762,0.0291305113513914,1.0106475000331303,0.98237152834873,False,False,False,False,False,-0.0285768176832645,0.0225185259053314,1.024831375556302,1.031149626225291,0,0,0,0,0,0,0,0,0,0
1,2,XMEAS-2,8,0,0,0,0,0,0,0,0,0,0,0,0,0,,none,0,0,,none,0.5514263765051819,0.437251016621427,1.0676357895294537,1.0211473503555522,False,False,False,False,False,-0.0036706762410849,0.05980283266176795,0.99389928233733,1.0028430852905732,0,0,0,0,0,0,0,0,0,0
1,2,XMEAS-20,8,4,2,4,0,0,1,1,1,4,0,0,2,2,0.5,tie,1,1,0.5,tie,-37.077325432043274,-2.1997947519059053,13.6795133309085,0.9607714946441044,True,True,True,False,False,-0.4516308911054779,0.0723241824162194,0.6504873613642733,1.0136531674660665,0,0,0,0,0,0,0,5,0,0
1,2,XMEAS-21,8,3,4,3,0,0,1,1,1,3,0,0,2,1,0.6666666666666666,+,2,2,0.5,tie,6.563953303622173,-6.743884436258252,9.36785489744229,1.0245037528128818,True,True,True,False,False,0.5300604790668701,0.22600944819359875,0.9333903688633323,0.9959811496226522,0,0,0,0,0,0,0,5,0,0
1,2,XMEAS-22,8,2,3,4,0,0,1,1,1,4,0,0,1,1,0.5,tie,1,2,0.6666666666666666,-,-19.817870391962575,-5.109046772855824,4.757114556560258,0.9990613620066636,True,True,True,False,False,0.24844512886385006,0.03870278588637805,0.9061492146835017,1.019653853987455,0,0,0,0,0,0,0,5,0,0
1,2,XMEAS-23,8,4,1,3,0,0,1,1,1,3,0,0,2,2,0.5,tie,1,0,1.0,+,-13.48322706590266,-0.6287323183264171,5.456379403254848,1.071877213662146,True,False,True,False,False,-0.0016046439164208032,0.07634042583876825,1.0032340154435695,1.0241881354657911,0,0,0,0,0,0,0,5,0,0
1,2,XMEAS-24,8,2,3,2,0,0,1,1,1,2,0,0,0,2,1.0,-,1,2,0.6666666666666666,-,-10.026518789762468,-2.878304521031507,4.742384130622545,1.1599786114152029,True,True,True,False,False,-0.30872454436025165,0.26470813313709884,0.8965135316550232,0.9098077659655471,0,0,0,0,0,0,0,5,0,0
1,2,XMEAS-25,8,3,4,3,0,0,1,1,1,3,0,0,2,1,0.6666666666666666,+,2,2,0.5,tie,15.14840939737396,0.9864067297179252,6.689182450209781,1.26974260343762,True,True,True,False,False,0.008177459029661549,0.098246296995906,0.9529928286732,0.956069594123127,0,0,0,0,0,0,0,5,0,0
1,2,XMEAS-26,8,1,0,1,0,0,1,0,0,1,0,0,1,0,1.0,+,0,0,,none,2.6984892920326637,0.3452757270566784,1.4017994807693566,1.1187952768766742,True,False,True,False,False,0.0829805795653442,0.14809884670075807,1.104624716545307,1.107170243675505,0,0,0,0,0,0,0,0,0,0
1,2,XMEAS-27,8,2,2,1,0,0,2,1,1,1,0,0,2,0,1.0,+,1,1,0.5,tie,4.279478350976107,1.354556623440717,1.5249415013179812,1.0712111593542628,True,True,True,False,False,-0.12866506713698128,0.0419731453176272,1.0386451394706944,1.0304972028893102,0,0,0,0,0,5,0,0,0,0
1,2,XMEAS-28,8,3,4,3,0,0,2,1,1,3,0,0,2,1,0.6666666666666666,+,2,2,0.5,tie,-14.116908793250008,-5.021035626324985,4.471539096624163,1.188862253168079,True,True,True,False,False,2.0920152116038353,0.18203904262256249,0.9136395811999398,0.8835464146448192,1,0,0,0,0,5,0,5,0,0
1,2,XMEAS-29,8,4,2,4,0,0,1,1,1,4,0,0,2,2,0.5,tie,1,1,0.5,tie,-19.2716914471243,-1.458170501215718,7.921544266033185,1.1806255532441208,True,True,True,False,False,-0.2375148679110011,0.0450245623472941,0.9082649696534526,1.025186714288895,0,0,0,0,0,0,0,5,0,0
1,2,XMEAS-3,8,0,2,0,0,0,0,1,1,0,0,0,0,0,,none,1,1,0.5,tie,1.4289098475896371,0.781508581682883,1.0954714767900862,0.9567110298917474,False,True,False,False,False,-0.33658065270446835,0.092040611023399,0.9959913590817833,1.0066947886490885,0,0,0,0,0,0,0,0,0,0
1,2,XMEAS-30,8,3,3,3,0,0,1,1,1,3,0,0,1,2,0.6666666666666666,-,1,2,0.6666666666666666,-,-10.5997051320666,-2.930053854960893,5.736067781943224,1.1625025613025062,True,True,True,False,False,-0.3945110947783248,0.1891412472637414,0.8974586728671194,1.0288840874319296,0,0,0,0,0,2,0,5,0,0
1,2,XMEAS-31,8,3,4,4,1,1,1,1,1,4,1,1,2,1,0.6666666666666666,+,2,2,0.5,tie,21.17266550253311,1.8132225040739385,9.284887277373766,1.427451935521645,True,True,True,True,True,0.017568192081098305,0.2137385703005706,0.9828564843019512,1.0923461665038219,0,0,0,0,0,0,0,5,0,0
1,2,XMEAS-32,8,0,0,0,0,0,0,0,0,0,0,0,0,0,,none,0,0,,none,0.9961177950756536,0.3329859172212143,1.1032531446002083,1.1301692516352948,False,False,False,False,False,0.13895240848632295,0.045726741378060154,1.0423291047260803,1.0138749014108561,0,0,0,0,0,0,0,0,0,0
1,2,XMEAS-33,8,2,2,1,0,0,2,1,1,1,0,0,2,0,1.0,+,1,1,0.5,tie,5.595965306954766,1.739772403488444,1.8384893673956264,0.8725448429906261,True,True,True,False,False,0.08698946982513989,0.1000218416686576,0.8015170098645694,0.7753948228244598,0,0,0,0,0,5,0,0,0,0
1,2,XMEAS-34,8,4,4,3,0,0,3,1,1,3,0,0,3,1,0.75,+,2,2,0.5,tie,-15.61553439180645,-5.753202921239912,5.129836166814241,1.1372339106094085,True,True,True,False,False,2.8422917268387877,0.2511541533971208,0.9112669116476014,1.0403143029047905,2,0,0,0,0,5,0,5,0,0
1,2,XMEAS-35,8,1,2,3,0,0,1,1,1,2,0,0,0,1,1.0,-,1,1,0.5,tie,-5.1764633223496705,-2.402533492330089,1.6037053487477833,1.0150564036329623,True,True,True,False,False,0.13481084644485214,0.06516013896987985,0.9519151735675522,1.0822930393101462,0,0,0,0,0,0,0,4,0,0
1,2,XMEAS-36,8,1,2,1,0,0,1,1,1,1,0,0,0,1,1.0,-,1,1,0.5,tie,-3.825548548523222,-1.0788178866433478,1.2982651642270076,1.1276886921883242,True,True,False,False,False,0.1295846312019149,0.0136398741556009,1.0012954027799996,1.0296470605566284,0,0,0,0,0,0,0,0,0,0
1,2,XMEAS-37,8,0,0,0,0,0,0,0,0,0,0,0,0,0,,none,0,0,,none,0.4349933698365263,0.095369914986144,1.235309459113452,1.130059831561555,False,False,False,False,False,0.019231920779150397,0.06480246325279534,0.8725412673824064,0.9149360571085996,0,0,0,0,0,0,0,0,0,0
1,2,XMEAS-38,8,4,2,1,0,0,2,1,1,1,0,0,4,0,1.0,+,1,1,0.5,tie,10.20632427307175,5.184591401399132,1.500056763513168,1.4034620613999658,True,True,True,False,False,1.872896192314332,0.14317047476731445,0.8202793849099463,0.9063040900241522,1,0,0,0,0,5,0,2,0,0
1,2,XMEAS-39,8,0,0,0,0,0,0,0,0,0,0,0,0,0,,none,0,0,,none,0.8443142563910899,0.237916669051929,0.9961655781814124,0.9177842740825332,False,False,False,False,False,0.9532409954389287,0.3034170496584192,0.985845970237939,0.9024033277624335,0,0,0,0,0,0,0,0,0,0
1,2,XMEAS-4,8,8,3,1,0,0,8,1,1,1,0,0,0,8,1.0,-,1,2,0.6666666666666666,-,-9.121573467088997,-3.3370187053849536,1.5491587168265766,0.9891647629129642,True,True,True,False,False,-10.026708045220843,0.03009029714071025,1.008168059386981,1.0357599839637595,2,0,0,0,0,5,0,0,0,0
1,2,XMEAS-40,8,0,0,0,0,0,0,0,0,0,0,0,0,0,,none,0,0,,none,0.7801641694679982,-0.1710091107852631,1.243224173496822,0.9830612771070384,False,False,False,False,False,-0.10391965057571045,0.16317665880674556,0.7250587874272625,0.8364007944888716,0,0,0,0,0,0,0,0,0,0
1,2,XMEAS-41,8,0,0,0,1,0,0,0,0,0,1,0,0,0,,none,0,0,,none,-1.1581227503755056,0.0091835224262567,1.29213947269212,1.0913510544495748,False,False,False,False,False,-0.0726153919859561,0.05194168881868655,0.7647326310480803,0.8525698922699736,0,0,0,0,0,0,0,0,0,0
1,2,XMEAS-5,8,1,1,2,0,0,1,1,1,2,0,0,0,1,1.0,-,1,0,1.0,+,-8.075765019093376,-0.3915690056356308,3.1587802150870674,0.9805803771015756,True,False,True,False,False,-0.08487856763700945,0.01236258205078935,0.9906408336338621,1.0045033433332653,0,0,0,0,0,0,0,5,0,0
1,2,XMEAS-6,8,1,1,2,0,0,1,1,1,2,0,0,0,1,1.0,-,1,0,1.0,+,-7.524554411523929,-0.1223874370564311,3.0840815815327627,1.0211016101457548,True,False,True,False,False,-0.17492528572202473,0.02214552082661275,0.972560313555982,0.994952576662957,0,0,0,0,0,0,0,5,0,0
1,2,XMEAS-7,8,2,2,2,0,0,2,1,1,2,0,0,0,2,1.0,-,1,1,0.5,tie,-8.010131227560215,-8.691130587660568,4.642251168881482,1.064905442153166,True,True,True,False,False,-0.02641573222994175,0.2310939865451218,0.8256746624637528,0.9770328075131448,0,0,0,0,0,5,0,5,0,0
1,2,XMEAS-8,8,0,0,0,0,0,0,0,0,0,0,0,0,0,,none,0,0,,none,1.3277331452279075,-0.0155262302397282,1.2810092356910316,0.9702535655296298,False,False,False,False,False,0.0346088838981091,0.012087728589051501,0.932897142005128,0.935613598850698,0,0,0,0,0,0,0,0,0,0
1,2,XMEAS-9,8,0,0,0,0,0,0,0,0,0,0,0,0,0,,none,0,0,,none,0.2050420323157345,0.406724597271414,1.2409582440800346,1.0296800195513374,False,False,False,False,False,0.022817559816877,0.06381627670327106,1.006951639363171,1.0136542886757733,0,0,0,0,0,0,0,0,0,0
1,3,XMEAS-1,8,8,5,3,0,0,8,1,1,3,0,0,8,0,1.0,+,3,2,0.6,+,76.01361069647383,31.06339047477107,10.288204886955349,1.40172298045096,True,True,True,False,False,84.92710029385712,0.3919992253993771,0.725119590146778,1.0154004880876208,2,0,0,0,0,5,0,5,0,0
1,3,XMEAS-10,8,4,4,3,1,1,1,1,1,3,1,1,2,2,0.5,tie,2,2,0.5,tie,3.787663924830901,-9.314607713921715,13.48877406972382,1.83455891050666,True,True,True,True,True,-0.8361147948332648,0.11611054070654725,0.9306073639817105,1.022611021631184,0,0,0,0,0,0,0,5,0,0
1,3,XMEAS-11,8,3,6,4,0,0,1,1,1,4,0,0,2,1,0.6666666666666666,+,3,3,0.5,tie,-23.12254341840212,-8.535963046257393,4.944239319456675,1.048480134621433,True,True,True,False,False,0.3424483665735718,0.3734190480722973,0.8139513490358267,1.02604557928845,0,0,0,0,0,0,0,5,0,0
1,3,XMEAS-12,8,0,2,1,0,0,0,1,1,1,0,0,0,0,,none,1,1,0.5,tie,0.0570512734535311,1.608481792950812,2.7487880121616812,1.000440260300534,False,True,True,False,False,0.021417373642969802,0.010218801474418249,0.9439806174022842,0.9585048739913714,0,0,0,0,0,0,0,0,0,0
1,3,XMEAS-13,8,2,2,2,0,0,2,1,1,2,0,0,0,2,1.0,-,1,1,0.5,tie,-7.31941857759327,-8.120384251114587,4.866428903775038,1.0410973037706095,True,True,True,False,False,0.0757540681326493,0.150468556770425,1.0602160817173503,1.0170927555656055,0,0,0,0,0,5,0,5,0,0
1,3,XMEAS-14,8,1,2,1,0,0,1,1,1,1,0,0,1,0,1.0,+,1,1,0.5,tie,0.0139584325565875,1.5976033599895878,2.619003547209101,1.0122568021346596,False,True,True,False,False,-0.21690597715001325,0.01816596479230045,1.0011955777237307,1.027498023003528,0,0,0,0,0,0,0,0,0,0
1,3,XMEAS-15,8,3,4,3,0,0,1,1,1,3,0,0,1,2,0.6666666666666666,-,2,2,0.5,tie,-6.493294002969263,-2.929180040236302,4.137318538990791,0.9713176058708888,True,True,True,False,False,-0.08127680421402221,0.13343259437794186,0.9480610616423775,0.9384048298090163,0,0,0,0,0,0,0,5,0,0
1,3,XMEAS-16,8,2,2,2,0,0,2,1,1,2,0,0,0,2,1.0,-,1,1,0.5,tie,-7.004023961118059,-8.147072012063116,4.924718756321879,1.0724608927370278,True,True,True,False,False,-0.0802330682854522,0.12110506340199724,1.0693188674936724,0.9968921158231652,0,0,0,0,0,5,0,5,0,0
1,3,XMEAS-17,8,0,0,0,0,0,0,0,0,0,0,0,0,0,,none,0,0,,none,-0.7621427247372217,-0.4065084892133273,1.1225632504142014,1.0393336628149346,False,False,False,False,False,0.0088458631732501,0.0164684720541892,0.9419045019935479,0.9545670993159296,0,0,0,0,0,0,0,0,0,0
1,3,XMEAS-18,8,8,5,4,0,0,7,1,1,4,0,0,7,1,0.875,+,2,3,0.6,-,-21.34062563536836,-6.2914801263507965,6.2275466148044565,1.251021231500809,True,True,True,False,False,10.131769664028337,0.39774344864761035,0.4937229614466254,1.0682992561513398,2,0,0,0,0,5,0,5,0,0
1,3,XMEAS-19,8,0,0,0,0,0,0,0,0,0,0,0,0,0,,none,0,0,,none,0.0177753623696328,0.0242544188426838,1.0277723524096678,0.9697478128927596,False,False,False,False,False,0.047246174267729105,0.01628861998399675,0.9576385253106104,0.9634418096816707,0,0,0,0,0,0,0,0,0,0
1,3,XMEAS-2,8,0,0,0,0,0,0,0,0,0,0,0,0,0,,none,0,0,,none,0.230780868592718,0.3723663403121715,1.032350110304974,1.011260741224248,False,False,False,False,False,-0.2803759842551667,0.02484102829256545,0.9882839459414898,1.011588194403952,0,0,0,0,0,0,0,0,0,0
1,3,XMEAS-20,8,4,3,4,0,0,1,1,1,4,0,0,2,2,0.5,tie,1,2,0.6666666666666666,-,-36.78772623781113,-2.602928944316356,13.711326090786295,1.0041011983293322,True,True,True,False,False,-1.2446634854606744,0.40863031018162854,0.6964961990149311,1.012416051916606,0,0,0,0,0,0,0,5,0,0
1,3,XMEAS-21,8,4,3,3,0,0,1,1,1,3,0,0,2,2,0.5,tie,1,2,0.6666666666666666,-,7.31308024158009,-6.286127249486594,8.916644442184142,1.055507314694638,True,True,True,False,False,1.0941549312047478,0.1203876477910106,0.9213993246610288,1.0310123745998598,0,0,0,0,0,0,0,5,0,0
1,3,XMEAS-22,8,2,4,4,0,0,1,1,1,4,0,0,1,1,0.5,tie,1,3,0.75,-,-19.805153987136904,-5.145301558021906,4.601871324416829,0.9959329814534864,True,True,True,False,False,-0.25019368214422594,0.24726507718496288,0.936373868816609,1.0499624683905138,0,0,0,0,0,0,0,5,0,0
1,3,XMEAS-23,8,4,2,3,0,0,1,1,1,3,0,0,2,2,0.5,tie,1,1,0.5,tie,-13.298244509644135,-0.8841960944738965,5.712962775085381,1.2578303646768796,True,True,True,False,False,-0.19760956650195322,0.0683138349103829,1.0067514789911813,1.062150036978111,0,0,0,0,0,0,0,5,0,0
1,3,XMEAS-24,8,3,3,3,0,0,1,1,1,3,0,0,1,2,0.6666666666666666,-,1,2,0.6666666666666666,-,-9.814516079047936,-2.796199619966844,4.564799250694097,0.9764287047710488,True,True,True,False,False,-0.21374089322721485,0.16644047057922715,0.8849514903445388,0.9539655582746006,0,0,0,0,0,0,0,5,0,0
1,3,XMEAS-25,8,3,4,3,0,0,1,1,1,3,0,0,2,1,0.6666666666666666,+,2,2,0.5,tie,15.047416472299286,1.2239737609994277,6.1680824195749295,1.3121999540679825,True,True,True,False,False,-0.0042704729650247,0.1238985473241754,0.9129452548367529,0.9161272837462571,0,0,0,0,0,0,0,5,0,0
1,3,XMEAS-26,8,1,0,0,0,0,1,0,0,0,0,0,1,0,1.0,+,0,0,,none,2.2501974801788767,0.4308750660906474,1.3403779989415372,1.020174391360452,True,False,False,False,False,0.023157464725892248,0.144805408590143,0.836127537106598,0.8351819382070043,0,0,0,0,0,0,0,0,0,0
1,3,XMEAS-27,8,2,2,0,0,0,2,1,1,0,0,0,2,0,1.0,+,1,1,0.5,tie,4.140205971248543,1.4262846976041683,1.365832256503542,1.0701533011482405,True,True,False,False,False,0.10513968132238644,0.06446292042760055,1.0060460496087882,1.0066542084865948,0,0,0,0,0,5,0,0,0,0
1,3,XMEAS-28,8,4,4,3,0,0,3,1,1,3,0,0,3,1,0.75,+,2,2,0.5,tie,-13.425111067853903,-4.768502112135695,4.200182859318413,1.1042533800245795,True,True,True,False,False,2.1968510668987755,0.1625025162848287,1.0083867329137846,1.0400315173774772,2,0,0,0,0,5,0,5,0,0
1,3,XMEAS-29,8,4,3,4,0,0,1,1,1,4,0,0,2,2,0.5,tie,1,2,0.6666666666666666,-,-19.16947943248944,-1.4293394902814307,8.264831486023182,1.3076822314580516,True,True,True,False,False,-0.5100219457931078,0.15832503647296203,0.9679284312472123,0.990711338837228,0,0,0,0,0,0,0,5,0,0
1,3,XMEAS-3,8,0,2,0,0,0,0,1,1,0,0,0,0,0,,none,1,1,0.5,tie,1.6119956285938446,0.8196584711213262,1.043135481938673,0.950459025806602,False,True,False,False,False,0.027076148851839052,0.00465069999382735,0.9846210364418044,1.0180124832657738,0,0,0,0,0,0,0,0,0,0
1,3,XMEAS-30,8,3,3,3,0,0,1,1,1,3,0,0,1,2,0.6666666666666666,-,1,2,0.6666666666666666,-,-10.092406450264576,-2.9485014143596384,5.039273024862974,1.13179693967404,True,True,True,False,False,-0.17920164464632435,0.190948688871377,0.7938064823458542,0.9054014184923367,0,0,0,0,0,2,0,5,0,0
1,3,XMEAS-31,8,3,4,4,0,0,1,1,1,4,0,0,2,1,0.6666666666666666,+,2,2,0.5,tie,20.915495657883245,2.2420123273383115,9.028328245062612,1.2424424144749828,True,True,True,False,False,-0.0180273494340022,0.312388288397329,0.9345862596381447,1.088468633635318,0,0,0,0,0,0,0,5,0,0
1,3,XMEAS-32,8,0,0,0,0,0,0,0,0,0,0,0,0,0,,none,0,0,,none,1.130773234372453,0.2024600255663719,0.922176584233406,0.7444884817136646,False,False,False,False,False,-0.025329488441172845,0.05997991120602305,1.0668701560217388,1.0299707963994587,0,0,0,0,0,0,0,0,0,0
1,3,XMEAS-33,8,2,2,1,0,0,2,1,1,1,0,0,2,0,1.0,+,1,1,0.5,tie,5.341504617666917,1.8072000491057496,1.619698409988188,1.0407608944206477,True,True,True,False,False,0.16723890961604965,0.1041804069030413,0.904530296029606,0.9881355778377916,0,0,0,0,0,5,0,0,0,0
1,3,XMEAS-34,8,4,4,3,0,0,3,1,1,3,0,0,3,1,0.75,+,2,2,0.5,tie,-15.294473973370838,-5.551246575316462,4.718197584888196,1.0913807259463577,True,True,True,False,False,2.858532461627018,0.12235753613960246,0.7561129869005008,0.8573511095809643,2,0,0,0,0,5,0,5,0,0
1,3,XMEAS-35,8,1,2,2,0,0,1,1,1,2,0,0,0,1,1.0,-,1,1,0.5,tie,-5.686563169601723,-2.4744841191221414,1.3818604795803244,1.053200832296869,True,True,True,False,False,-0.21096481244631154,0.07971261827461101,1.0222933837608124,1.1160577275273509,0,0,0,0,0,0,0,4,0,0
1,3,XMEAS-36,8,1,2,1,0,0,1,1,1,1,0,0,0,1,1.0,-,1,1,0.5,tie,-3.877224304360325,-0.8926537902095208,1.5159778133601205,1.0945344426200871,True,True,True,False,False,0.2694538915815343,0.07808884735025631,1.0661074473898986,1.0925842097975542,0,0,0,0,0,0,0,0,0,0
1,3,XMEAS-37,8,0,0,0,0,0,0,0,0,0,0,0,0,0,,none,0,0,,none,0.2360905174533785,0.289917428352102,1.155980192266971,1.137616467426156,False,False,False,False,False,-0.061682841904999244,0.1138478743758424,1.0169764770298,0.8560278921913461,0,0,0,0,0,0,0,0,0,0
1,3,XMEAS-38,8,5,2,2,0,0,3,1,1,2,0,0,5,0,1.0,+,1,1,0.5,tie,9.83108509163602,4.81400671700633,1.602378509373789,1.1264605668674508,True,True,True,False,False,2.355780373275083,0.08595814482171654,0.8782008797733312,0.9187037594226445,2,0,0,0,0,5,0,2,0,0
1,3,XMEAS-39,8,0,0,0,0,0,0,0,0,0,0,0,0,0,,none,0,0,,none,0.178355879753578,0.1834673565096187,1.2043102395927785,0.7048282638005005,False,False,False,False,False,0.914770941979179,0.16503796353089015,1.0400179628981265,1.0505654938941646,0,0,0,0,0,0,0,0,0,0
1,3,XMEAS-4,8,8,3,1,0,0,8,1,1,1,0,0,0,8,1.0,-,1,2,0.6666666666666666,-,-9.171413895730302,-3.3846465003008195,1.3755463763590954,0.9524978658963732,True,True,True,False,False,-10.049071770651043,0.08194446589905835,1.066634238786067,1.0787287085533608,2,0,0,0,0,5,0,0,0,0
1,3,XMEAS-40,8,0,0,0,0,0,0,0,0,0,0,0,0,0,,none,0,0,,none,0.4374960718223925,0.1963327041818918,1.1594662511052498,0.9201148759027368,False,False,False,False,False,0.11681297177558425,0.13614148823738695,0.9509221658812121,0.9752536512293635,0,0,0,0,0,0,0,0,0,0
1,3,XMEAS-41,8,0,0,0,0,0,0,0,0,0,0,0,0,0,,none,0,0,,none,-0.6090912225325351,0.0701682255403206,1.1321256390796823,1.0189595691928492,False,False,False,False,False,-0.0354648139900639,0.05371376499936205,1.1694235774609356,1.3528926666843684,0,0,0,0,0,0,0,0,0,0
1,3,XMEAS-5,8,1,1,2,0,0,1,1,1,2,0,0,0,1,1.0,-,1,0,1.0,+,-8.05137932233138,-0.4460218739166653,3.185585939191737,0.9771087978621552,True,False,True,False,False,-0.1982669897404325,0.107956973678689,0.9618284766978464,1.0029356388752297,0,0,0,0,0,0,0,5,0,0
1,3,XMEAS-6,8,1,1,2,0,0,1,1,1,2,0,0,0,1,1.0,-,1,0,1.0,+,-7.563016255490074,-0.1385527902276336,3.054244534711483,0.9264147227104016,True,False,True,False,False,-0.3637905249061913,0.1040925470253233,1.014858033266342,1.0526782506440417,0,0,0,0,0,0,0,5,0,0
1,3,XMEAS-7,8,2,2,2,0,0,2,1,1,2,0,0,0,2,1.0,-,1,1,0.5,tie,-7.28477473840484,-8.097318889500615,4.906972489995873,0.9869581344614756,True,True,True,False,False,0.0619682791902285,0.13473424901073916,1.0507157189380996,0.9695293156359086,0,0,0,0,0,5,0,5,0,0
1,3,XMEAS-8,8,0,0,0,0,0,0,0,0,0,0,0,0,0,,none,0,0,,none,1.3176609235097632,-0.0386596652896906,1.3019231410392074,1.0372369390213323,False,False,False,False,False,0.10643504403340774,0.0546248764512543,1.0164401806747068,0.9939009319238981,0,0,0,0,0,0,0,0,0,0
1,3,XMEAS-9,8,0,0,0,0,0,0,0,0,0,0,0,0,0,,none,0,0,,none,0.1813488229424539,0.4109456871679285,1.2690375300445034,0.976125684820262,False,False,False,False,False,0.10380792539652195,0.0494438619226661,1.0268214714031831,1.0064303376618406,0,0,0,0,0,0,0,0,0,0
1,4,XMEAS-1,8,8,6,3,0,0,8,1,1,3,0,0,8,0,1.0,+,3,3,0.5,tie,76.32062464793628,31.279479102015372,10.869404139347736,1.3732536660320454,True,True,True,False,False,85.08508308876219,0.45054317409387973,0.7550450885805833,0.9631671724668383,2,0,0,0,0,5,0,5,0,0
1,4,XMEAS-10,8,2,4,2,1,1,1,1,1,2,1,1,1,1,0.5,tie,2,2,0.5,tie,4.110584023546674,-9.822326558969648,13.813272931016964,1.9150353039510264,True,True,True,True,True,-0.8464151360602219,0.13898774335157954,0.6668183168506538,0.9851234620549542,0,0,0,0,0,0,0,5,0,0
1,4,XMEAS-11,8,3,6,4,0,0,1,1,1,4,0,0,2,1,0.6666666666666666,+,3,3,0.5,tie,-22.29931645233271,-8.767028675320448,4.993153265824901,1.012658274279011,True,True,True,False,False,1.7752384942289603,0.14544557596603086,0.82853898483332,1.0342864480587879,0,0,0,0,0,0,0,5,0,0
1,4,XMEAS-12,8,0,2,1,0,0,0,1,1,1,0,0,0,0,,none,1,1,0.5,tie,-0.2958446004758971,1.9222360146670012,2.943821539139864,1.106237464588689,False,True,True,False,False,-0.12924671507907395,0.0533936567160616,1.0134525617091361,1.0524221223973524,0,0,0,0,0,0,0,0,0,0
1,4,XMEAS-13,8,2,2,2,0,0,2,1,1,2,0,0,0,2,1.0,-,1,1,0.5,tie,-7.79014259327378,-8.214062577529203,4.32153536825901,1.0833511097703767,True,True,True,False,False,-0.030831870585143605,0.042837020097637,0.9028703274703971,0.9629877054150404,0,0,0,0,0,5,0,5,0,0
1,4,XMEAS-14,8,1,2,1,0,0,1,1,1,1,0,0,1,0,1.0,+,1,1,0.5,tie,-0.3301181740023892,1.6906809449896738,2.8811230244655968,1.0280054753665062,False,True,True,False,False,-0.5504459608658832,0.03262541501755255,0.9726537955159376,1.0004962292349624,0,0,0,0,0,0,0,0,0,0
1,4,XMEAS-15,8,3,4,3,0,0,1,1,1,3,0,0,1,2,0.6666666666666666,-,2,2,0.5,tie,-6.67881037428299,-3.084272105070086,4.441774117165878,0.9235385588852304,True,True,True,False,False,-0.30099961370094147,0.0542111124782206,0.947439689134254,0.9595177277391166,0,0,0,0,0,0,0,5,0,0
1,4,XMEAS-16,8,2,2,2,0,0,2,1,1,2,0,0,0,2,1.0,-,1,1,0.5,tie,-7.525910221540306,-8.240653122631311,4.376345892235238,1.051573916901157,True,True,True,False,False,-0.25512679883838585,0.06337675575488995,0.8991704118990849,1.054437267175059,0,0,0,0,0,5,0,5,0,0
1,4,XMEAS-17,8,0,0,0,0,0,0,0,0,0,0,0,0,0,,none,0,0,,none,-0.8549468621366599,-0.4554412939743835,1.1904483971243407,1.1163650153950762,False,False,False,False,False,-0.004797691524336251,0.027476799818437647,1.0010909146679483,1.0063130031899576,0,0,0,0,0,0,0,0,0,0
1,4,XMEAS-18,8,8,5,4,0,0,7,1,1,4,0,0,7,1,0.875,+,2,3,0.6,-,-20.07174135234841,-6.441384852577314,6.041772247254612,1.2402934146530376,True,True,True,False,False,12.348600506020066,0.031999698148317046,0.5669515123888011,1.0463428489773303,2,0,0,0,0,5,0,5,0,0
1,4,XMEAS-19,8,0,0,0,0,0,0,0,0,0,0,0,0,0,,none,0,0,,none,0.0318361402727802,0.0445295270592315,0.957655427488407,0.9641126801080938,False,False,False,False,False,0.00116240357741915,0.0512018283018811,0.9584969072677143,0.9632827031898101,0,0,0,0,0,0,0,0,0,0
1,4,XMEAS-2,8,0,0,0,0,0,0,0,0,0,0,0,0,0,,none,0,0,,none,0.0743534149265566,0.2948881369176813,1.0131800954645596,1.0006591564652296,False,False,False,False,False,0.07848097196841615,0.0282777479859039,0.9769165775504662,1.0070662210242132,0,0,0,0,0,0,0,0,0,0
1,4,XMEAS-20,8,4,4,4,0,0,1,1,1,4,0,0,2,2,0.5,tie,2,2,0.5,tie,-36.248392052512465,-2.4225646215957832,13.67776151375702,1.0667281249205487,True,True,True,False,False,0.540026153191794,0.07294280868667835,0.6627692185662973,0.9840379488022293,0,0,0,0,0,0,0,5,0,0
1,4,XMEAS-21,8,3,3,3,0,0,1,1,1,3,0,0,2,1,0.6666666666666666,+,1,2,0.6666666666666666,-,7.1916834400821115,-6.413215364612269,9.016572298849292,0.9426568013331824,True,True,True,False,False,-0.060158781183518695,0.21355370045655586,0.8521627250920509,1.010352382266162,0,0,0,0,0,0,0,5,0,0
1,4,XMEAS-22,8,2,5,3,0,0,1,1,1,3,0,0,1,1,0.5,tie,2,3,0.6,-,-19.204592476767157,-5.21006885407874,4.606417784775189,1.013738582973996,True,True,True,False,False,0.8625114226071999,0.041480579375384505,0.9360488629331332,1.050404714174924,0,0,0,0,0,0,0,5,0,0
1,4,XMEAS-23,8,3,1,3,0,0,1,1,1,3,0,0,1,2,0.6666666666666666,-,1,0,1.0,+,-13.119016477772664,-0.5650094946959008,5.636213322356553,1.16428007607783,True,False,True,False,False,0.12756328774614123,0.1015933586224198,0.9322901839373404,1.0015824569319025,0,0,0,0,0,0,0,5,0,0
1,4,XMEAS-24,8,1,3,2,0,0,1,1,1,2,0,0,0,1,1.0,-,1,2,0.6666666666666666,-,-10.245215185008844,-2.767341969346542,4.5400910400815455,1.1119744015707524,True,True,True,False,False,-0.5683870296406465,0.06288644449931376,0.9477163371834808,0.9954984844158863,0,0,0,0,0,0,0,5,0,0
1,4,XMEAS-25,8,3,4,3,0,0,1,1,1,3,0,0,2,1,0.6666666666666666,+,2,2,0.5,tie,15.169850272097126,1.0798917926487956,6.670192931063726,1.0697898202418066,True,True,True,False,False,0.0334014457993461,0.17716389536271546,0.969678725294222,1.0300968778032444,0,0,0,0,0,0,0,5,0,0
1,4,XMEAS-26,8,1,0,1,0,0,1,0,0,1,0,0,1,0,1.0,+,0,0,,none,2.1319219621664174,0.3315910296799488,1.4636107850870017,1.036451025707248,True,False,True,False,False,0.06127119298921275,0.07575149482305145,0.934995542703712,0.993864375188291,0,0,0,0,0,0,0,0,0,0
1,4,XMEAS-27,8,2,2,0,0,0,2,1,1,0,0,0,2,0,1.0,+,1,1,0.5,tie,4.064931361875598,1.5998485559921685,1.2940463596011649,0.9481206259685588,True,True,False,False,False,-0.09356270415549339,0.02576165624093065,0.9043047055525988,0.9269630122552415,0,0,0,0,0,5,0,0,0,0
1,4,XMEAS-28,8,3,4,3,0,0,2,1,1,3,0,0,2,1,0.6666666666666666,+,2,2,0.5,tie,-14.100417052670084,-4.958806458385609,4.573024465947036,1.2033673673523873,True,True,True,False,False,1.822896680245441,0.2270081829707604,0.8471328814234288,0.9094213883024715,1,0,0,0,0,5,0,5,0,0
1,4,XMEAS-29,8,4,5,3,0,0,1,1,1,3,0,0,2,2,0.5,tie,2,3,0.6,-,-18.728955809345123,-1.2351090085582372,8.200114495609432,1.2781665795334332,True,True,True,False,False,0.23868483032633037,0.1313972729723058,0.9519323315827014,1.0959200992563016,0,0,0,0,0,0,0,5,0,0
1,4,XMEAS-3,8,0,2,0,0,0,0,1,1,0,0,0,0,0,,none,1,1,0.5,tie,1.7330652162299882,1.027473549184183,1.0421929062835849,0.9114931300285788,False,True,False,False,False,-0.48028388045871007,0.05772346691724285,0.9528913009117986,1.0228703342293919,0,0,0,0,0,0,0,0,0,0
1,4,XMEAS-30,8,3,3,2,0,0,1,1,1,2,0,0,1,2,0.6666666666666666,-,1,2,0.6666666666666666,-,-11.022105356333906,-3.032767732154427,5.302629590952761,1.087419303220934,True,True,True,False,False,-0.6845153448430665,0.27727555196609305,0.8335204271757166,0.8683269373336595,0,0,0,0,0,2,0,5,0,0
1,4,XMEAS-31,8,3,4,4,1,1,1,1,1,4,1,1,2,1,0.6666666666666666,+,2,2,0.5,tie,21.128648574515736,1.952542986558356,9.594404455286623,1.4767267519277234,True,True,True,True,True,0.1862089763508618,0.2057529370380945,1.0248965412378341,1.1575681539972988,0,0,0,0,0,0,0,5,0,0
1,4,XMEAS-32,8,0,0,0,0,0,0,0,0,0,0,0,0,0,,none,0,0,,none,1.037910800270966,0.1822194289154411,0.9695449904113848,0.9756026346052624,False,False,False,False,False,-0.00579788397721525,0.0631193592928298,0.8727969910937532,0.831555934795607,0,0,0,0,0,0,0,0,0,0
1,4,XMEAS-33,8,2,2,1,0,0,2,1,1,1,0,0,2,0,1.0,+,1,1,0.5,tie,5.386045859239317,1.852176236866384,1.7423675557381442,0.9764222517861144,True,True,True,False,False,-0.17957598541762285,0.0823474025510809,0.7967759167432729,0.8131327343256525,0,0,0,0,0,5,0,0,0,0
1,4,XMEAS-34,8,3,4,3,0,0,2,1,1,3,0,0,2,1,0.6666666666666666,+,2,2,0.5,tie,-15.720969939472957,-5.66973277603946,5.153409199008894,1.193801445093718,True,True,True,False,False,2.0561944613901284,0.19597465864074926,1.0002726717765076,1.1056785614861984,1,0,0,0,0,5,0,5,0,0
1,4,XMEAS-35,8,1,2,2,0,0,1,1,1,2,0,0,0,1,1.0,-,1,1,0.5,tie,-5.226899954587221,-2.43363189774654,1.3947779176495616,1.0051553279039591,True,True,True,False,False,0.5351591299026278,0.12235912870786325,0.8752478537889361,0.9002802231452022,0,0,0,0,0,0,0,4,0,0
1,4,XMEAS-36,8,1,2,1,0,0,1,1,1,1,0,0,0,1,1.0,-,1,1,0.5,tie,-3.4165707406320016,-1.2065475622676556,1.3775175503930552,1.1581299601441075,True,True,True,False,False,0.2522332754718669,0.12473028058541424,0.8851043847914191,0.893470007779849,0,0,0,0,0,0,0,0,0,0
1,4,XMEAS-37,8,0,0,0,0,0,0,0,0,0,0,0,0,0,,none,0,0,,none,-0.0947066891515375,0.4098421949406221,1.1167463852575927,1.1335323996577105,False,False,False,False,False,0.009005855417341953,0.0292580970512037,1.1203064377222198,1.174171341772317,0,0,0,0,0,0,0,0,0,0
1,4,XMEAS-38,8,3,2,1,0,0,2,1,1,1,0,0,3,0,1.0,+,1,1,0.5,tie,9.788311946528092,4.9115920337849595,1.7002865342015474,1.3360244606623486,True,True,True,False,False,1.544462526868907,0.21971705159666965,0.8085704660055268,0.8028190903087253,0,0,0,0,0,5,0,2,0,0
1,4,XMEAS-39,8,0,0,0,0,0,0,0,0,0,0,0,0,0,,none,0,0,,none,0.266681469440679,0.2967780986269676,1.056584715492754,0.9153427288102802,False,False,False,False,False,0.9087963827410575,0.1049384111650967,0.8649500662862518,0.9662723404560983,0,0,0,0,0,0,0,0,0,0
1,4,XMEAS-4,8,8,3,1,0,0,8,1,1,1,0,0,0,8,1.0,-,1,2,0.6666666666666666,-,-9.102147092401603,-3.375921814291841,1.5662850820195198,0.9639508355402948,True,True,True,False,False,-10.016669854640554,0.052349565008581546,0.9709483212200534,1.003512994419496,2,0,0,0,0,5,0,0,0,0
1,4,XMEAS-40,8,0,0,0,0,0,0,0,0,0,0,0,0,0,,none,0,0,,none,0.7387824094736175,0.4285166787519684,1.078037141729982,1.0237522183098908,False,False,False,False,False,0.06929030719818476,0.01398518253630665,0.9311655755001755,1.062426989200039,0,0,0,0,0,0,0,0,0,0
1,4,XMEAS-41,8,0,0,0,1,0,0,0,0,0,1,0,0,0,,none,0,0,,none,-1.0369036226054458,0.0157728499980882,1.166182781582408,1.1986185348303435,False,False,False,False,False,-0.2163855958592894,0.08092300020087914,1.1532566815616492,1.1707535800362499,0,0,0,0,0,0,0,0,0,0
1,4,XMEAS-5,8,1,1,2,0,0,1,1,1,2,0,0,0,1,1.0,-,1,0,1.0,+,-7.886335546081406,-0.309378156712466,3.152571656128528,0.977856076773304,True,False,True,False,False,0.0959812702898222,0.01797618773036915,1.0107700487498277,1.0037235081773455,0,0,0,0,0,0,0,5,0,0
1,4,XMEAS-6,8,1,0,2,0,0,1,0,0,2,0,0,0,1,1.0,-,0,0,,none,-7.407979098891513,-0.1457531905148407,3.1605420635933688,1.0192494308681166,True,False,True,False,False,-0.0397753964959369,0.00502266363151555,0.9342682173641264,0.9504056504750242,0,0,0,0,0,0,0,5,0,0
1,4,XMEAS-7,8,2,2,2,0,0,2,1,1,2,0,0,0,2,1.0,-,1,1,0.5,tie,-7.803630192446642,-8.19405240007973,4.380466163316903,1.0069643052364514,True,True,True,False,False,-0.04681204414638805,0.05260937288933511,0.8630725442810712,0.9849382527408221,0,0,0,0,0,5,0,5,0,0
1,4,XMEAS-8,8,0,0,0,0,0,0,0,0,0,0,0,0,0,,none,0,0,,none,1.1488973106580307,0.096459993802123,1.3008106941300868,0.8984762230120016,False,False,False,False,False,-0.03302095634913955,0.060967578416583054,0.9489036483571365,0.936979445155667,0,0,0,0,0,0,0,0,0,0
1,4,XMEAS-9,8,0,0,0,0,0,0,0,0,0,0,0,0,0,,none,0,0,,none,0.0752963153271538,0.3727022201403322,1.2077232762055776,0.9370080934865764,False,False,False,False,False,0.015256941309254753,0.0267737656686151,1.0136594818543831,1.0269823091122134,0,0,0,0,0,0,0,0,0,0
1,5,XMEAS-1,8,8,5,4,0,0,8,1,1,4,0,0,8,0,1.0,+,3,2,0.6,+,76.35145819102546,31.26154087737581,10.756166304370192,1.4048159901865556,True,True,True,False,False,84.98114822272419,0.44813322867266464,0.725405370083891,0.9444074761158534,2,0,0,0,0,5,0,5,0,0
1,5,XMEAS-10,8,4,4,3,1,1,1,1,1,3,1,1,2,2,0.5,tie,2,2,0.5,tie,3.911884607173577,-9.729938379015582,13.252751403702284,1.7733717517023264,True,True,True,True,True,-0.7435416249110899,0.23974314894269017,0.9673110722054319,1.0628712515228365,0,0,0,0,0,0,0,5,0,0
1,5,XMEAS-11,8,3,5,4,0,0,1,1,1,4,0,0,2,1,0.6666666666666666,+,2,3,0.6,-,-22.88602582411851,-8.719930409038087,5.244649262862431,0.9937189121391732,True,True,True,False,False,1.207636578116174,0.33881962093243667,0.8127442682783136,1.0165805980298042,0,0,0,0,0,0,0,5,0,0
1,5,XMEAS-12,8,0,2,1,0,0,0,1,1,1,0,0,0,0,,none,1,1,0.5,tie,-0.0486826095102962,1.9234932903431852,2.853717742719883,1.0055131128463948,False,True,True,False,False,-0.11253502659542894,0.0245363011491065,0.9896153904248114,1.0421226759827955,0,0,0,0,0,0,0,0,0,0
1,5,XMEAS-13,8,2,2,2,0,0,2,1,1,2,0,0,0,2,1.0,-,1,1,0.5,tie,-7.733929405667323,-8.22531086723564,4.829238337150115,1.0364452307468808,True,True,True,False,False,-0.0240320351154804,0.07246383129404615,1.0965336129825425,1.0012711888306385,0,0,0,0,0,5,0,5,0,0
1,5,XMEAS-14,8,2,2,1,0,0,1,1,1,1,0,0,1,1,0.5,tie,1,1,0.5,tie,-0.1631310424904528,1.6976858008058775,2.633012944993039,0.9821556546726928,False,True,True,False,False,-0.4700127929562231,0.048799991734677646,0.9311340007693027,0.9243528145482756,0,0,0,0,0,0,0,0,0,0
1,5,XMEAS-15,8,3,4,3,0,0,1,1,1,3,0,0,1,2,0.6666666666666666,-,2,2,0.5,tie,-6.640221320613087,-2.837852055477045,4.331483889582624,0.9443876374054956,True,True,True,False,False,-0.17837651101339635,0.08642437380924935,0.9781488762017156,0.9867785502485821,0,0,0,0,0,0,0,5,0,0
1,5,XMEAS-16,8,2,2,2,0,0,2,1,1,2,0,0,0,2,1.0,-,1,1,0.5,tie,-7.411709005376819,-8.268093015410837,4.901050830738193,1.0489104762779644,True,True,True,False,False,-0.19770219609326745,0.0678501317312698,1.1009027113486227,1.0010634271129417,0,0,0,0,0,5,0,5,0,0
1,5,XMEAS-17,8,0,0,0,0,0,0,0,0,0,0,0,0,0,,none,0,0,,none,-0.8039464118324788,-0.4449089447933072,1.054182879706135,1.0142453873117605,False,False,False,False,False,-0.0485251021876303,0.027247326959219803,1.0040839633991254,1.0318275324374944,0,0,0,0,0,0,0,0,0,0
1,5,XMEAS-18,8,8,4,4,0,0,7,1,1,4,0,0,7,1,0.875,+,2,2,0.5,tie,-20.995447328277724,-6.376664286098349,6.4215756035042055,1.2339908339748398,True,True,True,False,False,11.428762716075628,0.19916407632359265,0.5427253174091791,1.0335922203352879,2,0,0,0,0,5,0,5,0,0
1,5,XMEAS-19,8,0,0,0,0,0,0,0,0,0,0,0,0,0,,none,0,0,,none,0.0997200130998155,0.0431807769633571,0.9733017186087132,0.9446266303473886,False,False,False,False,False,0.0910360729130089,0.0456273833112342,0.9901901502152196,1.0040433079468052,0,0,0,0,0,0,0,0,0,0
1,5,XMEAS-2,8,0,0,0,0,0,0,0,0,0,0,0,0,0,,none,0,0,,none,0.1844701912219159,0.4045734812918165,1.004811195325913,1.0075349913895126,False,False,False,False,False,-0.3741408673638794,0.0370532583570567,0.9885853801371915,1.0053936353794461,0,0,0,0,0,0,0,0,0,0
1,5,XMEAS-20,8,4,3,4,0,0,1,1,1,4,0,0,2,2,0.5,tie,1,2,0.6666666666666666,-,-36.5863478824923,-2.436367399809826,13.531605460575658,1.137444829013356,True,True,True,False,False,-0.10871535328396192,0.1689097446278815,0.6527862910293034,1.0201333078769652,0,0,0,0,0,0,0,5,0,0
1,5,XMEAS-21,8,3,4,3,0,0,1,1,1,3,0,0,2,1,0.6666666666666666,+,2,2,0.5,tie,7.196196559671137,-6.319165190198084,8.601109741685597,0.9572210808712064,True,True,True,False,False,1.021876446590134,0.1612250770227431,0.907908913327782,0.9613846361780175,0,0,0,0,0,0,0,5,0,0
1,5,XMEAS-22,8,2,4,4,0,0,1,1,1,4,0,0,1,1,0.5,tie,1,3,0.75,-,-19.644827136876504,-5.195148000764456,4.686904330817182,0.988253658622872,True,True,True,False,False,0.4587282962623914,0.1507801842378074,0.9110294759959872,1.023919430975349,0,0,0,0,0,0,0,5,0,0
1,5,XMEAS-23,8,4,1,4,0,0,1,1,1,4,0,0,2,2,0.5,tie,1,0,1.0,+,-13.15529339339354,-0.596057413317226,5.612782452247762,1.1444692178003295,True,False,True,False,False,0.04639740871764081,0.13413881974351086,0.9765318735188366,1.0716893164684742,0,0,0,0,0,0,0,5,0,0
1,5,XMEAS-24,8,3,3,3,0,0,1,1,1,3,0,0,1,2,0.6666666666666666,-,1,2,0.6666666666666666,-,-9.831391316196727,-2.4480115808520297,4.531490079234053,1.3258274732622437,True,True,True,False,False,-0.612454911072212,0.35053219333358626,0.984057114385076,1.0472027744459498,0,0,0,0,0,0,0,5,0,0
1,5,XMEAS-25,8,3,3,4,0,0,1,1,1,4,0,0,2,1,0.6666666666666666,+,2,1,0.6666666666666666,+,15.227468068971064,1.1586538923224263,6.526549798097684,1.0737937369265944,True,True,True,False,False,-0.006151423006123896,0.30864122096697955,0.9993767211207083,1.0155873463143403,0,0,0,0,0,0,0,5,0,0
1,5,XMEAS-26,8,1,0,1,0,0,1,0,0,1,0,0,1,0,1.0,+,0,0,,none,2.3182009221419904,0.3453175263978042,1.408712596866794,1.0683115786448785,True,False,True,False,False,-0.0897843046196893,0.07942024862933425,1.0256209558999156,1.0654856345266934,0,0,0,0,0,0,0,0,0,0
1,5,XMEAS-27,8,2,2,1,0,0,2,1,1,1,0,0,2,0,1.0,+,1,1,0.5,tie,4.420927624097842,1.6573700373414857,1.4534996722683036,1.0846364073539854,True,True,True,False,False,-0.08130324122260124,0.11397306311416565,1.0178860017824936,1.0159588903162866,0,0,0,0,0,5,0,0,0,0
1,5,XMEAS-28,8,4,4,2,0,0,3,1,1,2,0,0,3,1,0.75,+,2,2,0.5,tie,-13.56778947741154,-4.877739600120385,4.482747552193127,1.3163241514117636,True,True,True,False,False,2.307019867271685,0.3545301989785272,0.9424424199577591,1.038904602646948,2,0,0,0,0,5,0,5,0,0
1,5,XMEAS-29,8,4,3,4,0,0,1,1,1,4,0,0,2,2,0.5,tie,1,2,0.6666666666666666,-,-19.010854598722226,-1.3947891317416623,8.007807713496474,1.3028346963630577,True,True,True,False,False,0.0040699302645584995,0.23729300617285531,0.8975056426891785,0.9436414605082764,0,0,0,0,0,0,0,5,0,0
1,5,XMEAS-3,8,0,2,0,0,0,0,1,1,0,0,0,0,0,,none,1,1,0.5,tie,1.8303750528376703,0.8422417201928326,1.1376324074020745,1.022309507330549,False,True,False,False,False,0.079534325626703,0.033940994505737704,1.0197544328683188,1.03648101320864,0,0,0,0,0,0,0,0,0,0
1,5,XMEAS-30,8,4,3,2,0,0,2,1,1,2,0,0,1,3,0.75,-,1,2,0.6666666666666666,-,-10.335445310897304,-2.7841111434002928,5.1325409285105374,1.2061575333739554,True,True,True,False,False,-1.0042586309612496,0.37768663330592744,0.8352496322768737,0.9236792871480579,0,0,0,0,0,2,0,5,0,0
1,5,XMEAS-31,8,3,4,4,0,0,1,1,1,4,0,0,2,1,0.6666666666666666,+,2,2,0.5,tie,20.8303665449844,1.8477269967850256,9.306246991379632,1.2286339120832928,True,True,True,False,False,-0.0172918173088559,0.39794644502101195,1.0408249984617828,1.2240167980742434,0,0,0,0,0,0,0,5,0,0
1,5,XMEAS-32,8,0,0,0,0,0,0,0,0,0,0,0,0,0,,none,0,0,,none,0.9047309324189872,0.1839605626508021,1.0449351285689794,0.9077114353982388,False,False,False,False,False,0.017591261282438653,0.038380848583324745,0.9922449793442051,0.9420754343711402,0,0,0,0,0,0,0,0,0,0
1,5,XMEAS-33,8,2,2,1,0,0,2,1,1,1,0,0,2,0,1.0,+,1,1,0.5,tie,5.5437310868141045,2.052375789486293,1.6787856888791035,1.1196056123196352,True,True,True,False,False,0.1515972729341298,0.05456537779817025,0.9419128054198114,0.8960730038912361,0,0,0,0,0,5,0,0,0,0
1,5,XMEAS-34,8,4,4,3,0,0,3,1,1,3,0,0,3,1,0.75,+,2,2,0.5,tie,-15.42657867375382,-5.66582119660599,4.984431871673491,1.1613525897855714,True,True,True,False,False,2.6142455556448887,0.38359775598089846,0.8735749225584415,1.072067842364483,2,0,0,0,0,5,0,5,0,0
1,5,XMEAS-35,8,1,2,2,0,0,1,1,1,2,0,0,0,1,1.0,-,1,1,0.5,tie,-5.7342236300253955,-2.5971046992904037,1.547078064680092,1.0116754736665072,True,True,True,False,False,0.10066346259058556,0.09869348915488325,0.9614979404339226,1.008197619220602,0,0,0,0,0,0,0,4,0,0
1,5,XMEAS-36,8,1,2,0,0,0,1,1,1,0,0,0,0,1,1.0,-,1,1,0.5,tie,-3.6421390783721383,-1.169467305374588,1.2383979806511938,1.0680610946746774,True,True,False,False,False,0.2899741798542259,0.04152774613610115,0.9160904017641573,0.950927929209899,0,0,0,0,0,0,0,0,0,0
1,5,XMEAS-37,8,0,0,0,0,0,0,0,0,0,0,0,0,0,,none,0,0,,none,0.2448662586088544,0.106683468233953,0.9009686514314394,0.963767356735868,False,False,False,False,False,0.2715811406945444,0.12272193207021906,1.150426799340952,1.0183286546124444,0,0,0,0,0,0,0,0,0,0
1,5,XMEAS-38,8,3,2,1,0,0,2,1,1,1,0,0,3,0,1.0,+,1,1,0.5,tie,9.707513163104151,5.081706550501786,1.896529666132012,1.272619417202782,True,True,True,False,False,1.68546808916787,0.0538431121954187,0.8220978628909845,0.9652359544181928,0,0,0,0,0,5,0,2,0,0
1,5,XMEAS-39,8,0,0,0,0,0,0,0,0,0,0,0,0,0,,none,0,0,,none,0.3594736228017648,0.1574741560239935,1.0616264528176704,0.9259622286118758,False,False,False,False,False,1.0118769322104653,0.31839597406597364,0.8752838472794747,0.8516963751186022,0,0,0,0,0,0,0,0,0,0
1,5,XMEAS-4,8,8,3,1,0,0,8,1,1,1,0,0,0,8,1.0,-,1,2,0.6666666666666666,-,-9.19231021942713,-3.4708320613979136,1.450023508578342,1.0106773302421996,True,True,True,False,False,-10.067167172497403,0.0283311151956782,1.0084053845108254,0.9916340782935752,2,0,0,0,0,5,0,0,0,0
1,5,XMEAS-40,8,0,0,0,0,0,0,0,0,0,0,0,0,0,,none,0,0,,none,0.7129635401488188,-0.003350510461654,1.2502480373626406,1.001207655391415,False,False,False,False,False,-0.037692394407507504,0.10332006272147955,0.9673094392359448,0.9537604190142549,0,0,0,0,0,0,0,0,0,0
1,5,XMEAS-41,8,0,0,0,0,0,0,0,0,0,0,0,0,0,,none,0,0,,none,-0.5599226680478011,-0.0344788210449808,0.9669763368096296,0.6618967884969812,False,False,False,False,False,0.039694271107014144,0.21841083666134742,0.8804781550730209,1.032837759119738,0,0,0,0,0,0,0,0,0,0
1,5,XMEAS-5,8,1,1,2,0,0,1,1,1,2,0,0,0,1,1.0,-,1,0,1.0,+,-8.03957119719222,-0.3868320238342671,2.9841472576823933,0.9529255729900852,True,False,True,False,False,-0.02928925996146195,0.00070225881503875,0.9785141586691584,0.980810637708983,0,0,0,0,0,0,0,5,0,0
1,5,XMEAS-6,8,1,1,2,0,0,1,1,1,2,0,0,0,1,1.0,-,1,0,1.0,+,-7.407686225971379,-0.1749415046726599,2.997518920317313,1.0661054050872911,True,False,True,False,False,-0.1760442986211648,0.07932278202678661,0.9819525642865237,1.0060198363966721,0,0,0,0,0,0,0,5,0,0
1,5,XMEAS-7,8,2,2,2,0,0,2,1,1,2,0,0,0,2,1.0,-,1,1,0.5,tie,-7.723150030011488,-8.222462244645849,4.891913739046291,1.005197921328116,True,True,True,False,False,-0.02513085547168635,0.07645828924763876,1.106908619946946,1.0373906940013715,0,0,0,0,0,5,0,5,0,0
1,5,XMEAS-8,8,0,0,1,0,0,0,0,0,1,0,0,0,0,,none,0,0,,none,1.2513972266042477,-0.0111553371485083,1.394551670993822,1.0449501661123528,False,False,True,False,False,0.02178825511564465,0.0452099817229622,0.9532749758304788,0.9582867009560727,0,0,0,0,0,0,0,0,0,0
1,5,XMEAS-9,8,0,0,0,0,0,0,0,0,0,0,0,0,0,,none,0,0,,none,0.0490282959404706,0.3931766679230785,1.1849413707314684,0.9949289511873338,False,False,False,False,False,0.033864109196207304,0.0198339226271467,1.003428997661014,1.0058304866550625,0,0,0,0,0,0,0,0,0,0
8,1,XMEAS-1,8,8,7,7,3,3,3,2,2,5,2,2,3,5,0.625,-,4,3,0.5714285714285714,+,-26.083029891865916,-12.733594595871518,7.603395769351548,1.2721221242569836,True,True,True,False,False,9.377592287043058,7.971606062032335,11.262589237776918,1.4855571785270305,2,2,2,2,2,4,4,5,4,4
8,1,XMEAS-10,8,6,7,8,6,6,2,2,2,8,3,3,4,2,0.6666666666666666,+,4,3,0.5714285714285714,+,7.982596943218549,2.6659148026581585,5.535462144873453,1.234201492091354,True,True,True,False,False,-4.249404405942686,6.575366517381359,8.509819035684192,1.6842671129127496,1,2,2,2,2,2,4,5,5,5
8,1,XMEAS-11,8,7,8,8,0,0,2,2,2,8,0,0,3,4,0.5714285714285714,-,4,4,0.5,tie,13.16794989239861,4.826051608253626,8.004575358281079,1.156321785482023,True,True,True,False,False,-17.80053228745445,3.930083875301057,7.445108475223652,1.0414585221483323,2,2,2,0,0,4,5,5,0,0
8,1,XMEAS-12,8,4,6,7,0,0,2,1,1,4,0,0,3,1,0.75,+,2,4,0.6666666666666666,-,-0.752605772171409,-0.7575081957060116,1.4751748329160883,0.981579669874279,False,True,True,False,False,2.749946587275072,2.2732737975303863,2.22449857217382,1.025930182459432,2,2,2,0,0,1,1,5,0,0
8,1,XMEAS-13,8,3,4,8,1,1,2,1,1,8,1,1,0,3,1.0,-,2,2,0.5,tie,0.615026863386357,-0.3630926479995057,3.0316239088058548,1.029105361944697,False,False,True,False,False,-9.487908815787057,6.724751986412949,7.102241356653959,1.155525167603192,1,2,2,0,0,5,3,5,1,1
8,1,XMEAS-14,8,3,4,6,0,0,1,1,1,3,0,0,2,1,0.6666666666666666,+,2,2,0.5,tie,-0.6210609323929983,-0.6389360680450435,1.3484213874411686,1.0650417456394912,False,False,False,False,False,3.3534371213247596,2.2824811960583875,1.9718325828772687,1.0116059399516075,1,2,2,0,0,0,0,5,0,0
8,1,XMEAS-15,8,5,4,7,0,0,2,1,1,7,0,0,2,3,0.6,-,1,3,0.75,-,-1.4468317671541286,-0.6889235722177,0.9933203723072704,0.9584147684449588,False,False,False,False,False,2.575607954302244,1.587926356338239,4.931230352527187,0.9830638395769036,2,1,2,0,0,2,2,5,0,0
8,1,XMEAS-16,8,3,4,8,2,2,2,1,1,8,2,2,0,3,1.0,-,2,2,0.5,tie,0.7623433874230379,-0.2046075132922219,2.96068400445249,1.0787463878907824,False,False,True,False,False,-9.17933768060767,6.553139807223419,7.242371033998188,1.2097859197502276,1,2,2,0,0,5,3,5,2,2
8,1,XMEAS-17,8,0,0,0,0,0,0,0,0,0,0,0,0,0,,none,0,0,,none,-0.2623801985898228,-0.0686079103569636,1.0215499123732663,1.0170842638959814,False,False,False,False,False,0.2334634114704045,0.15730597997266646,1.115905025450058,1.012651156598853,0,0,0,0,0,0,0,0,0,0
8,1,XMEAS-18,8,7,8,8,1,1,2,2,2,8,1,1,3,4,0.5714285714285714,-,4,4,0.5,tie,9.478157660243689,3.4853017872793592,6.967354806308043,1.2177936842635997,True,True,True,False,False,-23.826202960443844,4.513554587144641,8.856103939965191,1.307987712467571,2,2,2,0,0,4,5,5,1,1
8,1,XMEAS-19,8,0,0,0,0,0,0,0,0,0,0,0,0,0,,none,0,0,,none,-0.1018757196484578,-0.0196823484548089,0.8970913440466836,0.8858890487940659,False,False,False,False,False,0.01026086113905365,0.0355110780213113,0.9773699564727928,0.9580941739171305,0,0,0,0,0,0,0,0,0,0
8,1,XMEAS-2,8,0,0,0,0,0,0,0,0,0,0,0,0,0,,none,0,0,,none,0.3268642067172276,0.1046150157985865,0.9801157464866656,0.9905517739368432,False,False,False,False,False,0.10274057261597624,0.3094332379141165,1.0445284144314166,1.043512540363627,0,0,0,0,0,0,0,0,0,0
8,1,XMEAS-20,8,8,8,8,0,0,2,2,2,8,0,0,4,4,0.5,tie,5,3,0.625,+,17.362408798594146,5.5748354578318144,8.057539635594676,0.9945448481422072,True,True,True,False,False,-23.86941010991756,2.4189867233900517,12.968923911034606,1.0910506423578858,2,2,2,0,0,5,5,5,0,0
8,1,XMEAS-21,8,7,5,8,0,0,2,1,1,8,0,0,4,3,0.5714285714285714,+,1,4,0.8,-,-3.763656577370494,-2.572672247986889,2.41559167618938,1.0291756025211498,True,True,True,False,False,6.093922121141141,3.3765373856558534,6.456306199446237,1.073046379273638,2,1,2,0,0,3,4,5,0,0
8,1,XMEAS-22,8,7,8,8,0,0,2,2,2,8,0,0,3,4,0.5714285714285714,-,4,4,0.5,tie,9.11851333701804,3.2419937696184227,4.6643372716758025,1.0481936190324717,True,True,True,False,False,-15.66280063991552,3.303692142463003,6.286072747715135,1.01356980764939,2,2,2,0,0,5,5,5,0,0
8,1,XMEAS-23,8,8,7,8,0,0,2,1,1,8,0,0,4,4,0.5,tie,4,3,0.5714285714285714,+,6.698022935198634,2.3758136389898827,3.3612943576002,0.9183801752872626,True,True,True,False,False,-7.188628651064673,1.3316527841237233,5.082932552315419,1.2711401208574737,2,1,2,0,0,2,3,5,0,0
8,1,XMEAS-24,8,4,3,8,0,0,2,1,1,8,0,0,1,3,0.75,-,2,1,0.6666666666666666,+,0.3229948842019837,-0.7192807269402026,2.257048113733803,1.1436757276457417,False,False,True,False,False,-0.264811424794281,1.5426405258064424,2.5335019145172337,1.011645254720738,2,1,2,0,0,4,3,5,0,0
8,1,XMEAS-25,8,6,7,8,1,1,1,1,1,8,1,1,2,4,0.6666666666666666,-,3,4,0.5714285714285714,-,-7.147332944959958,-1.7257914109579695,4.733106166981282,1.2129148803919434,True,True,True,False,False,3.0212273225584187,2.658609561339125,4.738375620795397,1.397791034673964,2,1,2,1,1,4,4,5,0,0
8,1,XMEAS-26,8,1,1,0,0,0,1,1,1,0,0,0,1,0,1.0,+,0,1,1.0,-,-0.8356919760567649,-0.4096532509925489,1.045333336701245,1.087539578827057,False,False,False,False,False,1.9683374847879436,0.33972306695321547,1.3222984653487266,1.0114867196571722,1,0,0,0,0,0,0,0,0,0
8,1,XMEAS-27,8,5,2,1,0,0,2,1,1,1,0,0,4,1,0.8,+,2,0,1.0,+,-0.5679895295877594,-0.5237099926064582,1.1689900468945742,1.1632273634820032,False,False,False,False,False,5.647706201793314,1.7234665705943433,1.530849193513296,0.9351023900518276,2,1,1,0,0,4,2,0,0,0
8,1,XMEAS-28,8,5,7,8,0,0,2,2,2,8,0,0,1,4,0.8,-,3,4,0.5714285714285714,-,-1.037251354383308,-1.1496097315974048,1.4447069237801196,0.8930739729215524,False,True,True,False,False,-5.197293002506106,0.9882401303549856,3.529445989238525,1.0873381946005085,2,1,2,0,0,5,3,5,0,0
8,1,XMEAS-29,8,8,7,8,3,3,2,1,1,8,2,2,4,4,0.5,tie,4,3,0.5714285714285714,+,9.4331869183363,3.4578119165932573,4.541613041871729,1.212877907699036,True,True,True,False,False,-10.106194027158221,1.5636723230168257,7.205523270143576,1.368714464424253,2,1,2,1,1,2,4,5,4,4
8,1,XMEAS-3,8,0,0,0,0,0,0,0,0,0,0,0,0,0,,none,0,0,,none,-0.1453166271711344,0.0910254547116092,0.9887379331664772,1.094752108199794,False,False,False,False,False,0.8527887469589178,0.31827107966439017,1.1676249264700447,1.0183112587729999,0,0,0,0,0,0,0,0,0,0
8,1,XMEAS-30,8,4,5,8,0,0,2,1,1,8,0,0,1,3,0.75,-,2,3,0.6,-,-0.5238212782563976,-1.678812993808515,2.3141042535111067,1.1761403429517885,False,True,True,False,False,2.0516846819424064,2.5147671848086306,2.828809354572459,0.9494986068842757,2,1,2,0,0,5,2,5,0,0
8,1,XMEAS-31,8,6,7,8,5,5,1,1,1,8,3,3,2,4,0.6666666666666666,-,3,4,0.5714285714285714,-,-9.536016868538654,-2.6440755575592156,6.413713163309701,1.1844120867064287,True,True,True,False,False,3.77566758378985,4.0587196675331185,6.878329776279095,1.4562769040638548,2,1,2,2,2,4,4,5,5,5
8,1,XMEAS-32,8,0,0,0,0,0,0,0,0,0,0,0,0,0,,none,0,0,,none,-0.1109162360049098,-0.010490635496514,0.990630071202153,0.952100243790485,False,False,False,False,False,1.0996300871454245,0.29095372652906665,1.0558605553086697,1.0429520859894126,0,0,0,0,0,0,0,0,0,0
8,1,XMEAS-33,8,5,4,3,0,0,2,1,1,2,0,0,4,1,0.8,+,2,2,0.5,tie,-0.3956327421508409,-0.6246021279007622,1.2493950366078608,1.0209271339521275,False,False,False,False,False,7.035770407155487,2.152601755188365,1.7631932404741728,0.879190299889876,2,2,1,0,0,4,1,1,0,0
8,1,XMEAS-34,8,5,7,7,0,0,2,2,2,4,0,0,1,4,0.8,-,3,4,0.5714285714285714,-,-1.6018192264884965,-1.363254142337344,1.4934264033891118,1.0717496973893703,False,True,True,False,False,-5.361873459582944,1.3936939211350465,3.9232729654509386,0.9461512644612737,2,1,2,0,0,5,3,5,0,0
8,1,XMEAS-35,8,5,8,6,0,0,2,2,2,4,0,0,2,3,0.6,-,4,4,0.5,tie,3.631477441500172,1.572772990316213,1.9213403840655467,1.0166649689936784,True,True,True,False,False,-5.53522600357525,1.5167111957648287,1.8313227246945292,1.002264882298943,2,2,2,0,0,2,4,5,0,0
8,1,XMEAS-36,8,3,4,2,0,0,2,1,1,2,0,0,1,2,0.6666666666666666,-,3,1,0.75,+,1.7255423379493426,0.9862245274931436,1.234297651823445,0.9648252337834988,False,True,False,False,False,-3.0062075678242337,0.427797565941043,1.7336358259729283,1.1759181738760272,2,0,2,0,0,1,1,3,0,0
8,1,XMEAS-37,8,0,0,0,0,0,0,0,0,0,0,0,0,0,,none,0,0,,none,0.5337725311232907,0.0934826784603738,0.7499475308931872,0.8678001708478307,False,False,False,False,False,0.03506870895319329,0.15526669448772645,0.9452618630850409,0.9514954168796621,0,0,0,0,0,0,0,0,0,0
8,1,XMEAS-38,8,6,7,5,2,2,2,1,1,3,1,1,4,2,0.6666666666666666,+,3,4,0.5714285714285714,-,-2.6716768634210757,-1.858215140162094,1.206216644148342,1.0277254214091418,True,True,False,False,False,11.156419135335778,3.6075639931311647,2.347378182467609,1.461677196772186,2,2,1,1,1,5,3,5,0,0
8,1,XMEAS-39,8,2,1,0,2,0,1,1,1,0,1,0,1,1,0.5,tie,1,0,1.0,+,-1.1159120549122654,-0.6270518103827889,0.9257255581458264,0.8302942465543763,False,False,False,False,False,0.9711706446061354,0.6463076661374796,1.0460999895090333,0.9463563051953491,1,1,0,0,0,0,0,0,0,0
8,1,XMEAS-4,8,5,7,3,0,0,1,2,2,2,0,0,3,2,0.6,+,3,4,0.5714285714285714,-,4.480225657080354,2.2836184808488036,1.3393174844869788,0.9455073640579068,True,True,False,False,False,-1.9371168025862335,0.5874791184005648,1.6489151420766228,0.956286597104667,1,1,1,0,0,2,4,4,0,0
8,1,XMEAS-40,8,0,0,0,0,0,0,0,0,0,0,0,0,0,,none,0,0,,none,-0.2431689783785595,0.009874397079983,1.1174445271887483,1.3299165935280102,False,False,False,False,False,0.016892426403170846,0.25563311667683114,1.1217733748860415,1.0524521467316355,0,0,0,0,0,0,0,0,0,0
8,1,XMEAS-41,8,0,0,0,0,0,0,0,0,0,0,0,0,0,,none,0,0,,none,-0.1754447908650655,-0.0419083995028232,0.9725873453455032,1.0200790858977526,False,False,False,False,False,-0.3459258376531175,0.4112125883899923,1.261065267486197,1.2668370212542546,0,0,0,0,0,0,0,0,0,0
8,1,XMEAS-5,8,7,6,8,0,0,2,1,1,8,0,0,3,4,0.5714285714285714,-,4,2,0.6666666666666666,+,3.5567701773884517,1.1528069787634534,1.9368065499321792,0.9588480889990948,True,True,True,False,False,-5.255613853142306,0.4908755451512883,2.949035932096251,0.9693014037378664,2,1,2,0,0,2,2,5,0,0
8,1,XMEAS-6,8,6,7,8,0,0,2,1,1,8,0,0,3,3,0.5,tie,4,3,0.5714285714285714,+,3.7598898806937378,1.1910692422003224,1.845979496385476,1.0276579221515931,True,True,True,False,False,-4.721121245175258,0.6476363766226894,2.91749988517733,1.0191997738723257,2,1,2,0,0,1,3,5,0,0
8,1,XMEAS-7,8,3,4,8,2,2,2,1,1,8,2,2,0,3,1.0,-,2,2,0.5,tie,0.6075278242634454,-0.428554128697116,3.264814534197706,1.0842667390275016,False,False,True,False,False,-9.45728521777113,6.826791197761931,7.159307726681395,1.1059135711983452,1,2,2,0,0,5,2,5,2,2
8,1,XMEAS-8,8,0,0,3,0,0,0,0,0,1,0,0,0,0,,none,0,0,,none,-0.6992880448107343,0.1739388504034441,1.5345594701441,0.9643972758265034,False,False,True,False,False,0.2766719261569449,0.42204408547957617,1.2898262580969493,0.989661285859336,0,0,1,0,0,0,0,1,0,0
8,1,XMEAS-9,8,0,0,3,0,0,0,0,0,2,0,0,0,0,,none,0,0,,none,0.0088544543964696,0.0532474619660452,1.0515887771765795,0.950049957350969,False,False,False,False,False,-0.0039440394370601,0.19155141400263342,1.335063854651562,1.042470533351893,0,0,1,0,0,0,0,1,0,0
8,2,XMEAS-1,8,8,8,8,1,1,2,2,2,8,1,1,3,5,0.625,-,4,4,0.5,tie,8.489999458930946,3.067622145612552,7.291858490783855,1.3844863642983325,True,True,True,False,False,-11.396789907390104,6.186349290024607,5.710778321302583,1.2086848917646522,2,2,2,0,0,4,4,5,4,4
8,2,XMEAS-10,8,3,7,8,6,6,1,3,2,8,5,5,2,1,0.6666666666666666,+,3,4,0.5714285714285714,-,-0.3927398553044041,-1.5761210245800927,4.966934884177407,1.5724801373778772,False,True,True,True,True,1.298345098412484,1.0157638868142325,6.095302600472577,1.456981406369809,1,2,2,1,1,2,4,5,5,5
8,2,XMEAS-11,8,5,6,8,0,0,2,2,2,8,0,0,1,4,0.8,-,4,2,0.6666666666666666,+,-2.1644861214615077,0.0663457045562563,4.070927885434202,1.0205465296563334,True,False,True,False,False,-0.5360782942829498,3.255354720367228,2.6888441394956804,1.025055837017531,0,1,2,0,0,4,5,5,0,0
8,2,XMEAS-12,8,1,1,5,0,0,1,1,1,3,0,0,1,0,1.0,+,0,1,1.0,-,0.3419028566216566,0.418653652813185,1.2518291493573863,0.9541634597039385,False,False,False,False,False,-1.2620237921449897,0.5638964796090935,1.3580302538264601,0.9997872387143409,0,0,1,0,0,1,1,5,0,0
8,2,XMEAS-13,8,3,3,8,0,0,2,1,1,8,0,0,0,3,1.0,-,2,1,0.6666666666666666,+,-0.1128772247421531,-0.2802906229997543,4.500617650489794,1.1252428158910182,False,False,True,False,False,-0.11776366153826709,0.17437724968798562,4.4246701289827275,1.0626636724460528,0,0,2,0,0,5,3,5,1,1
8,2,XMEAS-14,8,1,0,5,0,0,1,0,0,3,0,0,1,0,1.0,+,0,0,,none,0.2804172278027996,0.4482306195778153,1.2675973487606405,1.04939744787259,False,False,False,False,False,0.188708564390697,0.41101102363453773,1.3506219285917325,1.0782306505272237,0,0,1,0,0,0,0,5,0,0
8,2,XMEAS-15,8,2,7,7,0,0,1,2,2,4,0,0,1,1,0.5,tie,3,4,0.5714285714285714,-,-1.0442563001683771,-0.7331349731340412,1.3827013731393945,1.009223426461094,False,False,True,False,False,-0.9968545644740778,1.650651697882239,1.7957584959573891,0.8850078865852133,1,2,2,0,0,2,2,5,0,0
8,2,XMEAS-16,8,3,3,8,0,0,2,1,1,8,0,0,0,3,1.0,-,2,1,0.6666666666666666,+,-0.0861454711313255,-0.2686816280465902,4.620057739388351,1.189885494332744,False,False,True,False,False,-0.060485784944403626,0.19720940560780145,4.59569351544909,1.1171270015101051,0,0,2,0,0,5,3,5,2,2
8,2,XMEAS-17,8,0,0,0,0,0,0,0,0,0,0,0,0,0,,none,0,0,,none,-0.0741516591737542,-0.0708696609704617,1.0033483335074085,0.9989254562683144,False,False,False,False,False,-0.05778335485380534,0.19236531819945019,0.9792576613235819,0.9488643706858456,0,0,0,0,0,0,0,0,0,0
8,2,XMEAS-18,8,7,6,8,0,0,4,2,2,8,0,0,1,6,0.8571428571428571,-,4,2,0.6666666666666666,+,-1.984489886973152,0.1785757644825418,4.278203371179535,1.0393903915260574,True,False,True,False,False,-4.024174448255002,3.5084463067381466,2.9120332254828423,1.0585940586776164,2,1,2,0,0,4,5,5,1,1
8,2,XMEAS-19,8,0,0,0,0,0,0,0,0,0,0,0,0,0,,none,0,0,,none,-0.0144821540804931,-0.0163503988543831,1.0400649564594937,1.022249775479173,False,False,False,False,False,0.027993091907933303,0.0186372312839562,0.9945307840484208,0.9955344122113419,0,0,0,0,0,0,0,0,0,0
8,2,XMEAS-2,8,0,0,0,0,0,0,0,0,0,0,0,0,0,,none,0,0,,none,-0.3660434854180474,0.00230729764178,1.0447972040727156,1.103265327072542,False,False,False,False,False,-0.06713507084952333,0.0805570734889911,1.0101982593078418,1.0052352483421467,0,0,0,0,0,0,0,0,0,0
8,2,XMEAS-20,8,6,7,8,0,0,4,2,2,8,0,0,1,5,0.8333333333333334,-,5,2,0.7142857142857143,+,-1.5702988636569304,3.0436392401431847,10.048839832198446,1.1222206982762302,False,True,True,False,False,-2.2134617483935295,4.1904562993060654,6.280403234793708,1.0348877569567474,2,1,2,0,0,5,5,5,0,0
8,2,XMEAS-21,8,3,6,8,0,0,1,2,2,8,0,0,2,1,0.6666666666666666,+,2,4,0.6666666666666666,-,0.7162644847038735,-1.523673626224035,3.7232108259164898,0.9110428039204214,False,True,True,False,False,1.5241527826356962,1.5923116584586117,3.265053110377601,0.9710397012364312,1,1,2,0,0,3,4,5,0,0
8,2,XMEAS-22,8,4,6,8,0,0,2,2,2,8,0,0,1,3,0.75,-,4,2,0.6666666666666666,+,-1.3506913726663248,0.5977860723866603,3.7734072172409663,1.014630389427993,False,False,True,False,False,-1.0235423870729004,2.260191333784987,2.245053963580384,1.032417661817992,0,1,2,0,0,5,5,5,0,0
8,2,XMEAS-23,8,2,6,8,0,0,1,2,2,8,0,0,1,1,0.5,tie,4,2,0.6666666666666666,+,-0.6425437503517478,1.0003344290529692,3.9763084369970647,1.128985678192159,False,True,True,False,False,-0.3381379445773227,1.4784059956048816,2.5713740858134657,1.0217272946803344,0,1,2,0,0,2,3,5,0,0
8,2,XMEAS-24,8,2,4,7,0,0,1,2,2,7,0,0,0,2,1.0,-,2,2,0.5,tie,-0.3808504652269615,-0.0573603909129625,1.0841077951060043,0.9180396728198056,False,False,False,False,False,-1.5919095912800656,0.13951700844484224,1.8577193453864629,1.1173061819626948,1,0,2,0,0,4,3,5,0,0
8,2,XMEAS-25,8,5,7,8,0,0,2,2,2,8,0,0,2,3,0.6,-,2,5,0.7142857142857143,-,0.7297642989592967,-1.2322025965148595,4.136915897105166,1.2192834004885584,False,True,True,False,False,-0.03907977901180226,1.1287134161469494,2.790036844873727,1.154707217184856,2,1,2,0,0,4,4,5,0,0
8,2,XMEAS-26,8,0,1,0,0,0,0,1,1,0,0,0,0,0,,none,1,0,1.0,+,-0.0183335054563405,-0.2084906219305248,1.0575869623142955,0.9797573277505072,False,False,False,False,False,0.18436583099439907,0.3378717637823512,1.1167601297587526,1.0971619549934069,0,0,0,0,0,0,0,0,0,0
8,2,XMEAS-27,8,1,2,1,0,0,1,1,1,1,0,0,1,0,1.0,+,1,1,0.5,tie,0.5344619842334505,0.2925239642038581,0.8601097096096708,0.8256366471735874,False,False,False,False,False,0.39870839926285123,0.5580609866649358,0.9780650041512904,0.9480402033857573,0,1,0,0,0,4,2,0,0,0
8,2,XMEAS-28,8,4,5,7,0,0,3,1,1,6,0,0,4,0,1.0,+,2,3,0.6,-,-1.4241101570440693,-0.5646129485301202,1.4186185178280366,1.1257703524128493,False,False,True,False,False,6.9258525372847,0.8497449506136314,1.532884222313951,1.151047567757042,2,1,1,0,0,5,3,5,0,0
8,2,XMEAS-29,8,3,7,8,0,0,1,2,2,8,0,0,1,2,0.6666666666666666,-,5,2,0.7142857142857143,+,-1.2453492884816704,1.1123661564620102,5.4049768808195715,1.348479054694585,False,True,True,False,False,-0.3420178563633854,2.104307214615765,3.692809229138943,1.1972130808455244,0,1,2,0,0,2,4,5,4,4
8,2,XMEAS-3,8,0,1,0,0,0,0,1,1,0,0,0,0,0,,none,0,1,1.0,-,0.7521497896711307,0.2058396808685383,1.0561808037279612,1.1018376829469452,False,False,False,False,False,-0.5912815831294035,0.08137919199652291,0.9906794069182032,0.9458296222563912,0,0,0,0,0,0,0,0,0,0
8,2,XMEAS-30,8,5,3,7,0,0,2,1,1,7,0,0,2,3,0.6,-,2,1,0.6666666666666666,+,-0.4295905284874985,0.0344768575336374,0.8904319118521485,0.8321613252761962,False,False,False,False,False,-1.9332005107881243,0.45425484615561806,2.010414951368544,0.9949457441580887,2,0,2,0,0,5,2,5,0,0
8,2,XMEAS-31,8,5,7,8,4,4,2,2,2,8,3,3,2,3,0.6,-,2,5,0.7142857142857143,-,0.8896470370769621,-1.3249570260110812,5.3463032924941825,1.495434657935802,False,True,True,True,True,0.17725640686652744,1.5882872105286012,3.7337148971928977,1.2806711937535833,2,1,2,0,0,4,4,5,5,5
8,2,XMEAS-32,8,0,0,0,0,0,0,0,0,0,0,0,0,0,,none,0,0,,none,-0.1948526355522469,0.0629715486296887,0.9847556297432192,0.876262550469813,False,False,False,False,False,0.22383786306921633,0.14837876144769047,1.0760197923206267,1.043779934303253,0,0,0,0,0,0,0,0,0,0
8,2,XMEAS-33,8,1,2,1,0,0,1,1,1,1,0,0,1,0,1.0,+,1,1,0.5,tie,0.8082592888393212,0.2174798404253572,0.7926111625726439,0.8272759529899626,False,False,False,False,False,0.499284887875307,0.6907948099861645,0.9571384891500814,0.9366498821367167,0,1,0,0,0,4,1,1,0,0
8,2,XMEAS-34,8,4,5,6,0,0,3,1,1,3,0,0,4,0,1.0,+,2,3,0.6,-,-1.623769705604433,-0.6680882081338287,1.4415707300005505,0.981537378812298,False,False,True,False,False,8.434935252719836,1.0366295021083904,1.601795216652458,1.1749989193790389,2,1,1,0,0,5,3,5,0,0
8,2,XMEAS-35,8,2,5,3,0,0,1,2,2,2,0,0,1,1,0.5,tie,3,2,0.6,+,-0.91772230027695,-0.2288910726243502,1.4102717968810397,1.141237954716236,False,False,True,False,False,-0.5521606792909006,1.0132749258841924,1.246299849549974,1.1246662933487463,0,1,0,0,0,2,4,5,0,0
8,2,XMEAS-36,8,2,4,0,0,0,1,1,1,0,0,0,1,1,0.5,tie,2,2,0.5,tie,-0.2747588164533951,-0.0307051173548255,1.1288398560477444,0.904014878932082,False,False,False,False,False,-0.30266435065047015,0.5282412708047699,1.1216297791485181,0.897157933326133,0,1,0,0,0,1,1,3,0,0
8,2,XMEAS-37,8,0,0,0,0,0,0,0,0,0,0,0,0,0,,none,0,0,,none,0.4277875227868778,0.2079101766568008,0.8813151099512765,0.8607971764459187,False,False,False,False,False,-0.18217331429281858,0.2118637529142363,0.8798599522871562,0.9373382590381536,0,0,0,0,0,0,0,0,0,0
8,2,XMEAS-38,8,5,6,4,0,0,2,2,2,2,0,0,3,2,0.6,+,3,3,0.5,tie,1.3897591002265308,0.9231380724623371,0.7766254001470381,0.6715737502743547,False,True,False,False,False,0.8628883605227038,1.4593871278515567,0.9884131690253091,0.8938051827125555,1,1,0,0,0,5,3,5,0,0
8,2,XMEAS-39,8,1,1,0,0,0,1,1,1,0,0,0,1,0,1.0,+,0,1,1.0,-,-0.1555397789099205,-0.2368775480119357,1.1274215013889275,1.1278992220021815,False,False,False,False,False,0.8073325155290955,0.48561709065354774,1.1383157636978218,1.243288200636787,0,1,0,0,0,0,0,0,0,0
8,2,XMEAS-4,8,2,4,1,0,0,1,2,2,1,0,0,1,1,0.5,tie,3,1,0.75,+,-0.9366557022315418,-0.2087752727697241,1.3944422032804364,0.9700881925297956,False,False,True,False,False,1.415611437519363,0.8883961257318392,1.1344724170714449,0.9840263452685692,0,1,0,0,0,2,4,4,0,0
8,2,XMEAS-40,8,0,0,0,0,0,0,0,0,0,0,0,0,0,,none,0,0,,none,0.4621663136089882,-0.0293401307144006,1.0490440994585024,0.8762874825047403,False,False,False,False,False,0.07169940530159674,0.06455930698274251,1.1050652636558078,1.0949442127788038,0,0,0,0,0,0,0,0,0,0
8,2,XMEAS-41,8,0,0,1,0,0,0,0,0,1,0,0,0,0,,none,0,0,,none,0.0366788420991667,0.2609502096080112,1.041281680586896,0.9825302067915774,False,False,False,False,False,-0.030390856041180844,0.01762783937785005,1.2588493098959153,1.1918661734023495,0,0,1,0,0,0,0,0,0,0
8,2,XMEAS-5,8,3,5,7,0,0,2,2,2,6,0,0,1,2,0.6666666666666666,-,3,2,0.6,+,-0.2395906173203622,0.694334069883059,2.330969179512948,1.0232066442477337,False,False,True,False,False,-0.48079596644810074,0.8989934348889558,1.6949928866477784,0.9781952145695909,0,1,1,0,0,2,2,5,0,0
8,2,XMEAS-6,8,2,5,7,0,0,1,2,2,6,0,0,1,1,0.5,tie,3,2,0.6,+,-0.2165864303597817,0.7134096472601089,2.2741806168262055,1.02607467283467,False,False,True,False,False,-0.4392619098600459,0.837980473547406,1.6749811230587237,1.0148361351826547,0,1,1,0,0,1,3,5,0,0
8,2,XMEAS-7,8,3,3,8,0,0,2,1,1,8,0,0,0,3,1.0,-,2,1,0.6666666666666666,+,-0.0104063987761682,-0.2238949728628218,4.458077882301312,1.1226248142399198,False,False,True,False,False,-0.1237188976006239,0.20362884641125606,4.399274902175419,1.0943164919796962,0,0,2,0,0,5,2,5,2,2
8,2,XMEAS-8,8,0,0,2,0,0,0,0,0,1,0,0,0,0,,none,0,0,,none,0.0204348590232126,-0.1556230404890863,1.0506375572868816,1.01229410099335,False,False,False,False,False,-0.051904242803627654,0.24382152383496686,1.0823844873449584,0.9801034063629068,0,0,0,0,0,0,0,1,0,0
8,2,XMEAS-9,8,0,0,1,0,0,0,0,0,1,0,0,0,0,,none,0,0,,none,0.1186369356469076,0.1191885249649823,1.1640290389124173,1.0440083644663347,False,False,False,False,False,0.08734230258725115,0.0198888534747549,1.1458713879087221,1.068540386559504,0,0,0,0,0,0,0,1,0,0
8,3,XMEAS-1,8,7,7,8,6,6,2,2,2,8,3,3,3,4,0.5714285714285714,-,4,3,0.5714285714285714,+,28.93309089954325,8.526022898925675,17.507824296753046,1.7716964347483428,True,True,True,True,True,5.501827631677722,16.596505751273313,11.008338476836304,1.5078833493360073,2,2,2,2,2,4,4,5,4,4
8,3,XMEAS-10,8,5,7,8,6,6,2,2,2,8,3,3,2,3,0.6,-,4,3,0.5714285714285714,+,-0.5605430766025635,-5.70138239693583,11.59305783699876,2.0380412966510364,False,True,True,True,True,-2.1729687417750183,4.351509527267062,10.680963317021742,1.836367748737945,1,2,2,2,2,2,4,5,5,5
8,3,XMEAS-11,8,6,7,8,0,0,2,2,2,8,0,0,2,4,0.6666666666666666,-,3,4,0.5714285714285714,-,-5.2332886460121,1.3425457480362546,9.104816728864892,1.001836905751329,True,True,True,False,False,1.29520210922637,5.566994555462839,8.107378144232417,1.0581844100138977,2,2,2,0,0,4,5,5,0,0
8,3,XMEAS-12,8,1,6,6,0,0,1,2,2,3,0,0,0,1,1.0,-,2,4,0.6666666666666666,-,0.6520795396242672,1.4036562879718857,2.177142452950948,1.050286394542463,False,True,True,False,False,0.683721083309616,1.478773253292017,1.7648181375034864,1.0283702767985994,0,2,2,0,0,1,1,5,0,0
8,3,XMEAS-13,8,5,6,8,1,1,2,2,2,8,1,1,0,5,1.0,-,2,4,0.6666666666666666,-,-7.657997646432844,-4.924438519993156,12.427157245631548,1.214343892141868,True,True,True,False,False,-1.6224712923942568,0.9315322134527636,7.798869577399969,1.1555912106184292,1,1,2,0,0,5,3,5,1,1
8,3,XMEAS-14,8,1,6,6,0,0,1,2,1,3,0,0,1,0,1.0,+,2,4,0.6666666666666666,-,0.3259110276120189,1.320320016971468,2.268245109850992,0.986995189634714,False,True,True,False,False,1.5688429321795767,1.1294114327085225,1.712732900818498,1.0406494084336855,0,2,2,0,0,0,0,5,0,0
8,3,XMEAS-15,8,6,5,8,0,0,2,2,2,8,0,0,2,4,0.6666666666666666,-,2,3,0.6,-,-3.0639619632272423,-1.5835215155140538,3.299592229659259,1.0171770561547733,True,True,True,False,False,1.0641454362608678,0.6720397423453963,3.794733335534454,0.9345277488592603,0,1,2,0,0,2,2,5,0,0
8,3,XMEAS-16,8,5,6,8,1,1,2,2,2,8,1,1,0,5,1.0,-,2,4,0.6666666666666666,-,-7.700801230406724,-5.028484435951016,12.610775423332417,1.2947922070555873,True,True,True,False,False,-1.4876794512768183,0.9523323797528176,7.927488392840486,1.1975562946931437,1,1,2,0,0,5,3,5,2,2
8,3,XMEAS-17,8,0,0,0,0,0,0,0,0,0,0,0,0,0,,none,0,0,,none,-0.3893916640189037,-0.2095273541849087,1.053535447592792,1.0016917764594808,False,False,False,False,False,0.02683867942516225,0.10612928357698466,1.0609168471898243,1.029003893912655,0,0,0,0,0,0,0,0,0,0
8,3,XMEAS-18,8,7,6,8,3,3,3,2,2,8,2,2,2,5,0.7142857142857143,-,3,3,0.5,tie,-3.723243074866951,2.369401081842296,9.98190662608315,1.2503207854080882,True,True,True,False,False,-0.35639441502791414,4.953146967065515,8.472342749718118,1.2808692492802956,2,2,2,1,1,4,5,5,1,1
8,3,XMEAS-19,8,0,0,0,0,0,0,0,0,0,0,0,0,0,,none,0,0,,none,0.0528458023890092,-0.0115564023452766,1.115057844571944,1.1008309363105298,False,False,False,False,False,-0.01007909804998725,0.049657770904771206,0.982771888772796,1.0106504100676705,0,0,0,0,0,0,0,0,0,0
8,3,XMEAS-2,8,0,0,0,0,0,0,0,0,0,0,0,0,0,,none,0,0,,none,0.4092037403041836,0.1574116857282201,0.9871319775732802,1.030380428060417,False,False,False,False,False,0.26749247654395253,0.1552999568145117,0.9835364613744226,1.0035001686227476,0,0,0,0,0,0,0,0,0,0
8,3,XMEAS-20,8,6,7,8,0,0,2,2,2,8,0,0,2,4,0.6666666666666666,-,4,3,0.5714285714285714,+,-7.172936964730801,8.473552499128816,20.5150113688535,1.1342496757567604,True,True,True,False,False,4.081185905644935,8.820330818959182,11.607157755458713,1.1254308367558195,2,2,2,0,0,5,5,5,0,0
8,3,XMEAS-21,8,5,8,8,0,0,3,2,2,8,0,0,3,2,0.6,+,4,4,0.5,tie,-0.0922189675813921,-4.982135925163613,9.011002359923683,1.0368057708258245,False,True,True,False,False,-1.5423710613076704,2.676770938703097,5.642516303786658,1.0246067195016453,1,2,2,0,0,3,4,5,0,0
8,3,XMEAS-22,8,6,6,8,0,0,2,2,2,8,0,0,2,4,0.6666666666666666,-,3,3,0.5,tie,-4.679598045061993,1.8201607764271248,8.264048500833598,0.9612869523953448,True,True,True,False,False,0.23697934744511606,4.33897435209944,5.506204974875766,1.0144586196784493,2,2,2,0,0,5,5,5,0,0
8,3,XMEAS-23,8,5,6,8,0,0,1,2,2,8,0,0,2,3,0.6,-,3,3,0.5,tie,-2.108131620876908,3.1201867717156784,7.607635717236831,1.3432190396337078,True,True,True,False,False,2.7081457466682877,3.643755961247945,4.769498652478072,1.1563315050794816,2,2,2,0,0,2,3,5,0,0
8,3,XMEAS-24,8,7,6,7,0,0,3,2,2,4,0,0,1,6,0.8571428571428571,-,2,4,0.6666666666666666,-,-4.287091547349358,-1.2072110347945673,2.4675651887536523,1.1217573266215597,True,True,True,False,False,-3.141168863309602,0.6866605309010321,2.2999671671848745,1.1909685866080484,2,1,2,0,0,4,3,5,0,0
8,3,XMEAS-25,8,7,7,8,1,1,2,3,3,8,1,1,4,3,0.5714285714285714,+,4,3,0.5714285714285714,+,3.327036643360343,-3.20758679090636,8.19226574251149,1.1826240345370658,True,True,True,False,False,-3.18606184427619,2.9354185255901526,5.160002348745089,1.3641760216451555,2,2,2,1,1,4,4,5,0,0
8,3,XMEAS-26,8,1,0,1,0,0,1,0,0,1,0,0,1,0,1.0,+,0,0,,none,0.8623765697676748,-0.0426363805927588,1.6592329631620648,1.211129820342438,False,False,True,False,False,0.1069039493637784,0.42212772662531917,1.0936081235191408,0.9873680576009611,0,0,0,0,0,0,0,0,0,0
8,3,XMEAS-27,8,2,5,2,0,0,2,2,2,1,0,0,2,0,1.0,+,2,3,0.6,-,1.2960604536971452,0.8019671031770422,1.3394110033408426,0.93357165906129,False,True,False,False,False,1.1368176804941938,0.6410819796355071,1.0288231945514041,0.9512325259338621,0,0,0,0,0,4,2,0,0,0
8,3,XMEAS-28,8,8,5,8,0,0,5,2,2,8,0,0,6,2,0.75,+,2,3,0.6,-,-5.128805742341012,-1.2724566400041186,3.9568425648236065,1.0633912521680629,True,True,True,False,False,5.813841158372533,1.3705519885018473,2.8189823887853747,0.9569521667064256,2,1,2,0,0,5,3,5,0,0
8,3,XMEAS-29,8,5,7,8,4,4,1,2,2,8,2,2,2,3,0.6,-,3,4,0.5714285714285714,-,-4.15174372941107,4.3596807818910595,11.287287196975283,1.7177803794574915,True,True,True,True,True,3.5660307923166887,5.278495740554693,6.337821195393427,1.4479411911440918,2,2,2,1,1,2,4,5,4,4
8,3,XMEAS-3,8,0,0,1,0,0,0,0,0,1,0,0,0,0,,none,0,0,,none,0.5786293588734741,0.5321440716270078,0.9912325752299962,0.9928959825025848,False,False,False,False,False,-0.01373577324757179,0.2804975154566045,1.08602532595397,1.0193628083767163,0,0,0,0,0,0,0,0,0,0
8,3,XMEAS-30,8,7,7,7,0,0,3,3,2,4,0,0,1,6,0.8571428571428571,-,3,4,0.5714285714285714,-,-4.906843665886331,-1.6414082123500862,2.0542613533549927,1.0847297619681957,True,True,True,False,False,-4.093021135175204,1.5863177533274697,2.8574930437325015,1.0222858010531701,2,1,2,0,0,5,2,5,0,0
8,3,XMEAS-31,8,7,7,8,4,4,2,3,2,8,2,2,4,3,0.5714285714285714,+,4,3,0.5714285714285714,+,5.147579735375117,-4.040452422381204,11.668036866865226,1.5451273037261315,True,True,True,True,True,-4.452379189153524,4.076545365460338,6.652358640253421,1.4668581841488773,2,2,2,1,1,4,4,5,5,5
8,3,XMEAS-32,8,0,0,0,0,0,0,0,0,0,0,0,0,0,,none,0,0,,none,0.4385936695694326,0.076826965848807,1.0202708724655365,1.0525561828483023,False,False,False,False,False,0.34258133381140005,0.15414856358021015,1.0668414705611617,0.9998124412460347,0,0,0,0,0,0,0,0,0,0
8,3,XMEAS-33,8,2,7,3,0,0,2,2,2,1,0,0,2,0,1.0,+,3,4,0.5714285714285714,-,1.779650974616293,0.6450760662209892,1.6251289538230826,0.8181134410397902,False,False,True,False,False,1.7667455597514081,0.8567724286647507,1.1892791232853661,1.148367523724981,0,2,0,0,0,4,1,1,0,0
8,3,XMEAS-34,8,8,5,7,1,1,5,2,2,4,1,1,6,2,0.75,+,2,3,0.6,-,-6.192190899677658,-1.6032342770568622,4.2832411379817215,1.178103927493376,True,True,True,False,False,7.155613193766987,1.221943963130738,2.879736381908254,1.1010811102419666,2,1,2,0,0,5,3,5,0,0
8,3,XMEAS-35,8,5,4,6,0,0,2,2,2,4,0,0,2,3,0.6,-,1,3,0.75,-,-1.2456184810815678,0.0606962739205336,1.6015737410384032,1.0366436272765365,False,False,True,False,False,-0.1546697179226615,1.6737273902853773,2.066629222414001,1.0181914586468739,2,1,1,0,0,2,4,5,0,0
8,3,XMEAS-36,8,2,2,4,0,0,1,1,1,3,0,0,1,1,0.5,tie,1,1,0.5,tie,-0.8226032236200955,0.3400276310833195,1.745086372581938,0.8261070824971959,False,False,True,False,False,-0.10366332045670135,0.9822099336830012,1.7166483571620508,1.1967562930630635,0,1,1,0,0,1,1,3,0,0
8,3,XMEAS-37,8,0,0,0,0,0,0,0,0,0,0,0,0,0,,none,0,0,,none,-0.1698162087655025,0.0301062515729212,0.8194605326652952,0.873603527762151,False,False,False,False,False,0.05886524317113316,0.049986924344705204,0.8486801279125051,0.7862320876662431,0,0,0,0,0,0,0,0,0,0
8,3,XMEAS-38,8,6,8,7,1,1,2,2,2,4,1,1,4,2,0.6666666666666666,+,4,4,0.5,tie,3.406032851511001,1.4398054334578252,1.907127145372279,0.928351584085024,True,True,True,False,False,2.823129888714795,2.1380395044434755,1.743873833073774,1.2393055797889465,1,2,2,0,0,5,3,5,0,0
8,3,XMEAS-39,8,1,1,0,0,0,1,1,1,0,0,0,1,0,1.0,+,1,0,1.0,+,-0.0157789266075094,-0.0296664100154384,1.1255573650028503,0.9981307101468174,False,False,False,False,False,1.0990161391384468,0.5143509061416586,1.0226675034253163,1.0193655810329152,0,0,0,0,0,0,0,0,0,0
8,3,XMEAS-4,8,6,6,6,0,0,2,2,2,3,0,0,3,3,0.5,tie,3,3,0.5,tie,-3.3332308117849063,-0.6677586936056126,2.492994642755457,0.9546666680774076,True,False,True,False,False,-0.5596778669059993,2.115166005835486,1.5803942805639106,1.0194043860108493,1,2,2,0,0,2,4,4,0,0
8,3,XMEAS-40,8,0,0,1,0,0,0,0,0,1,0,0,0,0,,none,0,0,,none,0.3842363248605706,0.2070759575453875,0.8798247619335234,0.8244064998831249,False,False,False,False,False,-0.10029347924686996,0.177029840264586,1.12125849753313,1.117900875652169,0,0,0,0,0,0,0,0,0,0
8,3,XMEAS-41,8,0,0,0,1,0,0,0,0,0,1,0,0,0,,none,0,0,,none,-0.1552983971118829,0.2614557576092655,0.8823178926417543,0.7729545722127475,False,False,False,False,False,0.21719645687781775,0.1151797431764951,1.1971460881335672,1.24871254569121,0,0,0,1,0,0,0,0,0,0
8,3,XMEAS-5,8,4,6,8,0,0,1,2,2,8,0,0,2,2,0.5,tie,3,3,0.5,tie,-1.664266441496733,1.868221313814375,4.536335906888181,1.0383789690529042,False,True,True,False,False,0.864514364385842,1.8307957954200151,2.627387080041448,0.9908912306755198,2,2,2,0,0,2,2,5,0,0
8,3,XMEAS-6,8,4,6,7,0,0,1,2,2,4,0,0,2,2,0.5,tie,3,3,0.5,tie,-1.4619115178947109,1.986736096792172,4.269812514751105,1.0642741779902831,False,True,True,False,False,1.017979646516885,1.8087015436235205,2.550996928316459,0.9679301950927734,2,2,2,0,0,1,3,5,0,0
8,3,XMEAS-7,8,5,6,8,1,1,2,2,2,8,1,1,0,5,1.0,-,2,4,0.6666666666666666,-,-7.626988997839862,-4.8647199920925335,12.528266009360843,1.216682611569326,True,True,True,False,False,-1.6413171002900127,1.0451910376721598,7.949543437243033,1.11413493545847,1,1,2,0,0,5,2,5,2,2
8,3,XMEAS-8,8,0,2,4,0,0,0,1,1,3,0,0,0,0,,none,1,1,0.5,tie,-0.042358932149897,-0.5720765758757848,1.487246951622563,1.0508398917927309,False,False,True,False,False,-0.552135232178941,0.22955257684254848,1.6979814830337516,1.0099609755170342,0,0,1,0,0,0,0,1,0,0
8,3,XMEAS-9,8,0,0,2,0,0,0,0,0,1,0,0,0,0,,none,0,0,,none,0.1300063963167508,0.0874933499208186,1.32279688787219,0.9479180381524526,False,False,False,False,False,-0.0075297602021351,0.13910202195653049,1.282668366108922,0.9693539167714103,0,0,1,0,0,0,0,1,0,0
8,4,XMEAS-1,8,7,7,8,4,4,1,1,1,8,2,2,3,4,0.5714285714285714,-,4,3,0.5714285714285714,+,-5.753166305193044,-0.3774218916473645,5.487766861714802,1.2586768167081583,True,False,True,False,False,-3.3718763264626004,6.800992290503025,8.705563938577637,1.285045012196739,2,2,2,1,1,4,4,5,4,4
8,4,XMEAS-10,8,6,8,8,5,5,1,2,2,8,5,5,4,2,0.6666666666666666,+,5,3,0.625,+,0.4443464971183389,-1.4875469044181489,4.896965136589344,1.291654629173014,False,True,True,False,False,2.3465659498222307,3.4750462103967923,4.432351222690368,1.1461270797336751,2,2,2,0,0,2,4,5,5,5
8,4,XMEAS-11,8,4,8,8,0,0,1,2,2,8,0,0,2,2,0.5,tie,3,5,0.625,-,1.5926461925731812,-1.172840578986272,3.3270879986258257,1.0481208861373512,False,True,True,False,False,1.3201212608523187,6.926409053174279,3.86958782080716,1.052876103867803,1,2,2,0,0,4,5,5,0,0
8,4,XMEAS-12,8,2,2,4,0,0,1,1,1,3,0,0,1,1,0.5,tie,1,1,0.5,tie,-0.346634593337758,-0.0917174892339266,1.1638596894239568,0.986962621519793,False,False,False,False,False,-1.0930807068643684,0.980657770779557,1.3080388656171242,1.030718944679782,1,1,1,0,0,1,1,5,0,0
8,4,XMEAS-13,8,5,6,8,2,2,3,3,2,8,2,2,1,4,0.8,-,2,4,0.6666666666666666,-,-0.9171946352131704,-1.238373018094002,3.0742541918367143,1.0808873918655588,False,True,True,False,False,-0.9964118889642702,1.7727093245777348,4.8534580654774455,1.0437427549226581,1,1,2,0,0,5,3,5,1,1
8,4,XMEAS-14,8,3,3,3,0,0,1,2,1,2,0,0,1,2,0.6666666666666666,-,2,1,0.6666666666666666,+,-0.3103355801777265,-0.127592093265036,1.175765474804099,0.9985075603513748,False,False,False,False,False,-0.27027969587651857,1.210113592453266,1.1805786356026118,1.0081219106286468,1,1,0,0,0,0,0,5,0,0
8,4,XMEAS-15,8,3,5,6,0,0,1,1,1,6,0,0,1,2,0.6666666666666666,-,2,3,0.6,-,-0.5147245096383688,-0.584874718669786,1.1989720863708802,0.9264069480966114,False,False,False,False,False,1.926859743635302,1.2662748206211758,2.8392195998353413,1.0483225205123607,2,1,1,0,0,2,2,5,0,0
8,4,XMEAS-16,8,5,6,8,2,2,3,3,2,8,2,2,1,4,0.8,-,2,4,0.6666666666666666,-,-0.9538954704121804,-1.3012278298533302,3.1991553071548164,1.1475194376406344,False,True,True,False,False,-1.0069673614921626,1.6121340804347968,4.9389574621718655,1.0953404973304397,1,1,2,0,0,5,3,5,2,2
8,4,XMEAS-17,8,0,0,0,0,0,0,0,0,0,0,0,0,0,,none,0,0,,none,0.0111652442884927,-0.058984060202566,1.006074082649195,1.009264646758266,False,False,False,False,False,0.31584438639407186,0.13481263375152655,1.1379255190397073,1.0699731314598455,0,0,0,0,0,0,0,0,0,0
8,4,XMEAS-18,8,7,8,8,1,1,4,2,2,8,1,1,2,5,0.7142857142857143,-,3,5,0.625,-,0.9226113920003524,-1.196049690442939,2.965714920030172,1.067108403027036,False,True,True,False,False,0.10274747687564889,6.571587244839641,3.838713157696086,1.073733224265911,2,2,2,0,0,4,5,5,1,1
8,4,XMEAS-19,8,0,0,0,0,0,0,0,0,0,0,0,0,0,,none,0,0,,none,-0.0196587447253164,-0.0729471548395788,0.990090066808665,0.9651469993587988,False,False,False,False,False,-0.02795086522716735,0.017939983569569398,0.9931384788170141,1.015115838230967,0,0,0,0,0,0,0,0,0,0
8,4,XMEAS-2,8,0,0,0,0,0,0,0,0,0,0,0,0,0,,none,0,0,,none,0.2366125458430698,0.0488332942316025,0.9982752217739216,1.0478826047525285,False,False,False,False,False,-0.26235662228990597,0.27361104621971877,0.9736337212986855,0.9916946940024849,0,0,0,0,0,0,0,0,0,0
8,4,XMEAS-20,8,6,8,8,0,0,3,2,2,8,0,0,2,4,0.6666666666666666,-,3,5,0.625,-,2.0408043153317985,-0.9798038016587336,5.512154492539561,1.057454944311829,True,True,True,False,False,-0.6107414989823511,7.652266606263674,5.825416937981069,1.071039928552592,0,2,2,0,0,5,5,5,0,0
8,4,XMEAS-21,8,4,6,8,0,0,1,2,2,8,0,0,3,1,0.75,+,4,2,0.6666666666666666,+,-1.0477580436939884,-0.6274959548024356,2.408262584049365,1.0187022890424853,False,False,True,False,False,1.1580868047818762,2.8605257139260116,3.382847543421134,0.9351597522221025,1,2,2,0,0,3,4,5,0,0
8,4,XMEAS-22,8,4,8,7,0,0,2,2,2,4,0,0,1,3,0.75,-,3,5,0.625,-,1.0739292978119843,-0.7621857290257286,2.3088299478938223,1.0542025488819529,False,True,True,False,False,0.26942494852692,4.78089306209227,2.726366977725017,1.0287799253469232,0,2,2,0,0,5,5,5,0,0
8,4,XMEAS-23,8,3,6,8,1,1,1,1,1,8,1,1,1,2,0.6666666666666666,-,2,4,0.6666666666666666,-,0.6404745646824255,-0.3983809450897916,2.3960792958253685,1.1884108176579675,False,False,True,False,False,-0.013080312145292927,2.6176822406131395,2.4342960778669216,1.0833487956655463,0,1,2,0,0,2,3,5,0,0
8,4,XMEAS-24,8,5,8,8,1,1,3,2,2,8,1,1,1,4,0.8,-,3,5,0.625,-,-0.1053363541863136,-1.1154469531534426,1.9082417492364687,1.0731686994148948,False,True,True,False,False,-0.6670857945776723,2.0278924244481957,2.442233291054259,0.9213582246560542,2,2,2,0,0,4,3,5,0,0
8,4,XMEAS-25,8,7,8,8,0,0,2,2,2,8,0,0,4,3,0.5714285714285714,+,5,3,0.625,+,-0.5435734198249397,1.108859652227986,2.6809605058837023,1.2487447192022028,False,True,True,False,False,0.0872569205999767,3.4381904363879876,2.465338127739142,1.1469771386902308,2,2,2,0,0,4,4,5,0,0
8,4,XMEAS-26,8,0,4,1,0,0,0,1,1,1,0,0,0,0,,none,2,2,0.5,tie,-0.2658092221036838,0.3227437700763086,1.206427092884763,1.2723688463790628,False,False,False,False,False,0.027038373662800104,0.4703797809094139,1.2241534441329296,1.0823442195566035,0,0,1,0,0,0,0,0,0,0
8,4,XMEAS-27,8,2,3,2,0,0,2,1,1,1,0,0,2,0,1.0,+,1,2,0.6666666666666666,-,-0.3615765779540135,-0.0741369783936327,0.8833227842721793,0.8841696148014255,False,False,False,False,False,0.25708032545979237,0.8423832342180559,1.1934455488681739,1.0354329060088256,0,1,1,0,0,4,2,0,0,0
8,4,XMEAS-28,8,5,7,6,0,0,4,1,1,4,0,0,0,5,1.0,-,3,4,0.5714285714285714,-,-0.1485115576652102,-0.729195416177643,1.2071305945576696,1.2381572639109943,False,False,False,False,False,-1.8255312226231135,2.3758958323496016,2.3751603913392114,1.1200619704032189,1,2,2,0,0,5,3,5,0,0
8,4,XMEAS-29,8,4,8,8,3,3,1,2,2,8,3,3,2,2,0.5,tie,3,5,0.625,-,1.13094287009651,-0.7908200233158398,3.1641051425072666,1.2569576482347316,False,True,True,False,False,0.141841311987169,3.7055092355281474,3.4706441575457143,1.1305905211201335,0,2,2,0,0,2,4,5,4,4
8,4,XMEAS-3,8,0,0,0,0,0,0,0,0,0,0,0,0,0,,none,0,0,,none,-0.1726739359141544,0.0403332002469781,0.9835893658539464,0.9845274925277524,False,False,False,False,False,-0.2994852106763184,0.5005072161542213,1.0170844419386675,0.9644994478423456,0,0,0,0,0,0,0,0,0,0
8,4,XMEAS-30,8,5,5,8,0,0,3,1,1,8,0,0,1,4,0.8,-,2,3,0.6,-,-0.3508220374203638,-1.2012376675284384,1.7857735577636982,1.026118047396086,False,True,True,False,False,-0.8392659943157554,2.048930337823025,2.613409839790278,0.8932589428466186,2,2,2,0,0,5,2,5,0,0
8,4,XMEAS-31,8,7,8,8,3,3,2,2,2,8,2,2,4,3,0.5714285714285714,+,5,3,0.625,+,-0.912065824251798,1.3434383954507376,3.280233061105392,1.360937584678864,False,True,True,False,False,-0.14319610172648334,4.521455606938601,3.504312599653999,1.2088855693167737,2,2,2,0,0,4,4,5,5,5
8,4,XMEAS-32,8,0,0,0,0,0,0,0,0,0,0,0,0,0,,none,0,0,,none,0.0649158246493291,0.0390967948262093,1.0251220722234302,1.0658940908464736,False,False,False,False,False,0.0984981715503387,0.1582952420616102,1.057111688634722,1.0399331952696564,0,0,0,0,0,0,0,0,0,0
8,4,XMEAS-33,8,3,4,2,0,0,2,1,1,1,0,0,3,0,1.0,+,2,2,0.5,tie,-0.0651261696462422,0.0155546831414983,0.9984930790023444,1.0659240565307322,False,False,False,False,False,0.371835481405013,0.7774024165935289,1.1218233852730095,1.0827803178267184,0,1,1,0,0,4,1,1,0,0
8,4,XMEAS-34,8,5,8,5,0,0,4,2,2,4,0,0,0,5,1.0,-,3,5,0.625,-,-0.5079244073669205,-0.7634964411462428,1.1055734115260984,1.0286887095488706,False,True,False,False,False,-2.15290509034162,2.5098962222598304,2.591973635493338,0.991877473849399,1,2,2,0,0,5,3,5,0,0
8,4,XMEAS-35,8,3,6,4,0,0,1,1,1,2,0,0,2,1,0.6666666666666666,+,3,3,0.5,tie,0.6375389580792691,-0.0157982849905978,1.0996407940519413,0.980061092011536,False,False,False,False,False,0.19061108144443417,1.7780900679616485,1.3577689027295858,0.9371692210879603,1,2,1,0,0,2,4,5,0,0
8,4,XMEAS-36,8,1,6,4,0,0,1,1,1,2,0,0,0,1,1.0,-,2,4,0.6666666666666666,-,0.0410271013303147,-0.102734626640659,1.06057578431677,0.9665916636134358,False,False,False,False,False,0.30709992036588524,1.1048774709094855,1.2541955587005953,1.0786365182691968,0,1,1,0,0,1,1,3,0,0
8,4,XMEAS-37,8,0,0,0,0,0,0,0,0,0,0,0,0,0,,none,0,0,,none,-0.0032027105656779,-0.1881096154918143,1.210581626770135,1.2007119456483566,False,False,False,False,False,0.0305343582675452,0.121552152337194,0.9706880680474603,0.9230702193512474,0,0,0,0,0,0,0,0,0,0
8,4,XMEAS-38,8,6,6,6,2,2,3,1,1,4,1,1,4,2,0.6666666666666666,+,4,2,0.6666666666666666,+,-0.4517920512138388,-0.2102014911241855,1.59583084865138,1.7454912052174325,False,False,True,True,True,0.7262879959746789,1.8974445482160882,1.5518675082092948,1.1219882038233346,2,2,1,0,0,5,3,5,0,0
8,4,XMEAS-39,8,1,0,0,0,0,1,0,0,0,0,0,0,1,1.0,-,0,0,,none,0.0139471367747867,-0.4728183482302466,1.1336241116666963,1.2210252227573053,False,False,False,False,False,-0.4198337557902947,0.12583979463551795,0.9526618684455189,1.0119753195862495,0,0,0,0,0,0,0,0,0,0
8,4,XMEAS-4,8,3,5,5,0,0,1,1,1,4,0,0,2,1,0.6666666666666666,+,1,4,0.8,-,0.8413502680134957,0.0328689221297127,1.2426878610910566,0.9760561037734088,False,False,False,False,False,0.5510250699674228,0.8522425260190418,1.5732239132192036,1.0419543246945997,0,1,1,0,0,2,4,4,0,0
8,4,XMEAS-40,8,0,0,0,0,0,0,0,0,0,0,0,0,0,,none,0,0,,none,0.0497301421057113,0.1242177620231523,1.039446021317977,1.197168771868003,False,False,False,False,False,-0.03245205687614455,0.2303657969753464,0.9657370953819753,0.9756004986832914,0,0,0,0,0,0,0,0,0,0
8,4,XMEAS-41,8,0,0,0,0,0,0,0,0,0,0,0,0,0,,none,0,0,,none,-0.0178955368429257,-0.3074189002636424,0.4996159870488467,0.537528054392784,False,False,False,False,False,0.03763919994859838,0.2530384273410382,0.8944395212201144,0.9350476161967762,0,0,0,0,0,0,0,0,0,0
8,4,XMEAS-5,8,2,6,8,0,0,1,1,1,8,0,0,1,1,0.5,tie,2,4,0.6666666666666666,-,0.3188498909065586,-0.1677253125765331,1.5841679101923314,0.9736575445245944,False,False,True,False,False,-0.19192304461892165,1.6098866398291614,1.6284407460309513,0.9990855432819047,0,1,2,0,0,2,2,5,0,0
8,4,XMEAS-6,8,2,6,8,0,0,1,1,1,8,0,0,1,1,0.5,tie,2,4,0.6666666666666666,-,0.5116942391239554,-0.1756368169251343,1.4534270531121114,0.896020240475554,False,False,True,False,False,-0.226006258241988,1.5014750708404452,1.5445739071608973,0.9593273262535523,0,1,2,0,0,1,3,5,0,0
8,4,XMEAS-7,8,5,5,8,2,2,3,2,1,8,2,2,1,4,0.8,-,2,3,0.6,-,-0.9569659829021608,-1.2481178214084525,3.006024391188361,1.100439871500119,False,True,True,False,False,-1.075063220332332,1.715064581035959,4.817054238281463,1.0491833997379942,1,1,2,0,0,5,2,5,2,2
8,4,XMEAS-8,8,0,4,2,0,0,0,1,1,1,0,0,0,0,,none,2,2,0.5,tie,0.0467653220585881,0.1765756873057429,1.086301639027401,0.9762325827461092,False,False,False,False,False,-0.22997358452021816,0.41073684276315736,1.0883620037472557,1.0305503279624917,0,1,0,0,0,0,0,1,0,0
8,4,XMEAS-9,8,0,0,1,0,0,0,0,0,1,0,0,0,0,,none,0,0,,none,0.1619202466228815,0.1260912347803268,1.1230524814105791,1.0356604329814478,False,False,False,False,False,-0.0625424157675614,0.082752802107962,1.0682178529190816,1.0309810274971225,0,0,0,0,0,0,0,1,0,0
8,5,XMEAS-1,8,5,8,8,3,3,2,2,2,8,2,2,2,3,0.6,-,5,3,0.625,+,-23.695879133233053,-12.091589148139448,4.453029320944328,1.190553797260231,True,True,True,False,False,-1.8356590039846012,17.167022467531233,10.118378830473535,1.426343115878375,1,2,2,1,1,4,4,5,4,4
8,5,XMEAS-10,8,5,6,8,6,6,1,1,1,8,6,6,3,2,0.6,+,3,3,0.5,tie,4.597898725717223,3.369440430985448,2.128041490518933,1.142864076138457,True,True,True,False,False,-1.5450442504774249,1.976870236984789,11.150725218279147,2.1802391305823487,1,2,2,2,2,2,4,5,5,5
8,5,XMEAS-11,8,7,7,8,0,0,2,3,2,8,0,0,3,4,0.5714285714285714,-,2,5,0.7142857142857143,-,10.969093344668316,4.812326356866557,2.3166529923482924,0.954491640160966,True,True,True,False,False,0.43562224432618013,1.5504401291021475,8.09336310783865,1.1051248584853475,2,2,2,0,0,4,5,5,0,0
8,5,XMEAS-12,8,0,4,4,0,0,0,1,1,2,0,0,0,0,,none,2,2,0.5,tie,-0.2442438293453959,-0.4243832181722347,1.1255221664409163,0.9549287656396128,False,False,False,False,False,0.9216800651271065,0.7971356873993949,1.7850120839560328,1.053236615248145,0,1,1,0,0,1,1,5,0,0
8,5,XMEAS-13,8,3,6,8,0,0,2,5,3,8,0,0,0,3,1.0,-,1,5,0.8333333333333334,-,0.9416079102382102,0.4761574382276006,2.029131913635072,1.064421661160842,False,False,True,False,False,-1.7088859433103871,1.3139777638358219,9.520768361862313,1.3060928787693302,1,1,2,0,0,5,3,5,1,1
8,5,XMEAS-14,8,1,4,4,0,0,1,2,1,2,0,0,1,0,1.0,+,1,3,0.75,-,0.0011501239985425,-0.3681077337845355,1.1194500060493675,0.9838177708232,False,False,False,False,False,1.3088230248580293,0.6692265334216255,1.5475974933977708,1.0220647219146384,0,1,1,0,0,0,0,5,0,0
8,5,XMEAS-15,8,2,4,7,0,0,1,1,1,6,0,0,1,1,0.5,tie,1,3,0.75,-,-0.4938999374548253,-0.4706344506626672,1.4012980622282258,1.0095861107755768,False,False,True,False,False,0.2830253102209293,1.3237375078980942,2.896582749738916,1.0173327662199676,0,2,2,0,0,2,2,5,0,0
8,5,XMEAS-16,8,3,6,8,2,2,2,5,3,8,1,1,0,3,1.0,-,1,5,0.8333333333333334,-,0.9540785597177612,0.5790764353185861,2.131488959131723,1.0174315851155844,False,False,True,False,False,-1.5058759424397636,1.424420615525798,9.673587463712327,1.3776736597476336,1,1,2,1,1,5,3,5,2,2
8,5,XMEAS-17,8,0,0,0,0,0,0,0,0,0,0,0,0,0,,none,0,0,,none,-0.0480517266582467,-0.0774487980431929,1.018755864039641,1.009513475347477,False,False,False,False,False,0.0011818409783960517,0.08865098801738006,1.046405040613277,1.0154825913082663,0,0,0,0,0,0,0,0,0,0
8,5,XMEAS-18,8,5,8,7,2,2,1,3,2,6,1,1,2,3,0.6,-,3,5,0.625,-,8.105878461995289,3.19859018735485,2.373458990184817,1.0727342158111228,True,True,True,False,False,-1.2540674701368193,2.4777187237529796,8.39326934506632,1.2529427058730123,2,2,2,1,1,4,5,5,1,1
8,5,XMEAS-19,8,0,0,0,0,0,0,0,0,0,0,0,0,0,,none,0,0,,none,0.0139176721647607,0.0052923130806828,0.9453379559168762,0.95971348653225,False,False,False,False,False,0.023421588993708796,0.0048317313065137,0.9799507957098123,0.9596899494811901,0,0,0,0,0,0,0,0,0,0
8,5,XMEAS-2,8,0,0,0,0,0,0,0,0,0,0,0,0,0,,none,0,0,,none,0.1116233411436395,0.065641690418623,0.9797438117375068,1.0222743867864217,False,False,False,False,False,0.24270847502258575,0.0771772521916709,1.0005361454794504,1.0317270344920755,0,0,0,0,0,0,0,0,0,0
8,5,XMEAS-20,8,8,7,8,0,0,2,2,2,8,0,0,4,4,0.5,tie,3,4,0.5714285714285714,-,15.327240662370366,5.363369797936663,4.802003054255854,1.0560293701912284,True,True,True,False,False,2.3526861296602988,2.234701350849886,10.48857137780712,1.164029728112118,2,1,2,0,0,5,5,5,0,0
8,5,XMEAS-21,8,6,6,8,0,0,2,2,2,8,0,0,3,3,0.5,tie,2,4,0.6666666666666666,-,-2.2329067226306107,-0.8696317736158665,1.842177869159198,0.902572659774063,True,True,True,False,False,-0.3427164601677952,2.1682626208847733,4.895766881228252,1.075297080257482,2,2,2,0,0,3,4,5,0,0
8,5,XMEAS-22,8,6,7,7,0,0,2,3,2,6,0,0,2,4,0.6666666666666666,-,2,5,0.7142857142857143,-,7.76563333933469,3.1443571013480023,1.8945978444778837,0.9331935985628246,True,True,True,False,False,-0.43276241310594,1.1212886814586955,5.348915478763205,1.114286279234475,2,2,2,0,0,5,5,5,0,0
8,5,XMEAS-23,8,7,7,8,0,0,2,2,2,8,0,0,3,4,0.5714285714285714,-,3,4,0.5714285714285714,-,6.0186623369774015,2.361016484503893,1.8630024872935331,0.9967168959738484,True,True,True,False,False,2.111140041466761,0.727733604757561,4.537058387173092,1.2524593397566632,2,1,2,0,0,2,3,5,0,0
8,5,XMEAS-24,8,7,3,7,0,0,4,2,1,7,0,0,1,6,0.8571428571428571,-,0,3,1.0,-,0.9851139937882056,0.1012078996524339,1.2542649322645882,0.971875128412404,False,False,False,False,False,-2.3966840681376578,0.22338942275794405,2.0431050811183047,1.0682763996567646,2,0,2,0,0,4,3,5,0,0
8,5,XMEAS-25,8,8,6,8,0,0,2,2,2,8,0,0,5,3,0.625,+,4,2,0.6666666666666666,+,-6.484744352568993,-2.4200284382370745,2.6134131066127537,1.2223028401472291,True,True,True,False,False,-2.5181132418446834,0.7004762543972728,4.92873954103503,1.2857856990484318,2,1,2,0,0,4,4,5,0,0
8,5,XMEAS-26,8,0,2,0,0,0,0,1,1,0,0,0,0,0,,none,2,0,1.0,+,-0.7370643683387076,-0.1788093818571862,1.0326408267078904,0.9139579079289862,False,False,False,False,False,0.04160168580075696,0.0765800819174141,1.1184273327662921,1.0451928486634594,0,0,0,0,0,0,0,0,0,0
8,5,XMEAS-27,8,3,4,0,0,0,2,2,2,0,0,0,3,0,1.0,+,3,1,0.75,+,-0.397718257771487,-0.294695167861921,0.7910594261786007,0.8091645347951973,False,False,False,False,False,1.3581714127729971,0.30800550818282113,1.0486506013813763,0.8060814127856786,1,0,0,0,0,4,2,0,0,0
8,5,XMEAS-28,8,5,6,8,0,0,2,2,2,8,0,0,1,4,0.8,-,2,4,0.6666666666666666,-,1.3484091064781167,-0.1333405393767294,1.4231818154745917,1.1242327505486425,False,False,True,False,False,1.2003581899047202,2.3711397870903292,2.0623590214809946,1.109395096691967,0,2,2,0,0,5,3,5,0,0
8,5,XMEAS-29,8,7,7,8,2,2,2,2,2,8,2,2,3,4,0.5714285714285714,-,3,4,0.5714285714285714,-,8.219833858518436,3.223971443348234,2.7786423450244615,1.2246397068833372,True,True,True,False,False,2.9071316645651466,0.8020848767109914,6.3598045330461375,1.367144514066853,2,1,2,1,1,2,4,5,4,4
8,5,XMEAS-3,8,0,0,0,0,0,0,0,0,0,0,0,0,0,,none,0,0,,none,-0.1085876281074728,-0.0448521570484354,0.9621327504298246,0.9713601839575824,False,False,False,False,False,0.1577465315589231,0.2109911737113067,1.1152459123679686,1.0207946854966428,0,0,0,0,0,0,0,0,0,0
8,5,XMEAS-30,8,7,3,7,0,0,4,3,3,7,0,0,1,6,0.8571428571428571,-,0,3,1.0,-,0.2013774221828093,-0.2580311464759501,1.0866344509791397,0.8068605080262771,False,False,False,False,False,-3.4626431684178627,0.459298467863607,2.257000269019185,1.1343399372498573,2,0,2,0,0,5,2,5,0,0
8,5,XMEAS-31,8,8,6,8,4,4,2,2,2,8,3,3,5,3,0.625,+,4,2,0.6666666666666666,+,-8.506230546419395,-3.175677535806322,2.9942785788078417,1.1533305903085325,True,True,True,False,False,-3.537583718127117,0.588832652377366,6.57093115137358,1.4701301217727378,2,1,2,1,1,4,4,5,5,5
8,5,XMEAS-32,8,0,0,0,0,0,0,0,0,0,0,0,0,0,,none,0,0,,none,-0.0698330273817502,-0.118821461660685,0.9611875616004972,0.958833180095048,False,False,False,False,False,0.31216716185688886,0.0803095173367703,1.0018736117257612,0.9257674958838998,0,0,0,0,0,0,0,0,0,0
8,5,XMEAS-33,8,4,3,0,0,0,2,1,1,0,0,0,3,1,0.75,+,2,1,0.6666666666666666,+,-0.3397093680750244,-0.1507103165297522,0.920724071791954,0.9077053574205304,False,False,False,False,False,1.5848430814309329,0.43732949736279314,1.1799926470780813,0.9643878293370152,1,0,0,0,0,4,1,1,0,0
8,5,XMEAS-34,8,4,7,8,0,0,2,2,1,8,0,0,1,3,0.75,-,2,5,0.7142857142857143,-,1.0805422466060195,-0.0748453596824266,1.5656029696871805,1.2500674208531382,False,False,True,False,False,1.4751953706520693,2.86849441823714,2.374971367044246,1.0292468816075502,0,2,2,0,0,5,3,5,0,0
8,5,XMEAS-35,8,4,5,3,0,0,1,2,2,2,0,0,2,2,0.5,tie,2,3,0.6,-,2.7691255264236734,1.5178334312336992,1.2318276576502611,1.109510003427958,True,True,False,False,False,-0.15870512169618367,0.45300270936415465,2.410091964119756,1.0599527314039694,2,0,1,0,0,2,4,5,0,0
8,5,XMEAS-36,8,1,4,2,0,0,1,2,2,1,0,0,0,1,1.0,-,1,3,0.75,-,1.572007007355857,0.6789450808384276,1.132298254332935,1.1461015776726704,False,False,False,False,False,-0.09308755541651137,0.28628669567471976,1.5542526648164088,1.06397669045559,0,0,1,0,0,1,1,3,0,0
8,5,XMEAS-37,8,0,0,0,0,0,0,0,0,0,0,0,0,0,,none,0,0,,none,0.386631228481652,-0.2017805468496815,0.9543911433881276,0.8877292225250664,False,False,False,False,False,0.07706560789173111,0.17368846600047688,0.8061708134481665,0.8749056651180356,0,0,0,0,0,0,0,0,0,0
8,5,XMEAS-38,8,5,7,4,0,0,2,2,2,3,0,0,3,2,0.6,+,4,3,0.5714285714285714,+,-1.975329783263448,-1.2493028810574272,0.9480921601324084,0.9621542071534264,True,True,False,False,False,2.069979649977383,1.7198211061106434,1.9442476506579691,1.0912728515544607,1,2,2,0,0,5,3,5,0,0
8,5,XMEAS-39,8,0,1,1,0,0,0,1,1,1,0,0,0,0,,none,0,1,1.0,-,-0.6373899329873293,-0.3575099210720737,0.8946382934787417,0.9405136616636652,False,False,False,False,False,0.023727654762467743,0.12149665796379244,1.2278692142439875,0.920677544349217,0,0,1,0,0,0,0,0,0,0
8,5,XMEAS-4,8,3,8,4,0,0,2,2,2,3,0,0,2,1,0.6666666666666666,+,3,5,0.625,-,3.4530515511426367,1.8980356615117917,1.1135126019816115,0.9939970184108426,True,True,False,False,False,0.20478099282438456,1.7685316328190501,1.5717762336351115,0.9721286488668024,0,2,2,0,0,2,4,4,0,0
8,5,XMEAS-40,8,0,0,0,0,0,0,0,0,0,0,0,0,0,,none,0,0,,none,-0.2490138343204409,0.0984754521357096,0.7008069913717234,0.730469318549836,False,False,False,False,False,0.0323346203381292,0.165509857435717,1.2654585078287335,1.1481103496596963,0,0,0,0,0,0,0,0,0,0
8,5,XMEAS-41,8,0,0,0,0,0,0,0,0,0,0,0,0,0,,none,0,0,,none,0.2303234400912593,-0.2291289634545661,1.1788701922325708,1.0452730523424891,False,False,False,False,False,-0.2413238878699472,0.1075366935893478,1.187177419815349,1.0284034985062531,0,0,0,0,0,0,0,0,0,0
8,5,XMEAS-5,8,5,5,7,0,0,1,2,1,6,0,0,2,3,0.6,-,2,3,0.6,-,3.2624184116866677,1.1499285119678415,1.4304025054384089,0.9949002263848404,True,True,True,False,False,0.4988878138186168,0.5655970967605642,2.3604541757958137,0.9700279379350478,2,1,2,0,0,2,2,5,0,0
8,5,XMEAS-6,8,5,7,8,0,0,1,2,2,8,0,0,2,3,0.6,-,3,4,0.5714285714285714,-,3.1903806058647706,1.1703712990053965,1.4929827520734191,0.952859575712457,True,True,True,False,False,0.5424210534519855,0.5892895750170221,2.2684328598656984,1.0329493632314448,2,1,2,0,0,1,3,5,0,0
8,5,XMEAS-7,8,3,6,8,0,0,2,5,3,8,0,0,0,3,1.0,-,1,5,0.8333333333333334,-,0.9518301555145096,0.4293183315044963,2.1153862198348303,1.0121405199885634,False,False,True,False,False,-1.7016992219824933,1.2960204215808797,9.735762154706244,1.2779454527309815,1,1,2,0,0,5,2,5,2,2
8,5,XMEAS-8,8,0,1,2,0,0,0,1,1,1,0,0,0,0,,none,1,0,1.0,+,-0.7540567728602363,-0.1114618552423722,1.1379035136357645,1.0688244469323014,False,False,False,False,False,0.037942943356810255,0.7881582222077664,1.3747952624486404,1.024152200017887,0,1,1,0,0,0,0,1,0,0
8,5,XMEAS-9,8,0,0,1,0,0,0,0,0,1,0,0,0,0,,none,0,0,,none,0.0957619531343721,0.0860455773805831,0.9959498975707236,1.0087926576241462,False,False,False,False,False,-0.05849848894642065,0.037034793944064295,1.2529771774979306,1.0236651537087855,0,0,0,0,0,0,0,1,0,0
10,1,XMEAS-1,8,0,0,0,0,0,0,0,0,0,0,0,0,0,,none,0,0,,none,-0.766969131035554,-0.0475388558706387,0.7940230526438529,1.0460594247613255,False,False,False,False,False,0.1676164299554133,0.16093604324994576,0.6862318490833608,1.0469388978410628,0,0,0,0,0,0,0,0,0,0
10,1,XMEAS-10,8,0,0,0,0,0,0,0,0,0,0,0,0,0,,none,0,0,,none,-0.1608651617613394,-0.2816938623260305,0.658017673978087,1.0525351009369532,False,False,False,False,False,0.15037435165097623,0.17782028006397238,0.9766340564832297,1.0327871840836373,0,0,0,0,0,0,0,0,0,0
10,1,XMEAS-11,8,0,0,0,0,0,0,0,0,0,0,0,0,0,,none,0,0,,none,-0.897956802711206,-0.3253342721543109,0.8388959434017963,0.994718036024219,False,False,False,False,False,0.9253960898858844,0.20894844123951978,0.8937970681417323,0.9493942695284646,0,0,0,0,0,0,0,0,0,0
10,1,XMEAS-12,8,0,0,0,0,0,0,0,0,0,0,0,0,0,,none,0,0,,none,0.0775110066640005,-0.0290429115177908,1.0021477213983183,1.0254291414266683,False,False,False,False,False,-0.22896806175075407,0.0845492383540919,1.0368195414600248,1.0368396647256664,0,0,0,0,0,0,0,0,0,0
10,1,XMEAS-13,8,0,0,0,0,0,0,0,0,0,0,0,0,0,,none,0,0,,none,0.005732803612144,-0.0145714850813867,0.8406773907412135,1.0046723870464849,False,False,False,False,False,0.0670788723340959,0.09219794927438124,0.9688995257321711,0.9694893587777393,0,0,0,0,0,0,0,0,0,0
10,1,XMEAS-14,8,0,0,0,0,0,0,0,0,0,0,0,0,0,,none,0,0,,none,0.2289662150230484,0.0950071585675313,1.007453043296698,1.010748958321399,False,False,False,False,False,-0.31065651141217443,0.09173240214568876,0.9833436918544958,0.9737240941899892,0,0,0,0,0,0,0,0,0,0
10,1,XMEAS-15,8,0,0,0,0,0,0,0,0,0,0,0,0,0,,none,0,0,,none,-0.2409749947250564,-0.1250166799738683,1.039536545426986,1.025625358754636,False,False,False,False,False,-0.6051161426980274,0.33349480539095144,0.9968248070173424,0.993596576386272,0,0,0,0,0,0,0,0,0,0
10,1,XMEAS-16,8,0,0,0,0,0,0,0,0,0,0,0,0,0,,none,0,0,,none,0.058551073423967,-0.0270559834171172,0.8386533760149699,1.016679691726692,False,False,False,False,False,0.00538319454728825,0.0666863063989622,0.9626598509070564,0.9920238979899082,0,0,0,0,0,0,0,0,0,0
10,1,XMEAS-17,8,0,0,0,0,0,0,0,0,0,0,0,0,0,,none,0,0,,none,0.0307497489767534,-0.0242753814953092,1.0032769544752296,1.019904940955762,False,False,False,False,False,-0.09252213765426605,0.02930442809624545,0.9836418301217702,0.9789926819915103,0,0,0,0,0,0,0,0,0,0
10,1,XMEAS-18,8,8,6,8,5,5,6,2,1,8,2,2,6,2,0.75,+,4,2,0.6666666666666666,+,-6.08227837847306,-2.382565646810363,4.361499936089393,1.203034186920052,True,True,True,False,False,-3.5939271289330126,2.0360605224817867,11.85718304747502,2.57060645570615,2,1,2,2,2,5,4,5,5,5
10,1,XMEAS-19,8,0,0,0,0,0,0,0,0,0,0,0,0,0,,none,0,0,,none,0.0390695509676164,0.0232203802517024,1.018899653337694,1.0113361907541467,False,False,False,False,False,0.01987233066543335,0.0222437764526567,1.0093420213389035,0.9891152955063198,0,0,0,0,0,0,0,0,0,0
10,1,XMEAS-2,8,0,0,0,0,0,0,0,0,0,0,0,0,0,,none,0,0,,none,-0.3313119865553963,0.0887370977441524,0.9890599767255082,1.0718755525781904,False,False,False,False,False,-0.03360346215006069,0.0135649762557231,1.013179927825475,1.0475283469150134,0,0,0,0,0,0,0,0,0,0
10,1,XMEAS-20,8,0,0,0,0,0,0,0,0,0,0,0,0,0,,none,0,0,,none,-1.228515241036324,-0.3504667674710541,0.6154048918937447,0.9589698446052608,False,False,False,False,False,0.5103568887504198,0.1302772249796105,0.5792486364865529,0.9347656682222013,0,0,0,0,0,0,0,0,0,0
10,1,XMEAS-21,8,0,0,0,0,0,0,0,0,0,0,0,0,0,,none,0,0,,none,1.0937424253022552,-0.1853689901926443,0.8349647623164373,0.9750872781269516,False,False,False,False,False,0.3425598613097139,0.19876197440499077,1.0298149253729392,1.0067032965967737,0,0,0,0,0,0,0,0,0,0
10,1,XMEAS-22,8,0,0,0,0,0,0,0,0,0,0,0,0,0,,none,0,0,,none,-0.7973696942308545,-0.2073184407945961,0.9285942966047596,0.990812001741872,False,False,False,False,False,0.5462325955766967,0.058607797532716804,0.869575785007304,0.9810398461771976,0,0,0,0,0,0,0,0,0,0
10,1,XMEAS-23,8,0,0,0,0,0,0,0,0,0,0,0,0,0,,none,0,0,,none,-0.1310980467596923,-0.0417976892443018,0.8852322791834051,0.9547607870506112,False,False,False,False,False,-0.03070087644955835,0.12365003586782129,0.9629112426113389,0.9875055320569703,0,0,0,0,0,0,0,0,0,0
10,1,XMEAS-24,8,0,0,0,0,0,0,0,0,0,0,0,0,0,,none,0,0,,none,0.3037112299762662,-0.1538755735139557,1.1063082797873904,1.1980561161561054,False,False,False,False,False,-0.2034456806126338,0.0825287858908198,1.0780425707477885,1.1624533772525023,0,0,0,0,0,0,0,0,0,0
10,1,XMEAS-25,8,0,0,0,0,0,0,0,0,0,0,0,0,0,,none,0,0,,none,-0.1105799345823455,0.0825767974229796,0.98653046900669,1.0241084123819852,False,False,False,False,False,-0.03225657397348235,0.038787511805021255,0.9885816717480438,1.0764395354683285,0,0,0,0,0,0,0,0,0,0
10,1,XMEAS-26,8,0,0,0,0,0,0,0,0,0,0,0,0,0,,none,0,0,,none,-0.0422805226898908,0.3671287335748875,0.8847513155159472,1.0222907625751094,False,False,False,False,False,-0.05824320325665645,0.059967355666609254,0.9977033571979208,1.0707648665754896,0,0,0,0,0,0,0,0,0,0
10,1,XMEAS-27,8,0,0,0,0,0,0,0,0,0,0,0,0,0,,none,0,0,,none,0.5267440461964276,-0.125529206858105,0.9576344072224496,1.012748113878892,False,False,False,False,False,0.04393592048737195,0.0514464744879934,1.0871624943306026,1.0804887015632747,0,0,0,0,0,0,0,0,0,0
10,1,XMEAS-28,8,0,0,0,0,0,0,0,0,0,0,0,0,0,,none,0,0,,none,0.6541677436410407,-0.1563680067944507,0.7670830150313734,0.8288948014869216,False,False,False,False,False,0.5912343214351311,0.20350680961089873,0.9009071518306021,1.0051880638108812,0,0,0,0,0,0,0,0,0,0
10,1,XMEAS-29,8,0,0,0,0,0,0,0,0,0,0,0,0,0,,none,0,0,,none,-0.2627209673619902,-0.3525203736715499,1.1460997935062691,1.3029137906565484,False,False,False,False,False,0.13087045711177128,0.13706123453564126,0.8521835095796007,0.9645661502434406,0,0,0,0,0,0,0,0,0,0
10,1,XMEAS-3,8,0,0,0,0,0,0,0,0,0,0,0,0,0,,none,0,0,,none,0.400591922512318,-0.0870599285338108,0.9640546960431848,1.007608889417312,False,False,False,False,False,-0.1074282433812969,0.10360637689490354,0.9907612563298194,1.0139127648912925,0,0,0,0,0,0,0,0,0,0
10,1,XMEAS-30,8,0,0,0,0,0,0,0,0,0,0,0,0,0,,none,0,0,,none,0.5765400198793541,0.1623526073598891,0.842960929893607,0.9435609577016096,False,False,False,False,False,-0.2996285656304475,0.07941103020065166,0.9626202346867684,1.0611879566123248,0,0,0,0,0,0,0,0,0,0
10,1,XMEAS-31,8,0,0,0,0,0,0,0,0,0,0,0,0,0,,none,0,0,,none,-0.4888147946286449,0.2062738536751587,1.0125698663700924,1.002841965751695,False,False,False,False,False,0.12547823699553914,0.0663943854069875,0.9846718560748682,1.1218776966575907,0,0,0,0,0,0,0,0,0,0
10,1,XMEAS-32,8,0,0,0,0,0,0,0,0,0,0,0,0,0,,none,0,0,,none,-0.1257264995263806,0.2496500390711438,1.2043548887436242,1.174579288722864,False,False,False,False,False,0.08721512819468094,0.0332646225405732,0.8796776808027207,0.8707153126497692,0,0,0,0,0,0,0,0,0,0
10,1,XMEAS-33,8,0,0,0,0,0,0,0,0,0,0,0,0,0,,none,0,0,,none,0.5634957203908739,0.0328469730124045,0.8517898049918077,0.8412472777243613,False,False,False,False,False,-0.34750874208444915,0.08618404325278355,0.8593562985316017,0.8061008207307765,0,0,0,0,0,0,0,0,0,0
10,1,XMEAS-34,8,0,0,0,0,0,0,0,0,0,0,0,0,0,,none,0,0,,none,0.9161111853293792,-0.2205705541779777,0.9090172349915518,1.022972084585354,False,False,False,False,False,0.5542944992386913,0.11308636386019705,0.9433664177851753,1.1396065428795517,0,0,0,0,0,0,0,0,0,0
10,1,XMEAS-35,8,0,0,0,0,0,0,0,0,0,0,0,0,0,,none,0,0,,none,-0.5191217785945557,-0.0140159837731102,1.067853783436986,1.0904862202012102,False,False,False,False,False,0.2212913376380094,0.1215314496652158,0.989355985132716,1.091341121492602,0,0,0,0,0,0,0,0,0,0
10,1,XMEAS-36,8,0,0,0,0,0,0,0,0,0,0,0,0,0,,none,0,0,,none,-0.1309255070215331,-0.0769684716244343,0.7342465293603944,0.7896663761896311,False,False,False,False,False,0.16530292041618402,0.058846909092786004,0.9052640721191048,0.9329137688705165,0,0,0,0,0,0,0,0,0,0
10,1,XMEAS-37,8,0,0,0,0,0,0,0,0,0,0,0,0,0,,none,0,0,,none,-0.0299007961132549,-0.3064936787829903,0.9493325842829652,1.011366909521051,False,False,False,False,False,-0.24670270233667235,0.1761330988821765,0.949324139492749,1.029399799068869,0,0,0,0,0,0,0,0,0,0
10,1,XMEAS-38,8,0,0,1,0,0,0,0,0,1,0,0,0,0,,none,0,0,,none,0.8581799624828227,0.0257738398744817,0.8216108887353951,0.8210650878987664,False,False,False,False,False,0.15228635189081113,0.42980697404249213,1.0955069498342618,1.0592960591739284,0,0,0,0,0,0,0,2,0,0
10,1,XMEAS-39,8,0,0,0,0,0,0,0,0,0,0,0,0,0,,none,0,0,,none,0.8656435661959304,0.0215196172988259,0.887356508752487,0.7969751404235323,False,False,False,False,False,0.0015727133838727494,0.15533029921966995,1.0189035425581614,0.9943841096552215,0,0,0,0,0,0,0,0,0,0
10,1,XMEAS-4,8,0,0,0,0,0,0,0,0,0,0,0,0,0,,none,0,0,,none,-0.0747544138893511,-0.0073765993758946,0.9893764384022404,0.9826548748935195,False,False,False,False,False,-0.079240265202859,0.09155813934390769,0.9885706459383491,0.9594390008860894,0,0,0,0,0,0,0,0,0,0
10,1,XMEAS-40,8,0,0,0,0,0,0,0,0,0,0,0,0,0,,none,0,0,,none,0.0181867545027396,-0.3103705438208506,0.8280086221308132,0.9066049268867826,False,False,False,False,False,-0.018405797538177046,0.1080542438114142,1.032501527441967,1.221149514890005,0,0,0,0,0,0,0,0,0,0
10,1,XMEAS-41,8,0,0,1,1,1,0,0,0,1,1,1,0,0,,none,0,0,,none,0.1704982963578614,-0.0886563648275121,0.9781954335493964,1.0741123514514626,False,False,False,False,False,0.1510568736365701,0.1226684527138249,0.8864584231076815,0.9063888683619985,0,0,0,0,0,0,0,0,0,0
10,1,XMEAS-5,8,0,0,0,0,0,0,0,0,0,0,0,0,0,,none,0,0,,none,-0.2917309993144871,-0.0067795469528168,0.984330612277551,1.0504830947614634,False,False,False,False,False,0.11329499503394069,0.0638718882458432,1.0107583411508667,1.0544957036546503,0,0,0,0,0,0,0,0,0,0
10,1,XMEAS-6,8,0,0,0,0,0,0,0,0,0,0,0,0,0,,none,0,0,,none,-0.2042566828677742,-0.0878496178397773,1.013363351682068,1.0054373662126368,False,False,False,False,False,0.0882232254918412,0.05475130610099565,1.027280450375844,1.054115993744098,0,0,0,0,0,0,0,0,0,0
10,1,XMEAS-7,8,0,0,0,0,0,0,0,0,0,0,0,0,0,,none,0,0,,none,0.0266293895650364,-0.0125814889329788,0.8563822190336061,1.00801388610711,False,False,False,False,False,0.04445224474755545,0.07181420719741055,0.9764879832547236,0.9603751514040757,0,0,0,0,0,0,0,0,0,0
10,1,XMEAS-8,8,0,0,0,0,0,0,0,0,0,0,0,0,0,,none,0,0,,none,0.0109289237594469,-0.0005548271989173,1.0592477252260033,1.1049022367759334,False,False,False,False,False,-0.032526350364534204,0.08684476282839595,1.0271641704127088,1.046817953703679,0,0,0,0,0,0,0,0,0,0
10,1,XMEAS-9,8,0,0,0,0,0,0,0,0,0,0,0,0,0,,none,0,0,,none,0.1024556570037559,0.0485591783855831,0.9337729771317148,0.9480851627428762,False,False,False,False,False,0.00924427008671915,0.0118439378885183,0.9820693195099277,0.9945102650459429,0,0,0,0,0,0,0,0,0,0
10,2,XMEAS-1,8,0,0,0,0,0,0,0,0,0,0,0,0,0,,none,0,0,,none,0.4611051182679333,-0.2737415968489063,0.6108389550881775,1.0130813315627956,False,False,False,False,False,-0.301685108821656,0.3370905706237092,0.6944207037531188,1.0278098547073444,0,0,0,0,0,0,0,0,0,0
10,2,XMEAS-10,8,0,0,0,0,0,0,0,0,0,0,0,0,0,,none,0,0,,none,-0.5490005380367814,0.014790419193877,0.6185909605194599,0.9844906813378268,False,False,False,False,False,-0.14980449935324902,0.4690180524854053,0.817547497615152,0.9589685069313791,0,0,0,0,0,0,0,0,0,0
10,2,XMEAS-11,8,0,0,1,0,0,0,0,0,1,0,0,0,0,,none,0,0,,none,-0.536162531552778,0.0504232875446827,1.186335511066566,1.027242982756163,False,False,False,False,False,-0.7689570252558616,0.17431048144690436,0.9082392280274654,1.0210016474654342,0,0,0,0,0,0,0,0,0,0
10,2,XMEAS-12,8,0,0,0,0,0,0,0,0,0,0,0,0,0,,none,0,0,,none,0.1170472947807469,0.0184457329555538,0.977402392967945,1.0165486609252183,False,False,False,False,False,0.17046085360946756,0.12599943103955055,1.0050258603277844,1.0000013615095287,0,0,0,0,0,0,0,0,0,0
10,2,XMEAS-13,8,0,0,0,0,0,0,0,0,0,0,0,0,0,,none,0,0,,none,-0.0190793785205243,0.0266067986158297,0.8035887255920655,1.0177451307539072,False,False,False,False,False,-0.03488826904448765,0.09329990229156096,0.8880758027291172,1.0154520163817744,0,0,0,0,0,0,0,0,0,0
10,2,XMEAS-14,8,0,0,0,0,0,0,0,0,0,0,0,0,0,,none,0,0,,none,0.0247631980349729,0.0231931151638473,1.0197193325038487,1.0165087522048597,False,False,False,False,False,0.2166747757267301,0.05908139317993155,1.0570041712144398,1.0629683325483172,0,0,0,0,0,0,0,0,0,0
10,2,XMEAS-15,8,0,0,0,0,0,0,0,0,0,0,0,0,0,,none,0,0,,none,0.0298641747794208,-0.0166920693445361,0.917278604291236,0.946882655518216,False,False,False,False,False,0.3440030011824134,0.25939170866331696,0.953132234178045,0.9164170314994384,0,0,0,0,0,0,0,0,0,0
10,2,XMEAS-16,8,0,0,0,0,0,0,0,0,0,0,0,0,0,,none,0,0,,none,-0.0188070026084202,0.0426959540414414,0.7607646268493027,1.0112997688743328,False,False,False,False,False,0.012082416173391803,0.0624463264155528,0.8705414603420846,1.041558513935203,0,0,0,0,0,0,0,0,0,0
10,2,XMEAS-17,8,0,0,0,0,0,0,0,0,0,0,0,0,0,,none,0,0,,none,0.0623283421289848,0.0219614115396135,1.0773040455556209,1.0089328806512137,False,False,False,False,False,0.054269379580222696,0.0364997923815328,1.0297802944871275,1.031886197477759,0,0,0,0,0,0,0,0,0,0
10,2,XMEAS-18,8,7,8,8,7,7,3,3,2,8,7,7,4,3,0.5714285714285714,+,3,5,0.625,-,-0.1413277071204277,1.820624661671416,15.992266851597655,2.565913907217517,False,True,True,True,True,12.536844035024593,3.393837106869519,11.81086400789271,1.7300063274308495,2,2,2,1,1,5,4,5,5,5
10,2,XMEAS-19,8,0,0,0,0,0,0,0,0,0,0,0,0,0,,none,0,0,,none,-0.0094790475719284,0.0092794949047269,0.9907465909715988,1.0258028378176471,False,False,False,False,False,0.0802765376995586,0.03941774793379075,0.9773776007596293,0.9710014787631753,0,0,0,0,0,0,0,0,0,0
10,2,XMEAS-2,8,0,0,0,0,0,0,0,0,0,0,0,0,0,,none,0,0,,none,0.0877119986551379,0.0912610927300306,0.88812510040056,0.9003355145222925,False,False,False,False,False,-0.22343254503870344,0.0772243681673891,0.9566666202867029,1.0043707411395408,0,0,0,0,0,0,0,0,0,0
10,2,XMEAS-20,8,0,0,0,0,0,0,0,0,0,0,0,0,0,,none,0,0,,none,-0.4450165723703919,0.1847635149098644,0.6336364786722053,1.0350176297297735,False,False,False,False,False,-0.8639116476054597,0.2698401555865068,0.5985114491375607,0.9410059261757309,0,0,0,0,0,0,0,0,0,0
10,2,XMEAS-21,8,0,0,0,0,0,0,0,0,0,0,0,0,0,,none,0,0,,none,-0.0789695873379757,-0.1368190992464561,1.1496016841155705,1.0248043878633404,False,False,False,False,False,0.8279645566692844,0.19640131482241238,0.9314718323104336,1.0275339450375047,0,0,0,0,0,0,0,0,0,0
10,2,XMEAS-22,8,0,0,0,0,0,0,0,0,0,0,0,0,0,,none,0,0,,none,-0.4051641835772017,0.0314041035625854,0.979993422649908,1.0133384042561926,False,False,False,False,False,-0.6508495827621608,0.0974232760845111,0.9365009096899871,1.0386270657713461,0,0,0,0,0,0,0,0,0,0
10,2,XMEAS-23,8,0,0,0,0,0,0,0,0,0,0,0,0,0,,none,0,0,,none,0.0093010566574467,0.1211763632416137,0.9124944230461944,0.986822764365628,False,False,False,False,False,0.0700423994597882,0.16850369057860115,0.933223412866351,1.0055377780192942,0,0,0,0,0,0,0,0,0,0
10,2,XMEAS-24,8,0,0,0,0,0,0,0,0,0,0,0,0,0,,none,0,0,,none,0.3644022507634147,0.133139100608445,0.7401084673716982,0.7486139670738485,False,False,False,False,False,0.3466296944222395,0.0316777635432771,0.8217006824855966,0.9356755522459764,0,0,0,0,0,0,0,0,0,0
10,2,XMEAS-25,8,0,0,0,0,0,0,0,0,0,0,0,0,0,,none,0,0,,none,0.0239440566629071,-0.23411772920083,0.8240799516790348,0.8818481512549635,False,False,False,False,False,0.003630639373461836,0.05459189204593625,0.877117891400641,0.9085574784040558,0,0,0,0,0,0,0,0,0,0
10,2,XMEAS-26,8,0,0,0,0,0,0,0,0,0,0,0,0,0,,none,0,0,,none,0.243556695851877,0.0349448070996178,0.9955219459556052,0.9288725362783148,False,False,False,False,False,0.036446264986680896,0.11226891835912114,0.9313772170520797,0.9730498076254158,0,0,0,0,0,0,0,0,0,0
10,2,XMEAS-27,8,0,0,0,0,0,0,0,0,0,0,0,0,0,,none,0,0,,none,0.1670241200699247,0.051280895182282,0.9906348109901788,1.0725568487944337,False,False,False,False,False,0.1468969429209272,0.046406155327911605,0.92371003739562,0.8388116716514897,0,0,0,0,0,0,0,0,0,0
10,2,XMEAS-28,8,0,0,0,0,0,0,0,0,0,0,0,0,0,,none,0,0,,none,0.1806376435804894,0.1713062059113621,0.9605098537816518,1.0517549149734982,False,False,False,False,False,0.6269044437040987,0.12328315887765624,0.9288509957642517,0.9651355905568445,0,0,0,0,0,0,0,0,0,0
10,2,XMEAS-29,8,0,0,0,0,0,0,0,0,0,0,0,0,0,,none,0,0,,none,-0.1741580474575918,0.2280241746692429,0.911741050971729,1.0118675376102588,False,False,False,False,False,-0.2908672066270845,0.17262255270125376,1.004249792593124,1.061835868827926,0,0,0,0,0,0,0,0,0,0
10,2,XMEAS-3,8,0,0,0,0,0,0,0,0,0,0,0,0,0,,none,0,0,,none,-0.1238812882684789,-0.017389363235554,1.0336687892601475,1.093755583381603,False,False,False,False,False,-0.16656117734768872,0.0228638850758088,0.9480380243120822,1.0147401851827689,0,0,0,0,0,0,0,0,0,0
10,2,XMEAS-30,8,0,0,0,0,0,0,0,0,0,0,0,0,0,,none,0,0,,none,0.3560800307575202,0.060238967387098,0.7945921138803749,0.9674434115760828,False,False,False,False,False,0.6408091158639991,0.135690865321723,0.8580154876937607,0.9074802135841796,0,0,0,0,0,0,0,0,0,0
10,2,XMEAS-31,8,0,0,0,0,0,0,0,0,0,0,0,0,0,,none,0,0,,none,-0.1171865214906826,-0.2570489512465114,1.087029237807796,1.257999255687567,False,False,False,False,False,-0.3028967838693617,0.26608830073882456,0.968716818668262,1.0236959595558992,0,0,0,0,0,0,0,0,0,0
10,2,XMEAS-32,8,0,0,0,0,0,0,0,0,0,0,0,0,0,,none,0,0,,none,-0.0751940676089889,0.1324756210822159,1.1372437202894414,1.1327483232441842,False,False,False,False,False,0.0342521750252783,0.14138669722987068,1.0183794675716282,1.0193207202514718,0,0,0,0,0,0,0,0,0,0
10,2,XMEAS-33,8,0,0,0,0,0,0,0,0,0,0,0,0,0,,none,0,0,,none,0.0697316983407724,-0.1199824115020027,0.9611243290549416,1.0030901921860562,False,False,False,False,False,0.28419019062312373,0.11216141791890935,0.8156537093789844,0.8920432298793979,0,0,0,0,0,0,0,0,0,0
10,2,XMEAS-34,8,0,0,0,0,0,0,0,0,0,0,0,0,0,,none,0,0,,none,0.4047460633860806,0.1299470700451273,0.94616696039645,1.0306918682668518,False,False,False,False,False,0.8017145190700246,0.20843615952440836,0.9397601658131085,0.9951447777995941,0,0,0,0,0,0,0,0,0,0
10,2,XMEAS-35,8,0,0,0,0,0,0,0,0,0,0,0,0,0,,none,0,0,,none,-0.1987544011538226,0.2056024752161463,0.8075134109260271,0.9005839508207651,False,False,False,False,False,-0.0327716141959375,0.07664990478980165,0.8792006842294298,0.9499786308267587,0,0,0,0,0,0,0,0,0,0
10,2,XMEAS-36,8,0,0,0,0,0,0,0,0,0,0,0,0,0,,none,0,0,,none,-0.0970255412197819,0.0020005378313493,1.0890980254992328,1.187882069912766,False,False,False,False,False,0.00762193878264035,0.16062854708722005,0.9505893809731011,0.9717230662014329,0,0,0,0,0,0,0,0,0,0
10,2,XMEAS-37,8,0,0,0,0,0,0,0,0,0,0,0,0,0,,none,0,0,,none,-0.0604500612218101,0.2516374042274852,1.073098176966277,1.2688416318952993,False,False,False,False,False,-0.19461112179285306,0.08786904031528836,1.0673956066071515,1.0822693091491216,0,0,0,0,0,0,0,0,0,0
10,2,XMEAS-38,8,0,0,3,0,0,0,0,0,2,0,0,0,0,,none,0,0,,none,-0.0818185733048098,-0.1559060893572561,1.4982629837344814,1.2006280353979668,False,False,True,False,False,-0.3070534267941498,0.15768093685073278,1.3412262707288058,1.1127524462546587,0,0,0,0,0,0,0,2,0,0
10,2,XMEAS-39,8,0,0,0,0,0,0,0,0,0,0,0,0,0,,none,0,0,,none,0.025464826993679,-0.2707623507033485,1.265031214874346,1.3911943794331336,False,False,False,False,False,-0.0322360844314029,0.222798081153875,0.7701621132442413,0.8231561065148061,0,0,0,0,0,0,0,0,0,0
10,2,XMEAS-4,8,0,0,0,0,0,0,0,0,0,0,0,0,0,,none,0,0,,none,-0.1995136524341927,-0.0244208087600332,0.971079148217084,0.99455458094126,False,False,False,False,False,-0.1658418542153745,0.03610410347022605,1.0108183096970853,1.0359520150096149,0,0,0,0,0,0,0,0,0,0
10,2,XMEAS-40,8,0,0,0,0,0,0,0,0,0,0,0,0,0,,none,0,0,,none,-0.3168110753294562,-0.1352889736410435,0.8471760947326648,0.830276481756552,False,False,False,False,False,0.1077385777163417,0.11300470567192585,0.9309461615040915,1.0721836003770364,0,0,0,0,0,0,0,0,0,0
10,2,XMEAS-41,8,0,0,0,0,0,0,0,0,0,0,0,0,0,,none,0,0,,none,-0.4645779861505038,-0.3178149158683113,1.0517129278818869,1.0437945877500168,False,False,False,False,False,0.1991690388343899,0.1081034960037606,1.0809369339669779,1.1621240602427791,0,0,0,0,0,0,0,0,0,0
10,2,XMEAS-5,8,0,0,0,0,0,0,0,0,0,0,0,0,0,,none,0,0,,none,-0.0465344384294553,0.053741388347472,1.01440368406149,1.058309209572532,False,False,False,False,False,-0.1980797749181015,0.0686799887962491,0.9639279870615616,0.9624168104061024,0,0,0,0,0,0,0,0,0,0
10,2,XMEAS-6,8,0,0,0,0,0,0,0,0,0,0,0,0,0,,none,0,0,,none,-0.1355075501267302,0.042578943098591,0.992035351132778,1.0961219225801302,False,False,False,False,False,-0.11724444418417815,0.0782773780248352,0.9689716436640352,0.9498093056515715,0,0,0,0,0,0,0,0,0,0
10,2,XMEAS-7,8,0,0,0,0,0,0,0,0,0,0,0,0,0,,none,0,0,,none,-0.0450252428243305,0.0371299570332517,0.8075649467553706,0.9314438017043012,False,False,False,False,False,-0.011542572788724302,0.0868243770210819,0.8611053897106843,0.9756159089758565,0,0,0,0,0,0,0,0,0,0
10,2,XMEAS-8,8,0,0,0,0,0,0,0,0,0,0,0,0,0,,none,0,0,,none,-0.0630832693453252,-0.004256605261396,1.0501804582891408,1.0545198304602843,False,False,False,False,False,-0.006083697287344101,0.0203676438275403,0.9817447246856921,0.9488785195125853,0,0,0,0,0,0,0,0,0,0
10,2,XMEAS-9,8,0,0,0,0,0,0,0,0,0,0,0,0,0,,none,0,0,,none,0.0755593456816031,0.055945575890523,1.059670477244529,1.0791642401644672,False,False,False,False,False,-0.00019061164775674433,0.0200237500423399,0.9687173240608626,0.9756136205916295,0,0,0,0,0,0,0,0,0,0
10,3,XMEAS-1,8,0,0,0,0,0,0,0,0,0,0,0,0,0,,none,0,0,,none,-0.5845284452749239,0.525764339194949,0.6345910295361691,0.8348082056244155,False,False,False,False,False,0.10186488681569106,0.129539530520693,0.7554385267954467,0.973221347553535,0,0,0,0,0,0,0,0,0,0
10,3,XMEAS-10,8,0,0,1,0,0,0,0,0,1,0,0,0,0,,none,0,0,,none,0.1746446848775488,-0.4491622391176862,0.881856194289522,0.9940397030616658,False,False,False,False,False,0.23436714185285834,0.11056080336525641,1.328394838203716,1.1213511539454946,0,0,1,0,0,0,0,0,0,0
10,3,XMEAS-11,8,0,0,0,0,0,0,0,0,0,0,0,0,0,,none,0,0,,none,0.7235811128542093,-0.1044902363229119,0.8579079593005543,0.9341864432764192,False,False,False,False,False,-0.37631531497075843,0.26454894655467753,0.9115068879013644,0.9208319781550818,0,0,0,0,0,0,0,0,0,0
10,3,XMEAS-12,8,0,0,0,0,0,0,0,0,0,0,0,0,0,,none,0,0,,none,-0.299681062470804,-0.0529126284478953,0.98573615117667,0.982064602731182,False,False,False,False,False,0.07025467948289545,0.06058962911721395,0.9927748880123102,0.9639152828877908,0,0,0,0,0,0,0,0,0,0
10,3,XMEAS-13,8,0,0,1,0,0,0,0,0,1,0,0,0,0,,none,0,0,,none,-0.0827372596944412,-0.0022818604799547,0.9086180920476074,0.980355453094756,False,False,False,False,False,0.005611229486948095,0.1177694881404441,1.2758238006444071,0.9990605612731831,0,0,1,0,0,0,0,0,0,0
10,3,XMEAS-14,8,0,0,0,0,0,0,0,0,0,0,0,0,0,,none,0,0,,none,-0.2628442004204047,-0.1421466585997254,1.07321803603424,1.064080160027488,False,False,False,False,False,0.02947455291972799,0.09196072553783725,0.9783815309795971,0.9808650988191865,0,0,0,0,0,0,0,0,0,0
10,3,XMEAS-15,8,0,1,0,0,0,0,1,1,0,0,0,0,0,,none,1,0,1.0,+,-0.525068199814047,-0.284728951271567,0.9714466603331752,1.0404211407677657,False,False,False,False,False,0.21641351002448664,0.20001007328631876,0.977335226501207,0.9910437939911627,0,0,0,0,0,0,0,0,0,0
10,3,XMEAS-16,8,0,0,1,0,0,0,0,0,1,0,0,0,0,,none,0,0,,none,-0.1512905015792305,-0.0226369836819971,0.8815636595289918,0.9398870732963892,False,False,False,False,False,0.0314424615904228,0.11146744185996135,1.2906763621153892,0.9601680877879564,0,0,1,0,0,0,0,0,0,0
10,3,XMEAS-17,8,0,0,0,0,0,0,0,0,0,0,0,0,0,,none,0,0,,none,-0.1491803969593797,0.0095273568693009,1.019835579251153,1.052728319118101,False,False,False,False,False,0.03794040799276015,0.07922404873233055,0.9710313205446377,0.970307006322916,0,0,0,0,0,0,0,0,0,0
10,3,XMEAS-18,8,6,8,8,7,7,2,3,2,8,5,5,2,4,0.6666666666666666,-,5,3,0.625,+,-10.82405205314684,-4.455733698994137,12.181446750550244,1.6388579477550695,True,True,True,True,True,-3.53166319578898,1.1447707705669297,13.4315311168366,2.336257460947463,1,2,2,2,2,5,4,5,5,5
10,3,XMEAS-19,8,0,0,0,0,0,0,0,0,0,0,0,0,0,,none,0,0,,none,-0.0672515031884821,0.0610309873773772,0.9857976272092608,0.9774352974381858,False,False,False,False,False,0.026480241627256602,0.0453862667455245,0.9975735864629798,0.9793894691422949,0,0,0,0,0,0,0,0,0,0
10,3,XMEAS-2,8,0,0,0,0,0,0,0,0,0,0,0,0,0,,none,0,0,,none,0.1358173044023414,0.1142300767412926,0.9803609091549916,1.0112103617104513,False,False,False,False,False,0.006899747786139707,0.02805005956099595,1.0039223917619085,1.0274599524366201,0,0,0,0,0,0,0,0,0,0
10,3,XMEAS-20,8,0,0,0,0,0,0,0,0,0,0,0,0,0,,none,0,0,,none,-0.0154510468344625,-0.2617235730737358,0.6182604519762257,1.0287622543843642,False,False,False,False,False,-0.7227528319149104,0.341179859762142,0.6246177153011643,0.9846379968786994,0,0,0,0,0,0,0,0,0,0
10,3,XMEAS-21,8,0,0,0,0,0,0,0,0,0,0,0,0,0,,none,0,0,,none,-0.0262534981734911,-0.1049782696753888,0.988050191380212,0.9575654701685752,False,False,False,False,False,0.045046700191245403,0.11233733250203329,0.9513468271147152,0.9373507683251365,0,0,0,0,0,0,0,0,0,0
10,3,XMEAS-22,8,0,0,0,0,0,0,0,0,0,0,0,0,0,,none,0,0,,none,0.3160772442693598,-0.1180407164465536,0.8774781310122742,0.9963963387408394,False,False,False,False,False,-0.332127780439984,0.20090661665203718,0.8842276416133441,0.9796804157494865,0,0,0,0,0,0,0,0,0,0
10,3,XMEAS-23,8,0,0,0,0,0,0,0,0,0,0,0,0,0,,none,0,0,,none,0.0407081079229866,-0.1751929903996657,0.7591664835856654,0.7428853420399104,False,False,False,False,False,-0.17494227043284344,0.2070863918167316,0.9411773458921102,0.9340315927992751,0,0,0,0,0,0,0,0,0,0
10,3,XMEAS-24,8,0,0,0,0,0,0,0,0,0,0,0,0,0,,none,0,0,,none,0.08235145610697,-0.0359466166109099,0.9501504403008368,0.9994656789292052,False,False,False,False,False,0.3890203755122964,0.09485511417213775,0.9812332395831631,1.0004682011228794,0,0,0,0,0,0,0,0,0,0
10,3,XMEAS-25,8,0,0,0,0,0,0,0,0,0,0,0,0,0,,none,0,0,,none,0.0971982893969533,0.2765065466454002,0.7172410265235344,0.6889372042002587,False,False,False,False,False,-0.04146754746167925,0.011184895610356849,0.9381060220494248,0.9548232047374186,0,0,0,0,0,0,0,0,0,0
10,3,XMEAS-26,8,0,0,0,0,0,0,0,0,0,0,0,0,0,,none,0,0,,none,0.1529066381378487,-0.1332422187406235,1.055904624590498,0.9893006826992964,False,False,False,False,False,0.06378033099896055,0.07655702921258936,1.0361481962500996,1.0041634821602394,0,0,0,0,0,0,0,0,0,0
10,3,XMEAS-27,8,0,0,0,0,0,0,0,0,0,0,0,0,0,,none,0,0,,none,-0.1422318435183339,0.0341117630646515,0.935049798066321,0.8895790930119756,False,False,False,False,False,0.19817598975061615,0.0747144950368542,0.90155875747633,0.9587640706451961,0,0,0,0,0,0,0,0,0,0
10,3,XMEAS-28,8,0,0,0,0,0,0,0,0,0,0,0,0,0,,none,0,0,,none,-0.3498263995342195,-0.3289895446725644,1.2426242785181905,1.2357637828964878,False,False,False,False,False,0.00936614296664344,0.1015967239321331,1.0230688110153734,1.1202050550986944,0,0,0,0,0,0,0,0,0,0
10,3,XMEAS-29,8,0,0,0,0,0,0,0,0,0,0,0,0,0,,none,0,0,,none,-0.0636839742792709,-0.218630086800618,0.90475759874868,1.0468406365564673,False,False,False,False,False,-0.15530158363472094,0.26608195518629457,0.8672102464648519,0.917932105454307,0,0,0,0,0,0,0,0,0,0
10,3,XMEAS-3,8,0,0,0,0,0,0,0,0,0,0,0,0,0,,none,0,0,,none,-0.0720819684466427,0.0084377266530931,0.962268743927971,1.025709710110729,False,False,False,False,False,0.0171344292434503,0.02206743372463565,0.9461557747182094,0.9902858102565024,0,0,0,0,0,0,0,0,0,0
10,3,XMEAS-30,8,0,0,0,0,0,0,0,0,0,0,0,0,0,,none,0,0,,none,-0.0924023052339632,-0.0381372204589331,0.95771298203025,1.1074022657828628,False,False,False,False,False,0.34676921243852415,0.176391517902346,0.8374527599967752,0.9244900413444378,0,0,0,0,0,0,0,0,0,0
10,3,XMEAS-31,8,0,0,0,0,0,0,0,0,0,0,0,0,0,,none,0,0,,none,0.2316841926436184,0.1300894829329622,0.8393937912769779,0.7483630432020577,False,False,False,False,False,-0.04597670096163531,0.1598775755566876,1.112761066590843,1.2468230921648626,0,0,0,0,0,0,0,0,0,0
10,3,XMEAS-32,8,0,0,0,0,0,0,0,0,0,0,0,0,0,,none,0,0,,none,0.0060640718745073,-0.0107425703614473,0.8921727011533281,0.841141224642624,False,False,False,False,False,0.11854734337958264,0.06644222688544305,0.9485262849806272,1.0104648751765781,0,0,0,0,0,0,0,0,0,0
10,3,XMEAS-33,8,0,0,0,0,0,0,0,0,0,0,0,0,0,,none,0,0,,none,-0.1878241769718424,0.0620058331786977,1.039631964988159,1.0963511796066256,False,False,False,False,False,0.228392251767261,0.08729460305788014,0.9609229768959433,0.9033974200363697,0,0,0,0,0,0,0,0,0,0
10,3,XMEAS-34,8,0,0,0,0,0,0,0,0,0,0,0,0,0,,none,0,0,,none,0.0292596020090772,-0.1388897001742911,0.868700470875394,0.8789258854583087,False,False,False,False,False,-0.014306476703495996,0.05857967863369785,0.8999275717049472,0.9872065464143234,0,0,0,0,0,0,0,0,0,0
10,3,XMEAS-35,8,0,0,0,0,0,0,0,0,0,0,0,0,0,,none,0,0,,none,0.4046648782922064,-0.0815328250751624,0.9223224723517726,1.0248043733377832,False,False,False,False,False,0.011127172415999101,0.20639207772114004,0.8954404690470894,0.8382304932973755,0,0,0,0,0,0,0,0,0,0
10,3,XMEAS-36,8,0,0,0,0,0,0,0,0,0,0,0,0,0,,none,0,0,,none,0.190295087689172,0.0155497210540577,0.9757893286659938,0.9582946074045392,False,False,False,False,False,-0.08003816628040285,0.06780128718884865,0.9859537612012552,0.957265671428785,0,0,0,0,0,0,0,0,0,0
10,3,XMEAS-37,8,0,0,0,0,0,0,0,0,0,0,0,0,0,,none,0,0,,none,-0.2203919204028067,0.1782264389855456,0.7938598035682694,0.9052564793871758,False,False,False,False,False,0.0378319437335535,0.12692742295147724,0.8873811171998405,1.0568601353059937,0,0,0,0,0,0,0,0,0,0
10,3,XMEAS-38,8,0,0,1,0,0,0,0,0,1,0,0,0,0,,none,0,0,,none,0.4122534886642713,0.436628869191363,1.1281719543680198,1.227578783423125,False,False,False,False,False,0.6270804517811843,0.28029283167197494,1.1703432080078162,0.9449564726062699,0,0,1,0,0,0,0,2,0,0
10,3,XMEAS-39,8,0,0,1,1,1,0,0,0,1,1,1,0,0,,none,0,0,,none,-0.1642190293147803,0.3283577538325677,0.9608054888180024,1.029901311734225,False,False,False,False,False,-0.008671015808453204,0.2311491229563965,1.1409800573595876,1.0584505128140589,0,0,0,0,0,0,0,0,0,0
10,3,XMEAS-4,8,0,0,0,0,0,0,0,0,0,0,0,0,0,,none,0,0,,none,0.0726559928962398,-0.1021322985788134,1.016557806866547,1.0501900971731613,False,False,False,False,False,0.054384210965014154,0.0439246382616114,1.009304544045973,1.0192356106360814,0,0,0,0,0,0,0,0,0,0
10,3,XMEAS-40,8,0,0,0,0,0,0,0,0,0,0,0,0,0,,none,0,0,,none,0.0618126266767721,-0.1311278474363188,0.7778535457446789,0.7761986123170053,False,False,False,False,False,0.0026566773014650505,0.04807228081265285,1.084862972001162,0.9591986825274799,0,0,0,0,0,0,0,0,0,0
10,3,XMEAS-41,8,0,0,0,0,0,0,0,0,0,0,0,0,0,,none,0,0,,none,-0.2118254742440395,0.136530145780136,0.8223432057071716,0.7964689591879799,False,False,False,False,False,0.13358347930293246,0.11510698577992459,0.9082093973296691,0.949800211920872,0,0,0,0,0,0,0,0,0,0
10,3,XMEAS-5,8,0,0,0,0,0,0,0,0,0,0,0,0,0,,none,0,0,,none,0.081330470477045,-0.0226467896719427,0.933551996437242,0.9607910531248578,False,False,False,False,False,-0.20838744187748587,0.04741717857979065,0.9815560992818617,0.9592883163468404,0,0,0,0,0,0,0,0,0,0
10,3,XMEAS-6,8,0,0,0,0,0,0,0,0,0,0,0,0,0,,none,0,0,,none,-0.0153720509969689,-0.0563491750583146,0.9252962332602086,0.9341619673265396,False,False,False,False,False,-0.139997660024168,0.051152670759059,1.0312951127984213,1.0591892096453872,0,0,0,0,0,0,0,0,0,0
10,3,XMEAS-7,8,0,0,1,0,0,0,0,0,1,0,0,0,0,,none,0,0,,none,-0.113792945196852,0.0055086151131396,0.901081638840512,0.9386998491570966,False,False,False,False,False,0.02104130755203805,0.11815142210655924,1.2965851344101218,0.9935676914022316,0,0,1,0,0,0,0,0,0,0
10,3,XMEAS-8,8,0,0,0,0,0,0,0,0,0,0,0,0,0,,none,0,0,,none,0.1142909798721995,0.0810990828588225,0.970651305632117,1.052929727144396,False,False,False,False,False,-0.014277592155756504,0.01966955131815475,1.0104763738955205,0.9820409116136527,0,0,0,0,0,0,0,0,0,0
10,3,XMEAS-9,8,0,0,0,0,0,0,0,0,0,0,0,0,0,,none,0,0,,none,-0.039906454777833,0.001498689959155,1.0266338711875314,1.0726736976211937,False,False,False,False,False,-0.0553786532429712,0.027948348677266997,1.0639920505673528,1.0792768016661394,0,0,0,0,0,0,0,0,0,0
10,4,XMEAS-1,8,0,1,0,0,0,0,1,1,0,0,0,0,0,,none,1,0,1.0,+,0.4559338287659855,-0.4752980289991403,0.814606517014027,0.9986181795824844,False,False,False,False,False,0.1921776850232928,0.25469373432924336,0.7854884259703507,1.0216200066047056,0,0,0,0,0,0,0,0,0,0
10,4,XMEAS-10,8,0,0,1,0,0,0,0,0,1,0,0,0,0,,none,0,0,,none,-0.2718519098701538,0.5027222020581296,1.17003571148493,0.9821717185655812,False,False,False,False,False,0.0920551314339933,0.1649169029299098,1.158877116856032,0.9832352973544276,0,0,1,0,0,0,0,0,0,0
10,4,XMEAS-11,8,0,0,0,0,0,0,0,0,0,0,0,0,0,,none,0,0,,none,0.1319353851644639,0.3173878486834304,1.1794985453161717,0.9219357309706696,False,False,False,False,False,-0.15013538338452004,0.22695353486389797,1.0661487335859725,0.9760223697655885,0,0,0,0,0,0,0,0,0,0
10,4,XMEAS-12,8,0,0,0,0,0,0,0,0,0,0,0,0,0,,none,0,0,,none,0.0692302343819,-0.0360481682302651,0.989170742928528,0.9834702735798144,False,False,False,False,False,-0.0693009557534203,0.02785638092753185,1.0886231015536278,1.0804184622076767,0,0,0,0,0,0,0,0,0,0
10,4,XMEAS-13,8,0,0,0,0,0,0,0,0,0,0,0,0,0,,none,0,0,,none,0.105719928540837,0.1199391505810069,1.109305938726782,1.0075244511907924,False,False,False,False,False,-0.0068087971555746505,0.08236377964502045,1.0848673661982595,0.9821726442665734,0,0,0,0,0,0,0,0,0,0
10,4,XMEAS-14,8,0,0,0,0,0,0,0,0,0,0,0,0,0,,none,0,0,,none,0.0335459663893919,-0.0200630876159284,0.9986796547459031,1.0047202727591824,False,False,False,False,False,0.041662603429929806,0.05048429748601145,0.952049506847124,0.9570345118905084,0,0,0,0,0,0,0,0,0,0
10,4,XMEAS-15,8,0,0,0,0,0,0,0,0,0,0,0,0,0,,none,0,0,,none,-0.1876153315495993,-0.1135251918250166,0.9441689685698068,0.9651540124536356,False,False,False,False,False,-0.01791027292161025,0.08007290070438405,0.9593188343038888,0.9765535824478675,0,0,0,0,0,0,0,0,0,0
10,4,XMEAS-16,8,0,0,0,0,0,0,0,0,0,0,0,0,0,,none,0,0,,none,0.0947577616206634,0.1096466542003344,1.1770482110470082,1.0283490205756705,False,False,False,False,False,0.01914832016052685,0.04284042008001155,1.0828944310022472,0.9788405273752867,0,0,0,0,0,0,0,0,0,0
10,4,XMEAS-17,8,0,0,0,0,0,0,0,0,0,0,0,0,0,,none,0,0,,none,0.0693207171350411,-0.0222058609076934,1.0558566563341627,1.0605736156090753,False,False,False,False,False,-0.006824248186187999,0.02688725426478625,1.0209526981942303,1.0345607309843112,0,0,0,0,0,0,0,0,0,0
10,4,XMEAS-18,8,6,8,8,8,8,3,6,2,8,8,8,5,1,0.8333333333333334,+,1,7,0.875,-,-1.4802266217924038,-1.2759954726322589,18.993364642884774,2.7884216549931766,False,True,True,True,True,0.08875294141527301,4.616866411048831,11.069925404570062,1.8626496271051036,2,2,2,2,2,5,4,5,5,5
10,4,XMEAS-19,8,0,0,0,0,0,0,0,0,0,0,0,0,0,,none,0,0,,none,-0.0036663793677554,-0.0105652389350085,0.9876829058544724,0.9340077393223232,False,False,False,False,False,0.01302315520133865,0.0360131474782831,1.0148140374711403,1.0105977153030732,0,0,0,0,0,0,0,0,0,0
10,4,XMEAS-2,8,0,0,0,0,0,0,0,0,0,0,0,0,0,,none,0,0,,none,0.3370778977533225,-0.037210060696529,1.0452639259465528,1.1516026641382209,False,False,False,False,False,-0.3628837511211141,0.02147782563289065,0.9764702587971366,1.0073313134332282,0,0,0,0,0,0,0,0,0,0
10,4,XMEAS-20,8,0,0,0,0,0,0,0,0,0,0,0,0,0,,none,0,0,,none,0.1599211619510512,0.2104751501338604,0.5815958293827951,0.8897661783154202,False,False,False,False,False,-0.10313735477590297,0.18426306502134404,0.6377513295442832,1.0301321488619688,0,0,0,0,0,0,0,0,0,0
10,4,XMEAS-21,8,0,0,0,0,0,0,0,0,0,0,0,0,0,,none,0,0,,none,-0.5262998839175245,0.1039607500942841,0.9585874596680256,0.9660669915689276,False,False,False,False,False,0.47024270896179954,0.2036175806445319,1.0459075283083652,1.0343975300533057,0,0,0,0,0,0,0,0,0,0
10,4,XMEAS-22,8,0,0,0,0,0,0,0,0,0,0,0,0,0,,none,0,0,,none,-0.019783242571672,0.1853634522019497,0.9080596682205322,0.9264833330387924,False,False,False,False,False,-0.08385760076446999,0.16597954293965905,0.9217216253111136,1.0205996369547563,0,0,0,0,0,0,0,0,0,0
10,4,XMEAS-23,8,0,0,0,0,0,0,0,0,0,0,0,0,0,,none,0,0,,none,0.0363635482478053,0.0878849057320942,0.9705695630784812,1.011105285888657,False,False,False,False,False,-0.028353145064665047,0.04139683887875895,0.9830939561277963,1.102842889673465,0,0,0,0,0,0,0,0,0,0
10,4,XMEAS-24,8,0,0,0,0,0,0,0,0,0,0,0,0,0,,none,0,0,,none,0.6033883006824029,0.1379385280949277,0.949705212817394,1.1005113597983065,False,False,False,False,False,-0.15947440716471925,0.09187476981795425,1.0307952826422055,0.9981244878778168,0,0,0,0,0,0,0,0,0,0
10,4,XMEAS-25,8,0,0,0,0,0,0,0,0,0,0,0,0,0,,none,0,0,,none,-0.1609859113888245,-0.3341363987917249,0.9531303274310036,0.9935599573719344,False,False,False,False,False,-0.0462956093629759,0.02741272099649745,0.9950091597252281,0.966681895787901,0,0,0,0,0,0,0,0,0,0
10,4,XMEAS-26,8,0,0,0,0,0,0,0,0,0,0,0,0,0,,none,0,0,,none,0.6038882466167383,0.0505588031895706,1.3150073043514283,1.368070800621275,False,False,False,False,False,-0.06395052231834915,0.08563012546634625,0.984461009168499,0.9115052017070358,0,0,0,0,0,0,0,0,0,0
10,4,XMEAS-27,8,0,0,0,0,0,0,0,0,0,0,0,0,0,,none,0,0,,none,0.1308257386118278,-0.0621997560291257,0.9391537610843118,1.102760997878792,False,False,False,False,False,-0.016756113164352597,0.0734774034390294,0.9938837540657977,1.0096120325543925,0,0,0,0,0,0,0,0,0,0
10,4,XMEAS-28,8,0,0,0,0,0,0,0,0,0,0,0,0,0,,none,0,0,,none,0.5053277897195888,0.0295930002280807,0.8997239310558535,0.8356206701683553,False,False,False,False,False,0.017298517849381245,0.0671386157897087,1.001135000768861,1.0238638951776378,0,0,0,0,0,0,0,0,0,0
10,4,XMEAS-29,8,0,0,0,0,0,0,0,0,0,0,0,0,0,,none,0,0,,none,0.1532963788580449,0.1292529664709178,0.8147093111323066,0.7646302809163232,False,False,False,False,False,9.146553451100381e-05,0.037759678117464154,0.8490081188782801,0.8923216454661685,0,0,0,0,0,0,0,0,0,0
10,4,XMEAS-3,8,0,0,0,0,0,0,0,0,0,0,0,0,0,,none,0,0,,none,-0.4684194875624956,0.0194579515160824,0.9905010191443208,1.0379873587207735,False,False,False,False,False,0.33509135485889585,0.08923551912216675,0.9872862414717204,1.0305688145580647,0,0,0,0,0,0,0,0,0,0
10,4,XMEAS-30,8,0,0,0,0,0,0,0,0,0,0,0,0,0,,none,0,0,,none,0.5882704771476687,0.1612073610034529,0.871437450554168,0.9421924982283812,False,False,False,False,False,-0.09782403104036505,0.08723122105548835,0.7833568620821725,0.8973496661105539,0,0,0,0,0,0,0,0,0,0
10,4,XMEAS-31,8,0,0,0,0,0,0,0,0,0,0,0,0,0,,none,0,0,,none,-0.5492883463389441,-0.2703726020222813,0.8838814101868995,1.002239200808583,False,False,False,False,False,-0.14438624838895706,0.09110598982974376,0.7941206594667007,0.8701435851418617,0,0,0,0,0,0,0,0,0,0
10,4,XMEAS-32,8,0,0,0,0,0,0,0,0,0,0,0,0,0,,none,0,0,,none,0.0580803675247979,0.1119951279585584,1.0715862573905623,1.033407534427612,False,False,False,False,False,0.057178706426137704,0.1536233961612225,0.8506588834375366,0.8510953396290353,0,0,0,0,0,0,0,0,0,0
10,4,XMEAS-33,8,0,0,0,0,0,0,0,0,0,0,0,0,0,,none,0,0,,none,0.1269617711485037,0.0507394535665887,0.8006427862471404,0.9608264080181398,False,False,False,False,False,0.10017996857475844,0.05509743673885685,0.8502530028607868,0.9157230307739654,0,0,0,0,0,0,0,0,0,0
10,4,XMEAS-34,8,0,0,0,0,0,0,0,0,0,0,0,0,0,,none,0,0,,none,0.7409937371289589,0.2249021568630877,1.0017933902594671,1.087598897805443,False,False,False,False,False,0.20294906825643774,0.08866856577558285,0.8158926213466087,0.8643544721658571,0,0,0,0,0,0,0,0,0,0
10,4,XMEAS-35,8,0,0,0,0,0,0,0,0,0,0,0,0,0,,none,0,0,,none,0.385821601402405,0.2289935134442822,1.0817517691363756,1.1951874970166323,False,False,False,False,False,-0.3462119372551462,0.1154232655843516,0.9802071098201178,0.9396204272110107,0,0,0,0,0,0,0,0,0,0
10,4,XMEAS-36,8,0,0,0,0,0,0,0,0,0,0,0,0,0,,none,0,0,,none,-0.1819361534785004,0.1547905232649955,1.0328483378562856,1.0034341870348868,False,False,False,False,False,0.1030288601101922,0.16958783018791956,1.0782535067154955,1.0781707840778494,0,0,0,0,0,0,0,0,0,0
10,4,XMEAS-37,8,0,0,0,0,0,0,0,0,0,0,0,0,0,,none,0,0,,none,-0.0983456097875988,-0.0800001683936333,0.7321533439288876,0.7479761608281862,False,False,False,False,False,-0.18226362319051326,0.10684875299157179,1.0587117971272193,1.0393105020353919,0,0,0,0,0,0,0,0,0,0
10,4,XMEAS-38,8,0,0,4,0,0,0,0,0,2,0,0,0,0,,none,0,0,,none,-0.1961471146419685,0.0449847816891312,1.5142833151773958,1.1726185394639534,False,False,True,False,False,0.1532901530289107,0.195847174028665,1.202492212895495,0.9826426333070772,0,0,1,0,0,0,0,2,0,0
10,4,XMEAS-39,8,0,0,0,0,0,0,0,0,0,0,0,0,0,,none,0,0,,none,0.2413401560681222,0.1303820417161511,0.9333607498254354,0.7932624569605238,False,False,False,False,False,0.14040860157183285,0.1319859970285305,1.1561094722059742,1.0938965696080127,0,0,0,0,0,0,0,0,0,0
10,4,XMEAS-4,8,0,0,0,0,0,0,0,0,0,0,0,0,0,,none,0,0,,none,0.0463333244803031,0.1102083314385785,1.0039156367691202,0.9788302484474546,False,False,False,False,False,-0.1060342295658664,0.035049711636660805,1.0797795802127022,1.0477920093197883,0,0,0,0,0,0,0,0,0,0
10,4,XMEAS-40,8,0,0,0,0,0,0,0,0,0,0,0,0,0,,none,0,0,,none,-0.1872922049681364,0.0928533106406468,0.7736088256846552,0.9294105331892196,False,False,False,False,False,0.24703840835636984,0.2393933250662429,1.0131611025830844,1.0738857162861541,0,0,0,0,0,0,0,0,0,0
10,4,XMEAS-41,8,0,0,1,0,0,0,0,0,1,0,0,0,0,,none,0,0,,none,-0.3589673424494709,0.0943052162657091,1.161827952114033,1.121317146514969,False,False,False,False,False,0.29254700616986135,0.07511078588151585,1.0882271549956148,1.0938055577937296,0,0,1,0,0,0,0,0,0,0
10,4,XMEAS-5,8,0,0,0,0,0,0,0,0,0,0,0,0,0,,none,0,0,,none,0.0522110643980328,0.0526156048138476,0.9348558380066354,0.9737228398603278,False,False,False,False,False,-0.027274436349652605,0.04302526915816395,1.0097154611291546,1.0036561272250915,0,0,0,0,0,0,0,0,0,0
10,4,XMEAS-6,8,0,0,0,0,0,0,0,0,0,0,0,0,0,,none,0,0,,none,0.075914093131514,0.0037255445198777,0.9674440715656766,1.0011534938069246,False,False,False,False,False,-0.006045203397474448,0.0789512978048527,0.9965679849099072,0.9821510274789234,0,0,0,0,0,0,0,0,0,0
10,4,XMEAS-7,8,0,0,0,0,0,0,0,0,0,0,0,0,0,,none,0,0,,none,0.0780699644041963,0.1284122924814426,1.0697092938911004,0.9609693305208544,False,False,False,False,False,0.0086981928646903,0.06109809193233695,1.0670211678618449,0.93736133763259,0,0,0,0,0,0,0,0,0,0
10,4,XMEAS-8,8,0,0,0,0,0,0,0,0,0,0,0,0,0,,none,0,0,,none,-0.0462470671059755,-0.0081599287195842,0.9479418372738592,0.9780394275357404,False,False,False,False,False,0.0176370649182518,0.03177172335843065,1.0049607206446858,1.0121290974322255,0,0,0,0,0,0,0,0,0,0
10,4,XMEAS-9,8,0,0,0,0,0,0,0,0,0,0,0,0,0,,none,0,0,,none,0.0087502825179621,-0.0733009991257584,1.0236491053866723,0.9971294766090124,False,False,False,False,False,0.049300799376745405,0.051899401595872904,1.0273491523251836,1.0262917506824398,0,0,0,0,0,0,0,0,0,0
10,5,XMEAS-1,8,0,0,0,0,0,0,0,0,0,0,0,0,0,,none,0,0,,none,0.2410113788542055,0.2009425310448405,0.6745981084315984,0.9626007444798428,False,False,False,False,False,-0.08514724025772534,0.149528973076273,0.78282855423171,1.0078704751306646,0,0,0,0,0,0,0,0,0,0
10,5,XMEAS-10,8,0,0,1,0,0,0,0,0,1,0,0,0,0,,none,0,0,,none,-0.0041416299684852,-0.2149801021961335,1.3705506969037835,1.0131983383622216,False,False,True,False,False,0.24432597199150263,0.3557687306304088,0.7807058106083173,1.020580068813798,0,0,0,0,0,0,0,0,0,0
10,5,XMEAS-11,8,0,0,0,0,0,0,0,0,0,0,0,0,0,,none,0,0,,none,0.0478575838637112,0.3479461387064282,0.8267383609668141,0.9860554183017698,False,False,False,False,False,-0.3272659311059878,0.1457207276399772,1.0713376625544304,1.07248259505399,0,0,0,0,0,0,0,0,0,0
10,5,XMEAS-12,8,0,0,0,0,0,0,0,0,0,0,0,0,0,,none,0,0,,none,-0.0588927909642498,-0.0419680797528726,1.0482590340781577,1.1253810278186789,False,False,False,False,False,0.011777014963002097,0.16689231556957754,1.0091323271261678,0.9971342100582137,0,0,0,0,0,0,0,0,0,0
10,5,XMEAS-13,8,0,0,0,0,0,0,0,0,0,0,0,0,0,,none,0,0,,none,-0.0588155223153607,-0.1898490366824323,1.212767585277138,0.9840776451260994,False,False,False,False,False,-0.04996598929448385,0.056772453076891355,0.9243291848794088,1.0687005301971801,0,0,0,0,0,0,0,0,0,0
10,5,XMEAS-14,8,0,0,0,0,0,0,0,0,0,0,0,0,0,,none,0,0,,none,-0.0910849454098574,-0.0869038124272323,1.0084480577086008,1.0091413767414763,False,False,False,False,False,0.008351647505779394,0.17292923046311337,0.9924651920565326,0.9943305998400479,0,0,0,0,0,0,0,0,0,0
10,5,XMEAS-15,8,0,2,0,0,0,0,1,1,0,0,0,0,0,,none,2,0,1.0,+,-0.3029854729517368,-0.0403354425787571,0.9010740434431213,0.9132502533689292,False,False,False,False,False,-0.17745708577683106,0.7975064426537697,0.9578537123403812,0.9581983222264483,0,1,0,0,0,0,0,0,0,0
10,5,XMEAS-16,8,0,0,0,0,0,0,0,0,0,0,0,0,0,,none,0,0,,none,-0.0740095128119894,-0.2387188691004367,1.227377014917737,1.0196002372268549,False,False,False,False,False,-0.0351221569293799,0.049618260497051404,0.8937990201884162,1.061505422785057,0,0,0,0,0,0,0,0,0,0
10,5,XMEAS-17,8,0,0,0,0,0,0,0,0,0,0,0,0,0,,none,0,0,,none,0.0357696250451404,0.0261497716206393,1.0030104093307388,0.9828842850946974,False,False,False,False,False,-0.0032255677193601005,0.11171555366293809,0.9964180017579918,1.01304743593495,0,0,0,0,0,0,0,0,0,0
10,5,XMEAS-18,8,8,8,8,8,8,2,4,2,8,8,8,4,4,0.5,tie,3,5,0.625,-,-10.513009608471105,-4.109694619814618,6.346084252670836,1.427706314562466,True,True,True,True,True,0.24991758606357983,2.9162868594708327,10.27875826903103,1.8262365115071688,2,2,2,2,2,5,4,5,5,5
10,5,XMEAS-19,8,0,0,0,0,0,0,0,0,0,0,0,0,0,,none,0,0,,none,0.0259520030120596,-0.0128306703476014,0.9588090607173456,0.9583842524332112,False,False,False,False,False,-0.06472203836622906,0.04189051969384145,0.9870688658070486,0.9613843916929528,0,0,0,0,0,0,0,0,0,0
10,5,XMEAS-2,8,0,0,0,0,0,0,0,0,0,0,0,0,0,,none,0,0,,none,0.0757037671211007,0.0232714215907666,1.0297114607376356,0.9924121845464264,False,False,False,False,False,-0.03619826660862485,0.09806440488065644,1.011786124664304,1.030914570734701,0,0,0,0,0,0,0,0,0,0
10,5,XMEAS-20,8,0,0,0,0,0,0,0,0,0,0,0,0,0,,none,0,0,,none,-0.343828725798459,0.1166582737799668,0.6249854598931234,0.9565431481634408,False,False,False,False,False,-0.5363694721593046,0.10075885993508445,0.6179871608649865,1.030687593749744,0,0,0,0,0,0,0,0,0,0
10,5,XMEAS-21,8,0,0,0,0,0,0,0,0,0,0,0,0,0,,none,0,0,,none,0.1004907526451521,-0.067820158029047,1.0338073521087496,0.9349103037341308,False,False,False,False,False,0.16644259288962196,0.3602204585445289,1.0743929890318191,0.9528816274214156,0,0,0,0,0,0,0,0,0,0
10,5,XMEAS-22,8,0,0,0,0,0,0,0,0,0,0,0,0,0,,none,0,0,,none,-0.0501955543996108,0.157956774991284,0.8882581770617971,0.9943386937786286,False,False,False,False,False,-0.2933386429237551,0.10015344326230075,0.9838080571817416,1.051052149331447,0,0,0,0,0,0,0,0,0,0
10,5,XMEAS-23,8,0,0,0,0,0,0,0,0,0,0,0,0,0,,none,0,0,,none,-0.0657829934104053,0.1912067068179059,0.9027219746686442,0.921819605313386,False,False,False,False,False,-0.13830947043584219,0.08308694164436675,0.907410787798203,0.9748434619680171,0,0,0,0,0,0,0,0,0,0
10,5,XMEAS-24,8,0,0,0,0,0,0,0,0,0,0,0,0,0,,none,0,0,,none,-0.0767818574874887,-0.0184930120246955,0.905078716080568,1.017615789493114,False,False,False,False,False,0.01511033926191945,0.0636732650458392,0.9345983941893686,1.0184013951420894,0,0,0,0,0,0,0,0,0,0
10,5,XMEAS-25,8,0,0,0,0,0,0,0,0,0,0,0,0,0,,none,0,0,,none,0.1581751144082113,-0.0474751477303054,0.932437845217389,1.039615269548385,False,False,False,False,False,-0.016240705429651,0.037044613022096,0.9823921867274381,0.9922043258278269,0,0,0,0,0,0,0,0,0,0
10,5,XMEAS-26,8,0,0,0,0,0,0,0,0,0,0,0,0,0,,none,0,0,,none,0.2353589182217923,-0.0783606673701719,0.9569169996732456,0.9535960967863673,False,False,False,False,False,0.059338695334880606,0.15838565245962472,0.9552095190111144,0.9977825961843498,0,0,0,0,0,0,0,0,0,0
10,5,XMEAS-27,8,0,0,0,0,0,0,0,0,0,0,0,0,0,,none,0,0,,none,0.1491041963556453,0.0077043175367629,1.0016752977762458,1.046508987007156,False,False,False,False,False,-0.03985330578470595,0.0973760613036208,0.9771547928914845,0.9543407454471878,0,0,0,0,0,0,0,0,0,0
10,5,XMEAS-28,8,0,0,0,0,0,0,0,0,0,0,0,0,0,,none,0,0,,none,-0.1079566886037005,0.0264430427976493,0.9797637742125226,0.9917772628707348,False,False,False,False,False,0.002256031173798797,0.1499061791979292,1.0156651932356444,0.9832344705000223,0,0,0,0,0,0,0,0,0,0
10,5,XMEAS-29,8,0,0,0,0,0,0,0,0,0,0,0,0,0,,none,0,0,,none,-0.447920956020053,0.2240385301745808,0.8751069503208946,1.005540137106078,False,False,False,False,False,-0.1260050142315979,0.10715813383744745,0.9602992798487875,1.027400717480101,0,0,0,0,0,0,0,0,0,0
10,5,XMEAS-3,8,0,0,0,0,0,0,0,0,0,0,0,0,0,,none,0,0,,none,0.0810394333927582,-0.1222933433243106,1.0057142120046527,1.0110751043735846,False,False,False,False,False,0.0334052635634125,0.05992960365725835,1.0663921777889864,1.0859269733680765,0,0,0,0,0,0,0,0,0,0
10,5,XMEAS-30,8,0,0,0,0,0,0,0,0,0,0,0,0,0,,none,0,0,,none,-0.2872636696223121,-0.0569545204002355,0.9334640641356732,1.1139348393173063,False,False,False,False,False,0.3417687000538844,0.15090074419502258,0.8028224875389294,0.958352142583634,0,0,0,0,0,0,0,0,0,0
10,5,XMEAS-31,8,0,0,0,0,0,0,0,0,0,0,0,0,0,,none,0,0,,none,0.2006323260656052,-0.0868522674377384,0.777023222655216,0.8789999002686923,False,False,False,False,False,-0.10765040069967655,0.12966322701344554,0.8806430048908396,0.9929555724653447,0,0,0,0,0,0,0,0,0,0
10,5,XMEAS-32,8,0,0,0,0,0,0,0,0,0,0,0,0,0,,none,0,0,,none,-0.070573084136978,0.0399798612989392,0.9538100297828482,1.0107058074978286,False,False,False,False,False,-0.1107874952586784,0.0536465601283231,0.9999762837081214,1.0682389029405446,0,0,0,0,0,0,0,0,0,0
10,5,XMEAS-33,8,0,0,0,0,0,0,0,0,0,0,0,0,0,,none,0,0,,none,-0.1081738414647001,0.0112479108283742,0.9290196381942388,1.0118645516808622,False,False,False,False,False,0.105639069733466,0.15345706505134815,0.8023296363036088,0.848094560282055,0,0,0,0,0,0,0,0,0,0
10,5,XMEAS-34,8,0,0,0,0,0,0,0,0,0,0,0,0,0,,none,0,0,,none,-0.1174372020159134,0.1542271617623991,0.9748455041889866,1.0819731768396252,False,False,False,False,False,0.19137685137685945,0.1800660792926114,0.9192628518810058,0.9998612627382106,0,0,0,0,0,0,0,0,0,0
10,5,XMEAS-35,8,0,0,0,0,0,0,0,0,0,0,0,0,0,,none,0,0,,none,-0.2066193574602535,0.0459200958663521,0.8100242574613172,0.870082513873453,False,False,False,False,False,-0.0863290560167852,0.040891894706792,0.8566845668415664,0.8840484986258667,0,0,0,0,0,0,0,0,0,0
10,5,XMEAS-36,8,0,0,0,0,0,0,0,0,0,0,0,0,0,,none,0,0,,none,-0.0135247743491365,0.0622159470175406,0.9524423362403832,0.9462987094430252,False,False,False,False,False,-0.0921709080847485,0.1246159534892469,0.9048114714786926,0.9978165029293169,0,0,0,0,0,0,0,0,0,0
10,5,XMEAS-37,8,0,0,0,0,0,0,0,0,0,0,0,0,0,,none,0,0,,none,-0.2094041145450652,0.0447743591260438,1.0113449911295884,1.0563789438640685,False,False,False,False,False,0.0967719205504555,0.11363689142669645,1.013103914310512,0.9104331731316914,0,0,0,0,0,0,0,0,0,0
10,5,XMEAS-38,8,0,0,0,0,0,0,0,0,0,0,0,0,0,,none,0,0,,none,0.5776847580800615,0.4880059279609186,0.8750314615979629,0.9839613272523232,False,False,False,False,False,0.22944622319693997,0.18477007995076208,1.1762995436277839,1.0314436701261351,0,0,0,0,0,0,0,2,0,0
10,5,XMEAS-39,8,0,0,0,0,0,0,0,0,0,0,0,0,0,,none,0,0,,none,0.0569859733174112,0.4002336747116317,0.7564978639010221,0.6080136503480538,False,False,False,False,False,0.020898728051928994,0.2642397060497193,1.0227687824860785,0.8878887557339006,0,0,0,0,0,0,0,0,0,0
10,5,XMEAS-4,8,0,0,0,0,0,0,0,0,0,0,0,0,0,,none,0,0,,none,-0.0367418954828195,-0.0793039111778982,0.986339240874212,1.03106203152707,False,False,False,False,False,0.07594702166217884,0.03621162177372315,1.0239389957807745,1.0463938546088518,0,0,0,0,0,0,0,0,0,0
10,5,XMEAS-40,8,0,0,1,0,0,0,0,0,1,0,0,0,0,,none,0,0,,none,-0.0019489917127244,-0.1822309130328555,1.3971852562945462,1.352880966304999,False,False,True,False,False,-0.041364419075900744,0.112818894573339,0.9635276258982698,1.075539792069105,0,0,0,0,0,0,0,0,0,0
10,5,XMEAS-41,8,0,0,0,0,0,0,0,0,0,0,0,0,0,,none,0,0,,none,0.0855753468816428,-0.0729942196527769,1.132187752452054,1.2001489741827558,False,False,False,False,False,0.1079508571582,0.17718267576439134,0.9134327921589657,0.894236301413412,0,0,0,0,0,0,0,0,0,0
10,5,XMEAS-5,8,0,0,0,0,0,0,0,0,0,0,0,0,0,,none,0,0,,none,-0.035781143296806,-0.009308536678515,0.9360547409379436,0.9380762169696152,False,False,False,False,False,-0.1257737458847347,0.03737864017178695,0.9961130691428923,1.0091048170418202,0,0,0,0,0,0,0,0,0,0
10,5,XMEAS-6,8,0,0,0,0,0,0,0,0,0,0,0,0,0,,none,0,0,,none,-0.0704685019885447,-0.0402095312740338,0.9146630562902291,0.9659667339079828,False,False,False,False,False,-0.10113870020493726,0.025061463989789548,0.9975542708716454,0.9689041554636131,0,0,0,0,0,0,0,0,0,0
10,5,XMEAS-7,8,0,0,0,0,0,0,0,0,0,0,0,0,0,,none,0,0,,none,0.001604378332918,-0.2251065106327663,1.2441401823870184,0.9889448003110138,False,False,False,False,False,-0.06287174425948674,0.0615678408568288,0.8836290656289555,1.0281572406413888,0,0,0,0,0,0,0,0,0,0
10,5,XMEAS-8,8,0,0,0,0,0,0,0,0,0,0,0,0,0,,none,0,0,,none,0.0244841157067778,-0.0927862325852465,1.0233647778329238,1.0722612823506814,False,False,False,False,False,-0.01723260220756135,0.1118538753963969,1.0076451140306033,1.0209001104626436,0,0,0,0,0,0,0,0,0,0
10,5,XMEAS-9,8,0,0,0,0,0,0,0,0,0,0,0,0,0,,none,0,0,,none,0.0570152297654468,0.0550385108898996,0.9919446532447248,0.9777600000529462,False,False,False,False,False,0.0440896190505179,0.0111716723799094,0.9777403096037358,0.9853252566215149,0,0,0,0,0,0,0,0,0,0
13,1,XMEAS-1,8,5,8,7,0,0,2,3,3,6,0,0,3,2,0.6,+,4,4,0.5,tie,2.1788836453542504,1.0065567521747083,1.4050563555149584,1.0345870414888598,True,True,True,False,False,-2.0726150723701497,6.100573051116335,1.9248139131388577,0.980142795372394,1,2,1,0,0,3,3,5,0,0
13,1,XMEAS-10,8,7,7,7,7,7,3,3,2,6,6,6,5,2,0.7142857142857143,+,4,3,0.5714285714285714,+,1.7462324849749764,-4.7082183391637455,13.318136598823664,1.8788805001745168,False,True,True,True,True,1.6031452541082167,8.015170215473724,3.813639396235067,1.2831975035247007,2,1,1,1,1,5,4,5,5,5
13,1,XMEAS-11,8,6,8,8,0,0,2,5,2,8,0,0,3,3,0.5,tie,5,3,0.625,+,0.421824514493234,-1.9901120654009072,6.234464667771643,0.9266480665297016,False,True,True,False,False,0.07919665528440589,4.880912009020035,3.16988163003425,1.0443703049428041,2,2,2,0,0,5,4,5,0,0
13,1,XMEAS-12,8,3,4,8,0,0,1,3,1,8,0,0,2,1,0.6666666666666666,+,0,4,1.0,-,-0.350463307698533,0.2837947179215033,2.0907987984253964,1.029957046150314,False,False,True,False,False,-1.123632145334339,1.5953938533844296,1.6324163995762835,1.0091948124808774,2,1,2,0,0,2,1,5,0,0
13,1,XMEAS-13,8,8,8,8,5,5,7,4,3,8,5,5,1,7,0.875,-,3,5,0.625,-,-7.139746899123411,-6.666378193270205,10.222603203945072,1.2233610866051934,True,True,True,False,False,-30.65146958758553,12.251107216149048,8.828636980534386,1.1132021422529768,2,2,2,0,0,5,4,5,5,5
13,1,XMEAS-14,8,4,4,8,0,0,2,3,1,8,0,0,3,1,0.75,+,0,4,1.0,-,-0.2501507624791214,0.2365333971358161,1.80196541651656,0.9801395133942552,False,False,True,False,False,0.48235922210309634,1.6000533369634318,1.5975924724992643,1.0334057276241642,2,1,2,0,0,3,2,5,0,0
13,1,XMEAS-15,8,6,8,8,0,0,2,2,2,8,0,0,3,3,0.5,tie,3,5,0.625,-,-3.1802731272378018,-1.7702616257624284,2.072465828999294,0.9918401029063844,True,True,True,False,False,3.923349021285027,7.879565341755923,3.6190659948397963,0.9755475598314489,1,2,2,0,0,5,4,5,0,0
13,1,XMEAS-16,8,8,8,8,5,5,7,4,3,8,5,5,1,7,0.875,-,3,5,0.625,-,-7.102289284768362,-6.674498541464089,10.233795517173675,1.3117362326043691,True,True,True,False,False,-31.065593678228883,12.235031713146597,8.96932505311379,1.1840138227788861,2,2,2,0,0,5,4,5,5,5
13,1,XMEAS-17,8,0,2,1,0,0,0,1,1,1,0,0,0,0,,none,0,2,1.0,-,-0.360926781581312,-0.2698420993545132,0.9944661066687678,0.8701046790570028,False,False,False,False,False,0.6586457013382538,0.8899287663590476,1.1024881846682804,1.009187601379867,0,1,0,0,0,0,0,0,0,0
13,1,XMEAS-18,8,6,7,8,2,2,3,3,3,8,1,1,1,5,0.8333333333333334,-,4,3,0.5714285714285714,+,-1.1204100318446,-2.010201955717462,4.462615870863446,1.0363200722661965,False,True,True,False,False,-2.6457656850180715,4.429908733724874,3.6968980373255067,1.0354920210268643,2,2,2,0,0,5,4,5,2,2
13,1,XMEAS-19,8,0,0,0,0,0,0,0,0,0,0,0,0,0,,none,0,0,,none,-0.0711453420679166,-0.0658817580010338,0.990267260345935,0.9839234144971885,False,False,False,False,False,0.03165755325908795,0.01384646060648145,1.0278997442631912,0.9973095164726287,0,0,0,0,0,0,0,0,0,0
13,1,XMEAS-2,8,0,0,0,0,0,0,0,0,0,0,0,0,0,,none,0,0,,none,-0.1195678422578266,0.1996803397332335,0.9776746936231546,0.9853705628492068,False,False,False,False,False,-0.6545416902380659,0.3327083712189825,1.0824985258276763,0.9938128064571135,0,0,0,0,0,0,0,0,0,0
13,1,XMEAS-20,8,8,6,7,0,0,8,5,3,6,0,0,0,8,1.0,-,1,5,0.8333333333333334,-,-2.3101731115136537,-0.7259119185746014,3.1204178009830383,0.9318338671636904,True,False,True,False,False,-12.491401052057284,2.084094217298766,1.5665946632768448,1.0505564817171698,2,1,1,0,0,5,5,5,0,0
13,1,XMEAS-21,8,5,8,8,0,0,2,4,3,8,0,0,3,2,0.6,+,4,4,0.5,tie,0.1973934977761744,-2.886805445165942,7.035497722049041,1.0269057891064672,False,True,True,False,False,5.283463464497123,4.668633660910655,2.9410790982269726,1.056660784297164,2,2,2,0,0,5,4,5,0,0
13,1,XMEAS-22,8,6,6,7,0,0,3,3,3,6,0,0,1,5,0.8333333333333334,-,3,3,0.5,tie,-0.8959280542479097,-1.6671234654574427,3.221146753652706,0.9863776263301868,False,True,True,False,False,-5.489782889508891,3.788452949723059,1.5142835101789975,1.025234553019018,2,2,1,0,0,5,5,5,0,0
13,1,XMEAS-23,8,3,2,3,0,0,1,1,1,1,0,0,1,2,0.6666666666666666,-,0,2,1.0,-,0.2080345724816842,0.289588928143345,1.1696761997295366,1.139480983978906,False,False,False,False,False,-2.2858192841426903,0.1835926465479432,1.306951997245184,0.9672028126524985,1,0,1,0,0,1,2,2,0,0
13,1,XMEAS-24,8,8,8,7,0,0,7,3,3,6,0,0,1,7,0.875,-,2,6,0.75,-,-4.096775086406313,-1.9732078304745095,2.667353173088043,0.9697809834816112,True,True,True,False,False,-1.2747354018336068,6.375436664985708,2.765610705792929,1.1657460078094846,2,2,1,0,0,5,5,5,0,0
13,1,XMEAS-25,8,3,6,6,0,0,1,3,1,6,0,0,1,2,0.6666666666666666,-,5,1,0.8333333333333334,+,0.5866170677077247,0.12731039171645,1.2117434474244215,0.947189302199248,False,False,False,False,False,-0.0006665848681950415,1.8336572363871428,1.2060392679725955,1.025431413638338,2,2,1,0,0,0,0,5,0,0
13,1,XMEAS-26,8,3,0,3,0,0,2,0,0,2,0,0,3,0,1.0,+,0,0,,none,-0.1060285870310194,0.2807396844338087,1.114318466443651,1.003736764042342,False,False,False,False,False,1.661991528340952,0.20019792898860178,1.3757522616472988,1.0404559322355276,1,0,1,0,0,3,0,2,0,0
13,1,XMEAS-27,8,6,3,4,0,0,6,1,1,2,0,0,6,0,1.0,+,2,1,0.6666666666666666,+,1.2184597257478178,0.4485333825584224,1.181663632440351,1.0602632129053975,False,False,False,False,False,0.984958537387782,1.0406838651160857,1.1849701861842525,0.8708717435300173,1,1,1,0,0,5,1,3,0,0
13,1,XMEAS-28,8,7,7,7,0,0,3,2,2,6,0,0,2,5,0.7142857142857143,-,2,5,0.7142857142857143,-,-3.740810662103966,-1.662724466476785,2.108215433463726,0.9349769213218416,True,True,True,False,False,9.357576735551735,7.481498306675257,3.006142315753287,1.2316321116384958,2,2,1,0,0,5,4,5,0,0
13,1,XMEAS-29,8,3,2,5,0,0,1,1,1,3,0,0,1,2,0.6666666666666666,-,0,2,1.0,-,0.047986842856666,0.3211726380067701,1.0247653839082929,0.8401780029287823,False,False,False,False,False,-3.0572786647012866,0.3504020991841423,1.5507076414763978,0.9918044489498021,1,0,1,0,0,2,3,5,0,0
13,1,XMEAS-3,8,2,3,0,0,0,1,1,1,0,0,0,1,1,0.5,tie,2,1,0.6666666666666666,+,0.7532382711488446,0.3736837014866478,0.967087652795012,0.9590618839307348,False,False,False,False,False,-1.3134403250413982,0.9138966065448006,1.1254311014045313,0.9704948541160692,1,2,0,0,0,2,2,1,0,0
13,1,XMEAS-30,8,8,8,7,1,1,7,3,3,6,1,1,1,7,0.875,-,2,6,0.75,-,-5.009010926426967,-2.19528850170011,3.3518301265683785,1.026239432914597,True,True,True,False,False,-0.7738374741891361,8.474764953064069,3.399970688035217,1.1751671955207814,2,2,1,1,1,5,5,5,0,0
13,1,XMEAS-31,8,4,6,7,1,1,1,3,2,7,1,1,2,2,0.5,tie,5,1,0.8333333333333334,+,0.811809369489797,0.2261317713942617,1.4059065117399556,1.2610634193157948,False,False,True,False,False,-0.3877601040459442,2.563669876396231,1.4632368375215696,0.9858770769229668,2,2,1,0,0,1,2,5,0,0
13,1,XMEAS-32,8,1,3,3,0,0,1,1,1,1,0,0,1,0,1.0,+,2,1,0.6666666666666666,+,-0.4598260639290701,-0.0512542456803082,1.3051442772046284,1.0298275223581128,False,False,False,False,False,1.3267083333607894,0.4973282643764659,1.5235484825375951,1.0824679471717704,1,1,1,0,0,1,0,1,0,0
13,1,XMEAS-33,8,6,5,7,0,0,6,2,2,6,0,0,6,0,1.0,+,4,1,0.8,+,1.6435394027092285,0.5069685872176162,1.4615847286138604,0.9472456546113688,False,False,True,False,False,1.6300154598156307,1.477099857316377,1.2943586728612018,0.98478396325942,1,2,1,0,0,5,4,5,0,0
13,1,XMEAS-34,8,8,7,8,1,1,3,2,2,8,1,1,3,5,0.625,-,2,5,0.7142857142857143,-,-4.515415750048063,-1.926620816562472,2.4386839630429775,1.1635185977274844,True,True,True,False,False,12.427829626159845,8.943029554410476,3.6125206365864972,1.2890062267872664,2,2,2,1,1,5,5,5,1,1
13,1,XMEAS-35,8,1,4,7,0,0,1,3,2,6,0,0,1,0,1.0,+,4,0,1.0,+,0.5331837075321666,-0.2513771402535216,1.599252479742168,0.9882486632163436,False,False,True,False,False,0.6133218625943444,1.6513944583313138,1.2732865822089483,0.9485947135457578,1,1,1,0,0,3,4,5,0,0
13,1,XMEAS-36,8,0,0,4,0,0,0,0,0,3,0,0,0,0,,none,0,0,,none,0.1346049080655954,-0.0616840166342691,0.95817625351491,0.8236840512479529,False,False,False,False,False,0.6302236628522923,0.19454763721303583,1.1392349236924681,1.0336604457897038,0,0,0,0,0,1,0,4,0,0
13,1,XMEAS-37,8,0,0,1,1,0,0,0,0,1,1,0,0,0,,none,0,0,,none,-0.3882265507223914,-0.1813340876501525,1.18285837260166,1.2532600372228695,False,False,False,False,False,-0.053394089173029735,0.0875872291468517,1.0871561752129353,1.1766809554704556,0,0,0,1,0,0,0,0,0,0
13,1,XMEAS-38,8,7,4,4,0,0,6,2,2,2,0,0,6,1,0.8571428571428571,+,2,2,0.5,tie,1.0503315869906231,0.5712104498491689,0.8073764682394878,0.7258769779849342,False,False,False,False,False,1.747648793635979,1.440377393569679,1.3620546083887306,1.3008903589155967,2,2,1,0,0,5,4,5,0,0
13,1,XMEAS-39,8,0,3,1,0,0,0,1,1,1,0,0,0,0,,none,1,2,0.6666666666666666,-,-0.5042231988560181,-0.1750834717461154,1.0937649380640326,0.926417660199853,False,False,False,False,False,1.2766534477776823,1.1104646870850803,0.995182065931329,0.9648915753694527,0,2,0,0,0,1,1,0,0,0
13,1,XMEAS-4,8,0,0,0,0,0,0,0,0,0,0,0,0,0,,none,0,0,,none,-0.1053185855956578,0.0986413048650192,1.092695564566674,1.0577109756436471,False,False,False,False,False,-0.05187722647548404,0.39731729697253126,1.0236052128221296,1.0093396288055998,0,0,0,0,0,0,0,0,0,0
13,1,XMEAS-40,8,0,1,1,0,0,0,1,1,1,0,0,0,0,,none,1,0,1.0,+,0.2727322629537624,0.0217086025731319,0.974263863304474,1.0210080700339812,False,False,False,False,False,-0.2080710894265978,0.5581214100837468,0.6539897733509694,0.763338541135584,0,1,0,0,0,0,0,1,0,0
13,1,XMEAS-41,8,0,1,2,1,1,0,1,1,1,1,1,0,0,,none,0,1,1.0,-,-0.0646820525700958,-0.0379357788226688,0.9462540194644924,0.7434330942403422,False,False,False,False,False,-0.0947620089589051,0.5702957651842054,1.0165790331093691,0.9953423964388202,0,0,0,0,0,0,0,0,0,0
13,1,XMEAS-5,8,5,4,4,0,0,3,1,1,4,0,0,0,5,1.0,-,1,3,0.75,-,-0.7034415957291897,-0.2121541950567576,1.2895122719949366,1.0357462596301816,False,False,False,False,False,-3.23048695917072,0.7002236778125618,1.0417493832983389,0.9938272309773288,1,1,0,0,0,5,2,5,0,0
13,1,XMEAS-6,8,6,3,4,0,0,3,1,1,4,0,0,0,6,1.0,-,1,2,0.6666666666666666,-,-0.4085558814169698,-0.1612513800351193,1.2666117051498558,1.1056373425478658,False,False,False,False,False,-3.2308665219216772,0.47862814020848893,1.1314523012086526,0.9716664109021835,2,1,0,0,0,5,2,5,0,0
13,1,XMEAS-7,8,8,8,8,5,5,7,4,3,8,5,5,1,7,0.875,-,3,5,0.625,-,-7.242215190158349,-6.775294082773935,10.427467150632024,1.2265035003922546,True,True,True,False,False,-31.07198984626447,12.363213192392667,9.021740674572156,1.1501070576096348,2,2,2,0,0,5,4,5,5,5
13,1,XMEAS-8,8,0,1,5,0,0,0,1,1,5,0,0,0,0,,none,1,0,1.0,+,0.0778859844559214,0.3792486215853608,1.2538846763085214,0.8914941899502996,False,False,False,False,False,-0.3998726647002038,0.2821978878189394,1.223477615359322,1.0056080342219964,0,0,0,0,0,0,1,5,0,0
13,1,XMEAS-9,8,0,0,4,0,0,0,0,0,3,0,0,0,0,,none,0,0,,none,0.0228249453022916,0.0137076863113136,1.314268420962335,0.9132086045550252,False,False,False,False,False,-0.20917122024109505,0.12223050885964284,1.0717557925061025,0.9996373788616759,0,0,0,0,0,0,0,5,0,0
13,2,XMEAS-1,8,6,8,8,0,0,2,1,1,8,0,0,2,4,0.6666666666666666,-,4,4,0.5,tie,-3.197166128426551,-3.092554133903338,1.6033905769659134,0.979743690087095,True,True,True,False,False,-3.1359779260564573,5.943830956443186,2.5532104210931963,1.0827502384627103,1,2,2,0,0,3,3,5,0,0
13,2,XMEAS-10,8,7,8,8,5,5,2,4,3,8,3,3,3,4,0.5714285714285714,-,5,3,0.625,+,-3.7914827156942454,6.309846429131805,21.90512191018405,3.8857890696217545,True,True,True,True,True,-8.220751276555001,3.020203282917479,4.117060976389962,1.0770494457927402,1,2,2,0,0,5,4,5,5,5
13,2,XMEAS-11,8,7,7,8,0,0,2,3,2,8,0,0,3,4,0.5714285714285714,-,5,2,0.7142857142857143,+,1.1204479476183986,4.41021864643842,8.059153157057038,1.1682162338930078,False,True,True,False,False,-8.65080698003318,1.073414284549135,3.0177851914033553,0.9327783288803206,2,1,2,0,0,5,4,5,0,0
13,2,XMEAS-12,8,6,3,6,0,0,2,1,1,6,0,0,3,3,0.5,tie,1,2,0.6666666666666666,-,0.6460388597962305,-0.2519937616714328,1.973031488739748,0.953799364856884,False,False,True,False,False,2.1236852781052473,0.8219285445685748,1.255885107530633,1.0709404777383356,1,1,0,0,0,2,1,5,0,0
13,2,XMEAS-13,8,7,7,8,5,5,7,2,2,8,4,4,0,7,1.0,-,4,3,0.5714285714285714,+,-2.461546869629788,13.46168948975971,36.58399102550068,2.1024005401060144,True,True,True,True,True,-19.53265794547057,10.389246182416649,9.349742308340032,1.141641644806093,1,1,2,0,0,5,4,5,5,5
13,2,XMEAS-14,8,4,4,6,0,0,2,2,2,6,0,0,3,1,0.75,+,2,2,0.5,tie,0.360779063516168,-0.3126664348483371,1.721915530715739,0.9334759103151,False,False,True,False,False,3.529583689609823,0.6142343204780355,1.1794362652817898,0.979993570126253,1,1,0,0,0,3,2,5,0,0
13,2,XMEAS-15,8,8,8,8,0,0,2,3,3,8,0,0,5,3,0.625,+,3,5,0.625,-,5.295080567262897,3.1879796947367423,2.2088181034038534,1.118930805498636,True,True,True,False,False,7.4966887463130565,4.831699067933754,4.109706939118218,1.02680909883835,2,2,2,0,0,5,4,5,0,0
13,2,XMEAS-16,8,7,7,8,6,6,7,2,2,8,5,5,0,7,1.0,-,4,3,0.5714285714285714,+,-2.8416553857645237,13.271564632885358,36.7375022102897,2.3138633724069564,True,True,True,True,True,-19.3907576216509,10.39854590769361,9.48446872086674,1.2032077258238512,1,1,2,1,1,5,4,5,5,5
13,2,XMEAS-17,8,2,3,0,0,0,1,1,1,0,0,0,1,1,0.5,tie,2,1,0.6666666666666666,+,0.5831053771802205,0.3854550064314267,1.0039751450931704,1.007698758486356,False,False,False,False,False,0.8635683792221873,0.6536833834533632,1.095270525324309,0.962377032464546,0,1,0,0,0,0,0,0,0,0
13,2,XMEAS-18,8,8,6,8,3,3,2,2,2,8,3,3,4,4,0.5,tie,4,2,0.6666666666666666,+,3.85471076815325,4.557118775006139,4.23560680059172,1.184477845314091,True,True,True,False,False,-12.40241733097103,1.3783381076184162,4.218385793371422,1.058424974515958,2,1,2,0,0,5,4,5,2,2
13,2,XMEAS-19,8,0,0,0,0,0,0,0,0,0,0,0,0,0,,none,0,0,,none,-0.0062348967168499,0.0119950615175038,0.9853265553714288,0.97600936467545,False,False,False,False,False,0.00769282503917975,0.023410173459891048,0.9520505999783387,0.9347447504382661,0,0,0,0,0,0,0,0,0,0
13,2,XMEAS-2,8,2,4,0,0,0,1,1,1,0,0,0,1,1,0.5,tie,2,2,0.5,tie,-0.1656148256718545,-0.1356558112977638,1.0267070616041458,1.0430273293225754,False,False,False,False,False,-0.6558901064418189,0.4819384397606526,0.9720671509946257,0.9628084357250963,0,1,0,0,0,0,0,0,0,0
13,2,XMEAS-20,8,8,8,7,0,0,7,2,2,6,0,0,1,7,0.875,-,4,4,0.5,tie,2.887159142923638,2.9972806950301623,2.057012800715063,1.0334805444159263,True,True,True,False,False,-10.85541685592126,2.0042955231229054,2.5986940583434466,1.0257468913801948,2,2,2,0,0,5,5,5,0,0
13,2,XMEAS-21,8,6,8,8,0,0,2,2,2,8,0,0,4,2,0.6666666666666666,+,4,4,0.5,tie,1.2451681386664872,7.9822895753998,17.69328663733007,1.1599480723492837,False,True,True,False,False,0.8003982669660901,5.535715342656418,2.3791929256482054,0.984499245954746,2,2,2,0,0,5,4,5,0,0
13,2,XMEAS-22,8,6,8,6,0,0,3,2,2,5,0,0,1,5,0.8333333333333334,-,5,3,0.625,+,0.9499163517945524,3.587348506322191,6.328127747568604,1.0802168342639331,False,True,True,False,False,-8.633774054874552,1.2994008776968864,1.3895010425138659,0.9496670213629366,2,2,1,0,0,5,5,5,0,0
13,2,XMEAS-23,8,5,5,5,0,0,2,2,2,4,0,0,3,2,0.6,+,2,3,0.6,-,-0.1633603047987071,-0.0514141278116175,1.1546462202105623,1.2281314038852895,False,False,False,False,False,-1.089059175449348,1.0172771949505603,1.3040237925506268,0.8840792606490102,2,1,1,0,0,1,2,2,0,0
13,2,XMEAS-24,8,7,6,7,0,0,6,2,2,7,0,0,1,6,0.8571428571428571,-,4,2,0.6666666666666666,+,7.162944273830152,3.81400914686354,3.133139824081494,1.3577042103982169,True,True,True,False,False,-4.248583734103795,2.388387144688268,1.453075278762611,1.0244730919875749,1,1,1,0,0,5,5,5,0,0
13,2,XMEAS-25,8,4,5,8,0,0,1,1,1,8,0,0,2,2,0.5,tie,1,4,0.8,-,-1.4439413336205067,-0.8001942255997633,1.591413634975555,1.0991835740482443,False,True,True,False,False,-0.5822511930925307,0.498248984930806,1.9453668882133028,1.0402762494586097,1,1,2,0,0,0,0,5,0,0
13,2,XMEAS-26,8,2,1,3,0,0,2,1,1,2,0,0,2,0,1.0,+,1,0,1.0,+,-0.2926817670110051,-0.2121684860797048,0.922689692101565,0.9869219699288406,False,False,False,False,False,1.0306576033740265,0.0616728849415798,1.1822346611377446,1.1831212494451173,0,0,0,0,0,3,0,2,0,0
13,2,XMEAS-27,8,7,5,2,0,0,4,2,2,1,0,0,6,1,0.8571428571428571,+,2,3,0.6,-,-2.087586787795966,-1.3739614286171875,1.4674557139517046,1.0622041002298954,True,True,True,False,False,2.940108396359215,0.3632649824019266,0.9777880357680414,0.8850091755311349,2,0,0,0,0,5,1,3,0,0
13,2,XMEAS-28,8,8,8,7,0,0,2,2,2,7,0,0,5,3,0.625,+,4,4,0.5,tie,6.271986700295489,3.684336797625753,2.9645439320042386,1.1681909736597256,True,True,True,False,False,8.230238590646932,3.656770922513138,1.8427202131503755,1.0221132076646924,2,2,1,0,0,5,4,5,0,0
13,2,XMEAS-29,8,5,6,8,0,0,2,2,2,8,0,0,3,2,0.6,+,2,4,0.6666666666666666,-,-0.1743140315375293,-0.0211062075410325,1.3911948652458,1.0197133177370896,False,False,True,False,False,-1.2647883370909252,1.1377346259927057,1.8659121167070452,1.280148963658888,2,1,2,0,0,2,3,5,0,0
13,2,XMEAS-3,8,2,6,0,0,0,2,2,2,0,0,0,2,0,1.0,+,2,4,0.6666666666666666,-,-1.2109833629801223,-0.7803100909619219,0.9905846557169888,1.0323998205318083,False,True,False,False,False,0.5626864321648823,0.6551043002290031,1.0373631717962482,0.9903905902841788,0,1,0,0,0,2,2,1,0,0
13,2,XMEAS-30,8,7,6,8,1,1,6,2,2,8,1,1,1,6,0.8571428571428571,-,4,2,0.6666666666666666,+,9.383075518829342,4.348942853691967,4.8893880179684075,1.3220304918273151,True,True,True,False,False,-4.412587762327929,2.928917189861391,1.9478081853469476,1.0737809808572107,1,1,2,0,0,5,5,5,0,0
13,2,XMEAS-31,8,5,6,8,0,0,1,1,1,8,0,0,2,3,0.6,-,2,4,0.6666666666666666,-,-2.19912953361801,-0.8695723563075309,2.2061002129363625,1.056480781100755,True,True,True,False,False,-1.3396747785752225,0.6891364143762205,2.5020656734120035,0.9240577289765524,1,1,2,0,0,1,2,5,0,0
13,2,XMEAS-32,8,1,0,3,0,0,1,0,0,2,0,0,1,0,1.0,+,0,0,,none,-0.1021017358253418,-0.2624813400760412,0.8623877698126923,0.8974718314903752,False,False,False,False,False,1.0715280604037642,0.1936629372107083,1.1868930836908667,1.0063390649997053,0,0,0,0,0,1,0,1,0,0
13,2,XMEAS-33,8,8,6,3,0,0,7,2,2,2,0,0,7,1,0.875,+,2,4,0.6666666666666666,-,-2.8291316588468804,-1.5617909268844703,1.5386231499339156,0.8395230212402,True,True,True,False,False,4.034740064213183,0.4590759223213043,1.0410187283092027,0.9886673993825075,2,1,0,0,0,5,4,5,0,0
13,2,XMEAS-34,8,8,8,7,2,2,2,2,2,7,2,2,5,3,0.625,+,4,4,0.5,tie,7.645992118750278,3.7048561267980777,3.71894827566193,1.2545326678659128,True,True,True,False,False,10.80712447090717,4.2007055193331295,2.046255469429288,0.9318816674809212,2,2,1,0,0,5,5,5,1,1
13,2,XMEAS-35,8,6,4,6,0,0,2,2,2,6,0,0,3,3,0.5,tie,3,1,0.75,+,0.1466982336943074,0.7731838835411818,1.130032280821791,0.956387676853147,False,True,False,False,False,-3.1964588562919647,0.175297941257609,1.5808146654306054,1.162094920432377,2,0,1,0,0,3,4,5,0,0
13,2,XMEAS-36,8,3,3,4,0,0,2,1,1,2,0,0,2,1,0.6666666666666666,+,2,1,0.6666666666666666,+,0.5896176630398627,0.5053348339548933,0.9887817975086348,0.8792211524898178,False,False,False,False,False,-0.8128938066829348,0.33696330259424745,1.3000290117381794,0.9772755134089809,0,0,1,0,0,1,0,4,0,0
13,2,XMEAS-37,8,0,0,0,0,0,0,0,0,0,0,0,0,0,,none,0,0,,none,-0.1410502820540994,-0.0051985060145054,0.9728334535589128,1.0328036054131262,False,False,False,False,False,0.09316295835047086,0.27714719290614276,1.0321057674709015,1.0279919972733325,0,0,0,0,0,0,0,0,0,0
13,2,XMEAS-38,8,8,6,7,1,1,4,2,2,7,1,1,6,2,0.75,+,2,4,0.6666666666666666,-,-2.253966383216507,-1.7055840585457585,1.5905547939859712,1.10801431660718,True,True,True,False,False,6.241763600333281,0.660926420234821,1.4434662135724694,0.9015468810187814,2,1,1,0,0,5,4,5,0,0
13,2,XMEAS-39,8,4,4,1,0,0,2,2,2,1,0,0,2,2,0.5,tie,2,2,0.5,tie,0.4512589951233055,0.4721451424481022,0.9207982339292624,0.887309983304614,False,False,False,False,False,1.9806653509773606,0.36953359803965496,0.8713490110452803,0.9228666632285523,1,0,0,0,0,1,1,0,0,0
13,2,XMEAS-4,8,1,2,0,0,0,1,1,1,0,0,0,1,0,1.0,+,1,1,0.5,tie,0.2164245409134619,0.2413395521563118,1.0723790585714983,1.056120623413516,False,False,False,False,False,-0.13570507429161938,0.2269053106769712,1.0314871624342397,1.0078145510622858,0,0,0,0,0,0,0,0,0,0
13,2,XMEAS-40,8,1,1,3,0,0,1,1,1,2,0,0,1,0,1.0,+,0,1,1.0,-,-0.810752778471821,-0.2628723294048503,0.9070174071942976,0.8330808403415241,False,False,False,False,False,-0.22183860609747044,0.0860018498201755,1.1197708421664774,0.9311915543510514,0,0,0,0,0,0,0,1,0,0
13,2,XMEAS-41,8,1,2,2,0,0,1,1,1,1,0,0,0,1,1.0,-,1,1,0.5,tie,0.2833248538731891,0.4341311725896403,1.0174290198452038,1.070287604812494,False,False,False,False,False,0.432293616175347,0.0244173791479055,1.0192437204916511,1.1656872998187784,0,0,0,0,0,0,0,0,0,0
13,2,XMEAS-5,8,6,4,3,0,0,4,2,2,2,0,0,0,6,1.0,-,2,2,0.5,tie,0.6114839261441347,0.719193586412941,1.165209186338643,1.0823515758071542,False,False,False,False,False,-2.584354690848572,0.38093119087598853,1.1528300263996334,0.9540893599976032,2,0,0,0,0,5,2,5,0,0
13,2,XMEAS-6,8,5,3,3,0,0,4,2,2,2,0,0,0,5,1.0,-,1,2,0.6666666666666666,-,0.3680982419321982,0.5451737602278596,1.0120958670183149,0.938018597403941,False,False,False,False,False,-2.3729883221280565,0.5096363843108895,1.2097703926022882,1.0283706042532836,1,0,0,0,0,5,2,5,0,0
13,2,XMEAS-7,8,7,7,8,6,6,7,2,2,8,5,5,0,7,1.0,-,4,3,0.5714285714285714,+,-2.413523107916534,13.765659735830216,37.1715351656382,2.134022814951153,True,True,True,True,True,-19.74375677278637,10.455472349447538,9.53882386627151,1.1336807746541675,1,1,2,1,1,5,4,5,5,5
13,2,XMEAS-8,8,0,3,3,0,0,0,2,2,2,0,0,0,0,,none,1,2,0.6666666666666666,-,-0.4660424586766036,-0.6958462224842663,1.3002412786114206,1.008661496337824,False,False,False,False,False,0.0635102613761432,0.0732388686668413,1.1694142217166854,1.0175171024496783,0,0,0,0,0,0,1,5,0,0
13,2,XMEAS-9,8,0,1,3,0,0,0,1,1,2,0,0,0,0,,none,1,0,1.0,+,-0.571085285216965,-0.6789807813479072,2.3225310291010413,0.9523165118803634,False,False,True,False,False,-0.1994915420254808,0.0590023849036391,1.0777742785641422,1.0544612560830524,0,0,0,0,0,0,0,5,0,0
13,3,XMEAS-1,8,5,6,6,0,0,1,2,1,5,0,0,2,3,0.6,-,3,3,0.5,tie,2.8343803906424023,1.6785378031884313,0.742434816483185,1.0163279926547684,True,True,False,False,False,-1.3639349343814664,0.4212314084002372,2.762454099076506,0.9978414402813478,1,0,2,0,0,3,3,5,0,0
13,3,XMEAS-10,8,7,7,8,8,8,2,3,1,8,8,8,4,3,0.5714285714285714,+,6,1,0.8571428571428571,+,7.96859799833382,1.9886567705599691,9.31560898636176,1.66656825305691,True,True,True,True,True,-4.027062730229174,2.975455657476929,17.012909480875617,2.6151648618783527,1,1,2,2,2,5,4,5,5,5
13,3,XMEAS-11,8,8,7,8,0,0,2,3,2,8,0,0,5,3,0.625,+,5,2,0.7142857142857143,+,2.727691865223369,1.6616345935046095,3.944077877141544,0.9941233375268712,True,True,True,False,False,-0.171108145433434,1.9550627201041204,8.169977084169115,1.1154073425479338,2,1,2,0,0,5,4,5,0,0
13,3,XMEAS-12,8,2,6,7,0,0,1,2,1,7,0,0,1,1,0.5,tie,2,4,0.6666666666666666,-,-1.0695490396239822,-0.710097797190905,1.189083352792141,1.023047354471324,False,False,False,False,False,-1.5573251896361364,1.382943270136277,2.5592928382872966,0.9876689435407403,1,2,2,0,0,2,1,5,0,0
13,3,XMEAS-13,8,7,8,8,5,5,7,4,2,8,4,4,0,7,1.0,-,6,2,0.75,+,-1.0903384926429305,-2.4548810579162117,4.9766960746487445,1.0402504862834083,False,True,True,False,False,-19.55967825522061,8.398587730194077,20.117124967488927,1.5494922865280234,2,2,2,1,1,5,4,5,5,5
13,3,XMEAS-14,8,1,6,7,0,0,1,2,1,7,0,0,1,0,1.0,+,2,4,0.6666666666666666,-,-0.7731298043649596,-0.4527889355402618,1.2011846340935723,1.068799229354111,False,False,False,False,False,-0.15464945905120314,1.387378397879641,2.1757311068767557,1.0581415950644422,0,2,2,0,0,3,2,5,0,0
13,3,XMEAS-15,8,6,8,8,0,0,2,2,1,8,0,0,4,2,0.6666666666666666,+,4,4,0.5,tie,-2.367429712650085,-2.1469479141475385,1.958557438324866,0.9823941690297568,True,True,True,False,False,0.7266695586759115,1.9799748185287984,4.342183598982244,1.04323648874642,1,2,2,0,0,5,4,5,0,0
13,3,XMEAS-16,8,7,8,8,6,6,7,4,2,8,4,4,0,7,1.0,-,6,2,0.75,+,-1.0055811075905818,-2.4219599829073832,4.893273957767117,1.0569686304901753,False,True,True,False,False,-19.876711350386007,8.398421130682365,20.292170223997655,1.6625935144666268,2,2,2,2,2,5,4,5,5,5
13,3,XMEAS-17,8,0,1,2,0,0,0,1,1,1,0,0,0,0,,none,1,0,1.0,+,-0.311544197903933,-0.2768776919573989,1.0270585624315685,1.0079958113175007,False,False,False,False,False,0.16521048363921215,0.2051891124920212,1.1185123348669523,1.0074696925192037,0,0,0,0,0,0,0,0,0,0
13,3,XMEAS-18,8,5,7,8,0,0,2,3,3,8,0,0,3,2,0.6,+,5,2,0.7142857142857143,+,0.5066051867670681,0.662922334652192,3.5650089874648674,1.055058780169105,False,False,True,False,False,-1.4873458817348983,2.475648796226076,7.086203685785852,1.2666952586756985,2,2,2,0,0,5,4,5,2,2
13,3,XMEAS-19,8,0,0,0,0,0,0,0,0,0,0,0,0,0,,none,0,0,,none,0.0151562809413947,-0.0093033425608079,1.025684054985799,1.0278693704534374,False,False,False,False,False,0.0511894365257335,0.03270118981398005,0.9533196249399052,0.9216748080752396,0,0,0,0,0,0,0,0,0,0
13,3,XMEAS-2,8,0,1,0,0,0,0,1,1,0,0,0,0,0,,none,1,0,1.0,+,-0.1012636725890207,0.0750291724727917,0.9894722779099406,1.002326303814709,False,False,False,False,False,-0.8039313707314872,0.12111268498251526,1.0658833455310297,1.0078014442524887,0,0,0,0,0,0,0,0,0,0
13,3,XMEAS-20,8,7,5,7,0,0,7,2,2,7,0,0,0,7,1.0,-,2,3,0.6,-,-3.0916697290162425,-1.04450364131639,1.212836314705923,0.9338710234375858,True,True,False,False,False,-5.969211684754377,2.0790614105834537,3.7661528945447156,1.0181660362061622,1,1,2,0,0,5,5,5,0,0
13,3,XMEAS-21,8,6,6,8,0,0,2,2,1,8,0,0,4,2,0.6666666666666666,+,5,1,0.8333333333333334,+,3.23763932407571,-0.1063615886912497,5.9242639229588026,1.0198235930355717,True,False,True,False,False,0.4923571154296629,1.7051324594704353,8.479869566862599,1.0595411863312492,1,1,2,0,0,5,4,5,0,0
13,3,XMEAS-22,8,5,7,8,0,0,5,3,3,8,0,0,0,5,1.0,-,5,2,0.7142857142857143,+,0.509948538024749,0.2286426628136196,2.413192858935389,0.9953098430823796,False,False,True,False,False,-3.2410604803783345,2.0681055645134583,5.104011964108139,1.0433052186599658,1,2,2,0,0,5,5,5,0,0
13,3,XMEAS-23,8,0,3,1,0,0,0,1,1,1,0,0,0,0,,none,1,2,0.6666666666666666,-,-0.4933340843896044,0.2112911249579845,0.9938741525385572,1.0132239948040698,False,False,False,False,False,-0.9281130717041952,0.5020563341973516,1.0991965612854389,1.0828514108364589,0,0,0,0,0,1,2,2,0,0
13,3,XMEAS-24,8,6,7,8,0,0,4,2,2,8,0,0,1,5,0.8333333333333334,-,3,4,0.5714285714285714,-,-3.8452334850396306,-2.9060728957978776,1.8793219638050107,1.251166569905991,True,True,True,False,False,-1.015449563496564,1.8685001536515098,3.3948181498799865,1.255243056178112,2,2,2,0,0,5,5,5,0,0
13,3,XMEAS-25,8,0,5,5,0,0,0,2,1,3,0,0,0,0,,none,2,3,0.6,-,0.8732765589591337,0.4638336842861425,0.8849071617870781,0.9491679276365832,False,False,False,False,False,0.03210507228220669,0.8522160699653765,1.3706355687936846,0.8210299237609082,0,1,1,0,0,0,0,5,0,0
13,3,XMEAS-26,8,0,2,1,0,0,0,1,1,1,0,0,0,0,,none,1,1,0.5,tie,0.3429458355489166,0.0333343466370189,0.9859049400591056,0.8269255346019796,False,False,False,False,False,0.3103464824240042,0.42975931116743393,1.2103749045841614,1.1366087961930125,0,0,0,0,0,3,0,2,0,0
13,3,XMEAS-27,8,5,2,3,0,0,4,1,1,1,0,0,4,1,0.8,+,1,1,0.5,tie,1.222326570839907,0.626731682301919,1.203091571318006,0.755364589348871,False,False,False,False,False,0.4778340343064429,0.847204073084999,1.1589057589975276,0.817268308213726,2,1,0,0,0,5,1,3,0,0
13,3,XMEAS-28,8,5,8,8,0,0,2,2,2,8,0,0,2,3,0.6,-,4,4,0.5,tie,-3.6672901592677385,-2.7580399980415735,1.977886000591125,1.1728068756107377,True,True,True,False,False,7.0877142125445705,2.076309158875451,3.1874701133941956,0.9692571281938231,2,2,2,0,0,5,4,5,0,0
13,3,XMEAS-29,8,0,5,5,0,0,0,2,2,3,0,0,0,0,,none,3,2,0.6,+,-0.375747398728619,0.2273644491910212,0.9061897315090138,1.0108484623268914,False,False,False,False,False,-1.2110432027726779,0.7473734188210589,1.2984097460243578,1.170903675618714,0,1,1,0,0,2,3,5,0,0
13,3,XMEAS-3,8,1,2,2,0,0,1,1,1,2,0,0,1,0,1.0,+,1,1,0.5,tie,0.5917353712983932,0.3546614468406984,1.0201940028905527,1.0282778436850966,False,False,False,False,False,-0.8413115929987819,0.12214951240458895,1.130449387084175,0.9947654939595716,0,0,0,0,0,2,2,1,0,0
13,3,XMEAS-30,8,6,7,8,0,0,4,2,2,8,0,0,1,5,0.8333333333333334,-,3,4,0.5714285714285714,-,-5.159396124036413,-3.8382326438371392,2.1192491613542104,1.2432344716358668,True,True,True,False,False,-0.5819134935925163,2.5864314006410476,4.0732624206386845,1.0683247094079857,2,2,2,0,0,5,5,5,0,0
13,3,XMEAS-31,8,2,7,5,0,0,1,2,1,3,0,0,1,1,0.5,tie,3,4,0.5714285714285714,-,1.2662664848506178,0.6337735371351996,0.9585528770162358,1.0250647380875104,False,False,False,False,False,-0.41918924837442095,1.2789744751415004,1.5521172065534967,1.0441031659078477,0,2,1,0,0,1,2,5,0,0
13,3,XMEAS-32,8,0,1,1,0,0,0,1,1,1,0,0,0,0,,none,1,0,1.0,+,0.0826123538833611,-0.1228830356685301,0.957398104685386,0.9300495943013828,False,False,False,False,False,0.375677529010283,0.5383825226362204,1.0788502420080999,0.9603322552427943,0,0,0,0,0,1,0,1,0,0
13,3,XMEAS-33,8,5,4,6,0,0,4,2,2,5,0,0,4,1,0.8,+,2,2,0.5,tie,1.6912196652129217,0.9724891897150062,1.007786290937097,0.9050163071222376,False,True,False,False,False,0.6343762876145236,0.9904407359264977,1.4754594462909427,0.9867867161889605,2,1,2,0,0,5,4,5,0,0
13,3,XMEAS-34,8,5,8,8,0,0,2,2,2,8,0,0,2,3,0.6,-,4,4,0.5,tie,-4.076047631644418,-3.0399595619672617,2.0187774181592224,1.1909322792492265,True,True,True,False,False,9.027277628314602,2.461329137104429,3.3736220059095,1.2065192262433204,2,2,2,0,0,5,5,5,1,1
13,3,XMEAS-35,8,3,7,7,0,0,2,3,2,7,0,0,2,1,0.6666666666666666,+,4,3,0.5714285714285714,+,0.7679271327336635,0.7858771309059861,1.2209021640905755,0.880775400199127,False,True,False,False,False,0.4295121045071935,0.9610831757638204,2.282959680843727,1.2498229282159599,0,1,2,0,0,3,4,5,0,0
13,3,XMEAS-36,8,0,3,3,0,0,0,1,1,2,0,0,0,0,,none,1,2,0.6666666666666666,-,0.0388647816753525,0.2476080588990915,0.9769562389849396,0.8781517097472297,False,False,False,False,False,0.6979886963435216,0.10907621254241676,1.144082338106911,1.0421248700462051,0,0,0,0,0,1,0,4,0,0
13,3,XMEAS-37,8,0,0,0,0,0,0,0,0,0,0,0,0,0,,none,0,0,,none,0.2151086792393969,-0.1004932963126046,1.007831155442564,0.926215008053474,False,False,False,False,False,0.26809822844766434,0.17728831946711343,0.9146418554775377,0.9786923349178669,0,0,0,0,0,0,0,0,0,0
13,3,XMEAS-38,8,4,5,3,0,0,3,2,2,2,0,0,3,1,0.75,+,2,3,0.6,-,1.1170225009653527,0.1473191510149139,0.9471467976128636,0.7018482215874271,False,False,False,False,False,0.6975825292611126,1.200845200180877,1.1263385007860092,1.0439072103252816,2,1,0,0,0,5,4,5,0,0
13,3,XMEAS-39,8,1,1,0,0,0,1,1,1,0,0,0,0,1,1.0,-,1,0,1.0,+,-0.5532373323487305,-0.5107214032150327,1.164353908707598,0.9921933791879236,False,False,False,False,False,0.8367608017428537,0.5392922650574865,1.1033805219072614,0.8136186171681394,0,0,0,0,0,1,1,0,0,0
13,3,XMEAS-4,8,0,0,0,0,0,0,0,0,0,0,0,0,0,,none,0,0,,none,-0.1327521486277001,-0.1633855789648904,1.030654758816486,1.0341120261494496,False,False,False,False,False,-0.18753893449846742,0.07494778673441845,0.9429109236156383,0.9461814741780956,0,0,0,0,0,0,0,0,0,0
13,3,XMEAS-40,8,0,1,2,0,0,0,1,1,1,0,0,0,0,,none,1,0,1.0,+,0.4045224857996358,0.3858701683501344,0.851707495735782,0.9068349376648448,False,False,False,False,False,-0.306354234200642,0.22003926412778663,1.1805267954819403,1.0491313728039742,0,0,0,0,0,0,0,1,0,0
13,3,XMEAS-41,8,0,0,2,1,0,0,0,0,1,1,0,0,0,,none,0,0,,none,0.0002358371741815,-0.3324116986506862,0.6837530991780096,0.5683936443036701,False,False,False,False,False,0.33363019735342486,0.37551363603491794,1.1173513228912018,1.227490426598208,0,0,0,1,0,0,0,0,0,0
13,3,XMEAS-5,8,3,4,6,0,0,2,1,1,5,0,0,0,3,1.0,-,2,2,0.5,tie,-0.73547133168616,-0.3286143956366917,0.9750850525359812,0.9612689741882864,False,False,False,False,False,-1.6071875072303035,0.5709192133696107,1.4739410767606684,1.0061016056163314,1,1,1,0,0,5,2,5,0,0
13,3,XMEAS-6,8,3,4,5,0,0,2,1,1,2,0,0,0,3,1.0,-,2,2,0.5,tie,-0.6195153306112063,-0.2144663212369457,1.027791658776939,1.0050499355970628,False,False,False,False,False,-1.7043751222806547,0.541467508001499,1.3667243294248386,0.9918770125778641,1,1,1,0,0,5,2,5,0,0
13,3,XMEAS-7,8,7,8,8,5,5,7,4,2,8,4,4,0,7,1.0,-,6,2,0.75,+,-1.1291384203453958,-2.5649732624767148,5.102674145528677,0.9958683528222342,False,True,True,False,False,-19.963898868322342,8.505761714381103,20.434073866010262,1.5286690771451301,2,2,2,1,1,5,4,5,5,5
13,3,XMEAS-8,8,0,3,5,0,0,0,1,1,2,0,0,0,0,,none,1,2,0.6666666666666666,-,-0.2729438487772768,0.1047350867908984,1.1225532266592435,1.0689866925623217,False,False,False,False,False,0.07768203498165366,0.24293398110516384,1.5670760250685007,1.0371179733905105,0,0,2,0,0,0,1,5,0,0
13,3,XMEAS-9,8,0,0,5,0,0,0,0,0,2,0,0,0,0,,none,0,0,,none,0.2736358517886132,0.2076349163250268,1.149648399954235,1.0461462465439415,False,False,False,False,False,0.22266000147636283,0.1563029595544197,1.477901540968992,0.929118011792714,0,0,2,0,0,0,0,5,0,0
13,4,XMEAS-1,8,6,8,8,0,0,1,2,2,8,0,0,3,3,0.5,tie,4,4,0.5,tie,-0.5042378732190882,-1.7425336274644272,1.868192055063736,1.0194965026260296,False,True,True,False,False,1.676829570218533,2.41768775254787,6.216024112889848,1.0763034280623933,2,2,2,0,0,3,3,5,0,0
13,4,XMEAS-10,8,7,8,8,7,7,2,3,2,8,4,4,3,4,0.5714285714285714,-,3,5,0.625,-,-5.254208318379332,-2.4229683346986692,11.23910988480585,2.1931844689009985,True,True,True,True,True,3.1032589069083354,5.443854647429983,24.705903237467354,3.898114797555537,2,2,2,2,2,5,4,5,5,5
13,4,XMEAS-11,8,5,6,8,0,0,2,2,2,8,0,0,3,2,0.6,+,2,4,0.6666666666666666,-,-1.11457239558052,0.0371107852839618,3.802635684931596,0.923396510414519,False,False,True,False,False,-0.44107656566618286,1.7208214694791435,11.23245369253904,1.124559240886984,0,1,2,0,0,5,4,5,0,0
13,4,XMEAS-12,8,3,6,6,0,0,1,2,2,3,0,0,2,1,0.6666666666666666,+,3,3,0.5,tie,0.7928657615395656,0.4412029830538207,1.3736689951895498,1.092011698133844,False,False,True,False,False,0.5801302663637463,1.8817317016388548,3.00818467197299,1.0447209579649537,0,2,2,0,0,2,1,5,0,0
13,4,XMEAS-13,8,7,6,8,2,2,5,1,1,8,2,2,0,7,1.0,-,3,3,0.5,tie,-8.686514950890126,-1.9623716211116036,17.129925685819767,1.2921996923541983,True,True,True,False,False,-51.546139306371515,13.469209160433584,45.22744982209416,2.7200096344590943,2,1,2,2,2,5,4,5,5,5
13,4,XMEAS-14,8,3,6,6,0,0,1,2,2,4,0,0,2,1,0.6666666666666666,+,3,3,0.5,tie,0.538480260744262,0.374448374725713,1.1586375213808546,0.9331106844639608,False,False,False,False,False,1.0642259513544226,1.9053630947464095,2.4877818920674626,1.0306878256804042,1,2,2,0,0,3,2,5,0,0
13,4,XMEAS-15,8,7,8,8,0,0,2,2,2,8,0,0,4,3,0.5714285714285714,+,4,4,0.5,tie,1.902359396312076,1.9325536650520625,1.9967308659201115,0.885773401197366,False,True,True,False,False,-0.5740320074954579,1.7068267734063554,6.742849115810495,1.0321620409161283,2,2,2,0,0,5,4,5,0,0
13,4,XMEAS-16,8,7,6,8,3,3,5,1,1,8,2,2,0,7,1.0,-,3,3,0.5,tie,-8.840918226517315,-2.057202743846523,17.22491113030164,1.382536341506735,True,True,True,False,False,-51.58147844212553,13.487362151082493,45.57574264058992,3.0582674333423165,2,1,2,2,2,5,4,5,5,5
13,4,XMEAS-17,8,1,2,0,0,0,1,1,1,0,0,0,1,0,1.0,+,1,1,0.5,tie,0.2594610722842703,0.1717000270524669,1.0311194429670698,1.055525862587888,False,False,False,False,False,-0.05482936000804639,0.0632251263500706,1.252038918481822,0.9499972594858892,0,0,0,0,0,0,0,0,0,0
13,4,XMEAS-18,8,6,7,8,3,3,2,2,2,8,2,2,3,3,0.5,tie,2,5,0.7142857142857143,-,0.884601947647016,1.2860826667538927,2.48226893954461,1.013474736081046,False,True,True,False,False,-4.9332397540992226,2.54657444739867,9.407163548982483,1.4514250156552864,2,2,2,2,2,5,4,5,2,2
13,4,XMEAS-19,8,0,0,0,0,0,0,0,0,0,0,0,0,0,,none,0,0,,none,0.0407283129770677,0.0574245077511343,0.995104829451994,1.013164303358024,False,False,False,False,False,0.0318253938022908,0.02912063426808745,0.9995363237509822,1.0095357436999066,0,0,0,0,0,0,0,0,0,0
13,4,XMEAS-2,8,0,2,0,0,0,0,1,1,0,0,0,0,0,,none,1,1,0.5,tie,-0.0533082611178244,-0.0136071838149047,0.9394732036369616,0.9914217128880436,False,False,False,False,False,0.45491839399444756,0.5008478037254073,1.0346405070647875,0.9633286558330874,0,0,0,0,0,0,0,0,0,0
13,4,XMEAS-20,8,7,7,8,0,0,3,2,2,8,0,0,2,5,0.7142857142857143,-,5,2,0.7142857142857143,+,1.0312846294096945,1.6184219434200928,2.0469963444694956,1.1034057706345746,False,True,True,False,False,-16.420399171983142,1.9815229117611013,6.613974950973214,0.9692007319647788,2,1,2,0,0,5,5,5,0,0
13,4,XMEAS-21,8,7,7,8,0,0,2,2,2,8,0,0,3,4,0.5714285714285714,-,3,4,0.5714285714285714,-,-2.7859135192024373,-0.1852783752255234,8.063207758793514,1.0513488612759605,True,False,True,False,False,-1.6040017051479825,4.943200753316307,16.416653269061502,1.1584948273433502,1,2,2,0,0,5,4,5,0,0
13,4,XMEAS-22,8,6,5,7,0,0,2,2,2,4,0,0,2,4,0.6666666666666666,-,2,3,0.6,-,-0.8542221339522129,0.2688806248196664,3.287031234081615,0.9573266555951424,False,False,True,False,False,-8.428207275562128,1.0961873911065085,9.033527006953463,1.0095139642042872,2,2,2,0,0,5,5,5,0,0
13,4,XMEAS-23,8,3,6,2,0,0,1,1,1,1,0,0,2,1,0.6666666666666666,+,3,3,0.5,tie,0.1910467843259141,0.3471374717462474,1.0512606578496675,1.0895056132408472,False,False,False,False,False,-0.7706356991537766,1.6075693218096558,1.2571137513146606,0.7927735240857104,0,2,0,0,0,1,2,2,0,0
13,4,XMEAS-24,8,6,7,8,1,1,2,2,2,8,1,1,2,4,0.6666666666666666,-,4,3,0.5714285714285714,+,2.666102267005224,2.4620225156956637,2.3450767032388353,0.9057140376963392,True,True,True,False,False,-10.657305185512989,0.49493138773881756,4.298361635981582,1.1724125878564973,2,1,2,0,0,5,5,5,0,0
13,4,XMEAS-25,8,6,5,4,0,0,1,1,1,3,0,0,3,3,0.5,tie,3,2,0.6,+,-0.7993217974900895,-0.7370368860828058,0.99721096866464,1.040000434058432,False,False,False,False,False,0.5012364329466099,1.9686045239825907,2.138000568309673,1.0490840448075982,2,2,2,0,0,0,0,5,0,0
13,4,XMEAS-26,8,1,0,0,0,0,1,0,0,0,0,0,1,0,1.0,+,0,0,,none,0.1814521690379954,0.027915875357651,1.035001826313798,0.8841870827958248,False,False,False,False,False,1.8403146868150009,0.27211655990161937,1.1725893928881663,0.9682439268242755,1,0,0,0,0,3,0,2,0,0
13,4,XMEAS-27,8,6,5,5,0,0,3,1,1,2,0,0,3,3,0.5,tie,3,2,0.6,+,-1.0461641632009395,-0.8960475574626857,1.3336309213495676,1.0109746702680673,False,True,False,False,False,5.141598053936155,0.6131657691743789,1.471939054645445,0.9883227916916721,2,1,2,0,0,5,1,3,0,0
13,4,XMEAS-28,8,7,5,8,0,0,2,1,1,8,0,0,2,5,0.7142857142857143,-,3,2,0.6,+,2.2497472766874216,2.2481922292566914,2.152201031638793,1.17816795939391,True,True,True,False,False,-9.936964752492118,0.0644549753532573,4.285857015207057,1.1476203797938984,2,0,2,0,0,5,4,5,0,0
13,4,XMEAS-29,8,4,6,5,0,0,1,1,1,3,0,0,2,2,0.5,tie,3,3,0.5,tie,0.3632670002542499,0.4547428656178259,0.9166707316490912,0.9830780185091909,False,False,False,False,False,-1.1938180762412107,2.3184938069121106,1.5335455966056943,0.9042907561913537,1,2,2,0,0,2,3,5,0,0
13,4,XMEAS-3,8,3,2,1,0,0,1,1,1,1,0,0,2,1,0.6666666666666666,+,2,0,1.0,+,-0.2836919368936863,-0.3207912890969345,1.0172302998462135,1.0390010233829992,False,False,False,False,False,1.4851717472147508,0.14242443824134565,1.3370323521904162,0.9527021091840071,1,0,1,0,0,2,2,1,0,0
13,4,XMEAS-30,8,7,7,8,0,0,2,2,2,8,0,0,2,5,0.7142857142857143,-,4,3,0.5714285714285714,+,3.667154672720275,3.1179459587644964,2.9592465352398403,1.1666655306114473,True,True,True,False,False,-12.564620557111184,0.9259935358175726,4.969189720164771,1.2315399812827974,2,1,2,0,0,5,5,5,0,0
13,4,XMEAS-31,8,6,6,5,0,0,1,1,1,4,0,0,3,3,0.5,tie,3,3,0.5,tie,-1.330418771056738,-1.2823691180007075,1.1568562857314852,0.9769638699421016,False,True,False,False,False,0.20960819792900276,2.986828678560271,2.906275935810015,0.9941517707339136,2,2,2,0,0,1,2,5,0,0
13,4,XMEAS-32,8,1,0,1,0,0,1,0,0,1,0,0,1,0,1.0,+,0,0,,none,0.0498376303037905,0.1674476257779044,1.1886295519986194,0.9501236630226289,False,False,False,False,False,1.4789151166458954,0.4496114964542111,1.394448330286462,0.9850619611539885,1,0,1,0,0,1,0,1,0,0
13,4,XMEAS-33,8,7,6,6,0,0,3,2,2,4,0,0,4,3,0.5714285714285714,+,3,3,0.5,tie,-1.207011792968259,-1.0574213206482108,1.2302829980690202,0.9162270327075662,False,True,False,False,False,6.502424311799148,0.6493031900516322,1.8310679134772316,1.13937256106991,2,1,2,0,0,5,4,5,0,0
13,4,XMEAS-34,8,8,6,8,0,0,4,2,2,8,0,0,2,6,0.75,-,3,3,0.5,tie,3.1834770796154284,2.7491391947220456,2.4919669517003995,1.043814835577184,True,True,True,False,False,-10.578824333640377,0.2084663533624558,4.1584667887557405,1.080118370257529,2,0,2,0,0,5,5,5,1,1
13,4,XMEAS-35,8,3,3,6,0,0,1,2,2,4,0,0,3,0,1.0,+,0,3,1.0,-,0.1193069096118813,0.0479713391419273,1.1447830974500937,0.9237500172182256,False,False,False,False,False,1.8987638300468366,1.3245304400902937,2.5437190102129428,1.091733685457613,1,2,2,0,0,3,4,5,0,0
13,4,XMEAS-36,8,0,4,2,0,0,0,1,1,1,0,0,0,0,,none,1,3,0.75,-,0.3417281529232294,0.39535404805988,1.0537024073553891,1.0604045508692996,False,False,False,False,False,0.3832567151648898,0.7440835133970031,1.5591926497944781,1.08892546326473,0,1,1,0,0,1,0,4,0,0
13,4,XMEAS-37,8,0,0,0,0,0,0,0,0,0,0,0,0,0,,none,0,0,,none,0.2718369299910074,0.0732556534074482,1.0540340073559664,1.149820677292594,False,False,False,False,False,0.3182383298962142,0.0876207252116146,0.8473514591966093,0.640742078277045,0,0,0,0,0,0,0,0,0,0
13,4,XMEAS-38,8,5,5,5,0,0,2,1,1,2,0,0,3,2,0.6,+,3,2,0.6,+,-1.062628739826582,-1.1241328564907938,1.3237056768639397,0.9968555258072112,False,True,False,False,False,5.3180093022546835,1.328212629827188,1.9717370320704233,1.03554634138063,2,1,2,0,0,5,4,5,0,0
13,4,XMEAS-39,8,0,1,0,0,0,0,1,1,0,0,0,0,0,,none,0,1,1.0,-,0.246355079324283,0.4052082752612563,1.1876099873360375,1.3471346781405669,False,False,False,False,False,-1.289211788506167,0.19829575601383997,1.21950614898322,1.0395020415470135,0,0,0,0,0,1,1,0,0,0
13,4,XMEAS-4,8,0,1,0,0,0,0,1,1,0,0,0,0,0,,none,0,1,1.0,-,0.1746691470782773,0.0887490606925221,0.9239719678773032,0.9003463841005381,False,False,False,False,False,0.09731729760677982,0.04958393203689805,1.0828282771595785,0.9943579985465208,0,0,0,0,0,0,0,0,0,0
13,4,XMEAS-40,8,0,0,1,0,0,0,0,0,1,0,0,0,0,,none,0,0,,none,-0.293741997701972,-0.2399826812755097,0.8442137375941391,1.001488414860804,False,False,False,False,False,0.2174585595402558,0.6101927230944794,1.1296255593179523,1.0018882135869465,0,0,0,0,0,0,0,1,0,0
13,4,XMEAS-41,8,0,1,2,0,0,0,1,1,1,0,0,0,0,,none,0,1,1.0,-,0.7948378405817136,0.2619272749979543,0.9605533233349108,0.9579418145566808,False,False,False,False,False,-0.32043383515983004,0.5122103620785933,1.3010124256974631,1.1075470984052627,0,1,1,0,0,0,0,0,0,0
13,4,XMEAS-5,8,5,4,4,0,0,2,1,1,3,0,0,1,4,0.8,-,2,2,0.5,tie,0.1305143820557008,0.3084269867583771,1.1577081863232137,1.0463498892522485,False,False,False,False,False,-4.585630030663216,0.47989108795624785,2.020329548634435,0.9752939879136224,2,1,2,0,0,5,2,5,0,0
13,4,XMEAS-6,8,4,5,5,0,0,2,1,1,4,0,0,1,3,0.75,-,3,2,0.6,+,0.1295000981686469,0.2933270509134686,1.0546150783911017,1.0410129541471913,False,False,False,False,False,-3.9029264644809833,0.561748913639502,1.748438621255381,0.9998519335551641,2,1,2,0,0,5,2,5,0,0
13,4,XMEAS-7,8,7,6,8,2,2,5,1,1,8,2,2,0,7,1.0,-,3,3,0.5,tie,-8.772091483992401,-1.9323788187959727,17.470702825482686,1.3141351324892816,True,True,True,False,False,-52.32770732482413,13.558675258226273,45.83878464171231,2.8063026265068927,2,1,2,2,2,5,4,5,5,5
13,4,XMEAS-8,8,0,0,5,0,0,0,0,0,2,0,0,0,0,,none,0,0,,none,-0.055928206130673,-0.1603385103602153,1.180472674754998,0.9546680964700052,False,False,False,False,False,0.3511487737570236,0.30845136761217745,1.8949194521495265,1.0124214751612985,0,0,2,0,0,0,1,5,0,0
13,4,XMEAS-9,8,0,0,4,0,0,0,0,0,2,0,0,0,0,,none,0,0,,none,-0.3050895140525586,-0.3392291609443477,1.2913438114265443,1.0423790045299324,False,False,False,False,False,0.2789576882312199,0.3324533006369309,2.086607103082976,1.0259590632933895,0,0,2,0,0,0,0,5,0,0
13,5,XMEAS-1,8,7,6,6,0,0,2,2,2,4,0,0,3,4,0.5714285714285714,-,3,3,0.5,tie,0.2335855553798321,0.681396073467848,1.0606382321477683,1.005810595191252,False,False,False,False,False,5.72112786981663,7.6195498912034845,2.641117651843108,1.0157336021428605,2,2,2,0,0,3,3,5,0,0
13,5,XMEAS-10,8,8,7,8,6,6,2,3,2,8,4,4,3,5,0.625,-,4,3,0.5714285714285714,+,11.462921252888847,10.364993439438468,13.62058618210188,2.3124246008190212,True,True,True,True,True,11.92272347151153,2.834195192305049,15.742492992367247,2.458346910180974,2,2,2,2,2,5,4,5,5,5
13,5,XMEAS-11,8,7,6,7,0,0,2,1,1,5,0,0,4,3,0.5714285714285714,+,3,3,0.5,tie,3.670521821571495,3.614948835266523,5.288490254856602,1.12460676339304,True,True,True,False,False,11.41142041383716,1.2607220409459354,7.860741448440601,1.1086611426248263,2,1,2,0,0,5,4,5,0,0
13,5,XMEAS-12,8,5,5,7,0,0,2,1,1,5,0,0,3,2,0.6,+,3,2,0.6,+,-0.5240158984804325,-0.6832453745588066,1.4661730336235148,0.9930905228532168,False,False,True,False,False,-2.0616834076277724,1.0552065657050638,3.2570323299784443,1.0493524601415283,2,1,2,0,0,2,1,5,0,0
13,5,XMEAS-13,8,7,7,8,5,5,5,3,2,8,4,4,1,6,0.8571428571428571,-,5,2,0.7142857142857143,+,7.342610381947357,6.399859330961852,8.176319668775138,1.1988522210609054,True,True,True,False,False,-13.070006405077221,1.6965369862604076,19.747781323481327,1.4982094188335426,1,1,2,1,1,5,4,5,5,5
13,5,XMEAS-14,8,6,5,6,0,0,2,1,1,4,0,0,4,2,0.6666666666666666,+,3,2,0.6,+,-0.4936793464396956,-0.4170596167705795,1.2482026422736905,1.0295653546858312,False,False,False,False,False,-1.7629487808872883,0.8513437045617892,2.9462691205408302,1.0130572692184934,2,1,2,0,0,3,2,5,0,0
13,5,XMEAS-15,8,7,7,8,0,0,2,2,2,8,0,0,3,4,0.5714285714285714,-,4,3,0.5714285714285714,+,-0.6855369219834718,-0.6903898017092511,1.474278282366069,0.9488181651752792,False,False,True,False,False,-11.80562257697731,11.449254459357265,4.838754659030013,0.986728519108852,2,2,2,0,0,5,4,5,0,0
13,5,XMEAS-16,8,7,7,8,5,5,5,3,2,8,4,4,1,6,0.8571428571428571,-,5,2,0.7142857142857143,+,7.443769129627963,6.44792224127515,8.265164875686244,1.289268451524447,True,True,True,False,False,-13.159780491302488,1.5543878276542795,19.99554716121426,1.6319039066255812,1,1,2,1,1,5,4,5,5,5
13,5,XMEAS-17,8,2,4,0,0,0,1,1,1,0,0,0,1,1,0.5,tie,2,2,0.5,tie,-0.0898193566312482,-0.0955369933168644,1.0232039282570946,1.0071158977611216,False,False,False,False,False,-1.4256085339841817,1.4214214369322287,1.1175186229234788,1.0204394837556712,0,2,0,0,0,0,0,0,0,0
13,5,XMEAS-18,8,6,6,7,0,0,2,1,1,5,0,0,3,3,0.5,tie,3,3,0.5,tie,1.7613529453335577,1.8845221330765245,3.249531199512757,1.0730189424907963,False,True,True,False,False,11.087658453068808,1.4181943126525536,6.446623590271311,1.2674433833819028,2,1,2,0,0,5,4,5,2,2
13,5,XMEAS-19,8,0,0,0,0,0,0,0,0,0,0,0,0,0,,none,0,0,,none,-0.0194679212308789,-0.0251137681805481,0.9716230086842258,0.954971437256486,False,False,False,False,False,0.021711894380936,0.023693857971584797,0.964737494637703,0.9543656617531859,0,0,0,0,0,0,0,0,0,0
13,5,XMEAS-2,8,2,3,0,0,0,1,1,1,0,0,0,2,0,1.0,+,2,1,0.6666666666666666,+,-0.2969022681988245,-0.0139961443637959,0.9754437884523084,0.9754430825781254,False,False,False,False,False,0.8097722678362886,0.7996911943848334,1.1066863259312179,1.0275217919993356,1,1,0,0,0,0,0,0,0,0
13,5,XMEAS-20,8,6,8,8,0,0,5,4,2,8,0,0,1,5,0.8333333333333334,-,5,3,0.625,+,-0.820390246469332,-0.961474492711089,1.8767815894713624,1.0180847619001083,False,True,True,False,False,5.433749516526319,4.58277043759681,3.5280664106786945,1.0116025605371917,1,2,2,0,0,5,5,5,0,0
13,5,XMEAS-21,8,8,8,8,0,0,2,3,2,8,0,0,5,3,0.625,+,6,2,0.75,+,7.315061683775308,5.887961127299877,7.512928933525546,1.128447740152704,True,True,True,False,False,-0.47209345845460327,6.557666269993834,9.612274880652873,1.025664410436408,2,2,2,0,0,5,4,5,0,0
13,5,XMEAS-22,8,7,6,8,0,0,2,3,2,8,0,0,3,4,0.5714285714285714,-,5,1,0.8333333333333334,+,2.2315690148214795,2.0270807794405603,2.888833877352948,1.1574969197847105,True,True,True,False,False,5.824685962834921,1.2898538541963052,3.7373355397771615,1.0162433064336618,2,2,2,0,0,5,5,5,0,0
13,5,XMEAS-23,8,3,7,4,0,0,1,2,2,2,0,0,2,1,0.6666666666666666,+,3,4,0.5714285714285714,-,-0.1338517389091341,-0.1949802303664853,0.8175278239045908,0.8954466641528899,False,False,False,False,False,3.375222820369318,1.8284114739320245,1.6730980310676171,0.9850055053770164,1,2,1,0,0,1,2,2,0,0
13,5,XMEAS-24,8,7,8,7,0,0,2,2,2,5,0,0,2,5,0.7142857142857143,-,5,3,0.625,+,-1.8228709230647295,-1.5649016090259171,2.6129648631231506,1.1702943699934758,False,True,True,False,False,-9.62870734072584,6.28116769452445,3.0490190134096204,1.0830194564477154,2,2,2,0,0,5,5,5,0,0
13,5,XMEAS-25,8,4,3,5,0,0,1,1,1,2,0,0,2,2,0.5,tie,1,2,0.6666666666666666,-,0.364760427607941,0.5517059027707228,0.9899967562886064,0.8391557782997606,False,False,False,False,False,0.30403297592084666,1.0975963903713906,1.9350267056487325,0.9960920833683322,2,2,2,0,0,0,0,5,0,0
13,5,XMEAS-26,8,2,0,1,0,0,2,0,0,1,0,0,2,0,1.0,+,0,0,,none,-0.3591399191258044,-0.1393158482794823,0.950614318476593,0.924405171507222,False,False,False,False,False,-0.16326243370506693,0.12315260342258089,1.1147491975931478,1.0425029183982368,0,0,0,0,0,3,0,2,0,0
13,5,XMEAS-27,8,5,4,4,0,0,3,1,1,4,0,0,4,1,0.8,+,2,2,0.5,tie,0.5928400982816778,0.4523031001403934,1.3717493457869354,0.9227198046756216,False,False,True,False,False,-0.3541340565740264,0.6985994597416996,1.1686395753151404,1.1133069428629385,1,1,0,0,0,5,1,3,0,0
13,5,XMEAS-28,8,6,8,8,0,0,2,2,2,8,0,0,2,4,0.6666666666666666,-,5,3,0.625,+,-1.6637527762914797,-1.456411160737866,2.463191141055479,1.1370905298991787,False,True,True,False,False,-5.150927189708447,8.277135076273446,3.165943578354801,1.267876969488887,1,2,2,0,0,5,4,5,0,0
13,5,XMEAS-29,8,6,7,5,0,0,2,2,2,4,0,0,3,3,0.5,tie,3,4,0.5714285714285714,-,-0.1626327931211042,-0.4016717486694589,1.055667298804947,1.023182274906491,False,False,False,False,False,4.730308582891538,2.551558788748706,2.240498829696012,1.0624813716712043,1,2,2,0,0,2,3,5,0,0
13,5,XMEAS-3,8,5,5,0,0,0,2,2,2,0,0,0,3,2,0.6,+,2,3,0.6,-,0.4542099952803337,-0.0156879736165337,1.0019295457786417,0.9899261636516342,False,False,False,False,False,0.43721411635681884,1.3084667781829888,1.1217646704484716,0.9880093840793107,2,1,0,0,0,2,2,1,0,0
13,5,XMEAS-30,8,8,8,8,0,0,2,2,2,8,0,0,2,6,0.75,-,5,3,0.625,+,-2.9322410778953354,-2.384202555832068,3.714140084622883,1.1502734318222168,True,True,True,False,False,-13.368652376697106,8.47783373965478,4.01719241952431,1.2463265742859075,2,2,2,0,0,5,5,5,0,0
13,5,XMEAS-31,8,6,6,6,0,0,2,2,2,4,0,0,2,4,0.6666666666666666,-,4,2,0.6666666666666666,+,0.731242589831069,0.788278606848876,1.3264581532432302,0.9624426825060428,False,True,False,False,False,0.43912951526832944,1.5689719268735955,2.727039424711402,1.1900317128742977,2,2,2,0,0,1,2,5,0,0
13,5,XMEAS-32,8,2,0,1,0,0,2,0,0,1,0,0,2,0,1.0,+,0,0,,none,-0.3085711483234585,-0.509885904944753,1.0228074567118617,0.9330261299148054,False,False,False,False,False,-0.4087661108021886,0.239806775604691,1.0478644194884565,0.9956899407011066,0,0,0,0,0,1,0,1,0,0
13,5,XMEAS-33,8,7,5,6,0,0,5,1,1,5,0,0,6,1,0.8571428571428571,+,3,2,0.6,+,0.8976282033740253,0.9143753277664346,1.4909962223773228,0.9009885792087048,False,True,True,False,False,0.13398511336938723,0.7311717189026211,1.3174824612052363,1.1096722548188473,2,1,1,0,0,5,4,5,0,0
13,5,XMEAS-34,8,7,8,8,2,2,2,2,2,8,1,1,2,5,0.7142857142857143,-,5,3,0.625,+,-2.3427395806316516,-1.8523730185424787,2.852926321672061,1.2187515303757612,True,True,True,False,False,-6.06098042489842,10.160467668956686,3.7796388578394033,1.3787569238919386,1,2,2,1,1,5,5,5,1,1
13,5,XMEAS-35,8,6,5,6,0,0,2,1,1,4,0,0,4,2,0.6666666666666666,+,2,3,0.6,-,0.3525906019599351,0.5057751498821127,1.3523981780973888,1.0087180751637896,False,False,False,False,False,4.380423926409088,0.8785789970953732,2.5270729255834934,0.9751409748263216,2,1,2,0,0,3,4,5,0,0
13,5,XMEAS-36,8,1,2,5,0,0,1,1,1,2,0,0,1,0,1.0,+,0,2,1.0,-,0.07394257238097,-0.1170805235029037,1.0249618107588194,1.0236691579348818,False,False,False,False,False,1.6759426670773818,0.15660241542637127,1.6237084370981296,1.109965612396132,1,0,2,0,0,1,0,4,0,0
13,5,XMEAS-37,8,0,0,0,0,0,0,0,0,0,0,0,0,0,,none,0,0,,none,0.1728367815467632,-0.1919586972495073,0.621930988853748,0.5907718364868815,False,False,False,False,False,-0.12204161891620424,0.12284914382385759,0.7298192385986746,0.7237776912463829,0,0,0,0,0,0,0,0,0,0
13,5,XMEAS-38,8,6,6,7,0,0,5,2,2,7,0,0,5,1,0.8333333333333334,+,4,2,0.6666666666666666,+,-0.1326857682893887,0.2767689918816095,0.8544570133570276,0.8554338269837768,False,False,False,False,False,-2.2805652890051307,0.5730658501310301,1.7816195801241088,1.1575149252073391,1,1,2,0,0,5,4,5,0,0
13,5,XMEAS-39,8,3,3,0,0,0,1,1,1,0,0,0,2,1,0.6666666666666666,+,1,2,0.6666666666666666,-,-0.3381461998961088,0.0279988306338994,0.9712334679935846,0.9878648394860592,False,False,False,False,False,-1.0677566021533083,1.1166335215898122,1.0085385880913882,0.885755828895169,0,1,0,0,0,1,1,0,0,0
13,5,XMEAS-4,8,1,1,0,0,0,1,1,1,0,0,0,1,0,1.0,+,0,1,1.0,-,0.0078810230507331,-0.0610544984192068,1.0183464534099125,0.9984971409301014,False,False,False,False,False,0.04519416446553515,0.4669021110743138,1.0657116056581677,0.9483207045647972,0,0,0,0,0,0,0,0,0,0
13,5,XMEAS-40,8,0,0,2,0,0,0,0,0,1,0,0,0,0,,none,0,0,,none,0.2296459822567981,-0.026419665458159,1.249301769207744,1.1947911763971597,False,False,False,False,False,0.5253957216882874,0.46951025844629624,1.2155216678068672,1.0090156701867365,0,0,1,0,0,0,0,1,0,0
13,5,XMEAS-41,8,0,1,1,0,0,0,1,1,1,0,0,0,0,,none,1,0,1.0,+,0.0850609866571875,0.1365961120468639,0.9852413260830746,0.8291225030472814,False,False,False,False,False,-0.36607848511078017,0.7220199768486448,0.9458104602708961,0.9410372192850487,0,1,0,0,0,0,0,0,0,0
13,5,XMEAS-5,8,5,4,5,0,0,5,3,2,4,0,0,0,5,1.0,-,4,0,1.0,+,-0.2520930335498125,-0.2380577155123165,1.1946485868388823,1.0375706749291371,False,False,False,False,False,0.7306038995465352,0.9693133376842051,1.373186873752935,1.0232311529273643,0,1,1,0,0,5,2,5,0,0
13,5,XMEAS-6,8,6,5,5,0,0,5,2,2,4,0,0,1,5,0.8333333333333334,-,4,1,0.8,+,-0.2554549397300029,-0.2132142165041597,1.071667598337383,1.014464500823556,False,False,False,False,False,0.9379207817706471,1.2175487147161992,1.4040953011959,0.9655707655292081,1,2,1,0,0,5,2,5,0,0
13,5,XMEAS-7,8,7,7,8,5,5,5,3,2,8,4,4,1,6,0.8571428571428571,-,5,2,0.7142857142857143,+,7.597665755152144,6.501790703783657,8.40672373789901,1.2333547057513408,True,True,True,False,False,-13.251331839031298,1.666720650618998,20.151873285785296,1.4733931281563206,1,1,2,1,1,5,4,5,5,5
13,5,XMEAS-8,8,0,2,4,0,0,0,1,1,2,0,0,0,0,,none,1,1,0.5,tie,-0.5447991057520003,-0.4697212228537898,1.1806823313915948,0.9442128920718064,False,False,False,False,False,-0.20738199119938908,0.5959967732306992,1.3819396168226847,0.9886694966744183,0,1,1,0,0,0,1,5,0,0
13,5,XMEAS-9,8,0,0,4,0,0,0,0,0,4,0,0,0,0,,none,0,0,,none,-0.2619621522906723,-0.1239753212067036,1.4794732419884904,1.1121084494378073,False,False,True,False,False,0.039770869624993904,0.4457333893619834,1.160943496523347,0.964291200041424,0,0,0,0,0,0,0,5,0,0
