normal_window_id,normal_block,window_in_block,window_start_h,window_end_h,variable,shift_sigma,abs_shift_sigma,slope_sigma_h,abs_slope_sigma_h,raw_std_ratio,diff_std_ratio,residual_std_ratio
1,N1,1,0.0,5.0,XMEAS-1,0.3856800390104599,0.3856800390104599,-0.3847410369740441,0.3847410369740441,0.8031461440398443,0.8944300448722866,0.5821376722352696
1,N1,1,0.0,5.0,XMEAS-2,-0.3096080391116788,0.3096080391116788,-0.0394919770337265,0.0394919770337265,1.00197691139393,1.059562333751286,1.0055533310476323
1,N1,1,0.0,5.0,XMEAS-3,0.3326479728014485,0.3326479728014485,0.05697448567844487,0.05697448567844487,0.9191651093050655,0.9876692250466474,0.9228226811104372
1,N1,1,0.0,5.0,XMEAS-4,-0.04863601344340926,0.04863601344340926,0.023613956420945163,0.023613956420945163,0.9846871130289223,1.0253297886593606,0.9845929800880778
1,N1,1,0.0,5.0,XMEAS-5,0.05360880916685326,0.05360880916685326,-0.0035505310472083145,0.0035505310472083145,0.9832773530995894,0.9807807716406486,0.9854205850008494
1,N1,1,0.0,5.0,XMEAS-6,0.07015788093401945,0.07015788093401945,0.09275891002833973,0.09275891002833973,0.9788815141400814,0.9895338983576677,0.9712565054822062
1,N1,1,0.0,5.0,XMEAS-7,0.09721155804936683,0.09721155804936683,-0.03451789770892558,0.03451789770892558,0.8834424680379662,1.0355005213421307,0.8820523791205439
1,N1,1,0.0,5.0,XMEAS-8,-0.05101049670774164,0.05101049670774164,-0.09425049884637693,0.09425049884637693,1.034060475439116,1.0326325477363743,1.025549956157904
1,N1,1,0.0,5.0,XMEAS-9,0.037627958755476365,0.037627958755476365,-0.042076149867714276,0.042076149867714276,1.0728165623968289,1.1015549181016162,1.0713358094472618
1,N1,1,0.0,5.0,XMEAS-10,0.2415489627419053,0.2415489627419053,0.20317894424152136,0.20317894424152136,0.7165733089854799,1.0426098341458607,0.6545071378702496
1,N1,1,0.0,5.0,XMEAS-11,0.09057565425896442,0.09057565425896442,0.22795249858304278,0.22795249858304278,0.8876956375061797,1.124398824899568,0.8410882182817103
1,N1,1,0.0,5.0,XMEAS-12,-0.10671731737636603,0.10671731737636603,-0.0832527484112517,0.0832527484112517,0.9779410058350849,0.9531244586582599,0.971299357150876
1,N1,1,0.0,5.0,XMEAS-13,0.0912243100066838,0.0912243100066838,-0.03881302273725518,0.03881302273725518,0.8798745835238061,0.9955878319042368,0.8781177246062933
1,N1,1,0.0,5.0,XMEAS-14,0.0644960406087678,0.0644960406087678,-0.03364390063175831,0.03364390063175831,1.0293547755736239,1.0673064148270606,1.0304764267004323
1,N1,1,0.0,5.0,XMEAS-15,-0.12396416451940566,0.12396416451940566,0.1356834477930793,0.1356834477930793,0.9813837723996977,0.9939503937981325,0.961913053078823
1,N1,1,0.0,5.0,XMEAS-16,0.12981850747511003,0.12981850747511003,-0.04430838864944537,0.04430838864944537,0.9156621076691693,1.1178134774139414,0.9134613963937945
1,N1,1,0.0,5.0,XMEAS-17,0.038941110170636235,0.038941110170636235,-0.0069833489316838615,0.0069833489316838615,1.0131168409213154,0.9899758962562569,1.014146201696675
1,N1,1,0.0,5.0,XMEAS-18,0.08721456688256081,0.08721456688256081,0.2650184727663154,0.2650184727663154,0.5476932225761975,1.1021554406216267,0.4095505271784942
1,N1,1,0.0,5.0,XMEAS-19,0.024524615522382928,0.024524615522382928,-0.045835428207347075,0.045835428207347075,0.9864222259997818,0.9971548008338635,0.984506053445697
1,N1,1,0.0,5.0,XMEAS-20,0.27092814436304685,0.27092814436304685,0.24424823564765133,0.24424823564765133,0.6745353122360319,1.0240989064667625,0.5950083378957939
1,N1,1,0.0,5.0,XMEAS-21,0.38006071972291994,0.38006071972291994,0.004266359090723915,0.004266359090723915,0.9107130973668892,1.0744376788468928,0.928405859755968
1,N1,1,0.0,5.0,XMEAS-22,0.13686454457828404,0.13686454457828404,0.17515363832972003,0.17515363832972003,0.9715767400311774,1.0581821512192222,0.9507347193887802
1,N1,1,0.0,5.0,XMEAS-23,-9.401044958246319e-05,9.401044958246319e-05,0.09059245835990169,0.09059245835990169,0.844811679328593,0.8861113598753368,0.8352969391398387
1,N1,1,0.0,5.0,XMEAS-24,-0.2816713895064509,0.2816713895064509,-0.08748157573713955,0.08748157573713955,0.8690188994895885,0.9028024790252941,0.8642398170625237
1,N1,1,0.0,5.0,XMEAS-25,-0.10090527250664805,0.10090527250664805,-0.08683111419706328,0.08683111419706328,0.9919177592531632,1.1460723992081594,0.9844650976619638
1,N1,1,0.0,5.0,XMEAS-26,-0.20756008525450653,0.20756008525450653,-0.013574539960401286,0.013574539960401286,0.7859499599236751,0.8209064628649962,0.791032529080571
1,N1,1,0.0,5.0,XMEAS-27,0.33080076651616136,0.33080076651616136,-0.10836855075564718,0.10836855075564718,0.9577363502543563,0.904246049246867,0.9470479893407187
1,N1,1,0.0,5.0,XMEAS-28,-0.14874069992303046,0.14874069992303046,0.08919102732461869,0.08919102732461869,0.8694615309081425,0.8196844497128938,0.8687084145649095
1,N1,1,0.0,5.0,XMEAS-29,-0.051634113839441456,0.051634113839441456,0.1368078668144872,0.1368078668144872,0.8929027211393652,0.9345111535285656,0.8768377369905277
1,N1,1,0.0,5.0,XMEAS-30,-0.02898077286394602,0.02898077286394602,-0.2155555937675443,0.2155555937675443,0.8146283210790807,0.7499248450795044,0.759525729719865
1,N1,1,0.0,5.0,XMEAS-31,-0.2030551678813378,0.2030551678813378,0.17652732790021047,0.17652732790021047,0.8551558519712025,0.9117608568025498,0.8192988693573581
1,N1,1,0.0,5.0,XMEAS-32,0.08992867703707859,0.08992867703707859,0.04460682690474652,0.04460682690474652,1.0320343792488549,1.1490335727213372,1.0307905185816204
1,N1,1,0.0,5.0,XMEAS-33,0.016837864118824823,0.016837864118824823,0.05334288545743775,0.05334288545743775,0.8909188242281005,0.920804774179222,0.8899703927051542
1,N1,1,0.0,5.0,XMEAS-34,-0.2676884885187562,0.2676884885187562,-0.007358893152337296,0.007358893152337296,0.9095228932116438,0.8892246983105341,0.9261799887191589
1,N1,1,0.0,5.0,XMEAS-35,-0.27021784910611524,0.27021784910611524,0.09506040007566444,0.09506040007566444,1.108559633599169,1.137131990612529,1.1085915426465318
1,N1,1,0.0,5.0,XMEAS-36,0.09818024168745362,0.09818024168745362,-0.17734605558424751,0.17734605558424751,1.0190641402358946,1.1035980094636053,0.9886761500717371
1,N1,1,0.0,5.0,XMEAS-37,-0.3974603562220151,0.3974603562220151,-0.26224070760772544,0.26224070760772544,0.8295978561139388,0.9210863325119335,0.7423440669482562
1,N1,1,0.0,5.0,XMEAS-38,-0.06440002197184556,0.06440002197184556,0.06616057608521252,0.06616057608521252,1.0708529865931633,1.237605200440601,1.0721994659675416
1,N1,1,0.0,5.0,XMEAS-39,0.42743057756252734,0.42743057756252734,-0.25698630771717634,0.25698630771717634,0.9808240336057449,0.9957290525086957,0.9130345995906909
1,N1,1,0.0,5.0,XMEAS-40,0.25017963562134155,0.25017963562134155,0.04695981467042597,0.04695981467042597,0.6040541667001849,0.6393844222722604,0.6008480492607956
1,N1,1,0.0,5.0,XMEAS-41,0.1194250057507077,0.1194250057507077,-0.010926457969687298,0.010926457969687298,0.9692079750020952,0.9279522466744854,0.9813223632067278
2,N1,2,5.0,10.0,XMEAS-1,0.04398393157555841,0.04398393157555841,0.2571561503950449,0.2571561503950449,0.7599333690796101,0.9660275242994799,0.6659809873717596
2,N1,2,5.0,10.0,XMEAS-2,-0.4315321691211639,0.4315321691211639,0.04446326834644651,0.04446326834644651,0.9187326316945579,0.8944511460469727,0.9212490818277198
2,N1,2,5.0,10.0,XMEAS-3,0.5394603176379809,0.5394603176379809,-0.02792727719909872,0.02792727719909872,0.9839588433127541,0.9839728244540062,0.9910297474088017
2,N1,2,5.0,10.0,XMEAS-4,-0.03135245018057423,0.03135245018057423,-0.11884473567697124,0.11884473567697124,0.9823546298638237,0.9289017813024889,0.9677004935163682
2,N1,2,5.0,10.0,XMEAS-5,0.12297247225757,0.12297247225757,-0.0006964965451323966,0.0006964965451323966,0.9637645988586672,0.9593299899740504,0.9658779343080471
2,N1,2,5.0,10.0,XMEAS-6,0.033914786874253075,0.033914786874253075,-0.018271011464603245,0.018271011464603245,0.9813102665737182,0.9780828203371688,0.982578484746264
2,N1,2,5.0,10.0,XMEAS-7,-0.08668880942043926,0.08668880942043926,-0.010463885444612174,0.010463885444612174,1.2439832318066746,1.0167997637450237,1.2439202888426506
2,N1,2,5.0,10.0,XMEAS-8,0.07209645154548641,0.07209645154548641,-0.024078405012603617,0.024078405012603617,0.9276168968002623,0.9695392803863624,0.9274220478793924
2,N1,2,5.0,10.0,XMEAS-9,0.018945168687908992,0.018945168687908992,0.00057712258802358,0.00057712258802358,1.0207242010224524,1.022589682761062,1.0209576854258284
2,N1,2,5.0,10.0,XMEAS-10,-0.27009508090910056,0.27009508090910056,-0.49218103383000184,0.49218103383000184,1.4882941335221496,1.0687216888016802,1.3089826812512766
2,N1,2,5.0,10.0,XMEAS-11,-0.03742132762220725,0.03742132762220725,-0.1455851946170969,0.1455851946170969,0.8338930174559801,1.0747749387617485,0.8233753419441612
2,N1,2,5.0,10.0,XMEAS-12,-0.07273523611411242,0.07273523611411242,0.05283058813574101,0.05283058813574101,1.0126166515771617,0.9750088215124143,1.0105578126113322
2,N1,2,5.0,10.0,XMEAS-13,-0.13015126707871633,0.13015126707871633,0.004713479050744466,0.004713479050744466,1.1694153915630503,0.99455400096241,1.1694413046216963
2,N1,2,5.0,10.0,XMEAS-14,-0.05423420340309298,0.05423420340309298,0.10191765480639699,0.10191765480639699,0.9908167277977876,0.9860322112897959,0.9819633948792786
2,N1,2,5.0,10.0,XMEAS-15,-0.100282593835319,0.100282593835319,0.04533841782704972,0.04533841782704972,1.005473029933722,1.0182440567969264,1.0036837751113983
2,N1,2,5.0,10.0,XMEAS-16,-0.13330001366115338,0.13330001366115338,0.009174298278644593,0.009174298278644593,1.2318890458381744,1.0529749337851568,1.2318754579472588
2,N1,2,5.0,10.0,XMEAS-17,-0.021906800776787142,0.021906800776787142,-0.018288913054090007,0.018288913054090007,1.0223828937664987,1.0229953747535763,1.0231301423322194
2,N1,2,5.0,10.0,XMEAS-18,0.1772132676853762,0.1772132676853762,-0.08547254541937303,0.08547254541937303,0.5595970384287894,1.0121912154286488,0.5711596449922374
2,N1,2,5.0,10.0,XMEAS-19,0.12984086758639757,0.12984086758639757,-0.018679448900431904,0.018679448900431904,0.9433692898936225,0.9211174470484985,0.9432818573434477
2,N1,2,5.0,10.0,XMEAS-20,0.337667584806012,0.337667584806012,0.002112508219787218,0.002112508219787218,0.5830378978140698,1.040239451304052,0.603616439255775
2,N1,2,5.0,10.0,XMEAS-21,0.5937199814040456,0.5937199814040456,-0.09394780578604271,0.09394780578604271,0.876935161583577,1.0577408880674635,0.8832033773636114
2,N1,2,5.0,10.0,XMEAS-22,0.11242626085807263,0.11242626085807263,-0.10517293309099152,0.10517293309099152,0.9346967441337151,1.0511860481754827,0.9347715350507737
2,N1,2,5.0,10.0,XMEAS-23,0.13649542700402262,0.13649542700402262,-0.024234186377389583,0.024234186377389583,1.0875275087372704,1.0720572542661297,1.0878747594229814
2,N1,2,5.0,10.0,XMEAS-24,-0.6248143676890311,0.6248143676890311,-0.042498203510367386,0.042498203510367386,0.870090129112069,0.7973992419421585,0.872434597215404
2,N1,2,5.0,10.0,XMEAS-25,0.1606174061473119,0.1606174061473119,0.05407406081622074,0.05407406081622074,1.1656032336887003,1.150892753376603,1.1635973279595946
2,N1,2,5.0,10.0,XMEAS-26,-0.09827001716480473,0.09827001716480473,0.05768731429328815,0.05768731429328815,0.9947010717505482,1.0120327433817158,0.9979193719570274
2,N1,2,5.0,10.0,XMEAS-27,-0.046262225724466234,0.046262225724466234,0.11218832522494687,0.11218832522494687,1.0285193668945203,0.9479192752770524,1.0180292056348283
2,N1,2,5.0,10.0,XMEAS-28,-0.26886406862185996,0.26886406862185996,0.0347197892146227,0.0347197892146227,0.8655825629093157,0.8973717863076782,0.8730323574510938
2,N1,2,5.0,10.0,XMEAS-29,0.04549406496218239,0.04549406496218239,-0.12819227983193734,0.12819227983193734,0.8848316025406586,1.025773860276605,0.8712826468680487
2,N1,2,5.0,10.0,XMEAS-30,-0.7180747359634378,0.7180747359634378,0.09263463516200567,0.09263463516200567,0.9923290096412957,1.0874848017975427,0.9922195591235297
2,N1,2,5.0,10.0,XMEAS-31,0.24811925858724918,0.24811925858724918,0.004151633173041868,0.004151633173041868,0.8676279905363048,0.9479992974351164,0.870919532692737
2,N1,2,5.0,10.0,XMEAS-32,-0.027757914163546022,0.027757914163546022,0.04858754290784003,0.04858754290784003,1.0869228212483353,1.0193647584084509,1.0854646027101273
2,N1,2,5.0,10.0,XMEAS-33,-0.20067703664931377,0.20067703664931377,0.14731545301126764,0.14731545301126764,0.9988987407456806,1.0742548890692625,0.9785625425470605
2,N1,2,5.0,10.0,XMEAS-34,-0.3375388829095252,0.3375388829095252,0.07183730665185997,0.07183730665185997,0.8784762341500346,1.0188473151549995,0.8883514187142971
2,N1,2,5.0,10.0,XMEAS-35,-0.35745964949675113,0.35745964949675113,-0.17472072728585997,0.17472072728585997,1.0846245460457498,1.0642168928522482,1.063030060739317
2,N1,2,5.0,10.0,XMEAS-36,0.009950584489701847,0.009950584489701847,-0.02558033704160927,0.02558033704160927,0.9517947362060517,0.9204831502243979,0.9533861414760549
2,N1,2,5.0,10.0,XMEAS-37,-0.10542205805413138,0.10542205805413138,-0.3838316491468838,0.3838316491468838,1.0917195458199827,1.053169176222957,0.9458315062708145
2,N1,2,5.0,10.0,XMEAS-38,-0.13799049033249233,0.13799049033249233,0.07908152802422895,0.07908152802422895,1.132078428287173,1.2361836546744587,1.1322322316667623
2,N1,2,5.0,10.0,XMEAS-39,0.125456956792945,0.125456956792945,-0.07319512111363144,0.07319512111363144,1.0977351197922474,1.0363432394182936,1.0990101372686447
2,N1,2,5.0,10.0,XMEAS-40,-0.005782568897050998,0.005782568897050998,-0.18476645385599913,0.18476645385599913,0.8144095134056961,0.8310268966982308,0.7701493473456388
2,N1,2,5.0,10.0,XMEAS-41,0.11442248226599658,0.11442248226599658,-0.13688670810455297,0.13688670810455297,0.8913084545569462,0.8136542693059554,0.8800383005575011
3,N1,3,10.0,15.0,XMEAS-1,0.09766834906508022,0.09766834906508022,0.391200194139376,0.391200194139376,1.0857974134585495,0.9455972772939999,0.9313415619304034
3,N1,3,10.0,15.0,XMEAS-2,-0.10142146954214769,0.10142146954214769,0.05557778070035379,0.05557778070035379,0.9347107768135017,0.9785865182936565,0.9360955991127118
3,N1,3,10.0,15.0,XMEAS-3,-0.1085418452990784,0.1085418452990784,-0.24681121532961242,0.24681121532961242,1.007703888662305,1.0135505319990659,0.9499822849907191
3,N1,3,10.0,15.0,XMEAS-4,-0.11934117425143591,0.11934117425143591,0.01716754162373425,0.01716754162373425,0.9660461167085856,0.9770371321047223,0.9662158138231354
3,N1,3,10.0,15.0,XMEAS-5,0.008765745348448383,0.008765745348448383,-0.05140599375701096,0.05140599375701096,0.9768444940046515,0.9984140192255988,0.9761494041713044
3,N1,3,10.0,15.0,XMEAS-6,0.027996648372294444,0.027996648372294444,-0.03821122085275079,0.03821122085275079,0.9984218080823482,1.0125877611323617,0.998542428182592
3,N1,3,10.0,15.0,XMEAS-7,0.012893703086190034,0.012893703086190034,-0.1130495974854672,0.1130495974854672,0.7794698144944611,0.9446737578883836,0.7621588628529197
3,N1,3,10.0,15.0,XMEAS-8,0.03917571727865167,0.03917571727865167,0.026641719130096136,0.026641719130096136,0.9269907936869748,0.9179368319045105,0.9266484234379854
3,N1,3,10.0,15.0,XMEAS-9,0.035794002086779256,0.035794002086779256,0.05200748986598003,0.05200748986598003,0.9892662792249383,0.9694874520031455,0.9866305620634102
3,N1,3,10.0,15.0,XMEAS-10,-0.27295798595881254,0.27295798595881254,-0.35403635300625835,0.35403635300625835,0.8278812822343943,1.0219224426138271,0.6515905409290691
3,N1,3,10.0,15.0,XMEAS-11,-0.052714200504398706,0.052714200504398706,0.04287343768636821,0.04287343768636821,0.8220260292910873,1.0365468554460149,0.8364307903476831
3,N1,3,10.0,15.0,XMEAS-12,0.06110932790676951,0.06110932790676951,-0.05572351449122262,0.05572351449122262,0.9961301059038631,1.0301706547196063,0.9936790683188621
3,N1,3,10.0,15.0,XMEAS-13,-0.01652328869744937,0.01652328869744937,-0.12923599285374,0.12923599285374,0.8508152252490392,1.071499431925476,0.8300775761153574
3,N1,3,10.0,15.0,XMEAS-14,0.04160753087286387,0.04160753087286387,-0.025680170997648726,0.025680170997648726,1.01640342388542,0.9984586561355704,1.0179690731910553
3,N1,3,10.0,15.0,XMEAS-15,0.1571414436239594,0.1571414436239594,-0.07133259355220398,0.07133259355220398,0.9776947062589861,0.9684452153358515,0.9725789913028172
3,N1,3,10.0,15.0,XMEAS-16,0.009832464323297202,0.009832464323297202,-0.14838581488856456,0.14838581488856456,0.8315254398171034,1.0396134169149764,0.803411900993152
3,N1,3,10.0,15.0,XMEAS-17,0.016247822603361613,0.016247822603361613,0.02982618129433368,0.02982618129433368,0.9488934653227168,0.9551038838503582,0.9489233600456766
3,N1,3,10.0,15.0,XMEAS-18,-0.05302364491461056,0.05302364491461056,0.094327374460893,0.094327374460893,0.43101559286039826,1.0288789754823182,0.427882921581367
3,N1,3,10.0,15.0,XMEAS-19,0.08050082357081952,0.08050082357081952,-0.04000475732598163,0.04000475732598163,0.9727667504704862,0.9215251923832091,0.9713538962837128
3,N1,3,10.0,15.0,XMEAS-20,-0.007458883086312712,0.007458883086312712,-0.018866970381280976,0.018866970381280976,0.6429408462411248,1.0554280071857558,0.6650434780979373
3,N1,3,10.0,15.0,XMEAS-21,0.2047016700037959,0.2047016700037959,-0.20907218864609575,0.20907218864609575,0.9276891250749243,0.9918060092494352,0.8941220136885111
3,N1,3,10.0,15.0,XMEAS-22,-0.028624106944433705,0.028624106944433705,-0.006355301165819999,0.006355301165819999,0.9085753831681325,1.005349198141956,0.9208686803005663
3,N1,3,10.0,15.0,XMEAS-23,0.015266513096483773,0.015266513096483773,0.002531551585394654,0.002531551585394654,0.9509474174263085,0.8769393210559339,0.9517380728782959
3,N1,3,10.0,15.0,XMEAS-24,-0.10345690342543547,0.10345690342543547,-0.02790637196895309,0.02790637196895309,0.8217125538621591,0.875526858804787,0.8249924672598056
3,N1,3,10.0,15.0,XMEAS-25,0.00294524953093279,0.00294524953093279,0.12011781870038146,0.12011781870038146,1.0104234687392335,0.9626772596426781,0.9959172675275866
3,N1,3,10.0,15.0,XMEAS-26,-0.08615032785737116,0.08615032785737116,-0.02505947496685352,0.02505947496685352,0.9373244847853952,0.9133236461252192,0.942974996645346
3,N1,3,10.0,15.0,XMEAS-27,-0.02052752531714953,0.02052752531714953,0.017325363634822018,0.017325363634822018,0.9615537046334479,1.042691608539314,0.9634798214957287
3,N1,3,10.0,15.0,XMEAS-28,0.2913976789505636,0.2913976789505636,-0.13146793067426962,0.13146793067426962,0.9298555646140345,0.9742740496043365,0.9196032723281399
3,N1,3,10.0,15.0,XMEAS-29,-0.13290090329242968,0.13290090329242968,0.22549176789828052,0.22549176789828052,0.9101367870889345,0.9737891888837578,0.855715070717699
3,N1,3,10.0,15.0,XMEAS-30,0.21452782906924747,0.21452782906924747,0.06313133045477967,0.06313133045477967,0.754108683455109,0.8076255535146735,0.7553935694290844
3,N1,3,10.0,15.0,XMEAS-31,-0.08623479847874009,0.08623479847874009,-0.13073290935177523,0.13073290935177523,1.0729652325937897,1.194638501435544,1.0602184365101754
3,N1,3,10.0,15.0,XMEAS-32,-0.06959526016777627,0.06959526016777627,-0.02912390253091812,0.02912390253091812,0.9353053252345894,0.9649488269375627,0.9350583788841683
3,N1,3,10.0,15.0,XMEAS-33,0.100748278134227,0.100748278134227,-0.03992702490207618,0.03992702490207618,0.9673036137863779,1.0835357088539541,0.9681860607165559
3,N1,3,10.0,15.0,XMEAS-34,0.3547155610788086,0.3547155610788086,0.07527047692736842,0.07527047692736842,0.8160804679274098,0.8100174386565671,0.823660692482857
3,N1,3,10.0,15.0,XMEAS-35,0.04276974192556077,0.04276974192556077,0.11344477642504361,0.11344477642504361,1.0443120946752606,1.128738599199085,1.0394003860462933
3,N1,3,10.0,15.0,XMEAS-36,0.1523638266834124,0.1523638266834124,-0.014489426815690086,0.014489426815690086,0.9689377548122953,1.0056634533428759,0.9710643149664355
3,N1,3,10.0,15.0,XMEAS-37,-0.3783478028108718,0.3783478028108718,-0.16104464124159348,0.16104464124159348,1.0648519946002963,0.9852078079763523,1.0453550753711411
3,N1,3,10.0,15.0,XMEAS-38,0.19710387749399852,0.19710387749399852,0.09029216020679315,0.09029216020679315,0.9886670257553516,1.0050297674768436,0.9851812391308042
3,N1,3,10.0,15.0,XMEAS-39,-0.21389151991556626,0.21389151991556626,-0.14875118772593407,0.14875118772593407,0.8474368917562242,0.9211649182895589,0.8244859163737347
3,N1,3,10.0,15.0,XMEAS-40,-0.48392271592030156,0.48392271592030156,-0.111146625206518,0.111146625206518,0.8503689750775688,0.9325318592208942,0.8359125505756904
3,N1,3,10.0,15.0,XMEAS-41,0.4486239409911884,0.4486239409911884,0.0035873588308130695,0.0035873588308130695,1.0805391569824985,1.1289177874753717,1.0941778502423962
4,N1,4,15.0,20.0,XMEAS-1,-0.4872183488192283,0.4872183488192283,0.1403608498437712,0.1403608498437712,0.7175880299415645,1.060812215527195,0.6916260788293379
4,N1,4,15.0,20.0,XMEAS-2,-0.1421922357058594,0.1421922357058594,0.03727469845440637,0.03727469845440637,0.9796172273044093,0.9392288269353255,0.983222734069367
4,N1,4,15.0,20.0,XMEAS-3,0.13640374273890443,0.13640374273890443,-0.006886178294794251,0.006886178294794251,0.9729489333699305,1.0291916126623846,0.9807154572694485
4,N1,4,15.0,20.0,XMEAS-4,-0.007449129920743511,0.007449129920743511,0.010791444356684287,0.010791444356684287,0.9796524422418598,1.003894173750697,0.9800237810976268
4,N1,4,15.0,20.0,XMEAS-5,-0.05869635686025277,0.05869635686025277,-0.02898525725759415,0.02898525725759415,0.9938444102771656,1.0318166947110603,0.9951384095633276
4,N1,4,15.0,20.0,XMEAS-6,-0.08487257828976907,0.08487257828976907,-0.1352217499060348,0.1352217499060348,1.0561711143387096,1.0790188057604366,1.0396376080981593
4,N1,4,15.0,20.0,XMEAS-7,0.018660326437225823,0.018660326437225823,-0.17616958159615864,0.17616958159615864,0.9326386048982961,1.0217635977382427,0.8972062684606229
4,N1,4,15.0,20.0,XMEAS-8,0.07253771145196419,0.07253771145196419,0.012728179951236167,0.012728179951236167,0.9542895592464028,0.9172075225031049,0.9545841476643191
4,N1,4,15.0,20.0,XMEAS-9,0.011382705003317825,0.011382705003317825,0.0602731273462489,0.0602731273462489,0.9427500812487027,0.9258184992767525,0.938929079550451
4,N1,4,15.0,20.0,XMEAS-10,0.3168334300258734,0.3168334300258734,-0.10813161937517567,0.10813161937517567,0.8894567806131234,0.9319344067981293,0.876831276606789
4,N1,4,15.0,20.0,XMEAS-11,-0.02332095942540723,0.02332095942540723,-0.23393085591602678,0.23393085591602678,0.8884708061045411,0.9587658152276669,0.8383632400828008
4,N1,4,15.0,20.0,XMEAS-12,-0.007813063237341619,0.007813063237341619,0.0227841753822851,0.0227841753822851,1.0109600922603936,0.9546180003981931,1.0112498284519813
4,N1,4,15.0,20.0,XMEAS-13,-0.0041899314561053835,0.0041899314561053835,-0.1704569467000976,0.1704569467000976,0.926287907334885,0.9611335366061039,0.8929375588590096
4,N1,4,15.0,20.0,XMEAS-14,-0.036085857395414006,0.036085857395414006,0.019305256099594652,0.019305256099594652,0.9892673102339336,1.024832445316981,0.9910581594135097
4,N1,4,15.0,20.0,XMEAS-15,-0.370478690171572,0.370478690171572,-0.12068426926391844,0.12068426926391844,1.0207052250365118,1.0762623655784924,1.006031815313925
4,N1,4,15.0,20.0,XMEAS-16,0.0352868036815717,0.0352868036815717,-0.1675550677478803,0.1675550677478803,0.9297514910609692,1.0332606973455323,0.8976800984570291
4,N1,4,15.0,20.0,XMEAS-17,-0.08985437164558738,0.08985437164558738,0.04491816844655292,0.04491816844655292,1.0476393101953594,1.0415133288270568,1.0467389156766622
4,N1,4,15.0,20.0,XMEAS-18,-0.2692068916141758,0.2692068916141758,-0.23387265589614623,0.23387265589614623,0.5787056374888903,1.0356681915087553,0.49148569986552487
4,N1,4,15.0,20.0,XMEAS-19,0.00828975176802201,0.00828975176802201,0.04578845574328756,0.04578845574328756,1.0204966480852211,1.0399996261138094,1.0186702979267592
4,N1,4,15.0,20.0,XMEAS-20,-0.38063221797493574,0.38063221797493574,-0.20841795868978305,0.20841795868978305,0.654377345706221,1.0767487107589344,0.6013822121267534
4,N1,4,15.0,20.0,XMEAS-21,0.5490992627507162,0.5490992627507162,-0.17162765431716215,0.17162765431716215,0.9345475390614805,1.0029505900515348,0.9185289617250668
4,N1,4,15.0,20.0,XMEAS-22,-0.11450010523468475,0.11450010523468475,-0.15122775973997407,0.15122775973997407,0.8983544273788842,0.9879272408310525,0.8831763833573938
4,N1,4,15.0,20.0,XMEAS-23,-0.06132592682953176,0.06132592682953176,-0.13582381348423564,0.13582381348423564,0.8387617110777603,0.9517369217753072,0.8161345547253196
4,N1,4,15.0,20.0,XMEAS-24,-0.06219125954588655,0.06219125954588655,-0.3103607203813765,0.3103607203813765,1.0634554390964048,1.146770545362325,0.969172012835393
4,N1,4,15.0,20.0,XMEAS-25,-0.07028547469665287,0.07028547469665287,0.15973781425532546,0.15973781425532546,0.960452142868437,1.0504554086149636,0.932768820213834
4,N1,4,15.0,20.0,XMEAS-26,-0.07860874669286982,0.07860874669286982,-0.08338900912450646,0.08338900912450646,0.6452211059284116,0.633982008447516,0.638155290031632
4,N1,4,15.0,20.0,XMEAS-27,0.24766528171246532,0.24766528171246532,-0.009928093990459982,0.009928093990459982,1.1051621780525929,1.1417387310302094,1.1076584559902756
4,N1,4,15.0,20.0,XMEAS-28,0.4648028875366833,0.4648028875366833,-0.1616595049140101,0.1616595049140101,0.9268525609268724,0.978495889217021,0.9061438801577149
4,N1,4,15.0,20.0,XMEAS-29,0.18297923967431734,0.18297923967431734,-0.11610080304112318,0.11610080304112318,0.8915234998633965,0.9518010444745282,0.8817311046651037
4,N1,4,15.0,20.0,XMEAS-30,0.3573531215695121,0.3573531215695121,-0.1880908705737184,0.1880908705737184,0.7962348293676715,0.8797208045655491,0.7551850743526854
4,N1,4,15.0,20.0,XMEAS-31,-0.0014819135537043264,0.0014819135537043264,0.03436194359783378,0.03436194359783378,0.8010789475345539,0.9488589678830229,0.8025894202791697
4,N1,4,15.0,20.0,XMEAS-32,-0.05199276221907731,0.05199276221907731,-0.020278143021569314,0.020278143021569314,1.0285257183998977,0.9998360153877646,1.0288795000579438
4,N1,4,15.0,20.0,XMEAS-33,0.02072298732313105,0.02072298732313105,-0.023855714686881333,0.023855714686881333,0.9273861749452507,0.9671445884791336,0.9292461965857214
4,N1,4,15.0,20.0,XMEAS-34,0.33449971984134164,0.33449971984134164,-0.18900882193514762,0.18900882193514762,0.9210681462021806,0.9727333539754424,0.8957683978402242
4,N1,4,15.0,20.0,XMEAS-35,0.017345583808017404,0.017345583808017404,-0.117999965301286,0.117999965301286,1.0812659783982483,1.053222746678912,1.0760548453082008
4,N1,4,15.0,20.0,XMEAS-36,-0.3773005539587465,0.3773005539587465,0.10334699677585728,0.10334699677585728,0.9632891057607788,1.0052726054056538,0.9539419815996134
4,N1,4,15.0,20.0,XMEAS-37,0.01738219052973174,0.01738219052973174,-0.40330904339527013,0.40330904339527013,1.1942088076886572,1.0697368081888128,1.048466214220564
4,N1,4,15.0,20.0,XMEAS-38,0.3588859519523736,0.3588859519523736,-0.20163289201839293,0.20163289201839293,0.883986744647973,0.948743154504663,0.8389391035284967
4,N1,4,15.0,20.0,XMEAS-39,0.2009250411851038,0.2009250411851038,0.013600061105133532,0.013600061105133532,0.9288731821779525,0.9464658058842452,0.9340942611935028
4,N1,4,15.0,20.0,XMEAS-40,0.14649604398317434,0.14649604398317434,-0.23962084824326887,0.23962084824326887,0.9676720374367089,1.0348360327389226,0.904467125461162
4,N1,4,15.0,20.0,XMEAS-41,-0.18364487802235843,0.18364487802235843,0.013466844849718895,0.013466844849718895,0.9175516464777674,0.9605894315179696,0.9289345884810414
5,N1,5,20.0,25.0,XMEAS-1,0.3709967294037406,0.3709967294037406,-0.429444694910382,0.429444694910382,0.9022649954635812,1.0505004257582362,0.6578330086650919
5,N1,5,20.0,25.0,XMEAS-2,-0.017450404089075226,0.017450404089075226,-0.06490002176211232,0.06490002176211232,0.9440418264295829,1.0204585533176713,0.9442544482948674
5,N1,5,20.0,25.0,XMEAS-3,-0.11174115058312444,0.11174115058312444,0.02762081432443906,0.02762081432443906,0.8999294059957195,0.9854111300446241,0.9062669802026534
5,N1,5,20.0,25.0,XMEAS-4,-0.022747146596952997,0.022747146596952997,0.043364397675817505,0.043364397675817505,1.0019588160439743,0.9995718682914776,1.0005013230584527
5,N1,5,20.0,25.0,XMEAS-5,0.029483824933470005,0.029483824933470005,0.02612920294758927,0.02612920294758927,0.9878459846452186,0.9980173008197745,0.989288484381933
5,N1,5,20.0,25.0,XMEAS-6,0.013939620724717015,0.013939620724717015,0.0216246868422297,0.0216246868422297,0.9641146909805689,1.0083877762696931,0.9652027419162867
5,N1,5,20.0,25.0,XMEAS-7,0.00839292692130239,0.00839292692130239,-0.11232629953835367,0.11232629953835367,0.9385262117559329,1.0388526734097958,0.9243905641973286
5,N1,5,20.0,25.0,XMEAS-8,0.13434780758110404,0.13434780758110404,-0.00474471705796938,0.00474471705796938,0.970866051947125,0.9698272857732831,0.9713221285484475
5,N1,5,20.0,25.0,XMEAS-9,-0.03321438334973055,0.03321438334973055,-0.0014462539770168684,0.0014462539770168684,1.0084974007126888,1.0727685763910406,1.0087262571948654
5,N1,5,20.0,25.0,XMEAS-10,-0.04815601007183,0.04815601007183,0.2592097708294484,0.2592097708294484,0.8752875027083701,1.064704936076391,0.7921045561903055
5,N1,5,20.0,25.0,XMEAS-11,0.04588204576548885,0.04588204576548885,0.3244913344639326,0.3244913344639326,0.8832228022322866,1.035022463727838,0.7636104078853678
5,N1,5,20.0,25.0,XMEAS-12,-0.11198289627874942,0.11198289627874942,-0.01546572256964005,0.01546572256964005,1.0257550517798442,1.026029243134509,1.0263502044577144
5,N1,5,20.0,25.0,XMEAS-13,0.002691383830636283,0.002691383830636283,-0.0619125635979487,0.0619125635979487,0.9639300989183128,1.0560150437067402,0.9598025641404994
5,N1,5,20.0,25.0,XMEAS-14,0.08340152623356532,0.08340152623356532,0.02455383445843098,0.02455383445843098,0.9826379892114175,1.0028218439626388,0.9841660184970068
5,N1,5,20.0,25.0,XMEAS-15,0.0862029492884846,0.0862029492884846,0.13025286366619016,0.13025286366619016,1.0680407086542956,1.0307783621163606,1.0516740201780639
5,N1,5,20.0,25.0,XMEAS-16,0.015399245425251375,0.015399245425251375,-0.07853565616003261,0.07853565616003261,0.9364031375798212,1.0354019160876948,0.9295372124287445
5,N1,5,20.0,25.0,XMEAS-17,0.02487667908625535,0.02487667908625535,-0.03298842094355618,0.03298842094355618,0.9775138941255501,0.9383987702261384,0.9773902199047835
5,N1,5,20.0,25.0,XMEAS-18,0.009467766404435517,0.009467766404435517,0.29122732814280894,0.29122732814280894,0.5959355718532712,1.0463142105917225,0.44133877348299816
5,N1,5,20.0,25.0,XMEAS-19,0.042756777845179415,0.042756777845179415,-0.0613410930782711,0.0613410930782711,1.0104400210435975,1.0082861747201912,1.006859930302045
5,N1,5,20.0,25.0,XMEAS-20,0.11386865656039305,0.11386865656039305,0.1723611373401565,0.1723611373401565,0.6544103512699027,1.0221128872928826,0.6264728162291743
5,N1,5,20.0,25.0,XMEAS-21,-0.15496094251614484,0.15496094251614484,0.09240774557998845,0.09240774557998845,0.9162454141573075,1.0514512814824055,0.9240838217304048
5,N1,5,20.0,25.0,XMEAS-22,0.020069100606138635,0.020069100606138635,0.1755274122308696,0.1755274122308696,0.9113472556006363,1.014522844086909,0.8871899092227596
5,N1,5,20.0,25.0,XMEAS-23,0.0527882047508878,0.0527882047508878,0.15829434118013613,0.15829434118013613,1.0431609806401723,1.107533022541348,1.018600533167922
5,N1,5,20.0,25.0,XMEAS-24,0.0804511856834457,0.0804511856834457,0.014991497044595622,0.014991497044595622,0.8732177907662363,0.9514438607057282,0.8774915720515392
5,N1,5,20.0,25.0,XMEAS-25,-0.06192194373275448,0.06192194373275448,-0.12675773009573624,0.12675773009573624,0.9065376798031239,0.8660200963285304,0.8882927925485308
5,N1,5,20.0,25.0,XMEAS-26,0.12252754126499298,0.12252754126499298,0.06171340435087489,0.06171340435087489,0.9204829894479317,0.9609084551630788,0.9223606138068937
5,N1,5,20.0,25.0,XMEAS-27,0.038877282269497875,0.038877282269497875,-0.007282219782327387,0.007282219782327387,0.9546580768268458,0.9864351321340986,0.9568369215812246
5,N1,5,20.0,25.0,XMEAS-28,0.37580089821268314,0.37580089821268314,0.25718749120583345,0.25718749120583345,1.0221773052795196,0.94273195723667,0.9619609189961122
5,N1,5,20.0,25.0,XMEAS-29,-0.04608931004507126,0.04608931004507126,-0.03858320698807908,0.03858320698807908,0.8618914137474426,0.948603569522643,0.8661276498651447
5,N1,5,20.0,25.0,XMEAS-30,0.1436121164902957,0.1436121164902957,-0.019195485163889907,0.019195485163889907,0.8662693496989605,1.07028609530945,0.8737233846012061
5,N1,5,20.0,25.0,XMEAS-31,-0.17950966715277572,0.17950966715277572,-0.2801428624544086,0.2801428624544086,0.9349202521693927,0.9350531272038816,0.8458502313839665
5,N1,5,20.0,25.0,XMEAS-32,0.05664591876270644,0.05664591876270644,0.11161463253819566,0.11161463253819566,1.1246057682838053,1.2186260235725628,1.1138034302728246
5,N1,5,20.0,25.0,XMEAS-33,0.007190713992199909,0.007190713992199909,0.05653851570268702,0.05653851570268702,0.9126381011204782,0.9262872905117058,0.9114236477383724
5,N1,5,20.0,25.0,XMEAS-34,0.6167981591549075,0.6167981591549075,0.26556497378651783,0.26556497378651783,0.9841270325356392,1.0853878100313175,0.922798272355313
5,N1,5,20.0,25.0,XMEAS-35,-0.1569423752496795,0.1569423752496795,-0.04656461257288479,0.04656461257288479,0.9104003298634546,1.0261445691278228,0.9149930213020546
5,N1,5,20.0,25.0,XMEAS-36,-0.17041709203143923,0.17041709203143923,0.032772932729263855,0.032772932729263855,0.9626776588825642,1.052994853713232,0.9638464350665291
5,N1,5,20.0,25.0,XMEAS-37,0.09332709558950276,0.09332709558950276,-0.07756999168776357,0.07756999168776357,0.8797975088674184,0.8487703456931699,0.8778859219166502
5,N1,5,20.0,25.0,XMEAS-38,0.10505973023315383,0.10505973023315383,0.12868944128548263,0.12868944128548263,0.8705811545431956,1.076485104744742,0.854954228259142
5,N1,5,20.0,25.0,XMEAS-39,0.24844290262203628,0.24844290262203628,0.23980131907945373,0.23980131907945373,0.9040947104152269,0.828065824405869,0.8398584400334926
5,N1,5,20.0,25.0,XMEAS-40,-0.06577107015295068,0.06577107015295068,-0.009166254681774264,0.009166254681774264,0.7782006274660306,0.9245021186267336,0.7788934491894015
5,N1,5,20.0,25.0,XMEAS-41,-0.026484457437900916,0.026484457437900916,-0.15106489536648482,0.15106489536648482,1.1319037536881904,0.9969897269734225,1.1246640634149407
6,N1,6,25.0,30.0,XMEAS-1,-0.3846175669146557,0.3846175669146557,0.5409316078185933,0.5409316078185933,1.0363838992941332,0.9772287631356298,0.6833352993134844
6,N1,6,25.0,30.0,XMEAS-2,-0.18382565773770257,0.18382565773770257,-0.1490344198378335,0.1490344198378335,0.9986599449857654,1.0137205740987427,0.9802113085957491
6,N1,6,25.0,30.0,XMEAS-3,0.17576566651830897,0.17576566651830897,0.2483367505981133,0.2483367505981133,1.0281551829463336,0.9620443411593824,0.9711692397153882
6,N1,6,25.0,30.0,XMEAS-4,0.04803851194379932,0.04803851194379932,0.0016288758449638696,0.0016288758449638696,1.0779506000505155,1.0797039364676386,1.0784934091667313
6,N1,6,25.0,30.0,XMEAS-5,-0.18410412742484875,0.18410412742484875,-0.059971207329634756,0.059971207329634756,1.0193966810300528,1.0505411633967598,1.017930401082563
6,N1,6,25.0,30.0,XMEAS-6,-0.23112881564122778,0.23112881564122778,0.020357634896292987,0.020357634896292987,0.967611835824165,0.9559753219770833,0.9687650916212813
6,N1,6,25.0,30.0,XMEAS-7,0.13135927615411347,0.13135927615411347,0.0695599721100461,0.0695599721100461,0.7985111753814437,1.0095209068355913,0.7921713275390574
6,N1,6,25.0,30.0,XMEAS-8,0.08580878020595849,0.08580878020595849,-0.03828757660651919,0.03828757660651919,0.9630677318277997,1.019598361360371,0.961951229779849
6,N1,6,25.0,30.0,XMEAS-9,0.004565551709708422,0.004565551709708422,-0.041122896380507194,0.041122896380507194,0.9697162180933224,0.9729713375907897,0.9681136022595592
6,N1,6,25.0,30.0,XMEAS-10,0.16039449396559227,0.16039449396559227,0.22136289140974258,0.22136289140974258,0.7180291993294127,1.0022085765185549,0.6436554823625557
6,N1,6,25.0,30.0,XMEAS-11,-0.57442404890945,0.57442404890945,-0.2306075484317465,0.2306075484317465,0.8865657511323655,1.1511407813070471,0.8382672483454012
6,N1,6,25.0,30.0,XMEAS-12,-0.019456130185934787,0.019456130185934787,0.09411660014061195,0.09411660014061195,0.9612233768147694,0.9697217358229256,0.9523217800002393
6,N1,6,25.0,30.0,XMEAS-13,0.1347339090016466,0.1347339090016466,0.08015354161772047,0.08015354161772047,0.8178436292103405,1.026302019530236,0.8096235737765467
6,N1,6,25.0,30.0,XMEAS-14,-0.02604264524255878,0.02604264524255878,0.12605385542192427,0.12605385542192427,1.0005538646246956,0.9579724663466404,0.9859897455251965
6,N1,6,25.0,30.0,XMEAS-15,-0.2367505644034556,0.2367505644034556,-0.04006122978817822,0.04006122978817822,0.9982717761446089,0.9947783543906783,0.9969374443908092
6,N1,6,25.0,30.0,XMEAS-16,0.1663834346206564,0.1663834346206564,0.08239223213530729,0.08239223213530729,0.8308666479665145,1.0394656640280244,0.8223217480718218
6,N1,6,25.0,30.0,XMEAS-17,0.008730812648080075,0.008730812648080075,-0.043587933401321034,0.043587933401321034,0.986734768484567,1.0006719472810377,0.9857698109389574
6,N1,6,25.0,30.0,XMEAS-18,-0.8097648413163924,0.8097648413163924,-0.2443139292500858,0.2443139292500858,0.525095380147703,0.9526497613615075,0.40659884930940615
6,N1,6,25.0,30.0,XMEAS-19,0.010745693845438062,0.010745693845438062,0.030136398833002863,0.030136398833002863,1.057386937415575,1.0603059434893842,1.056824098977705
6,N1,6,25.0,30.0,XMEAS-20,-0.7682946066577018,0.7682946066577018,-0.2064740985034332,0.2064740985034332,0.707229421767322,1.004051928942359,0.6637793266106652
6,N1,6,25.0,30.0,XMEAS-21,0.5046608034673145,0.5046608034673145,0.2159948214019745,0.2159948214019745,1.131645212281667,1.0292361554290177,1.1088614003810695
6,N1,6,25.0,30.0,XMEAS-22,-0.45390386471307803,0.45390386471307803,-0.12157990811169112,0.12157990811169112,0.9815939069062861,1.096890500511433,0.9788437119887181
6,N1,6,25.0,30.0,XMEAS-23,-0.10354138047845457,0.10354138047845457,-0.2709798784339742,0.2709798784339742,1.0932470181303209,0.9454092295021317,1.0214930966160585
6,N1,6,25.0,30.0,XMEAS-24,-0.10670765974669394,0.10670765974669394,-0.024115440100154328,0.024115440100154328,0.7647561080458378,0.7791133997227002,0.7679365691894456
6,N1,6,25.0,30.0,XMEAS-25,0.05738027262030444,0.05738027262030444,0.031814945813946775,0.031814945813946775,0.830017041426375,0.8419112952924154,0.8291825344350428
6,N1,6,25.0,30.0,XMEAS-26,0.21263249580362314,0.21263249580362314,-0.12552604850426663,0.12552604850426663,0.9528220468630528,0.8933759430619453,0.9417214945681848
6,N1,6,25.0,30.0,XMEAS-27,-0.0437911125828917,0.0437911125828917,0.03521125630376081,0.03521125630376081,0.963996310483686,1.0299113593475682,0.9649069484547109
6,N1,6,25.0,30.0,XMEAS-28,0.05883483634842483,0.05883483634842483,-0.1311214821115491,0.1311214821115491,0.8660287209219723,0.9239236333243835,0.8537350780161831
6,N1,6,25.0,30.0,XMEAS-29,-0.43764051653677816,0.43764051653677816,-0.06826917786433512,0.06826917786433512,0.7654095587712415,0.8496576252981319,0.7643520637295476
6,N1,6,25.0,30.0,XMEAS-30,0.10100900118287452,0.10100900118287452,-0.12017344208587973,0.12017344208587973,0.7453227626213192,0.8738877589171958,0.731400962694814
6,N1,6,25.0,30.0,XMEAS-31,0.19293828630450202,0.19293828630450202,-0.015153700775227024,0.015153700775227024,0.8633121154637377,1.0537441445784497,0.8663289171547783
6,N1,6,25.0,30.0,XMEAS-32,-0.17719688457746577,0.17719688457746577,0.014816425610807883,0.014816425610807883,0.8348242426706758,0.8260019628654937,0.8351757903486189
6,N1,6,25.0,30.0,XMEAS-33,0.05594250119975375,0.05594250119975375,0.15951900471030106,0.15951900471030106,0.9096706543733772,0.8859471479991933,0.8823246197498507
6,N1,6,25.0,30.0,XMEAS-34,-0.019514753668823055,0.019514753668823055,-0.04558533925869625,0.04558533925869625,0.7871952697277047,0.9040941193614012,0.798852296617131
6,N1,6,25.0,30.0,XMEAS-35,-0.19619982643062386,0.19619982643062386,-0.07055091478157109,0.07055091478157109,0.817736155997671,0.8509633613315554,0.8176813533056317
6,N1,6,25.0,30.0,XMEAS-36,-0.18140126307208093,0.18140126307208093,0.0771122880866189,0.0771122880866189,0.9116269925369087,1.0902789700114852,0.906981901603922
6,N1,6,25.0,30.0,XMEAS-37,-0.2404145478857834,0.2404145478857834,-0.05240912239533147,0.05240912239533147,0.9437792989632118,0.8934969596253688,0.9464092733647026
6,N1,6,25.0,30.0,XMEAS-38,0.3277210798511783,0.3277210798511783,-0.0013455183223731158,0.0013455183223731158,0.727444178605064,0.7657658278839727,0.7312794995961606
6,N1,6,25.0,30.0,XMEAS-39,0.31151791222766195,0.31151791222766195,-0.05206003619823344,0.05206003619823344,0.9047973703682258,0.9491498940239125,0.9069326510198891
6,N1,6,25.0,30.0,XMEAS-40,0.5044098178808635,0.5044098178808635,0.28379766810287493,0.28379766810287493,1.2275979928860745,1.083135709209245,1.158195647342405
6,N1,6,25.0,30.0,XMEAS-41,-0.3180298039402675,0.3180298039402675,-0.004475880600034936,0.004475880600034936,0.7230173301249323,0.6729351573949595,0.7321224494104072
7,N1,7,30.0,35.0,XMEAS-1,0.37773608856104207,0.37773608856104207,-0.4139143830592434,0.4139143830592434,0.953192309293477,1.0784371428433042,0.7455182414551065
7,N1,7,30.0,35.0,XMEAS-2,-0.15459804166639174,0.15459804166639174,0.042482396867174,0.042482396867174,1.0349805220590271,1.0478322922874015,1.0385316781835108
7,N1,7,30.0,35.0,XMEAS-3,0.06098397571537137,0.06098397571537137,-0.09774058205602178,0.09774058205602178,1.0680262153051812,1.1178638901510456,1.067142830653163
7,N1,7,30.0,35.0,XMEAS-4,-0.047891942585717245,0.047891942585717245,-0.0348878357910843,0.0348878357910843,1.0118814938286413,1.1128175058958487,1.011134865681588
7,N1,7,30.0,35.0,XMEAS-5,0.03874848965897114,0.03874848965897114,0.04637407478782099,0.04637407478782099,0.9610111129156358,0.9843577822032563,0.9607721309296153
7,N1,7,30.0,35.0,XMEAS-6,0.10461036722296664,0.10461036722296664,0.040388923859348266,0.040388923859348266,0.9798645987482912,0.980503650907397,0.9797422572862011
7,N1,7,30.0,35.0,XMEAS-7,-0.19218537105438543,0.19218537105438543,0.03590570658147531,0.03590570658147531,1.0651444602025897,0.9991430422408817,1.0639035497296356
7,N1,7,30.0,35.0,XMEAS-8,-0.06173409197768218,0.06173409197768218,-0.021533977897798352,0.021533977897798352,1.0425675622123913,0.9857713012304087,1.0426181694853716
7,N1,7,30.0,35.0,XMEAS-9,0.04648835227192506,0.04648835227192506,0.003886316324575328,0.003886316324575328,0.9353844711911293,0.903779175167265,0.9355818675962186
7,N1,7,30.0,35.0,XMEAS-10,0.01170652500609092,0.01170652500609092,0.074925164660912,0.074925164660912,1.0180448302410792,0.9800303118708648,1.0136770996734312
7,N1,7,30.0,35.0,XMEAS-11,0.1729119764444518,0.1729119764444518,0.3928948069666935,0.3928948069666935,0.9960642579939917,0.9513498936744177,0.834929903393076
7,N1,7,30.0,35.0,XMEAS-12,-0.08428119308637536,0.08428119308637536,0.0033737420447391303,0.0033737420447391303,0.9699663310008987,0.997721082715359,0.9707475098443121
7,N1,7,30.0,35.0,XMEAS-13,-0.18928152395928152,0.18928152395928152,0.05183717727990253,0.05183717727990253,1.045269842398051,1.0480364518837986,1.0426204297905002
7,N1,7,30.0,35.0,XMEAS-14,0.010947688002458628,0.010947688002458628,-0.1565746743876307,0.1565746743876307,0.9531929882241086,0.9110955885417011,0.9279680531487466
7,N1,7,30.0,35.0,XMEAS-15,0.4357436918156227,0.4357436918156227,0.15308513776104168,0.15308513776104168,1.1195481769978972,1.084434769077601,1.0978351451300938
7,N1,7,30.0,35.0,XMEAS-16,-0.19495629457066316,0.19495629457066316,0.03590381382099266,0.03590381382099266,1.0673743348402982,1.0054147020229431,1.06616140187583
7,N1,7,30.0,35.0,XMEAS-17,0.028010463771940795,0.028010463771940795,-0.021338448109276452,0.021338448109276452,0.9044456880660788,0.9289352239096604,0.9048827232776614
7,N1,7,30.0,35.0,XMEAS-18,0.3258211243812572,0.3258211243812572,0.4481005811031747,0.4481005811031747,0.7910487817717631,0.9457137597211978,0.4750252897957587
7,N1,7,30.0,35.0,XMEAS-19,-0.005968300037486228,0.005968300037486228,0.0915971180191821,0.0915971180191821,1.0023891644591412,0.9857205189238212,0.9939180793560444
7,N1,7,30.0,35.0,XMEAS-20,0.38282921198732733,0.38282921198732733,0.29875188185801027,0.29875188185801027,0.7890455974776474,0.9941953581220884,0.6836415366904752
7,N1,7,30.0,35.0,XMEAS-21,-0.09461702233151913,0.09461702233151913,0.050252780988779604,0.050252780988779604,0.9879896001926979,1.019950935425298,1.004479673080608
7,N1,7,30.0,35.0,XMEAS-22,0.20011038317118035,0.20011038317118035,0.24360775583980887,0.24360775583980887,0.9062035086136467,0.9267740166555065,0.846300298838915
7,N1,7,30.0,35.0,XMEAS-23,0.08198917183958412,0.08198917183958412,0.22914438926941522,0.22914438926941522,1.1024806814814034,0.9873380427585607,1.0524091192836165
7,N1,7,30.0,35.0,XMEAS-24,-0.3089191531329516,0.3089191531329516,0.08025064744555072,0.08025064744555072,0.8380900368268228,0.8944391043382317,0.8343393986864736
7,N1,7,30.0,35.0,XMEAS-25,-0.07217945273368691,0.07217945273368691,-0.08584692623473822,0.08584692623473822,0.9602017138298353,1.075079365191919,0.9526529927380344
7,N1,7,30.0,35.0,XMEAS-26,-0.05674768043682006,0.05674768043682006,-0.07003233042094027,0.07003233042094027,0.9668484726628306,0.9110272511416754,0.9680520643224987
7,N1,7,30.0,35.0,XMEAS-27,0.028046796614520683,0.028046796614520683,0.012639690881360136,0.012639690881360136,1.0024434216038003,1.107693461367039,1.0046254654629887
7,N1,7,30.0,35.0,XMEAS-28,-0.12149034834624729,0.12149034834624729,0.1577832419304912,0.1577832419304912,1.0117099947655759,0.9368098584768284,0.9958155390514429
7,N1,7,30.0,35.0,XMEAS-29,0.33088265575244014,0.33088265575244014,0.22330818674265088,0.22330818674265088,1.026109473854902,1.0070093816458623,0.9808384029695568
7,N1,7,30.0,35.0,XMEAS-30,-0.20415530655778577,0.20415530655778577,0.08857003571835831,0.08857003571835831,0.9997772060989264,1.090863507991649,1.000588309176017
7,N1,7,30.0,35.0,XMEAS-31,-0.02188829560066639,0.02188829560066639,-0.030486333242020824,0.030486333242020824,0.9399890869728788,0.9297164502730854,0.9425398277785707
7,N1,7,30.0,35.0,XMEAS-32,-0.02250256635701479,0.02250256635701479,-0.08118102884798785,0.08118102884798785,0.8762363775688377,0.8612851776575375,0.8689918752370126
7,N1,7,30.0,35.0,XMEAS-33,-0.22450938247398552,0.22450938247398552,-0.08243618390496509,0.08243618390496509,0.8811209085071283,0.9361599006477622,0.8753795538969726
7,N1,7,30.0,35.0,XMEAS-34,-0.2269797245557541,0.2269797245557541,0.1661039013832943,0.1661039013832943,0.8154606142950992,0.8375045696910657,0.7936236720100007
7,N1,7,30.0,35.0,XMEAS-35,-0.11316342654938286,0.11316342654938286,0.16719034322877765,0.16719034322877765,1.1075834000534015,1.1522669511034764,1.0893201198306417
7,N1,7,30.0,35.0,XMEAS-36,-0.03353695779939044,0.03353695779939044,0.13590628810386066,0.13590628810386066,0.9851337183723763,1.1029442382867687,0.9676841311493128
7,N1,7,30.0,35.0,XMEAS-37,-0.38342209535902166,0.38342209535902166,-0.18726583866099877,0.18726583866099877,0.9094303890909476,0.9831047901755249,0.8734328350497621
7,N1,7,30.0,35.0,XMEAS-38,0.07810116056879361,0.07810116056879361,-0.24708207036122104,0.24708207036122104,0.9914274417732014,1.1329085639925738,0.9297133092194195
7,N1,7,30.0,35.0,XMEAS-39,-0.019914403170541165,0.019914403170541165,-0.09039323827566387,0.09039323827566387,0.6865987656061634,0.7367132280016133,0.6779868897654835
7,N1,7,30.0,35.0,XMEAS-40,-0.4731714558586247,0.4731714558586247,0.03987318597225404,0.03987318597225404,0.9496922098500546,1.0603978107852257,0.948922482910548
7,N1,7,30.0,35.0,XMEAS-41,0.04835217355542803,0.04835217355542803,-0.06725766578839963,0.06725766578839963,0.9047690063411454,0.9424411591923667,0.9108928728093585
8,N1,8,35.0,40.0,XMEAS-1,0.1767806325819035,0.1767806325819035,0.5423791560762221,0.5423791560762221,1.0419806074930287,1.011506138400298,0.6894797319846999
8,N1,8,35.0,40.0,XMEAS-2,-0.08833784593350123,0.08833784593350123,-0.06779433258035356,0.06779433258035356,0.981072956829199,1.0147919416505553,0.9812431916598217
8,N1,8,35.0,40.0,XMEAS-3,0.08854926959141234,0.08854926959141234,0.0008643397253886647,0.0008643397253886647,0.9841410807890636,0.9796847694018292,0.9920480849263116
8,N1,8,35.0,40.0,XMEAS-4,-0.02092455085714376,0.02092455085714376,-0.07261729333241178,0.07261729333241178,1.0535280968504714,1.0844648579847875,1.0488141367450536
8,N1,8,35.0,40.0,XMEAS-5,-0.007688090700635063,0.007688090700635063,-0.0006756438851698512,0.0006756438851698512,0.9709814457840045,1.010229243302969,0.9731106450108108
8,N1,8,35.0,40.0,XMEAS-6,0.14174689745369623,0.14174689745369623,-0.03491403806790037,0.03491403806790037,0.9999932531966929,1.0564751283518519,1.0003716495632826
8,N1,8,35.0,40.0,XMEAS-7,-0.035282848991575994,0.035282848991575994,-0.22881194491646753,0.22881194491646753,1.1782987277169648,0.9703779762165773,1.1309338336914667
8,N1,8,35.0,40.0,XMEAS-8,0.13652390319141458,0.13652390319141458,0.036153376071387626,0.036153376071387626,1.0192721174310293,0.9607369204287337,1.0184346064423109
8,N1,8,35.0,40.0,XMEAS-9,-0.0449872738982636,0.0449872738982636,0.005236906378695079,0.005236906378695079,0.9445925326490299,0.9565004267746418,0.9447785661946536
8,N1,8,35.0,40.0,XMEAS-10,-0.04472034970932293,0.04472034970932293,-0.17965307063685124,0.17965307063685124,1.390726070746281,1.0366556619400473,1.3681613543196571
8,N1,8,35.0,40.0,XMEAS-11,0.27981924480903797,0.27981924480903797,-0.1530561022739819,0.1530561022739819,0.7807125117937036,0.9647843812116377,0.7639903007734198
8,N1,8,35.0,40.0,XMEAS-12,-0.08670879781174233,0.08670879781174233,0.09339209322108606,0.09339209322108606,1.068838007065617,1.0859602880710917,1.0611423433421565
8,N1,8,35.0,40.0,XMEAS-13,-0.06078972642101546,0.06078972642101546,-0.24722278144320142,0.24722278144320142,1.19592973284837,0.9943738553736524,1.1413123938744534
8,N1,8,35.0,40.0,XMEAS-14,-0.07606347604419492,0.07606347604419492,0.09751788783913463,0.09751788783913463,1.0408319337690346,1.0666326617555926,1.0335168981379839
8,N1,8,35.0,40.0,XMEAS-15,-0.23604545844215097,0.23604545844215097,-0.13408848303362064,0.13408848303362064,1.0318479498100537,1.0252198727362116,1.0138262468416568
8,N1,8,35.0,40.0,XMEAS-16,-0.05942034117084397,0.05942034117084397,-0.2577340507775568,0.2577340507775568,1.1995927057911797,0.9200613296406781,1.1403044221579748
8,N1,8,35.0,40.0,XMEAS-17,-0.09757485586666699,0.09757485586666699,0.05921540702516712,0.05921540702516712,0.9883029619595907,1.0001303529630319,0.9856371825826158
8,N1,8,35.0,40.0,XMEAS-18,0.4650630799654381,0.4650630799654381,-0.07385121218424721,0.07385121218424721,0.5343870097419663,0.9934563961194902,0.5479581657390523
8,N1,8,35.0,40.0,XMEAS-19,-0.007223805270974275,0.007223805270974275,0.0002793188106627858,0.0002793188106627858,1.001176163480717,1.0018153081310088,1.001493756677853
8,N1,8,35.0,40.0,XMEAS-20,0.24048255391597928,0.24048255391597928,-0.037440743799480605,0.037440743799480605,0.5846767255329891,0.9454361380754839,0.6027215491635912
8,N1,8,35.0,40.0,XMEAS-21,0.05613571583698996,0.05613571583698996,-0.03839932274294529,0.03839932274294529,0.9240001179225608,0.9731204202978155,0.9402708205782747
8,N1,8,35.0,40.0,XMEAS-22,0.21011405525265636,0.21011405525265636,-0.09039522603395114,0.09039522603395114,0.8500760214865626,0.9987776738438353,0.8513781972366458
8,N1,8,35.0,40.0,XMEAS-23,-0.058781440453108146,0.058781440453108146,-0.036482029580346687,0.036482029580346687,0.8399536600458551,0.8647684150255204,0.8389991689277609
8,N1,8,35.0,40.0,XMEAS-24,-0.15079687385725807,0.15079687385725807,-0.001556682668861139,0.001556682668861139,0.8191016879090399,0.9687047683511569,0.8233611762816039
8,N1,8,35.0,40.0,XMEAS-25,0.20698109676190898,0.20698109676190898,0.13396535043117555,0.13396535043117555,1.018752136140255,1.0919335628981404,1.0007033573628323
8,N1,8,35.0,40.0,XMEAS-26,0.041962864438572695,0.041962864438572695,-0.00975675786051765,0.00975675786051765,0.8640290639347444,0.8884100800758433,0.8697718645428641
8,N1,8,35.0,40.0,XMEAS-27,0.007358246520560504,0.007358246520560504,-0.00423619305503349,0.00423619305503349,0.9094701143442921,0.9343349469501503,0.9115805944990888
8,N1,8,35.0,40.0,XMEAS-28,-0.17528453048152257,0.17528453048152257,-0.025559971156878837,0.025559971156878837,0.8705444295809144,0.8791485593670086,0.878724351213981
8,N1,8,35.0,40.0,XMEAS-29,0.015441563733009464,0.015441563733009464,0.008156924375377858,0.008156924375377858,0.896997348528947,0.9142238949694962,0.903221942633927
8,N1,8,35.0,40.0,XMEAS-30,-0.390179797598951,0.390179797598951,-0.06409190502996878,0.06409190502996878,0.7735507166839997,0.8900130250476734,0.774986772574266
8,N1,8,35.0,40.0,XMEAS-31,0.18228850395374166,0.18228850395374166,-0.10272579330688861,0.10272579330688861,0.8065157323903647,0.9660168435782386,0.7957494350566263
8,N1,8,35.0,40.0,XMEAS-32,0.050479169040309205,0.050479169040309205,-0.02613916978769568,0.02613916978769568,1.0744474078648683,1.0466492854455318,1.074588579375287
8,N1,8,35.0,40.0,XMEAS-33,-0.37781037910565884,0.37781037910565884,0.0038501819122347086,0.0038501819122347086,0.9654447448229997,1.0979121291608342,0.9680347168648876
8,N1,8,35.0,40.0,XMEAS-34,-0.18819910865083353,0.18819910865083353,-0.14465988738797306,0.14465988738797306,0.9182720846619289,1.1952710607403216,0.9105748944885079
8,N1,8,35.0,40.0,XMEAS-35,0.14300378646850434,0.14300378646850434,0.06254080312233598,0.06254080312233598,1.0706992256198475,1.0894562466836166,1.075200252189617
8,N1,8,35.0,40.0,XMEAS-36,0.11661420389605501,0.11661420389605501,0.07181527158745733,0.07181527158745733,0.986824889931611,0.9984556983619223,0.983731224395086
8,N1,8,35.0,40.0,XMEAS-37,-0.10384549258365806,0.10384549258365806,0.047968219896486586,0.047968219896486586,1.0028036529343545,0.8711328296595982,1.0064393508360172
8,N1,8,35.0,40.0,XMEAS-38,-0.45452860485128443,0.45452860485128443,0.49045878979836194,0.49045878979836194,0.9004774904317872,0.5479062918258564,0.5579451226350969
8,N1,8,35.0,40.0,XMEAS-39,0.11294965602959671,0.11294965602959671,-0.09988199261253419,0.09988199261253419,0.7780353619304388,0.8022716822372051,0.7689861082697397
8,N1,8,35.0,40.0,XMEAS-40,0.11524603000135024,0.11524603000135024,-0.09230162791079864,0.09230162791079864,0.9144546104849883,0.8338578407074867,0.9056018245311845
8,N1,8,35.0,40.0,XMEAS-41,-0.051416162261508705,0.051416162261508705,0.16148719981101065,0.16148719981101065,0.7703632649866833,0.7103980971896133,0.743406355225662
9,N1,9,40.0,45.0,XMEAS-1,-0.598759815510341,0.598759815510341,-0.6354647213378205,0.6354647213378205,1.2273584166142288,0.9934313262230164,0.817769058412418
9,N1,9,40.0,45.0,XMEAS-2,-0.12964673829332074,0.12964673829332074,-0.040358272347578765,0.040358272347578765,0.9657404241158195,0.9691990543726338,0.9689914160390279
9,N1,9,40.0,45.0,XMEAS-3,0.12392383054358466,0.12392383054358466,0.12118123432901208,0.12118123432901208,1.039598936360253,1.0074697792239384,1.0329633910938878
9,N1,9,40.0,45.0,XMEAS-4,0.1417522475347346,0.1417522475347346,0.0300321202869274,0.0300321202869274,1.0223484947470356,1.0547482465141709,1.0219428290012138
9,N1,9,40.0,45.0,XMEAS-5,0.1064598733737502,0.1064598733737502,-0.032667489663410265,0.032667489663410265,1.0028070635588913,1.0277868927004676,1.003891287854503
9,N1,9,40.0,45.0,XMEAS-6,0.060905316910835255,0.060905316910835255,-0.036387108864894296,0.036387108864894296,1.0051897787372008,1.024400445349768,1.0054738561483736
9,N1,9,40.0,45.0,XMEAS-7,0.12562992276960439,0.12562992276960439,-0.16612268367993924,0.16612268367993924,0.8523894923310207,0.9953446933090254,0.8178717662076849
9,N1,9,40.0,45.0,XMEAS-8,-0.033083935233152346,0.033083935233152346,0.03608719923502467,0.03608719923502467,0.9642805330201689,0.9839831730511075,0.9633443777319851
9,N1,9,40.0,45.0,XMEAS-9,0.0398879851051494,0.0398879851051494,0.03113445282520391,0.03113445282520391,0.9404630860945694,0.9465847577339448,0.9396004153686316
9,N1,9,40.0,45.0,XMEAS-10,0.24040383484112895,0.24040383484112895,0.4792059577128486,0.4792059577128486,1.0463462959329797,0.9735066345572508,0.7852062826013544
9,N1,9,40.0,45.0,XMEAS-11,0.34337717003494933,0.34337717003494933,0.03835963370568882,0.03835963370568882,0.734794758577498,0.9550607430172273,0.7476669262725582
9,N1,9,40.0,45.0,XMEAS-12,0.003055937756922029,0.003055937756922029,-0.10103811488800171,0.10103811488800171,1.030179344157399,1.0176919064613532,1.020604001363816
9,N1,9,40.0,45.0,XMEAS-13,0.14563617962239786,0.14563617962239786,-0.15417406373133682,0.15417406373133682,0.8522292622032167,0.9917223419215018,0.8225949950273879
9,N1,9,40.0,45.0,XMEAS-14,0.12135586034504542,0.12135586034504542,-0.11755297050912848,0.11755297050912848,0.9439496291486057,0.9525050011718167,0.930574889092302
9,N1,9,40.0,45.0,XMEAS-15,-0.03925863528276917,0.03925863528276917,0.08522019423549901,0.08522019423549901,0.9491375832804876,1.0240686926951617,0.9414345521279679
9,N1,9,40.0,45.0,XMEAS-16,0.1709373546097475,0.1709373546097475,-0.14202399609311797,0.14202399609311797,0.8224712091530304,0.9891784395037502,0.7964645833814887
9,N1,9,40.0,45.0,XMEAS-17,-0.012965882300580864,0.012965882300580864,0.04397739416208264,0.04397739416208264,1.0096377232519282,1.0030405212341542,1.0087075995607095
9,N1,9,40.0,45.0,XMEAS-18,0.2980932940129282,0.2980932940129282,-0.10809665895403524,0.10809665895403524,0.40316778301962547,0.919598230103895,0.3889249530430189
9,N1,9,40.0,45.0,XMEAS-19,0.05035042508977195,0.05035042508977195,0.0074209417086356,0.0074209417086356,0.9894536007980619,1.015874343562033,0.9897093660397194
9,N1,9,40.0,45.0,XMEAS-20,0.4405771024849312,0.4405771024849312,-0.37482710948728765,0.37482710948728765,0.7721140564881985,1.0181786377479687,0.5694068884258935
9,N1,9,40.0,45.0,XMEAS-21,0.11454879854896782,0.11454879854896782,0.23587943130621888,0.23587943130621888,0.9309920331729902,0.9497304544794526,0.8831321186597781
9,N1,9,40.0,45.0,XMEAS-22,0.24331055565847765,0.24331055565847765,-0.053104076642831746,0.053104076642831746,0.8409761575652674,0.9740888178356925,0.8488387112023443
9,N1,9,40.0,45.0,XMEAS-23,0.2224996869562211,0.2224996869562211,0.011364794588589322,0.011364794588589322,1.0774429711639586,1.088362657524977,1.0782213887549987
9,N1,9,40.0,45.0,XMEAS-24,0.11635185582828522,0.11635185582828522,0.13182849433617505,0.13182849433617505,0.9251040393019594,0.9065252376518911,0.9099684077814881
9,N1,9,40.0,45.0,XMEAS-25,-0.3349180056884609,0.3349180056884609,-0.019728719140946295,0.019728719140946295,0.9072754759566788,0.9134091759336423,0.9073095520968606
9,N1,9,40.0,45.0,XMEAS-26,-0.11366087343053546,0.11366087343053546,0.07795066400766146,0.07795066400766146,0.9175821968470758,0.8795571993755049,0.9168096579073963
9,N1,9,40.0,45.0,XMEAS-27,0.003781768577321336,0.003781768577321336,-0.021799852347390358,0.021799852347390358,0.8416244301230741,0.7730868702833771,0.8430048581812949
9,N1,9,40.0,45.0,XMEAS-28,0.13175691976575535,0.13175691976575535,-0.043653569818227336,0.043653569818227336,0.8356457214359589,0.9420243536043442,0.8418473440976156
9,N1,9,40.0,45.0,XMEAS-29,0.22555643161890007,0.22555643161890007,-0.13287697111402497,0.13287697111402497,1.1184219652487963,1.2635267022503656,1.1095407339922931
9,N1,9,40.0,45.0,XMEAS-30,-0.10034351648694238,0.10034351648694238,-0.14714322573469124,0.14714322573469124,0.9863196026851507,1.030311107604008,0.9718902411687054
9,N1,9,40.0,45.0,XMEAS-31,-0.0830046793044746,0.0830046793044746,0.23272165904039396,0.23272165904039396,0.9590959239083878,1.0479120156780137,0.9015696552062146
9,N1,9,40.0,45.0,XMEAS-32,0.2576534754635503,0.2576534754635503,0.04552240914908106,0.04552240914908106,0.7709641412204182,0.6462375755780662,0.7687263384111945
9,N1,9,40.0,45.0,XMEAS-33,-0.028082441533343314,0.028082441533343314,0.17020882963237438,0.17020882963237438,1.2409185914960823,1.3582911757699418,1.2195567137017227
9,N1,9,40.0,45.0,XMEAS-34,0.078876901655205,0.078876901655205,0.042013500039737674,0.042013500039737674,0.930126783478978,0.9454270859264773,0.9452040132855122
9,N1,9,40.0,45.0,XMEAS-35,-0.1881312075894109,0.1881312075894109,0.03536110369338043,0.03536110369338043,0.8175851970058716,0.77414572677454,0.8223531141320134
9,N1,9,40.0,45.0,XMEAS-36,0.017486183270282587,0.017486183270282587,0.059489164921531744,0.059489164921531744,0.8976981845314632,0.9665692488070908,0.8957389908501352
9,N1,9,40.0,45.0,XMEAS-37,-0.08902387588736484,0.08902387588736484,0.29473343765642473,0.29473343765642473,1.0927240860280905,0.9616446730773953,1.0122864698387914
9,N1,9,40.0,45.0,XMEAS-38,-0.399316071153019,0.399316071153019,0.0480693674779726,0.0480693674779726,0.9406655390578832,0.9405820229173631,0.9430440430296184
9,N1,9,40.0,45.0,XMEAS-39,-0.18093454194899,0.18093454194899,0.4064527344224669,0.4064527344224669,0.9984193322518786,0.7273278592740416,0.8118863502531642
9,N1,9,40.0,45.0,XMEAS-40,0.09103376044555726,0.09103376044555726,0.08438881087726224,0.08438881087726224,1.0592382654642283,1.1673549625137842,1.0532776124771746
9,N1,9,40.0,45.0,XMEAS-41,0.18820252245162597,0.18820252245162597,-0.19773831827383268,0.19773831827383268,0.7762113213730639,0.6039858305003234,0.7307633160287421
10,N1,10,45.0,50.0,XMEAS-1,0.171239515847772,0.171239515847772,-0.1748268873016249,0.1748268873016249,0.9297585946957507,1.0287638714723293,0.8990704173638305
10,N1,10,45.0,50.0,XMEAS-2,-0.3471592647273552,0.3471592647273552,-0.007220058954936603,0.007220058954936603,0.9922624101747278,1.0148724341351814,0.9973696865852479
10,N1,10,45.0,50.0,XMEAS-3,0.2316482509139729,0.2316482509139729,0.11797627138974148,0.11797627138974148,1.0443606108807335,1.0674446482628628,1.0386166977077709
10,N1,10,45.0,50.0,XMEAS-4,-0.10022869443118773,0.10022869443118773,-0.006475680824373621,0.006475680824373621,1.0470728856778604,0.9862517669562052,1.0475607671702338
10,N1,10,45.0,50.0,XMEAS-5,0.00731384193057478,0.00731384193057478,0.03570688118359658,0.03570688118359658,0.9637112726543957,0.9529124132128698,0.964438280698918
10,N1,10,45.0,50.0,XMEAS-6,-0.12471761815759631,0.12471761815759631,-0.05044505076974537,0.05044505076974537,0.9979303428680995,0.9908235980948982,0.9969091999773788
10,N1,10,45.0,50.0,XMEAS-7,0.010571321516490649,0.010571321516490649,0.0911310141387235,0.0911310141387235,1.2484545344371543,1.0057512618553008,1.2415116799890167
10,N1,10,45.0,50.0,XMEAS-8,0.10250756716532038,0.10250756716532038,-0.042861920624455624,0.042861920624455624,0.9695129243344321,1.0088812793902364,0.9680091216649674
10,N1,10,45.0,50.0,XMEAS-9,0.07409112038344504,0.07409112038344504,-0.034190721122287944,0.034190721122287944,1.0263446883597627,1.0565959151252644,1.0253884254146037
10,N1,10,45.0,50.0,XMEAS-10,-0.19479909318447258,0.19479909318447258,0.2798597327146099,0.2798597327146099,1.5106571895981669,1.0453623885989782,1.4574926572101479
10,N1,10,45.0,50.0,XMEAS-11,-0.579411000738922,0.579411000738922,0.01654279682321976,0.01654279682321976,0.8981399092965786,0.9616168522881784,0.916162737563749
10,N1,10,45.0,50.0,XMEAS-12,0.1313743372225678,0.1313743372225678,-0.0015286807009273638,0.0015286807009273638,1.0433741208888716,1.076262166653609,1.0442252805027241
10,N1,10,45.0,50.0,XMEAS-13,0.00784535671185322,0.00784535671185322,0.12131890119071329,0.12131890119071329,1.2227466641974531,1.025215343006994,1.2101482340711323
10,N1,10,45.0,50.0,XMEAS-14,0.13265643866427504,0.13265643866427504,-0.011024177562104465,0.011024177562104465,0.9769537004339878,0.9425205365088185,0.9789817253685011
10,N1,10,45.0,50.0,XMEAS-15,0.06580318451099848,0.06580318451099848,0.047177400669339446,0.047177400669339446,0.9918737374644016,0.9462577939153619,0.9898705993357404
10,N1,10,45.0,50.0,XMEAS-16,0.03313663462730453,0.03313663462730453,0.11945543459996054,0.11945543459996054,1.2445055343975977,1.014228478615182,1.2325214812108736
10,N1,10,45.0,50.0,XMEAS-17,0.008571453728620814,0.008571453728620814,0.03565993120073471,0.03565993120073471,1.0565582088689627,1.0657492292049064,1.0564242525702088
10,N1,10,45.0,50.0,XMEAS-18,-0.5987462166597209,0.5987462166597209,-0.051013344207143214,0.051013344207143214,0.6475405750032885,0.9444848056761346,0.6732396306303667
10,N1,10,45.0,50.0,XMEAS-19,0.04917050578966681,0.04917050578966681,0.05466729284003342,0.05466729284003342,0.9886684302304275,0.9879240114740346,0.9858168585888532
10,N1,10,45.0,50.0,XMEAS-20,-0.42437641146000493,0.42437641146000493,0.020139679854080775,0.020139679854080775,0.5550210985715202,0.9836021081756332,0.5738273647463425
10,N1,10,45.0,50.0,XMEAS-21,0.536986421000634,0.536986421000634,0.1734464759118781,0.1734464759118781,0.9365033842612194,0.9469357979698683,0.9198560942720064
10,N1,10,45.0,50.0,XMEAS-22,-0.33845612670772734,0.33845612670772734,0.04960673302176619,0.04960673302176619,0.8392995297994967,0.9275064983851319,0.847587345445105
10,N1,10,45.0,50.0,XMEAS-23,-0.03910658968083044,0.03910658968083044,0.1540359952676874,0.1540359952676874,0.9234683713020352,0.9997585516775541,0.8969647277039414
10,N1,10,45.0,50.0,XMEAS-24,-0.14260995838665055,0.14260995838665055,-0.043526814685323066,0.043526814685323066,1.0490130826916257,0.9754911400761073,1.052573015874068
10,N1,10,45.0,50.0,XMEAS-25,0.2558227139433145,0.2558227139433145,-0.22784142141067787,0.22784142141067787,1.171885588090182,1.0554653756983285,1.1252343666642455
10,N1,10,45.0,50.0,XMEAS-26,0.020082228672163825,0.020082228672163825,0.002627798606668921,0.002627798606668921,0.9639984240678553,0.9469995780322695,0.9705274879395396
10,N1,10,45.0,50.0,XMEAS-27,0.10044232337459133,0.10044232337459133,0.20302841442424327,0.20302841442424327,1.0038339921175587,0.9021833447274431,0.9622079543373189
10,N1,10,45.0,50.0,XMEAS-28,-0.07133978358095411,0.07133978358095411,-0.03919145715651557,0.03919145715651557,0.8932595231423374,0.9316013384226338,0.9006488678938013
10,N1,10,45.0,50.0,XMEAS-29,-0.24078105914748327,0.24078105914748327,-0.0036110572054066734,0.0036110572054066734,0.9667430156752523,1.0137314924448115,0.9735215467317014
10,N1,10,45.0,50.0,XMEAS-30,-0.1958554939458569,0.1958554939458569,-0.1355013059210384,0.1355013059210384,0.9352986462425432,1.052619928212317,0.9228949125472178
10,N1,10,45.0,50.0,XMEAS-31,0.11986108547964476,0.11986108547964476,0.006572333535551027,0.006572333535551027,0.922204770834648,1.0460755744626566,0.925676373350635
10,N1,10,45.0,50.0,XMEAS-32,-0.024737737673622938,0.024737737673622938,-0.0003627410781059819,0.0003627410781059819,0.8623498197539401,0.8190657273361864,0.8629969515695007
10,N1,10,45.0,50.0,XMEAS-33,0.2273107265299264,0.2273107265299264,0.18105203640213413,0.18105203640213413,0.9357708966441249,0.9362621918002008,0.9008393948273072
10,N1,10,45.0,50.0,XMEAS-34,-0.033612492270322016,0.033612492270322016,-0.08714956345793386,0.08714956345793386,0.9272578345549995,0.9942319329345107,0.9355457500451865
10,N1,10,45.0,50.0,XMEAS-35,-0.07361459378677945,0.07361459378677945,-0.26152141444729377,0.26152141444729377,1.1810025973600584,1.0328247427835726,1.127572670313033
10,N1,10,45.0,50.0,XMEAS-36,-0.14693835416056167,0.14693835416056167,-0.19205264644212716,0.19205264644212716,0.9149104327881608,0.9319051045563593,0.8738760122550939
10,N1,10,45.0,50.0,XMEAS-37,-0.07078115988423452,0.07078115988423452,0.18868877419657748,0.18868877419657748,0.8953231026951639,0.9207855380664824,0.8578955656902323
10,N1,10,45.0,50.0,XMEAS-38,0.003378053989991231,0.003378053989991231,0.15006990318142702,0.15006990318142702,0.8318335920508421,0.9130700247177219,0.8072760144910227
10,N1,10,45.0,50.0,XMEAS-39,-0.010269549646404983,0.010269549646404983,0.21603629564132928,0.21603629564132928,1.169260919158191,1.4051245046201666,1.1333590334486718
10,N1,10,45.0,50.0,XMEAS-40,0.18309307900087118,0.18309307900087118,0.04117454680033613,0.04117454680033613,1.1455757029363236,1.110464914555563,1.145212534390918
10,N1,10,45.0,50.0,XMEAS-41,-0.19168652064659555,0.19168652064659555,-0.020265785330995673,0.020265785330995673,1.0822933201663747,1.2266081450741837,1.0955650928793959
11,N2,1,50.0,55.0,XMEAS-1,0.09662677483426055,0.09662677483426055,0.197770125934323,0.197770125934323,0.9758699817553558,1.0663432123794387,0.9372970434931498
11,N2,1,50.0,55.0,XMEAS-2,-0.22089176812675154,0.22089176812675154,0.06932272748750774,0.06932272748750774,0.9771429199175646,1.009843073359912,0.980597261366383
11,N2,1,50.0,55.0,XMEAS-3,0.15466447787660217,0.15466447787660217,-0.08774119637154162,0.08774119637154162,0.8833461390163445,0.9628777435840441,0.8830147159131733
11,N2,1,50.0,55.0,XMEAS-4,-0.0475379371650514,0.0475379371650514,-0.08052190786143214,0.08052190786143214,1.0030674633289325,1.006239244063005,0.9966958499960566
11,N2,1,50.0,55.0,XMEAS-5,-0.1904931911827652,0.1904931911827652,-0.022916472195121353,0.022916472195121353,1.0303373047542614,1.0333244767127074,1.0314043947301261
11,N2,1,50.0,55.0,XMEAS-6,-0.15207117978786583,0.15207117978786583,0.010372290530720446,0.010372290530720446,1.0636235246121974,1.0608221337589838,1.0642997225757826
11,N2,1,50.0,55.0,XMEAS-7,-0.018026009632226062,0.018026009632226062,0.1381335474091836,0.1381335474091836,1.2696204665496145,0.972646392897824,1.25385582851237
11,N2,1,50.0,55.0,XMEAS-8,0.04465227949900371,0.04465227949900371,0.025824433236799824,0.025824433236799824,0.9820025813062897,1.006579121415531,0.9819410810893303
11,N2,1,50.0,55.0,XMEAS-9,0.04349206363838357,0.04349206363838357,-0.03230225189844295,0.03230225189844295,1.032533127441452,0.9605809959564982,1.0316879309491895
11,N2,1,50.0,55.0,XMEAS-10,-0.555073199453393,0.555073199453393,-0.13567929588573335,0.13567929588573335,1.1577227812359439,0.9864592397438842,1.1419372332702105
11,N2,1,50.0,55.0,XMEAS-11,-0.7922526587133818,0.7922526587133818,-0.10756352087446061,0.10756352087446061,0.826306165631108,0.9428726399812524,0.8249495435108303
11,N2,1,50.0,55.0,XMEAS-12,0.07342891626207347,0.07342891626207347,0.05354930479340278,0.05354930479340278,1.0001506651609113,1.0128623545867472,0.9978578636362521
11,N2,1,50.0,55.0,XMEAS-13,-0.03994978934821928,0.03994978934821928,0.1500854904652271,0.1500854904652271,1.2819765930335367,0.9799056033570772,1.2635062841422917
11,N2,1,50.0,55.0,XMEAS-14,0.2807025307873969,0.2807025307873969,0.04387204645752214,0.04387204645752214,1.0039372220575362,1.074454400160647,1.003565340044587
11,N2,1,50.0,55.0,XMEAS-15,0.11236170711386644,0.11236170711386644,0.015288274286972168,0.015288274286972168,0.9995716514676757,1.03511148684515,0.9998988453495212
11,N2,1,50.0,55.0,XMEAS-16,-0.03309155734745145,0.03309155734745145,0.15424348773750315,0.15424348773750315,1.3009959942690676,1.0082431061586787,1.281829947425998
11,N2,1,50.0,55.0,XMEAS-17,0.08403857272023986,0.08403857272023986,0.022474360036271453,0.022474360036271453,0.9660060614853863,0.9026130048189781,0.9663550052367839
11,N2,1,50.0,55.0,XMEAS-18,-0.9955756782472939,0.9955756782472939,-0.162745883264262,0.162745883264262,0.6975196421496818,1.057883528485762,0.6852515686070085
11,N2,1,50.0,55.0,XMEAS-19,0.03978273665783323,0.03978273665783323,0.01472834189428392,0.01472834189428392,0.9435420738482185,0.9172401401170092,0.9437116439419857
11,N2,1,50.0,55.0,XMEAS-20,-0.8976016549630351,0.8976016549630351,-0.04052748366723442,0.04052748366723442,0.6122525099273324,1.0142219381406372,0.627577529876755
11,N2,1,50.0,55.0,XMEAS-21,0.4925045496906348,0.4925045496906348,0.018274610476696873,0.018274610476696873,0.8273409369629733,0.9350276670782279,0.8474224167220189
11,N2,1,50.0,55.0,XMEAS-22,-0.5937773051387276,0.5937773051387276,-0.07578563350578464,0.07578563350578464,0.8645801976707485,0.955956918196373,0.8669718453726717
11,N2,1,50.0,55.0,XMEAS-23,-0.029076139758834763,0.029076139758834763,-0.05883576111047177,0.05883576111047177,1.0274902829689714,0.9995797538445463,1.0248615812996755
11,N2,1,50.0,55.0,XMEAS-24,0.07281965602987024,0.07281965602987024,0.16614917059009504,0.16614917059009504,0.968616850854082,1.1720960843935964,0.9448169161805979
11,N2,1,50.0,55.0,XMEAS-25,0.11686506609679741,0.11686506609679741,0.0926360785462506,0.0926360785462506,1.1157963704170384,0.9283565760090521,1.108330563636187
11,N2,1,50.0,55.0,XMEAS-26,-0.18449008129063219,0.18449008129063219,0.02829154363901024,0.02829154363901024,1.0187344829494362,0.8899944854534715,1.0249495815086502
11,N2,1,50.0,55.0,XMEAS-27,0.11952686008925623,0.11952686008925623,-0.03380343868843919,0.03380343868843919,1.0434210789534715,1.0364532114709326,1.044273534397905
11,N2,1,50.0,55.0,XMEAS-28,0.17693298541768376,0.17693298541768376,0.09067680929091897,0.09067680929091897,0.9999701144545698,1.0341275770463743,1.0010350922841786
11,N2,1,50.0,55.0,XMEAS-29,-0.4027927245229214,0.4027927245229214,0.06103191714280291,0.06103191714280291,0.8764375116602962,0.9925146094085864,0.8772579935635989
11,N2,1,50.0,55.0,XMEAS-30,0.13246163850057388,0.13246163850057388,0.26866917972693427,0.26866917972693427,0.9350307955310715,0.8700393209538309,0.8595934072797735
11,N2,1,50.0,55.0,XMEAS-31,-0.28342748981995775,0.28342748981995775,-0.011675571754925522,0.011675571754925522,0.7866071531105526,0.9079015407449255,0.7892366298844118
11,N2,1,50.0,55.0,XMEAS-32,-0.009858840447881085,0.009858840447881085,0.04685142000023223,0.04685142000023223,1.0332666542957825,1.178272829162214,1.03185767244377
11,N2,1,50.0,55.0,XMEAS-33,0.26357691081575335,0.26357691081575335,0.14882261200835387,0.14882261200835387,0.7852996417367074,0.7976736543902688,0.7570381695604752
11,N2,1,50.0,55.0,XMEAS-34,0.3483108025407108,0.3483108025407108,-0.003178905748185316,0.003178905748185316,0.8249898131585665,0.9836951780634173,0.8384952715685704
11,N2,1,50.0,55.0,XMEAS-35,-0.38336686575772205,0.38336686575772205,0.03215189440788414,0.03215189440788414,1.0010945930907196,1.2286967119963264,1.0086250632891565
11,N2,1,50.0,55.0,XMEAS-36,-0.06633591915562674,0.06633591915562674,-0.15515237015864733,0.15515237015864733,1.0528050926686454,0.9998251741917171,1.0303201072840986
11,N2,1,50.0,55.0,XMEAS-37,0.16865953219854293,0.16865953219854293,-0.295959435738939,0.295959435738939,0.8012406703494269,0.7970624096931257,0.6817452485885287
11,N2,1,50.0,55.0,XMEAS-38,0.17102884354142595,0.17102884354142595,0.11841096668752046,0.11841096668752046,1.048876417453068,0.9522539080380983,1.0407518405259426
11,N2,1,50.0,55.0,XMEAS-39,-0.2543896788310208,0.2543896788310208,-0.09361909681889526,0.09361909681889526,0.9654893531570115,1.016236256750103,0.9627794326620476
11,N2,1,50.0,55.0,XMEAS-40,-0.24288330983102824,0.24288330983102824,-0.04948744618414168,0.04948744618414168,0.8170101304075932,1.0064941254058681,0.8146030437758923
11,N2,1,50.0,55.0,XMEAS-41,0.028970411591798674,0.028970411591798674,-0.28951750451792085,0.28951750451792085,0.7579401398634683,0.7663039500193626,0.6399348721827085
12,N2,2,55.0,60.0,XMEAS-1,-0.0016809743537173742,0.0016809743537173742,-0.3771258940673608,0.3771258940673608,0.8716563424310946,1.0568001293139642,0.683173768807251
12,N2,2,55.0,60.0,XMEAS-2,0.02318226024894532,0.02318226024894532,-0.11125497671022534,0.11125497671022534,0.9796204642465784,0.9958235150428397,0.9748825459064254
12,N2,2,55.0,60.0,XMEAS-3,0.005983219722755825,0.005983219722755825,0.06819485978400129,0.06819485978400129,1.0513735178911383,1.0917576746953013,1.0573067719287517
12,N2,2,55.0,60.0,XMEAS-4,0.11544098160337087,0.11544098160337087,0.0686332052558057,0.0686332052558057,0.9107815518123435,0.9143657444142375,0.9057298784263623
12,N2,2,55.0,60.0,XMEAS-5,-0.18282025825397163,0.18282025825397163,0.016984901948943774,0.016984901948943774,0.9189102849554321,0.9136013434933505,0.9200092489606346
12,N2,2,55.0,60.0,XMEAS-6,-0.11064786181633406,0.11064786181633406,0.007804401138843629,0.007804401138843629,1.0188094252779478,0.9914758168954494,1.0194959421604977
12,N2,2,55.0,60.0,XMEAS-7,0.08140235881058337,0.08140235881058337,0.06084804383356106,0.06084804383356106,1.0299481150819478,0.9746232343017068,1.0262176450220506
12,N2,2,55.0,60.0,XMEAS-8,-0.114683016402946,0.114683016402946,0.06698503115105177,0.06698503115105177,0.9789286759538333,0.9409314019996995,0.9747702220861536
12,N2,2,55.0,60.0,XMEAS-9,-0.03240493202932258,0.03240493202932258,-0.05564567550537595,0.05564567550537595,0.9870419960016609,1.0391062738212835,0.9839595690929318
12,N2,2,55.0,60.0,XMEAS-10,0.3767092052646895,0.3767092052646895,0.34126933598995224,0.34126933598995224,1.0985675884357151,0.989062756101647,0.9823538230545683
12,N2,2,55.0,60.0,XMEAS-11,-0.09605083280740703,0.09605083280740703,0.2035721822804416,0.2035721822804416,0.9162843250715258,0.9808368180191526,0.8820660421380984
12,N2,2,55.0,60.0,XMEAS-12,-0.1280806496160305,0.1280806496160305,-0.10530246850497613,0.10530246850497613,0.9727037065149907,1.0149570832905161,0.9613978135021103
12,N2,2,55.0,60.0,XMEAS-13,0.10046626241046265,0.10046626241046265,0.07930426351510002,0.07930426351510002,1.0663635572655554,1.0371880515025995,1.0602045688014043
12,N2,2,55.0,60.0,XMEAS-14,0.0941969279726987,0.0941969279726987,-0.14314861092375933,0.14314861092375933,1.073450709351617,1.0243025076169132,1.0550283628909853
12,N2,2,55.0,60.0,XMEAS-15,0.06446764806147265,0.06446764806147265,-0.008868339405470592,0.008868339405470592,0.9748544655009496,1.0397634074141284,0.9753277077556971
12,N2,2,55.0,60.0,XMEAS-16,0.10369263131225026,0.10369263131225026,0.0675084151763128,0.0675084151763128,1.0598677061736526,1.0263312663148105,1.0554371057001253
12,N2,2,55.0,60.0,XMEAS-17,0.12091623090459581,0.12091623090459581,-0.020691975598841963,0.020691975598841963,0.9889890650283454,0.9814969970246183,0.9894534730835947
12,N2,2,55.0,60.0,XMEAS-18,-0.6721106240275458,0.6721106240275458,0.12971321620444332,0.12971321620444332,0.6223358054581415,1.0231591684142582,0.6192676284126938
12,N2,2,55.0,60.0,XMEAS-19,-0.10773763605752376,0.10773763605752376,-0.014435267295583453,0.014435267295583453,1.0032793486739644,0.8945608493611529,1.00349810350493
12,N2,2,55.0,60.0,XMEAS-20,-0.47510789006453963,0.47510789006453963,0.15328969582258778,0.15328969582258778,0.638396574643583,1.0668301601463999,0.6165084542655555
12,N2,2,55.0,60.0,XMEAS-21,0.21423029791530354,0.21423029791530354,-0.027262481232079572,0.027262481232079572,0.8856320434723497,0.9363738182874668,0.9066920013980403
12,N2,2,55.0,60.0,XMEAS-22,-0.25219872855086134,0.25219872855086134,0.15957170252448816,0.15957170252448816,0.9352721805846713,1.008689251946269,0.9162663812924028
12,N2,2,55.0,60.0,XMEAS-23,-0.1920145715182507,0.1920145715182507,0.02763268196440311,0.02763268196440311,1.0883058164063215,1.2501582428928595,1.0885265609230346
12,N2,2,55.0,60.0,XMEAS-24,0.5500856418407132,0.5500856418407132,-0.10783305549228334,0.10783305549228334,0.9348057626179148,0.878585159766094,0.928058249867484
12,N2,2,55.0,60.0,XMEAS-25,-0.3610933539460625,0.3610933539460625,-0.0464376078426919,0.0464376078426919,1.0181509431568359,1.0316966259355314,1.0164864664116275
12,N2,2,55.0,60.0,XMEAS-26,0.011643504233144825,0.011643504233144825,-0.15066679489221615,0.15066679489221615,0.9781542480580252,1.0093744925320614,0.9601827451475194
12,N2,2,55.0,60.0,XMEAS-27,0.27021099960901485,0.27021099960901485,-0.14319304884310222,0.14319304884310222,0.956784627212282,1.0266934550230353,0.9359087744747215
12,N2,2,55.0,60.0,XMEAS-28,0.5243145219147148,0.5243145219147148,0.03172231809822348,0.03172231809822348,0.8683219642513571,0.9895659026641396,0.8755907697405345
12,N2,2,55.0,60.0,XMEAS-29,-0.16019255092482995,0.16019255092482995,0.032009344199787314,0.032009344199787314,0.8387237630556247,1.0060881225946876,0.8425108253593779
12,N2,2,55.0,60.0,XMEAS-30,0.8017938114753584,0.8017938114753584,-0.1322593642745947,0.1322593642745947,1.0565654513910516,1.2154778101846246,1.0501921447984048
12,N2,2,55.0,60.0,XMEAS-31,-0.6419504094205658,0.6419504094205658,0.222064910655862,0.222064910655862,0.9686673648752028,0.9790122950169307,0.9171803409884814
12,N2,2,55.0,60.0,XMEAS-32,0.01679798744479532,0.01679798744479532,0.07533603316332561,0.07533603316332561,1.180649455416025,1.1386367558649626,1.1765423955857786
12,N2,2,55.0,60.0,XMEAS-33,0.20550767409569573,0.20550767409569573,-0.007050168852872897,0.007050168852872897,0.8842580658252353,0.8364879614312223,0.8862950163161747
12,N2,2,55.0,60.0,XMEAS-34,0.9298939192063025,0.9298939192063025,-0.2548620879775305,0.2548620879775305,0.966072951504079,0.9532480887690553,0.9076753622275139
12,N2,2,55.0,60.0,XMEAS-35,-0.006484318413154904,0.006484318413154904,0.13389335612747516,0.13389335612747516,1.03846445033303,0.9741624543296643,1.029046883868152
12,N2,2,55.0,60.0,XMEAS-36,0.15065138108079135,0.15065138108079135,-0.09780802736068953,0.09780802736068953,1.0048290894455072,1.0072151763308705,0.9964631677663074
12,N2,2,55.0,60.0,XMEAS-37,0.21333573437442846,0.21333573437442846,-0.20088619737266736,0.20088619737266736,0.9599025966109604,1.0274753207961151,0.920753869853589
12,N2,2,55.0,60.0,XMEAS-38,0.32352270344911754,0.32352270344911754,-0.2078815918149738,0.2078815918149738,0.9995174600874094,1.0590992399594703,0.958732569003606
12,N2,2,55.0,60.0,XMEAS-39,-0.10700307674175719,0.10700307674175719,-0.10847287310535766,0.10847287310535766,1.0416260092141245,1.1236792261148523,1.0371038804417143
12,N2,2,55.0,60.0,XMEAS-40,-0.05588896187503635,0.05588896187503635,0.10837130086542567,0.10837130086542567,1.1667158689385289,1.157075236757939,1.1571869974835847
12,N2,2,55.0,60.0,XMEAS-41,0.35372802463326897,0.35372802463326897,-0.1268357366268755,0.1268357366268755,1.0290344411416323,1.2148504291593571,1.025480124774694
13,N2,3,60.0,65.0,XMEAS-1,-0.19062551281988474,0.19062551281988474,0.16337622956469333,0.16337622956469333,0.6296315537272988,1.0576258046233105,0.586308393435676
13,N2,3,60.0,65.0,XMEAS-2,0.24139786212541908,0.24139786212541908,0.14615401467033368,0.14615401467033368,0.9820160736382433,0.9860629192741794,0.9675056513268658
13,N2,3,60.0,65.0,XMEAS-3,-0.12472811939150318,0.12472811939150318,-0.1403428289595508,0.1403428289595508,0.896608216780351,0.9486984928008074,0.8821636496093717
13,N2,3,60.0,65.0,XMEAS-4,0.10857743700642425,0.10857743700642425,-0.09412854215468086,0.09412854215468086,0.9252155325727621,0.936990839459598,0.9155260641511341
13,N2,3,60.0,65.0,XMEAS-5,-0.0287681958542569,0.0287681958542569,0.12386571951215643,0.12386571951215643,1.0531039467352643,1.0691557430038163,1.0393778779291005
13,N2,3,60.0,65.0,XMEAS-6,-0.03741843744995532,0.03741843744995532,0.046904311445854205,0.046904311445854205,0.9524472425494018,0.9660171875527928,0.9507285363012749
13,N2,3,60.0,65.0,XMEAS-7,-0.0413635444387639,0.0413635444387639,0.15089456666923426,0.15089456666923426,0.7730010273767278,1.0224759337172196,0.7416013782849955
13,N2,3,60.0,65.0,XMEAS-8,-0.07151136910562923,0.07151136910562923,0.04048031670591152,0.04048031670591152,0.9764959132458222,0.9887966825329665,0.975384694663231
13,N2,3,60.0,65.0,XMEAS-9,-0.0920718607622222,0.0920718607622222,-0.07216665332115386,0.07216665332115386,1.0527633250604256,1.0644021152942027,1.0477950793456665
13,N2,3,60.0,65.0,XMEAS-10,0.11348281498491604,0.11348281498491604,-0.12734368477558375,0.12734368477558375,0.7169133518550684,0.9231127372236905,0.6934487729117441
13,N2,3,60.0,65.0,XMEAS-11,-0.1282831061242422,0.1282831061242422,0.059144359300799774,0.059144359300799774,0.8262360699692402,1.0099245594390232,0.8353781518215156
13,N2,3,60.0,65.0,XMEAS-12,-0.07247571071206022,0.07247571071206022,-0.052994761324186866,0.052994761324186866,0.9540576988488854,1.016223818224732,0.9516515835247268
13,N2,3,60.0,65.0,XMEAS-13,-0.05170536966164777,0.05170536966164777,0.16372678153641482,0.16372678153641482,0.7858415744251207,1.0117386528698882,0.7493586002583857
13,N2,3,60.0,65.0,XMEAS-14,-0.002951202588786909,0.002951202588786909,-0.07432050901058071,0.07432050901058071,1.0502204270776412,0.9891673003725979,1.046412782760127
13,N2,3,60.0,65.0,XMEAS-15,-0.07842057388053203,0.07842057388053203,0.0362558790288178,0.0362558790288178,0.928029340508068,0.9988779252555925,0.9270777723135255
13,N2,3,60.0,65.0,XMEAS-16,-0.030584393085412838,0.030584393085412838,0.17624064310850698,0.17624064310850698,0.7880990700431633,1.0253311904282056,0.745822690148045
13,N2,3,60.0,65.0,XMEAS-17,0.05081208020997944,0.05081208020997944,0.0012598107953987207,0.0012598107953987207,0.9563884876304592,0.9332766018497262,0.9572739088536452
13,N2,3,60.0,65.0,XMEAS-18,-0.07084482098674412,0.07084482098674412,0.15203188689277267,0.15203188689277267,0.4176318612466965,0.9662533052338225,0.37058452506766154
13,N2,3,60.0,65.0,XMEAS-19,-0.04278286177621054,0.04278286177621054,0.0028201943684642776,0.0028201943684642776,0.980445158712938,0.9829337887829214,0.9808626984541375
13,N2,3,60.0,65.0,XMEAS-20,-0.14202742352490533,0.14202742352490533,0.16157873574926063,0.16157873574926063,0.6389148946295211,1.0932146636160527,0.6123721665747321
13,N2,3,60.0,65.0,XMEAS-21,-0.3753105102428264,0.3753105102428264,-0.20242769398392804,0.20242769398392804,0.9942345398233545,0.9677320375890551,0.9737435171413217
13,N2,3,60.0,65.0,XMEAS-22,-0.024939906669927923,0.024939906669927923,0.07113629701469888,0.07113629701469888,0.9339585253856996,1.0219401528841257,0.9384126694804882
13,N2,3,60.0,65.0,XMEAS-23,0.0547232706284979,0.0547232706284979,0.042907844058831,0.042907844058831,0.8894073453925087,0.9727137179708845,0.8880197523195783
13,N2,3,60.0,65.0,XMEAS-24,0.156072664182187,0.156072664182187,-0.15718452865360982,0.15718452865360982,1.028822350071032,1.300023191007029,1.010316585988822
13,N2,3,60.0,65.0,XMEAS-25,0.14643445080186593,0.14643445080186593,-0.01762002419741319,0.01762002419741319,0.8587202255245211,0.9682058940870387,0.8588082690777036
13,N2,3,60.0,65.0,XMEAS-26,-0.17327004098123472,0.17327004098123472,0.04561040215181444,0.04561040215181444,1.0583976512012716,1.0982135997382096,1.0636436387174388
13,N2,3,60.0,65.0,XMEAS-27,-0.1365432752343723,0.1365432752343723,0.0042306911993510695,0.0042306911993510695,0.7780911696774913,0.8389533242701325,0.7795583796454195
13,N2,3,60.0,65.0,XMEAS-28,-0.14394975515236796,0.14394975515236796,0.17900540200713463,0.17900540200713463,0.8225297436559162,0.7656192628593584,0.7883900878724082
13,N2,3,60.0,65.0,XMEAS-29,-0.15297857427964626,0.15297857427964626,0.10236694083899377,0.10236694083899377,0.9117510868286893,0.9123812561234748,0.9050998990444213
13,N2,3,60.0,65.0,XMEAS-30,-0.5364762477777322,0.5364762477777322,0.04185750074379806,0.04185750074379806,0.9964398266681054,1.089088246534253,1.0052001285239593
13,N2,3,60.0,65.0,XMEAS-31,0.5247556575554112,0.5247556575554112,0.1929208027614141,0.1929208027614141,0.7621859426596208,0.7319189060787368,0.7118519928701067
13,N2,3,60.0,65.0,XMEAS-32,0.2494486920648456,0.2494486920648456,-0.13469286623138746,0.13469286623138746,1.0527785364423585,1.1150259726609657,1.035427768674076
13,N2,3,60.0,65.0,XMEAS-33,-0.1724931860489623,0.1724931860489623,-0.06639873646291525,0.06639873646291525,0.9857784911922732,1.0132858632367485,0.9834184358986039
13,N2,3,60.0,65.0,XMEAS-34,-0.12830014480555163,0.12830014480555163,-0.20379673988508298,0.20379673988508298,0.8288430766393927,0.8416209183045834,0.787397700722507
13,N2,3,60.0,65.0,XMEAS-35,0.1272359148232155,0.1272359148232155,0.03646434597457783,0.03646434597457783,1.0726193898199299,1.1500607978613546,1.0805472757558325
13,N2,3,60.0,65.0,XMEAS-36,0.027993937514078446,0.027993937514078446,-0.13453899413708018,0.13453899413708018,0.9155913362974191,0.9864731359761411,0.8961604992953043
13,N2,3,60.0,65.0,XMEAS-37,-0.19139395005199894,0.19139395005199894,-0.1445818578884381,0.1445818578884381,1.0169486313089449,0.9352962812801803,1.0015909447673357
13,N2,3,60.0,65.0,XMEAS-38,-0.4045292331509032,0.4045292331509032,-0.0582497505947082,0.0582497505947082,1.0397341298561227,1.0769464936015962,1.04226742493104
13,N2,3,60.0,65.0,XMEAS-39,0.30167588581423294,0.30167588581423294,-0.13715643699237018,0.13715643699237018,0.9016380950968945,1.0207419025456723,0.8858412826658996
13,N2,3,60.0,65.0,XMEAS-40,-0.20384589146130402,0.20384589146130402,-0.07923586195405158,0.07923586195405158,0.8546011351069591,0.754794464062358,0.8476496817645078
13,N2,3,60.0,65.0,XMEAS-41,0.19118096664557652,0.19118096664557652,0.11693922563113061,0.11693922563113061,0.9096793429704113,1.050005337902147,0.9052321659768552
14,N2,4,65.0,70.0,XMEAS-1,0.5719966376158917,0.5719966376158917,0.12669599999984818,0.12669599999984818,0.5536742291324734,1.0690500637834468,0.5248796573544284
14,N2,4,65.0,70.0,XMEAS-2,0.2594995465701336,0.2594995465701336,-0.021528819413800346,0.021528819413800346,0.9830857973665726,1.0601715045374056,0.9912948146964227
14,N2,4,65.0,70.0,XMEAS-3,-0.003936136183522567,0.003936136183522567,0.04701507445360091,0.04701507445360091,0.9279961365458921,0.9811183744288215,0.9348459310695817
14,N2,4,65.0,70.0,XMEAS-4,-0.1501260445337501,0.1501260445337501,0.024441283249563767,0.024441283249563767,1.0323101726944481,0.9987133963372657,1.032126680672039
14,N2,4,65.0,70.0,XMEAS-5,0.027904221054441278,0.027904221054441278,0.13126534242052207,0.13126534242052207,1.02626553563382,1.0286643932355344,1.0101323709163643
14,N2,4,65.0,70.0,XMEAS-6,-0.050326806186385895,0.050326806186385895,0.09122777067686288,0.09122777067686288,1.0148545417987909,1.0325996456049282,1.0069869935480567
14,N2,4,65.0,70.0,XMEAS-7,-0.04503218295374123,0.04503218295374123,0.1633801252317971,0.1633801252317971,0.8853764496186898,0.8616809489111728,0.8533129995441537
14,N2,4,65.0,70.0,XMEAS-8,-0.03786117880101755,0.03786117880101755,0.050655249844719,0.050655249844719,0.9047226014557377,0.9206531484824704,0.9023494976104401
14,N2,4,65.0,70.0,XMEAS-9,-0.012524116468875125,0.012524116468875125,0.05703781246689491,0.05703781246689491,1.012108285124995,1.0460271162353256,1.0089500624653303
14,N2,4,65.0,70.0,XMEAS-10,-0.14722392015409708,0.14722392015409708,-0.10951789280598191,0.10951789280598191,0.7490337358490249,0.9845157877631425,0.7327190476976314
14,N2,4,65.0,70.0,XMEAS-11,0.3022779207029941,0.3022779207029941,0.05555935644897876,0.05555935644897876,0.7260728086794312,0.880310692552453,0.7335392648499706
14,N2,4,65.0,70.0,XMEAS-12,0.047185210767895405,0.047185210767895405,0.005799562314914381,0.005799562314914381,0.9758294610585165,1.0032074040870305,0.9764864829470901
14,N2,4,65.0,70.0,XMEAS-13,-0.015883620760612293,0.015883620760612293,0.13624058416404664,0.13624058416404664,0.9338163157804571,1.0061374214723657,0.9128254223255734
14,N2,4,65.0,70.0,XMEAS-14,-0.11611053358359405,0.11611053358359405,0.012289954883603935,0.012289954883603935,1.0141797607952796,0.9838895095241801,1.0156776850152567
14,N2,4,65.0,70.0,XMEAS-15,-0.07122004623081628,0.07122004623081628,-0.037521503230774564,0.037521503230774564,0.9890928983717757,1.0181295277891893,0.9881690441393783
14,N2,4,65.0,70.0,XMEAS-16,-0.047195267260039156,0.047195267260039156,0.14716659401568438,0.14716659401568438,0.9179994039486649,0.935074800705713,0.8930632741404877
14,N2,4,65.0,70.0,XMEAS-17,-0.07745182540316571,0.07745182540316571,0.03611396761049865,0.03611396761049865,1.0468589479771486,1.0553840815957776,1.0465259316045001
14,N2,4,65.0,70.0,XMEAS-18,0.5620531921548728,0.5620531921548728,0.06456386095749539,0.06456386095749539,0.4961064464534474,0.9753700199037039,0.5084797646824273
14,N2,4,65.0,70.0,XMEAS-19,-0.05319594008127739,0.05319594008127739,-0.005374070531001634,0.005374070531001634,1.0203556248111283,0.9396967159061558,1.0207693930227055
14,N2,4,65.0,70.0,XMEAS-20,0.4331063120984969,0.4331063120984969,0.2806544409264889,0.2806544409264889,0.7415963626769875,1.0498763983534751,0.6392133240857908
14,N2,4,65.0,70.0,XMEAS-21,-0.30296246023010864,0.30296246023010864,-0.1065061765779269,0.1065061765779269,0.9047897181370986,0.9952156916684882,0.9136972725277785
14,N2,4,65.0,70.0,XMEAS-22,0.24349340594098937,0.24349340594098937,0.08428339189277365,0.08428339189277365,0.8114526340635969,0.9292514986333953,0.8110093366722028
14,N2,4,65.0,70.0,XMEAS-23,0.05604547044814311,0.05604547044814311,0.06415829476652789,0.06415829476652789,0.8981376885492244,0.8893870696872077,0.8941186739307303
14,N2,4,65.0,70.0,XMEAS-24,-0.020257932357304366,0.020257932357304366,0.2055149439867029,0.2055149439867029,0.8886240845111779,0.8742463303448106,0.8432412661833567
14,N2,4,65.0,70.0,XMEAS-25,0.1681293266949726,0.1681293266949726,-0.03354255532005129,0.03354255532005129,0.9288037374442324,1.018387707647815,0.9280404042497293
14,N2,4,65.0,70.0,XMEAS-26,0.05280583982077552,0.05280583982077552,0.09068298477635564,0.09068298477635564,0.9452203629976736,0.9848897861265118,0.9425544288485671
14,N2,4,65.0,70.0,XMEAS-27,-0.03024521102406392,0.03024521102406392,-0.07071801907791983,0.07071801907791983,0.9065658566365972,0.8937410405184649,0.902508383064881
14,N2,4,65.0,70.0,XMEAS-28,-0.16688258990025495,0.16688258990025495,0.11407932622652665,0.11407932622652665,1.0344403901681944,0.9886837624041636,1.0311950934987815
14,N2,4,65.0,70.0,XMEAS-29,-0.1173249007276197,0.1173249007276197,0.20285863625341188,0.20285863625341188,1.0283593192448282,1.0063787061462386,0.9916104214858349
14,N2,4,65.0,70.0,XMEAS-30,-0.13359774447178027,0.13359774447178027,0.05483200056126718,0.05483200056126718,0.9789737977657715,1.183115456037952,0.9861576471826425
14,N2,4,65.0,70.0,XMEAS-31,0.2420748137648055,0.2420748137648055,-0.2058925656482149,0.2058925656482149,0.8701800185348405,0.8769467062761848,0.8206036400192042
14,N2,4,65.0,70.0,XMEAS-32,-0.14373111093591023,0.14373111093591023,0.0674083205959302,0.0674083205959302,0.9353065467602574,0.9819625720739794,0.9309493360566117
14,N2,4,65.0,70.0,XMEAS-33,-0.12044280622907044,0.12044280622907044,0.06389214761145806,0.06389214761145806,1.0233736479620295,1.06814177355316,1.0216117594260061
14,N2,4,65.0,70.0,XMEAS-34,-0.38093399163194586,0.38093399163194586,0.003548112767783154,0.003548112767783154,0.8780395418160586,0.8944628591795025,0.8924120664800662
14,N2,4,65.0,70.0,XMEAS-35,0.1344585358745927,0.1344585358745927,-0.1497168220071666,0.1497168220071666,0.8452047326024746,0.9459375185633326,0.8240518986162424
14,N2,4,65.0,70.0,XMEAS-36,0.17665859566163483,0.17665859566163483,0.17809961463030372,0.17809961463030372,1.0850890264294966,1.0057958586996667,1.0558260821812209
14,N2,4,65.0,70.0,XMEAS-37,0.4033723258025432,0.4033723258025432,0.009913913036999483,0.009913913036999483,0.8174133001077644,0.898459471029162,0.8225084462998798
14,N2,4,65.0,70.0,XMEAS-38,-0.4147976428178722,0.4147976428178722,0.18185929100342405,0.18185929100342405,0.8406683119779802,0.785297785628892,0.8030777104539686
14,N2,4,65.0,70.0,XMEAS-39,-0.11271920433313662,0.11271920433313662,0.05752844221456483,0.05752844221456483,0.8618521265323654,0.7561863073681228,0.8639535970540273
14,N2,4,65.0,70.0,XMEAS-40,0.0995848491971435,0.0995848491971435,-0.0511293547990714,0.0511293547990714,0.9867378910456533,1.116653682268765,0.9848497668119415
14,N2,4,65.0,70.0,XMEAS-41,-0.7038308607228659,0.7038308607228659,0.15618209425240054,0.15618209425240054,0.6423517759062987,0.5741042794241067,0.6090261900508188
15,N2,5,70.0,75.0,XMEAS-1,-0.8273275225964191,0.8273275225964191,0.048104972960545465,0.048104972960545465,0.8586663682612988,1.0840126162219965,0.8597492036926021
15,N2,5,70.0,75.0,XMEAS-2,0.3930636185003835,0.3930636185003835,0.10177647048897784,0.10177647048897784,0.9166795316359058,0.9422540038371726,0.9128053035131521
15,N2,5,70.0,75.0,XMEAS-3,-0.34550140777686594,0.34550140777686594,-0.15792815697475657,0.15792815697475657,0.9615762412526874,1.0051419163259847,0.9435033075049498
15,N2,5,70.0,75.0,XMEAS-4,0.058468144674578615,0.058468144674578615,0.053341107554634636,0.053341107554634636,1.0091209451508192,1.013442837038172,1.0065808547375132
15,N2,5,70.0,75.0,XMEAS-5,-0.10600446777079264,0.10600446777079264,-0.11578246508527822,0.11578246508527822,0.9025120784545427,0.8750156495855078,0.8882299529059587
15,N2,5,70.0,75.0,XMEAS-6,-0.12437220199740802,0.12437220199740802,-0.11994274079711528,0.11994274079711528,1.0026251038283724,1.017280795676785,0.9882410097629237
15,N2,5,70.0,75.0,XMEAS-7,-0.05372041753419684,0.05372041753419684,0.055982651483998426,0.055982651483998426,0.8667175743861871,1.0291652870476378,0.8629582395272224
15,N2,5,70.0,75.0,XMEAS-8,0.04978696048275892,0.04978696048275892,-0.004633517276351424,0.004633517276351424,1.0068756759729292,1.0311164671007265,1.007518818698189
15,N2,5,70.0,75.0,XMEAS-9,-0.05446992132765897,0.05446992132765897,0.04162089467596484,0.04162089467596484,1.0465940265179758,1.0579940070778138,1.04507696776617
15,N2,5,70.0,75.0,XMEAS-10,-0.2800656215341052,0.2800656215341052,0.23141897007265028,0.23141897007265028,0.7230955593776685,0.995001633352992,0.6415687552660759
15,N2,5,70.0,75.0,XMEAS-11,-0.13720129603571238,0.13720129603571238,-0.28539534483121043,0.28539534483121043,0.9516592473064934,1.0624743893022477,0.8717249616613046
15,N2,5,70.0,75.0,XMEAS-12,0.06346977024598405,0.06346977024598405,-0.019983689553013377,0.019983689553013377,0.9919008336447415,1.0322191548894095,0.9921841500228216
15,N2,5,70.0,75.0,XMEAS-13,-0.041298208414101346,0.041298208414101346,0.09294969421294448,0.09294969421294448,0.8652131987388667,1.0398423817679232,0.8547316566178342
15,N2,5,70.0,75.0,XMEAS-14,0.17040514074272875,0.17040514074272875,-0.012387751516170813,0.012387751516170813,0.9759518085850084,0.9526373252432956,0.9773786962135413
15,N2,5,70.0,75.0,XMEAS-15,0.11934870573921472,0.11934870573921472,0.00048733416218721875,0.00048733416218721875,0.969929541874946,1.0365213875467891,0.9704840806358027
15,N2,5,70.0,75.0,XMEAS-16,-0.05425997316239755,0.05425997316239755,0.09157760836787336,0.09157760836787336,0.835506015765018,1.0501736028996786,0.8250057281597705
15,N2,5,70.0,75.0,XMEAS-17,-0.07432473645526133,0.07432473645526133,-0.01088019751072745,0.01088019751072745,0.9856866306440007,0.9989366664438036,0.9864753219743496
15,N2,5,70.0,75.0,XMEAS-18,-0.3103345387713593,0.3103345387713593,-0.4764264907528856,0.4764264907528856,0.8520916065626982,1.0058080436040866,0.523461465221488
15,N2,5,70.0,75.0,XMEAS-19,0.07700451721353853,0.07700451721353853,-0.027673004545946015,0.027673004545946015,1.0379163648853216,1.00931663667621,1.037595612999739
15,N2,5,70.0,75.0,XMEAS-20,-0.35198822273682107,0.35198822273682107,-0.6087503160045965,0.6087503160045965,1.0463376881221103,0.9507367465086297,0.5827131535765339
15,N2,5,70.0,75.0,XMEAS-21,-0.047470397242238595,0.047470397242238595,-0.012994956884096314,0.012994956884096314,0.8501286798266645,0.9938669986930706,0.8709948503980147
15,N2,5,70.0,75.0,XMEAS-22,-0.2184031859768049,0.2184031859768049,-0.2644430407985819,0.2644430407985819,1.0302415869014507,1.0390740518903496,0.967117765510033
15,N2,5,70.0,75.0,XMEAS-23,0.11250129316689218,0.11250129316689218,-0.38243424865056547,0.38243424865056547,0.9897423970831076,0.8806736105854589,0.8216188395428072
15,N2,5,70.0,75.0,XMEAS-24,0.4128461960418979,0.4128461960418979,0.08536567347498071,0.08536567347498071,0.934695809004398,1.0594858684476245,0.932889201313469
15,N2,5,70.0,75.0,XMEAS-25,-0.08946115740861925,0.08946115740861925,0.18556503840557445,0.18556503840557445,0.9249116532095024,0.8249934156773359,0.8856269368801477
15,N2,5,70.0,75.0,XMEAS-26,0.21433988677167023,0.21433988677167023,-0.18335454864553646,0.18335454864553646,1.0552096143156835,1.0345387033338682,1.0284294164722174
15,N2,5,70.0,75.0,XMEAS-27,0.23129472883747146,0.23129472883747146,0.03965020599530079,0.03965020599530079,0.9843970488998733,1.0575782248247791,0.9846099888241489
15,N2,5,70.0,75.0,XMEAS-28,0.5138435963645029,0.5138435963645029,0.08116313145833783,0.08116313145833783,0.8990126173670617,0.9727885129966003,0.9000392106647453
15,N2,5,70.0,75.0,XMEAS-29,0.10585631302691036,0.10585631302691036,-0.29504350615547387,0.29504350615547387,1.101467342903378,1.1476376505467905,1.0216564951023912
15,N2,5,70.0,75.0,XMEAS-30,0.5483541932914608,0.5483541932914608,0.3040626859559463,0.3040626859559463,1.0983964985095673,1.1527228216352026,1.017315773325856
15,N2,5,70.0,75.0,XMEAS-31,-0.37147363374400894,0.37147363374400894,0.1127007237400341,0.1127007237400341,0.9196950628043808,1.007869092290947,0.9083810051717721
15,N2,5,70.0,75.0,XMEAS-32,0.13994242586371566,0.13994242586371566,-0.10771641836865986,0.10771641836865986,1.0687263203794901,1.1156424323852767,1.0581531133243904
15,N2,5,70.0,75.0,XMEAS-33,0.04554473795255293,0.04554473795255293,0.06190309248647652,0.06190309248647652,1.0327077256136543,1.0213417600652623,1.031260777404814
15,N2,5,70.0,75.0,XMEAS-34,0.5232466963341362,0.5232466963341362,0.1714667268278095,0.1714667268278095,1.0473639608731984,1.2550263392179133,1.0342774149686886
15,N2,5,70.0,75.0,XMEAS-35,0.1963571650517921,0.1963571650517921,0.01832451038817236,0.01832451038817236,0.9548980608721548,0.9719574013030787,0.9627491202860688
15,N2,5,70.0,75.0,XMEAS-36,0.00204667106115754,0.00204667106115754,0.02698102991857926,0.02698102991857926,0.9646309421121773,1.0197286148601852,0.9654250042769184
15,N2,5,70.0,75.0,XMEAS-37,0.11701704187257878,0.11701704187257878,-0.26133454427629627,0.26133454427629627,1.1123382100869157,1.1344846771191974,1.0528854105231813
15,N2,5,70.0,75.0,XMEAS-38,0.010426923097947648,0.010426923097947648,0.15224979981528539,0.15224979981528539,0.8759331479291468,0.9556374714968014,0.852691838069833
15,N2,5,70.0,75.0,XMEAS-39,0.08970163739006157,0.08970163739006157,-0.15074171943375128,0.15074171943375128,1.0914318043050302,0.9555799261372465,1.0770862083007764
15,N2,5,70.0,75.0,XMEAS-40,-0.2703583030605971,0.2703583030605971,0.004404646103411784,0.004404646103411784,0.8368854047061947,0.8261088014946414,0.8376136180970937
15,N2,5,70.0,75.0,XMEAS-41,0.3047816718221356,0.3047816718221356,-0.1618745375626546,0.1618745375626546,0.7913777487565539,0.8595759206221353,0.7656239609222304
16,N2,6,75.0,80.0,XMEAS-1,0.33721419588801976,0.33721419588801976,-0.11123286484311422,0.11123286484311422,0.5886716828918513,1.0295022403444976,0.5688621522374165
16,N2,6,75.0,80.0,XMEAS-2,-0.11781382385718568,0.11781382385718568,-0.08088017279603855,0.08088017279603855,0.9257682870532263,0.9670954793699545,0.9264864819134897
16,N2,6,75.0,80.0,XMEAS-3,0.26460383652375136,0.26460383652375136,0.07909970725962658,0.07909970725962658,0.9376994894285,0.9318142226144855,0.9400947547305722
16,N2,6,75.0,80.0,XMEAS-4,-0.06495327149899051,0.06495327149899051,0.07794162797878688,0.07794162797878688,0.9829012059093841,0.9642910566888934,0.9768191767243116
16,N2,6,75.0,80.0,XMEAS-5,-0.20706629466335025,0.20706629466335025,0.03996117503149012,0.03996117503149012,0.9952183327040317,1.032903126828106,0.9950835160811243
16,N2,6,75.0,80.0,XMEAS-6,-0.20794695363636848,0.20794695363636848,0.06694781138821793,0.06694781138821793,0.962123747908636,1.001844373835422,0.957946417081207
16,N2,6,75.0,80.0,XMEAS-7,-0.026924198263389522,0.026924198263389522,-0.0813142386802345,0.0813142386802345,0.8798781947778931,0.9708673745292455,0.872017405503867
16,N2,6,75.0,80.0,XMEAS-8,-0.08915600610635792,0.08915600610635792,-0.019053044824054875,0.019053044824054875,0.9894828289818279,0.9679075132480832,0.9897530119005467
16,N2,6,75.0,80.0,XMEAS-9,-0.0699168615259919,0.0699168615259919,-0.0033930037074592057,0.0033930037074592057,1.0919175426176646,1.0470379067490536,1.092130433907071
16,N2,6,75.0,80.0,XMEAS-10,0.16692647207202335,0.16692647207202335,0.022253245243103046,0.022253245243103046,0.6248524714037402,0.9671899313255504,0.6245454745637428
16,N2,6,75.0,80.0,XMEAS-11,-0.6045467787882729,0.6045467787882729,0.058401647627644,0.058401647627644,0.8571906268461957,1.064546532545621,0.8671166161533549
16,N2,6,75.0,80.0,XMEAS-12,0.1376744631608962,0.1376744631608962,-0.07985362538810258,0.07985362538810258,0.9824033955882467,0.973840534940913,0.9762889103429424
16,N2,6,75.0,80.0,XMEAS-13,-0.045056389235989626,0.045056389235989626,-0.08428631035198167,0.08428631035198167,0.8826709524489664,1.0500944522035403,0.8742375759609253
16,N2,6,75.0,80.0,XMEAS-14,0.2026218702125057,0.2026218702125057,0.018294295486339755,0.018294295486339755,0.9389245157370935,0.9653821320757103,0.9400824161356588
16,N2,6,75.0,80.0,XMEAS-15,-0.0939076298358956,0.0939076298358956,0.061206946691960154,0.061206946691960154,0.9201685255960063,0.9723258671375036,0.9164274505151624
16,N2,6,75.0,80.0,XMEAS-16,0.010568934467546183,0.010568934467546183,-0.06419413161727998,0.06419413161727998,0.8837556832482266,1.0057544145497548,0.8789295763722813
16,N2,6,75.0,80.0,XMEAS-17,0.008975959239505955,0.008975959239505955,0.0037823386984725082,0.0037823386984725082,0.9890954111373741,1.0306342141853417,0.9899977768769179
16,N2,6,75.0,80.0,XMEAS-18,-0.9711641383131081,0.9711641383131081,0.10931149925531139,0.10931149925531139,0.46490191178534973,1.0110221216567252,0.4562689192660792
16,N2,6,75.0,80.0,XMEAS-19,-0.04743457914240101,0.04743457914240101,-0.036951542428638774,0.036951542428638774,1.032426699702131,0.9886997311336038,1.031491552139492
16,N2,6,75.0,80.0,XMEAS-20,-0.9081720453999717,0.9081720453999717,0.23813792263259315,0.23813792263259315,0.6423443957036753,0.9346785431809039,0.5584164588302406
16,N2,6,75.0,80.0,XMEAS-21,0.43999939113595277,0.43999939113595277,0.05964870308083376,0.05964870308083376,0.7960660338523923,1.0038110703551382,0.8110033664824471
16,N2,6,75.0,80.0,XMEAS-22,-0.5338576529429659,0.5338576529429659,0.05604973511258547,0.05604973511258547,0.9458602915115538,1.0236087812823536,0.9526707454827871
16,N2,6,75.0,80.0,XMEAS-23,-0.10289305083870406,0.10289305083870406,0.12173260174677962,0.12173260174677962,0.9344850527632363,1.0180946994820663,0.9185671437049913
16,N2,6,75.0,80.0,XMEAS-24,0.42387770504317307,0.42387770504317307,-0.04654756245740241,0.04654756245740241,1.026169834107496,1.1201143573655816,1.0310090973237747
16,N2,6,75.0,80.0,XMEAS-25,0.004125036677031941,0.004125036677031941,-0.04081367687629417,0.04081367687629417,0.9284351845655504,1.0931924924538765,0.9270611711069503
16,N2,6,75.0,80.0,XMEAS-26,-0.05495107349074486,0.05495107349074486,-0.054722859316912224,0.054722859316912224,0.9443968415902135,1.0013195965313355,0.9475824097714792
16,N2,6,75.0,80.0,XMEAS-27,0.29719511336037824,0.29719511336037824,0.009166176855337115,0.009166176855337115,0.8242521608914185,0.8286797132695555,0.825725186123669
16,N2,6,75.0,80.0,XMEAS-28,0.3053055545209983,0.3053055545209983,-0.061198675762863856,0.061198675762863856,0.9377953194472116,1.0289940176586934,0.9427433158762059
16,N2,6,75.0,80.0,XMEAS-29,-0.06773573178849666,0.06773573178849666,0.1551774686952119,0.1551774686952119,0.9016779988847852,1.018518062896618,0.8786025649992812
16,N2,6,75.0,80.0,XMEAS-30,0.043335489774865274,0.043335489774865274,-0.2844899552224587,0.2844899552224587,0.9991246370501136,1.1334291561359924,0.9202389929917982
16,N2,6,75.0,80.0,XMEAS-31,-0.0008813033565463496,0.0008813033565463496,-0.1351288399945876,0.1351288399945876,0.8496960683827856,0.8380905501098068,0.8298866659025438
16,N2,6,75.0,80.0,XMEAS-32,-0.11361862494942492,0.11361862494942492,0.03705176939604963,0.03705176939604963,1.149708415812634,1.1476790055406247,1.1493661159815605
16,N2,6,75.0,80.0,XMEAS-33,0.36541397370423445,0.36541397370423445,-0.032722519546125595,0.032722519546125595,0.9282374676718653,0.9574259288648873,0.9292282884332729
16,N2,6,75.0,80.0,XMEAS-34,0.14701612232301461,0.14701612232301461,-0.09586697127184572,0.09586697127184572,0.9311759739623187,1.0583312516041847,0.9358914216321884
16,N2,6,75.0,80.0,XMEAS-35,-0.37755912588600476,0.37755912588600476,-0.055954545161575504,0.055954545161575504,0.9320379534911899,1.061990768791747,0.9365151760293285
16,N2,6,75.0,80.0,XMEAS-36,0.1524391324080834,0.1524391324080834,0.3090084676853192,0.3090084676853192,1.133346452987209,0.912492902525409,1.043287213652957
16,N2,6,75.0,80.0,XMEAS-37,-0.06845683281551115,0.06845683281551115,-0.09163868593637221,0.09163868593637221,1.0752718514611566,1.1312363201802593,1.073894800716344
16,N2,6,75.0,80.0,XMEAS-38,0.5868497363997571,0.5868497363997571,-0.11947498026812489,0.11947498026812489,0.9176849647196517,1.1000719296567794,0.906455914699284
16,N2,6,75.0,80.0,XMEAS-39,-0.1862996269333076,0.1862996269333076,0.035498567042311746,0.035498567042311746,0.9639794915642692,1.0131321851632347,0.9694845473098856
16,N2,6,75.0,80.0,XMEAS-40,0.5438434082136663,0.5438434082136663,-0.12853138932982386,0.12853138932982386,0.8264992781341984,0.8499363395953702,0.8060619182362596
16,N2,6,75.0,80.0,XMEAS-41,0.03358780206941612,0.03358780206941612,-0.04234307632225858,0.04234307632225858,0.8064531858230475,0.8761357421057562,0.8143839200131545
17,N2,7,80.0,85.0,XMEAS-1,-0.1517640237261239,0.1517640237261239,0.11100229604576052,0.11100229604576052,0.6557755019760672,0.9683105609107223,0.6387354680746287
17,N2,7,80.0,85.0,XMEAS-2,-0.3488015340525728,0.3488015340525728,-0.03930676581251682,0.03930676581251682,1.014452987462627,0.9941388347561514,1.0218299130737971
17,N2,7,80.0,85.0,XMEAS-3,0.3115754960608141,0.3115754960608141,-0.010699623854796215,0.010699623854796215,0.9167148915017657,0.9394019024316886,0.9258369138231833
17,N2,7,80.0,85.0,XMEAS-4,0.15512066328249602,0.15512066328249602,-0.028728915495697175,0.028728915495697175,0.96176428857989,0.9971178395511,0.9612595159527848
17,N2,7,80.0,85.0,XMEAS-5,-0.04880956066798369,0.04880956066798369,0.0034660009008745584,0.0034660009008745584,0.9906650548786147,1.0405351364883195,0.9921914900078725
17,N2,7,80.0,85.0,XMEAS-6,-0.027226507179454525,0.027226507179454525,0.037825997680330306,0.037825997680330306,0.9817436939273315,0.931272941905515,0.9809399867000492
17,N2,7,80.0,85.0,XMEAS-7,0.043657721608741686,0.043657721608741686,-0.07788991211139314,0.07788991211139314,0.8479574325380559,1.0155334491541115,0.840474002582707
17,N2,7,80.0,85.0,XMEAS-8,-0.05906558049784953,0.05906558049784953,0.054299369669852035,0.054299369669852035,0.9471348031026404,0.9435867803936501,0.9444994948700128
17,N2,7,80.0,85.0,XMEAS-9,-0.004260862200868814,0.004260862200868814,0.00651140407106598,0.00651140407106598,1.0092979799127786,0.9767966967451632,1.0094610365587384
17,N2,7,80.0,85.0,XMEAS-10,0.33891847040949474,0.33891847040949474,0.10282578084600225,0.10282578084600225,0.8547707687874315,1.0346262115357832,0.8424475006391505
17,N2,7,80.0,85.0,XMEAS-11,-0.4393770541016917,0.4393770541016917,0.12205056460168696,0.12205056460168696,0.8219928706263713,1.0083378309878193,0.8160946162768117
17,N2,7,80.0,85.0,XMEAS-12,-0.02308131812967286,0.02308131812967286,-0.06874434890658725,0.06874434890658725,1.0692041422261258,1.048085340142453,1.065330803021165
17,N2,7,80.0,85.0,XMEAS-13,0.03133192392920732,0.03133192392920732,-0.06596067159644868,0.06596067159644868,0.8370190130075701,0.9874209691064864,0.8315866303289058
17,N2,7,80.0,85.0,XMEAS-14,0.07381782319721346,0.07381782319721346,-0.054893684836978894,0.054893684836978894,0.9560976112156591,0.9824690516066147,0.9543517181491298
17,N2,7,80.0,85.0,XMEAS-15,0.19417996365530046,0.19417996365530046,0.06497520430811082,0.06497520430811082,0.9298590769676675,0.9210058810783684,0.9256308863244277
17,N2,7,80.0,85.0,XMEAS-16,0.0690040775738568,0.0690040775738568,-0.08650146283192754,0.08650146283192754,0.8520533576687863,1.054665265937548,0.8428835725672037
17,N2,7,80.0,85.0,XMEAS-17,0.06374940465997016,0.06374940465997016,-0.00987191380405556,0.00987191380405556,1.0796989377808097,1.0697913783997408,1.0806060523559964
17,N2,7,80.0,85.0,XMEAS-18,-0.7144935910763697,0.7144935910763697,0.22092005505503093,0.22092005505503093,0.5321309310795811,1.0433457511595912,0.4441605709530825
17,N2,7,80.0,85.0,XMEAS-19,0.023391438606884474,0.023391438606884474,-0.019364170904460586,0.019364170904460586,0.9820610522663992,0.9918222242405909,0.982088466091295
17,N2,7,80.0,85.0,XMEAS-20,-0.45207203410915603,0.45207203410915603,0.13247321298881057,0.13247321298881057,0.5705840079136593,0.8970996551803285,0.5534726609020957
17,N2,7,80.0,85.0,XMEAS-21,0.29967409750672674,0.29967409750672674,-0.14117636463987454,0.14117636463987454,0.8905591599262893,0.9774690658051417,0.8883470175318482
17,N2,7,80.0,85.0,XMEAS-22,-0.24902039920883853,0.24902039920883853,0.11435505232181159,0.11435505232181159,0.938648189680763,1.0477742820627698,0.934059960256058
17,N2,7,80.0,85.0,XMEAS-23,-0.2708004765767736,0.2708004765767736,-0.124489909582309,0.124489909582309,0.9277734838178369,0.8775210077396743,0.9109464162477082
17,N2,7,80.0,85.0,XMEAS-24,-0.2607895397741191,0.2607895397741191,-0.02645546663337352,0.02645546663337352,0.6704736979122806,0.7489088347356928,0.6739894598929481
17,N2,7,80.0,85.0,XMEAS-25,-0.1156219666008216,0.1156219666008216,0.11939627453429277,0.11939627453429277,0.7935771016404048,0.8509889956390326,0.7749957026735683
17,N2,7,80.0,85.0,XMEAS-26,0.15822309273452478,0.15822309273452478,0.03361410220698735,0.03361410220698735,1.0119375298933064,0.9872763554922247,1.0177570847242279
17,N2,7,80.0,85.0,XMEAS-27,0.04369699469990163,0.04369699469990163,-0.10762707391689744,0.10762707391689744,1.0375255194119608,1.0896991744208127,1.0277566093257549
17,N2,7,80.0,85.0,XMEAS-28,-0.14740402121786855,0.14740402121786855,0.01762063478728408,0.01762063478728408,0.9191321848950624,1.02107709662577,0.9277652926051411
17,N2,7,80.0,85.0,XMEAS-29,-0.008183823323374967,0.008183823323374967,-0.0081567477067735,0.0081567477067735,0.816136784003814,0.963319156976791,0.8209869805036119
17,N2,7,80.0,85.0,XMEAS-30,-0.17742977656996753,0.17742977656996753,-0.1420987059504005,0.1420987059504005,0.8547131421689104,0.9763278812258338,0.8384969146359218
17,N2,7,80.0,85.0,XMEAS-31,0.27096835393498675,0.27096835393498675,0.1173311705655563,0.1173311705655563,0.930837181212441,1.0204173723981234,0.9185206259121663
17,N2,7,80.0,85.0,XMEAS-32,0.11716323474740274,0.11716323474740274,-0.02928906367064771,0.02928906367064771,0.8903682372615348,0.8785522032290776,0.8900625710204512
17,N2,7,80.0,85.0,XMEAS-33,-0.010921449533195494,0.010921449533195494,-0.18713118703418727,0.18713118703418727,0.9622136987438387,1.0831455616653205,0.9255832530813978
17,N2,7,80.0,85.0,XMEAS-34,-0.3933410650683982,0.3933410650683982,-0.06311929982214717,0.06311929982214717,0.9039705802321495,1.0594184052898492,0.9140895664749293
17,N2,7,80.0,85.0,XMEAS-35,-0.4017941884273663,0.4017941884273663,-0.050780691139379205,0.050780691139379205,0.9869715178042228,0.9745715879532898,0.9927115054931445
17,N2,7,80.0,85.0,XMEAS-36,0.2575112956354598,0.2575112956354598,0.2114623451367713,0.2114623451367713,1.1280492168605722,1.1194793239590433,1.0876128888598677
17,N2,7,80.0,85.0,XMEAS-37,-0.11690101398746822,0.11690101398746822,0.003991224480070966,0.003991224480070966,1.0513056862562447,1.2114866119954402,1.0580054762550828
17,N2,7,80.0,85.0,XMEAS-38,0.40105183901057234,0.40105183901057234,-0.3101532809392988,0.3101532809392988,1.067770397960184,1.0119662336604316,0.9746140785418278
17,N2,7,80.0,85.0,XMEAS-39,0.10393401421833713,0.10393401421833713,-0.01733281699852682,0.01733281699852682,0.8785832546742338,0.8763751425285643,0.8844956199342636
17,N2,7,80.0,85.0,XMEAS-40,0.03254362811560686,0.03254362811560686,-0.0730772370872415,0.0730772370872415,0.8818312831337706,0.8285018170762057,0.876266312420532
17,N2,7,80.0,85.0,XMEAS-41,0.41673621211357986,0.41673621211357986,-0.23666823192019731,0.23666823192019731,0.8293034249209085,0.8456727229875858,0.7650593631448261
18,N2,8,85.0,90.0,XMEAS-1,0.3642881791328191,0.3642881791328191,-0.31757404561303604,0.31757404561303604,0.9502581690506308,0.9708180768702411,0.8357682958513731
18,N2,8,85.0,90.0,XMEAS-2,-0.27162889210742586,0.27162889210742586,0.07007681480926099,0.07007681480926099,0.9508953004774664,0.9449829538993232,0.9538556616631854
18,N2,8,85.0,90.0,XMEAS-3,0.13498703369819043,0.13498703369819043,-0.15457442355044163,0.15457442355044163,0.9930328351736581,0.970473841048177,0.9773262550703329
18,N2,8,85.0,90.0,XMEAS-4,-0.08234529852834288,0.08234529852834288,-0.012834990294594124,0.012834990294594124,0.9971915171865708,0.9771195695767478,0.9974261590876163
18,N2,8,85.0,90.0,XMEAS-5,0.31775122261855393,0.31775122261855393,0.08217756751470975,0.08217756751470975,1.0472137400609434,1.0877605935822732,1.0420686179468035
18,N2,8,85.0,90.0,XMEAS-6,0.1782593190807425,0.1782593190807425,-0.007653970664219074,0.007653970664219074,0.9290949374460847,0.9617748386188157,0.9297120740922664
18,N2,8,85.0,90.0,XMEAS-7,-0.07723443219853766,0.07723443219853766,-0.0625932627256157,0.0625932627256157,1.2414468814759556,1.0796344958453103,1.2381845252417265
18,N2,8,85.0,90.0,XMEAS-8,-0.06200233885916538,0.06200233885916538,0.005989759919982316,0.005989759919982316,0.9506480937516789,0.9548308380463626,0.9512369058967423
18,N2,8,85.0,90.0,XMEAS-9,0.018186487601497433,0.018186487601497433,0.02651745279481514,0.02651745279481514,1.096886816149647,1.0624236664457658,1.0964414043187922
18,N2,8,85.0,90.0,XMEAS-10,0.010984698216683362,0.010984698216683362,-0.5526594184152407,0.5526594184152407,1.3502243243800232,0.9591973714814542,1.0893343385633791
18,N2,8,85.0,90.0,XMEAS-11,0.8915212451910184,0.8915212451910184,0.1489584207843703,0.1489584207843703,1.0071099848197482,1.1354770282170992,1.0000699277597802
18,N2,8,85.0,90.0,XMEAS-12,-0.11230187339629047,0.11230187339629047,-0.005918254702423473,0.005918254702423473,0.9599018407037924,0.9306063164237166,0.9605454365243861
18,N2,8,85.0,90.0,XMEAS-13,-0.08082776599549923,0.08082776599549923,-0.0736604982561822,0.0736604982561822,1.2155762184109542,1.056871177506907,1.2109283069476988
18,N2,8,85.0,90.0,XMEAS-14,-0.24761678235397755,0.24761678235397755,0.0315619204264501,0.0315619204264501,0.9899107804280741,1.0249912593594652,0.9904710417040011
18,N2,8,85.0,90.0,XMEAS-15,0.24390731381726455,0.24390731381726455,-0.10055006214436167,0.10055006214436167,0.9093529848016846,0.9518988146429936,0.898171232505364
18,N2,8,85.0,90.0,XMEAS-16,-0.13914706962165851,0.13914706962165851,-0.10253504095510074,0.10253504095510074,1.2168756345406782,1.0708745148130572,1.2078957690216796
18,N2,8,85.0,90.0,XMEAS-17,0.003974682138199412,0.003974682138199412,0.038346678441312565,0.038346678441312565,0.9933114974150894,1.017156174793452,0.9926830702975444
18,N2,8,85.0,90.0,XMEAS-18,1.5988379030092623,1.5988379030092623,0.2408646722420684,0.2408646722420684,0.8221988799991997,1.0483641663831087,0.7772687424456333
18,N2,8,85.0,90.0,XMEAS-19,-0.06903921755664248,0.06903921755664248,0.02677509228036529,0.02677509228036529,0.9652956152265328,0.9741383854894716,0.9649382009360089
18,N2,8,85.0,90.0,XMEAS-20,1.2604154374710166,1.2604154374710166,0.23388951081266038,0.23388951081266038,0.759432079561444,1.0129755213970713,0.7002271830539301
18,N2,8,85.0,90.0,XMEAS-21,-0.13541667920283282,0.13541667920283282,-0.13021679947294057,0.13021679947294057,0.9333088086191694,1.0219489256603047,0.9367891693542125
18,N2,8,85.0,90.0,XMEAS-22,0.8371768800577424,0.8371768800577424,0.07263053503451661,0.07263053503451661,1.0329279564215992,1.068222202785,1.038794779119033
18,N2,8,85.0,90.0,XMEAS-23,0.30503373612788115,0.30503373612788115,0.2302878950432309,0.2302878950432309,1.0575222850167245,0.9607877764572688,1.004624058302146
18,N2,8,85.0,90.0,XMEAS-24,-0.8349067331070674,0.8349067331070674,-0.03001886930425104,0.03001886930425104,1.081668255908716,1.151393193105281,1.088236803636001
18,N2,8,85.0,90.0,XMEAS-25,0.09492189937856026,0.09492189937856026,0.02394573800670225,0.02394573800670225,1.079797641293624,1.088095609985751,1.0798284212405957
18,N2,8,85.0,90.0,XMEAS-26,-0.29389552939610986,0.29389552939610986,-0.004285024224890054,0.004285024224890054,1.0713120278232224,1.1408529482076533,1.0786997125782152
18,N2,8,85.0,90.0,XMEAS-27,-0.43014384845223436,0.43014384845223436,-0.0396619357644045,0.0396619357644045,0.8549559929250031,0.9006963949143632,0.8546657591952842
18,N2,8,85.0,90.0,XMEAS-28,-0.6559673472691033,0.6559673472691033,0.024224185314409886,0.024224185314409886,0.9210635856951899,1.0163297476575528,0.9293995421678581
18,N2,8,85.0,90.0,XMEAS-29,0.4994803040112472,0.4994803040112472,-0.00476910890241753,0.00476910890241753,0.9476652086875273,1.1345487847287614,0.9533713615358606
18,N2,8,85.0,90.0,XMEAS-30,-1.2232492855451476,1.2232492855451476,-0.0741647843303859,0.0741647843303859,0.8170943577725469,0.9202127227383665,0.8186609184820081
18,N2,8,85.0,90.0,XMEAS-31,0.6106839852247101,0.6106839852247101,-0.06388521707349233,0.06388521707349233,0.8976357519950953,1.0816816331163723,0.8960621726205691
18,N2,8,85.0,90.0,XMEAS-32,-0.14600585505748823,0.14600585505748823,0.08760578057361147,0.08760578057361147,0.8978691098910883,0.9159537917344474,0.88959211844456
18,N2,8,85.0,90.0,XMEAS-33,-0.6141370195317896,0.6141370195317896,0.042659129602296814,0.042659129602296814,0.955615266416449,0.9815741884523475,0.9558831522504185
18,N2,8,85.0,90.0,XMEAS-34,-0.7279872950709037,0.7279872950709037,0.1607781391838642,0.1607781391838642,0.9412202112296332,1.0355283895451433,0.9270103355646875
18,N2,8,85.0,90.0,XMEAS-35,0.17400951179758517,0.17400951179758517,-0.03373230130908175,0.03373230130908175,0.9594147296539215,0.8139433608550078,0.9664244162198692
18,N2,8,85.0,90.0,XMEAS-36,0.4038086173460371,0.4038086173460371,-0.04345482031836753,0.04345482031836753,1.2011124090513132,1.20165962083763,1.2014383106127766
18,N2,8,85.0,90.0,XMEAS-37,-0.04268598123080253,0.04268598123080253,-0.054971796724797135,0.054971796724797135,0.8592820746361599,0.9316284249902413,0.861064219327133
18,N2,8,85.0,90.0,XMEAS-38,-0.7168163117043617,0.7168163117043617,-0.03561752693592368,0.03561752693592368,0.9010771921141868,0.9397043585709552,0.9047692564473139
18,N2,8,85.0,90.0,XMEAS-39,-0.13764182632444613,0.13764182632444613,-0.3067968783022424,0.3067968783022424,0.9864473480058048,0.8756542248824049,0.8873875799294367
18,N2,8,85.0,90.0,XMEAS-40,-0.15983112886629083,0.15983112886629083,-0.16370725579038678,0.16370725579038678,1.1940516791209865,1.3282674725536765,1.1714111454277432
18,N2,8,85.0,90.0,XMEAS-41,-0.09530351279174509,0.09530351279174509,0.06380552149958246,0.06380552149958246,0.8275772167727014,0.9351968052716633,0.8329107784432894
19,N2,9,90.0,95.0,XMEAS-1,-0.4393239364641165,0.4393239364641165,-0.13989305515334222,0.13989305515334222,0.5817898661399782,0.9782679310884198,0.5479905392190999
19,N2,9,90.0,95.0,XMEAS-2,-0.04010443119274926,0.04010443119274926,0.07605653183058315,0.07605653183058315,0.9168034884411048,0.8629274216572905,0.918245910303305
19,N2,9,90.0,95.0,XMEAS-3,0.13081923935045328,0.13081923935045328,-0.039926393606519686,0.039926393606519686,0.9826336175508408,1.042053519443183,0.9908387955156206
19,N2,9,90.0,95.0,XMEAS-4,-0.14255309140888833,0.14255309140888833,0.01580038259598108,0.01580038259598108,0.8850489264116821,0.8985683934670842,0.8851155184300297
19,N2,9,90.0,95.0,XMEAS-5,0.0032415538087032314,0.0032415538087032314,-0.09218227079047583,0.09218227079047583,1.0004515823296012,1.0112843016491309,0.993075191536019
19,N2,9,90.0,95.0,XMEAS-6,0.02074443645946274,0.02074443645946274,-0.12598692054335328,0.12598692054335328,0.9675535333612236,0.9463677109891473,0.9509520201259536
19,N2,9,90.0,95.0,XMEAS-7,0.0566707368095447,0.0566707368095447,-0.017449774891735832,0.017449774891735832,0.9094971899193586,0.968548135917121,0.9091768954449831
19,N2,9,90.0,95.0,XMEAS-8,0.1424684072925159,0.1424684072925159,-0.0629896042171663,0.0629896042171663,1.0311255931415506,1.0071585734977035,1.02777491425207
19,N2,9,90.0,95.0,XMEAS-9,-0.04366303108849834,0.04366303108849834,0.05363128788220962,0.05363128788220962,1.03017815508021,1.0096875536410408,1.0274665773064153
19,N2,9,90.0,95.0,XMEAS-10,-0.5906808567289149,0.5906808567289149,-0.15477511633077376,0.15477511633077376,0.7206654083881638,0.9993696103091668,0.6856169031593511
19,N2,9,90.0,95.0,XMEAS-11,-0.019593419847499235,0.019593419847499235,-0.29682523690170826,0.29682523690170826,0.9529537982442211,1.0329507014611568,0.8649153070255294
19,N2,9,90.0,95.0,XMEAS-12,0.19380946513540218,0.19380946513540218,-0.017511979425533154,0.017511979425533154,1.0082142973225672,1.0069755903275168,1.0086121935503205
19,N2,9,90.0,95.0,XMEAS-13,0.027367485701410805,0.027367485701410805,-0.034357523460793994,0.034357523460793994,0.9101249281814667,1.0281559794710233,0.9087880087798463
19,N2,9,90.0,95.0,XMEAS-14,0.041099926485412955,0.041099926485412955,0.09151069586360128,0.09151069586360128,0.9997658493886312,0.9899844149735249,0.9925889227803705
19,N2,9,90.0,95.0,XMEAS-15,-0.24483240854168312,0.24483240854168312,0.004357627866733375,0.004357627866733375,0.984151443351598,0.9968284697075283,0.984694195627792
19,N2,9,90.0,95.0,XMEAS-16,0.023158942869174116,0.023158942869174116,-0.01335828669583014,0.01335828669583014,0.8978681775584496,1.021418886638722,0.8977225501522044
19,N2,9,90.0,95.0,XMEAS-17,-0.063690635157281,0.063690635157281,-0.02605264802456067,0.02605264802456067,1.0272370052360702,0.9879662176155926,1.0274984402945688
19,N2,9,90.0,95.0,XMEAS-18,0.16553551384202866,0.16553551384202866,-0.5153839772521573,0.5153839772521573,0.8933144831172934,0.9494842974304042,0.5142105429392934
19,N2,9,90.0,95.0,XMEAS-19,-0.016355913620473367,0.016355913620473367,-0.0040955954220485554,0.0040955954220485554,0.9712388912331054,0.9903085465087148,0.9716428544876957
19,N2,9,90.0,95.0,XMEAS-20,0.11976047853761422,0.11976047853761422,-0.5295531154924574,0.5295531154924574,0.9752562576267535,1.014709951054868,0.6220921847809079
19,N2,9,90.0,95.0,XMEAS-21,0.36207065500902336,0.36207065500902336,0.08068330361755867,0.08068330361755867,0.8789292573821318,0.9361911575301656,0.8927543121262824
19,N2,9,90.0,95.0,XMEAS-22,-0.001981078145211604,0.001981078145211604,-0.3104035854403273,0.3104035854403273,1.0373063428811713,1.0017816057229534,0.9454131755818381
19,N2,9,90.0,95.0,XMEAS-23,0.3467488213640488,0.3467488213640488,-0.0013730810451369586,0.0013730810451369586,0.7480371384813751,0.8084295210243236,0.7486908535820782
19,N2,9,90.0,95.0,XMEAS-24,0.14571861628085722,0.14571861628085722,0.0761176914332947,0.0761176914332947,0.8792343739162402,0.9055881396647842,0.8783245793715516
19,N2,9,90.0,95.0,XMEAS-25,0.06742957567647048,0.06742957567647048,-0.02978587692401931,0.02978587692401931,0.9280789985839282,1.013116106261901,0.9275826658216583
19,N2,9,90.0,95.0,XMEAS-26,0.16980862377227926,0.16980862377227926,-0.08538775025136125,0.08538775025136125,0.8902575857672429,0.8218655729929589,0.8877511945645629
19,N2,9,90.0,95.0,XMEAS-27,0.19765856235517046,0.19765856235517046,0.030660374250837567,0.030660374250837567,0.9123657604400413,0.8903269429728343,0.9130348476779288
19,N2,9,90.0,95.0,XMEAS-28,0.01407641998824948,0.01407641998824948,0.18956254448440835,0.18956254448440835,1.1193768747895303,1.1574979266009275,1.0959226018096997
19,N2,9,90.0,95.0,XMEAS-29,0.12361552233742751,0.12361552233742751,-0.2793280412205527,0.2793280412205527,0.9671512061358267,0.8580942639603887,0.8841148177926798
19,N2,9,90.0,95.0,XMEAS-30,0.005907825359468656,0.005907825359468656,0.07459341036160007,0.07459341036160007,0.9716073521414191,1.0610800712430442,0.9758941783868003
19,N2,9,90.0,95.0,XMEAS-31,-0.017405496865514458,0.017405496865514458,-0.0536577541445402,0.0536577541445402,0.9457133870710354,0.9731014892418544,0.9458946770756882
19,N2,9,90.0,95.0,XMEAS-32,0.1987709536545649,0.1987709536545649,-0.04148470075929763,0.04148470075929763,0.9993145453343875,1.0656096847888314,0.9983002475191264
19,N2,9,90.0,95.0,XMEAS-33,0.09738629936034258,0.09738629936034258,0.26319979146709555,0.26319979146709555,1.1486648360013088,1.1099624981647607,1.0863716965629586
19,N2,9,90.0,95.0,XMEAS-34,0.14548033883392394,0.14548033883392394,0.4343007712052802,0.4343007712052802,1.0094980275829741,0.8677808698005491,0.8034107272044261
19,N2,9,90.0,95.0,XMEAS-35,0.20017957593300437,0.20017957593300437,-0.21278588435129958,0.21278588435129958,0.9573549519072159,0.8496708062578201,0.9143846554324327
19,N2,9,90.0,95.0,XMEAS-36,0.16279195251291495,0.16279195251291495,-0.1647652655201424,0.1647652655201424,1.0895271433780422,1.1601979204898367,1.0649129378903097
19,N2,9,90.0,95.0,XMEAS-37,-0.149265700585603,0.149265700585603,-0.2587565273690061,0.2587565273690061,1.2085159630385593,1.1770407433677996,1.156495435311684
19,N2,9,90.0,95.0,XMEAS-38,-0.3090543227470992,0.3090543227470992,0.1497370571527706,0.1497370571527706,1.0738621022011756,1.0909296811523987,1.0578528380528456
19,N2,9,90.0,95.0,XMEAS-39,0.33862394063182427,0.33862394063182427,0.1115227781566053,0.1115227781566053,1.0637987422962898,0.8893425023924324,1.0590154931658045
19,N2,9,90.0,95.0,XMEAS-40,-0.0382374096374249,0.0382374096374249,0.0781776124903095,0.0781776124903095,0.95781056263576,0.98736543026325,0.9519733795823113
19,N2,9,90.0,95.0,XMEAS-41,0.2882036445616789,0.2882036445616789,0.18175481031155227,0.18175481031155227,1.0761160038447013,1.2032444061407124,1.0568507428667542
20,N2,10,95.0,100.0,XMEAS-1,-0.14130198536896765,0.14130198536896765,0.023186947523903812,0.023186947523903812,0.7128145929893637,1.0178723959967209,0.7152739090807185
20,N2,10,95.0,100.0,XMEAS-2,0.15372395852669218,0.15372395852669218,0.1181533290895071,0.1181533290895071,0.9744573059905999,1.0226789561016025,0.9678638728274798
20,N2,10,95.0,100.0,XMEAS-3,-0.10876466819752809,0.10876466819752809,-0.006350149089209064,0.006350149089209064,0.9856534585919603,1.077408189761359,0.9955600443508631
20,N2,10,95.0,100.0,XMEAS-4,-0.07131733858571021,0.07131733858571021,0.08817307031069278,0.08817307031069278,1.0432718026788177,0.9772524945316472,1.035877124899014
20,N2,10,95.0,100.0,XMEAS-5,-0.38355675178607024,0.38355675178607024,0.08545500691410447,0.08545500691410447,1.0042535158084143,1.038597286317225,0.998173065729268
20,N2,10,95.0,100.0,XMEAS-6,-0.45103806291333826,0.45103806291333826,0.01055346440034232,0.01055346440034232,0.9819599032419171,1.0447918282651774,0.9825632224966768
20,N2,10,95.0,100.0,XMEAS-7,-0.006470086970997998,0.006470086970997998,-0.027853294974327897,0.027853294974327897,0.8407200626463107,0.9646698623586858,0.8397824818824796
20,N2,10,95.0,100.0,XMEAS-8,-0.02697902427834495,0.02697902427834495,-0.03446037426196631,0.03446037426196631,1.0679228663152012,1.105381978050719,1.0674650719450876
20,N2,10,95.0,100.0,XMEAS-9,-0.012684636364770055,0.012684636364770055,0.0509198566422817,0.0509198566422817,0.9797529572306702,1.0338228041442064,0.9771835160542697
20,N2,10,95.0,100.0,XMEAS-10,-0.09832576626501298,0.09832576626501298,0.3296855008371522,0.3296855008371522,0.8815209932339257,1.0226518344504298,0.7421601932334785
20,N2,10,95.0,100.0,XMEAS-11,-1.2113881568938207,1.2113881568938207,0.12373382986486706,0.12373382986486706,0.7913852298176942,0.9683205212911806,0.7836387833233976
20,N2,10,95.0,100.0,XMEAS-12,0.1483340199396525,0.1483340199396525,-0.040342227897425684,0.040342227897425684,0.9650786428291379,0.9974860495800629,0.96399870603982
20,N2,10,95.0,100.0,XMEAS-13,-0.017122587298263017,0.017122587298263017,-0.03471738192846839,0.03471738192846839,0.8669242132358749,0.978772868525941,0.8654886317324295
20,N2,10,95.0,100.0,XMEAS-14,0.35059790651705985,0.35059790651705985,-0.055972818364550654,0.055972818364550654,0.9629279625085296,0.9977562607066436,0.9610862129411886
20,N2,10,95.0,100.0,XMEAS-15,-0.08404762913368567,0.08404762913368567,0.1882494873216121,0.1882494873216121,1.039907714747373,1.0991225320292302,1.0042339232455895
20,N2,10,95.0,100.0,XMEAS-16,0.014786506538406134,0.014786506538406134,-0.04141683700326308,0.04141683700326308,0.8474822439426248,0.96475827109786,0.8454226648643184
20,N2,10,95.0,100.0,XMEAS-17,-0.020148755104080138,0.020148755104080138,-0.02950464962984285,0.02950464962984285,0.9161606767591354,0.9380697225881958,0.9160159798798463
20,N2,10,95.0,100.0,XMEAS-18,-2.0050511992352518,2.0050511992352518,0.07505097741036508,0.07505097741036508,0.47774373753534966,0.9919794849676942,0.48553422305251615
20,N2,10,95.0,100.0,XMEAS-19,-0.0338245855355579,0.0338245855355579,0.030448697162811136,0.030448697162811136,1.0294098972910959,0.9550225821623769,1.028915065954899
20,N2,10,95.0,100.0,XMEAS-20,-1.7823879863139183,1.7823879863139183,-0.024810771511562805,0.024810771511562805,0.6162120022096668,1.0484195188844188,0.6334726528947536
20,N2,10,95.0,100.0,XMEAS-21,0.3479933430030016,0.3479933430030016,-0.10378427168829034,0.10378427168829034,0.8350687119562924,0.9220499328982681,0.8418458705270241
20,N2,10,95.0,100.0,XMEAS-22,-1.061171589196412,1.061171589196412,0.06536385630902068,0.06536385630902068,0.8728156621571732,1.00248349207549,0.8771572960687153
20,N2,10,95.0,100.0,XMEAS-23,-0.40541472274455675,0.40541472274455675,-0.02984393176134704,0.02984393176134704,0.8788379602095954,0.9045499201374093,0.8785483132979003
20,N2,10,95.0,100.0,XMEAS-24,0.8046453738972396,0.8046453738972396,-0.03970362491012646,0.03970362491012646,0.9572424495382511,1.1810706244332474,0.9620970339344638
20,N2,10,95.0,100.0,XMEAS-25,-0.06882366570992254,0.06882366570992254,-0.05886670969153365,0.05886670969153365,1.0297113640093525,1.0910071105157273,1.0267452420983294
20,N2,10,95.0,100.0,XMEAS-26,0.20840512916699616,0.20840512916699616,-0.09666604039264878,0.09666604039264878,1.1937681058996776,1.2882156853530353,1.1937544479614048
20,N2,10,95.0,100.0,XMEAS-27,0.41973483858055105,0.41973483858055105,0.011451965542973527,0.011451965542973527,0.9485666492215757,1.0121761713979218,0.9502398951550844
20,N2,10,95.0,100.0,XMEAS-28,0.6413430698534638,0.6413430698534638,-0.0831522980275061,0.0831522980275061,1.0318874176965027,1.0863523161616748,1.0348841620933589
20,N2,10,95.0,100.0,XMEAS-29,-0.7386983580013021,0.7386983580013021,0.03435995825571885,0.03435995825571885,0.8202975867768759,0.9006669122066631,0.8237439731308528
20,N2,10,95.0,100.0,XMEAS-30,1.1066486579519748,1.1066486579519748,-0.009259825745990503,0.009259825745990503,0.7918614705782794,0.8416210026737168,0.8001861301885488
20,N2,10,95.0,100.0,XMEAS-31,-0.48690549858728666,0.48690549858728666,0.07579484662490471,0.07579484662490471,0.8217511420783269,0.8654334180316271,0.8173224444731957
20,N2,10,95.0,100.0,XMEAS-32,-0.09137283429129156,0.09137283429129156,-0.06504167402895582,0.06504167402895582,1.2192865796717283,1.2454945507976516,1.2166143502442701
20,N2,10,95.0,100.0,XMEAS-33,0.63054672398123,0.63054672398123,0.024901369213036213,0.024901369213036213,0.8360050987127869,0.884609784343683,0.8372091769489056
20,N2,10,95.0,100.0,XMEAS-34,1.3805763924131054,1.3805763924131054,0.11910103786955119,0.11910103786955119,0.9706311938172172,1.1035305548129763,0.970887856805018
20,N2,10,95.0,100.0,XMEAS-35,-0.4472640386366976,0.4472640386366976,-0.0008528246530232752,0.0008528246530232752,0.8178278931611368,0.8994480809243692,0.8248685767900276
20,N2,10,95.0,100.0,XMEAS-36,-0.18520090424789334,0.18520090424789334,0.027618746538770944,0.027618746538770944,1.1724371515113934,1.2868728257726307,1.1736815998642058
20,N2,10,95.0,100.0,XMEAS-37,-0.2155958690046632,0.2155958690046632,-0.1236549680788105,0.1236549680788105,0.9362611828011754,1.06173473878066,0.9249047833072167
20,N2,10,95.0,100.0,XMEAS-38,0.8603653396160772,0.8603653396160772,0.005645841874222748,0.005645841874222748,1.004825114271975,1.096319278164265,1.0105605455719107
20,N2,10,95.0,100.0,XMEAS-39,0.14191515240934494,0.14191515240934494,-0.059041413526540625,0.059041413526540625,0.9350788590454473,0.8300358077281742,0.9378223537649355
20,N2,10,95.0,100.0,XMEAS-40,-0.21951924175954193,0.21951924175954193,0.1193375160843982,0.1193375160843982,0.8388817803936669,0.8175383726602599,0.8216851905327891
20,N2,10,95.0,100.0,XMEAS-41,-0.06842521529324028,0.06842521529324028,-0.13552870525954427,0.13552870525954427,0.9054092742648496,0.8995588282159229,0.8952282682531463
21,N3,1,100.0,105.0,XMEAS-1,-0.048540585070242406,0.048540585070242406,-0.4560051305734937,0.4560051305734937,1.0733071532282437,0.9819642852573596,0.8510580131126836
21,N3,1,100.0,105.0,XMEAS-2,0.11106058219401575,0.11106058219401575,0.033190892243436194,0.033190892243436194,0.9625373110255515,1.0361955048979374,0.9678253479121179
21,N3,1,100.0,105.0,XMEAS-3,-0.16015902390197725,0.16015902390197725,-0.09708282809067985,0.09708282809067985,0.9537379733003105,0.9426264891590007,0.9501956118817195
21,N3,1,100.0,105.0,XMEAS-4,0.05416887794697519,0.05416887794697519,0.10404527428675216,0.10404527428675216,1.0037153862108033,1.0114061329291035,0.9928424545903863
21,N3,1,100.0,105.0,XMEAS-5,-0.07112568338969183,0.07112568338969183,-0.026226888617823227,0.026226888617823227,0.9906165553976645,0.9496719782190258,0.9919244697770871
21,N3,1,100.0,105.0,XMEAS-6,-0.15066705720611842,0.15066705720611842,0.08088850764900588,0.08088850764900588,1.0097211204435996,0.9395543256050408,1.0045869622159862
21,N3,1,100.0,105.0,XMEAS-7,0.09218967922915428,0.09218967922915428,-0.040639369095564995,0.040639369095564995,0.9360189459672905,1.0730386978329258,0.9342148193864976
21,N3,1,100.0,105.0,XMEAS-8,-0.09730486619112563,0.09730486619112563,-0.028453243116241356,0.028453243116241356,0.966130557366721,0.9553525617216108,0.965700899426939
21,N3,1,100.0,105.0,XMEAS-9,0.10229427067865965,0.10229427067865965,0.028878215488610845,0.028878215488610845,1.0386270587197517,1.0604294280499298,1.0379824221178335
21,N3,1,100.0,105.0,XMEAS-10,0.4745016446223372,0.4745016446223372,0.37549834717571,0.37549834717571,0.8999182257036334,0.9937070640705313,0.7181857220317179
21,N3,1,100.0,105.0,XMEAS-11,-0.3268922209799843,0.3268922209799843,0.22218510745441336,0.22218510745441336,0.953662647302835,1.1900423756474632,0.915083037328007
21,N3,1,100.0,105.0,XMEAS-12,-0.2268569894949924,0.2268569894949924,-0.06904030297812039,0.06904030297812039,0.9604611616132036,0.9544857647820068,0.9557630352310631
21,N3,1,100.0,105.0,XMEAS-13,0.0946679792477207,0.0946679792477207,-0.0351176289666796,0.0351176289666796,0.9298193238021848,1.0745008737220008,0.9284582816914195
21,N3,1,100.0,105.0,XMEAS-14,0.12237758434906579,0.12237758434906579,-0.07792950023087776,0.07792950023087776,0.9606923094451469,1.0075586212427918,0.9561109937199358
21,N3,1,100.0,105.0,XMEAS-15,0.021050899452268006,0.021050899452268006,-0.0971378513664121,0.0971378513664121,0.9301308471413953,0.9405400957150354,0.9200645948738047
21,N3,1,100.0,105.0,XMEAS-16,0.1257572655154711,0.1257572655154711,-0.03745864082759417,0.03745864082759417,0.9216414468209433,1.0778124141532328,0.9201137150685178
21,N3,1,100.0,105.0,XMEAS-17,-0.05373547249577489,0.05373547249577489,0.009843411284440062,0.009843411284440062,0.9602989833913597,0.958866044837676,0.9610815463050071
21,N3,1,100.0,105.0,XMEAS-18,-0.8192101779593705,0.8192101779593705,0.2314826927303638,0.2314826927303638,0.6887970645179371,1.001977101042198,0.631520031172485
21,N3,1,100.0,105.0,XMEAS-19,0.07833776799429457,0.07833776799429457,0.017716956364471282,0.017716956364471282,0.9958074195393383,1.0487420858937186,0.9956695667929218
21,N3,1,100.0,105.0,XMEAS-20,-0.7216559141686175,0.7216559141686175,0.09266106413264599,0.09266106413264599,0.6302815399060472,0.9448513761746381,0.6382487881658901
21,N3,1,100.0,105.0,XMEAS-21,-0.08010588462968941,0.08010588462968941,-0.18157811029928417,0.18157811029928417,1.0214782436924041,1.101662168232054,1.004173572962531
21,N3,1,100.0,105.0,XMEAS-22,-0.36155734063592515,0.36155734063592515,0.16255535594481993,0.16255535594481993,1.0251168289239543,1.1171883770113626,1.010920751560584
21,N3,1,100.0,105.0,XMEAS-23,-0.21252925513935833,0.21252925513935833,-0.08017954222155259,0.08017954222155259,0.9759586714641061,0.8819594574894063,0.9699118307321632
21,N3,1,100.0,105.0,XMEAS-24,0.08969460439444603,0.08969460439444603,-0.008241916656522519,0.008241916656522519,0.9238127929420923,0.9168003069755153,0.9316572951265862
21,N3,1,100.0,105.0,XMEAS-25,-0.23583272201800398,0.23583272201800398,-0.13883831445972492,0.13883831445972492,0.9060454991294442,0.8117307139114895,0.8840266352203193
21,N3,1,100.0,105.0,XMEAS-26,0.03909701572215004,0.03909701572215004,0.009949577292470813,0.009949577292470813,0.9310970697356142,0.9753061167154236,0.9374901109432437
21,N3,1,100.0,105.0,XMEAS-27,0.1805558130760579,0.1805558130760579,-0.06223772549863669,0.06223772549863669,0.9358054654281338,0.8295263596613399,0.9330513261145301
21,N3,1,100.0,105.0,XMEAS-28,0.3567832017531309,0.3567832017531309,-0.02108419314154049,0.02108419314154049,0.957317592472831,1.0576200229451056,0.9672203669427015
21,N3,1,100.0,105.0,XMEAS-29,-0.24298494815792177,0.24298494815792177,-0.04779647469203824,0.04779647469203824,0.9055628043070063,1.04344828094223,0.9086062406590794
21,N3,1,100.0,105.0,XMEAS-30,0.48002924943688213,0.48002924943688213,-0.3498457184120047,0.3498457184120047,0.9633475794272399,0.9604405054595205,0.8281067240587758
21,N3,1,100.0,105.0,XMEAS-31,-0.3980188884852371,0.3980188884852371,0.2440204056786139,0.2440204056786139,1.0589537911406424,1.0519853532515722,1.0017076698129959
21,N3,1,100.0,105.0,XMEAS-32,-0.013011841164504328,0.013011841164504328,-0.03187743971897264,0.03187743971897264,1.0015447711708396,0.9166687461129218,1.0010539908064193
21,N3,1,100.0,105.0,XMEAS-33,0.3122733125215229,0.3122733125215229,-0.07602710926468309,0.07602710926468309,1.030503820912357,1.017476561704206,1.0266038889781954
21,N3,1,100.0,105.0,XMEAS-34,0.2341010894737132,0.2341010894737132,-0.24494672858880187,0.24494672858880187,0.9092949504634498,1.050356006962738,0.8527157880464633
21,N3,1,100.0,105.0,XMEAS-35,-0.06006774498040706,0.06006774498040706,0.10021444272801325,0.10021444272801325,1.0837380232671667,1.0273750000878799,1.0800059914655147
21,N3,1,100.0,105.0,XMEAS-36,0.10532331155934464,0.10532331155934464,0.07190997737977126,0.07190997737977126,0.9265604830630009,1.0307367968918435,0.9232050398829375
21,N3,1,100.0,105.0,XMEAS-37,-0.24977859525752602,0.24977859525752602,0.011502023847595272,0.011502023847595272,1.1763154252663812,1.0889853302118502,1.186650288255842
21,N3,1,100.0,105.0,XMEAS-38,0.4824706807296518,0.4824706807296518,-0.24674506064421164,0.24674506064421164,0.8331884928674274,0.7715975097011019,0.7568431331534441
21,N3,1,100.0,105.0,XMEAS-39,-0.33099552374826235,0.33099552374826235,-0.2777744124034164,0.2777744124034164,0.8455674054763005,0.6696731228499545,0.745752551507861
21,N3,1,100.0,105.0,XMEAS-40,-0.024658631680264286,0.024658631680264286,-0.16426270846117313,0.16426270846117313,0.8279845946051291,0.967267181543174,0.7941304542275995
21,N3,1,100.0,105.0,XMEAS-41,-0.5035889720880667,0.5035889720880667,-0.1146090330772998,0.1146090330772998,1.0776266338991158,0.9648765258754357,1.0730955842753558
22,N3,2,105.0,110.0,XMEAS-1,0.7615030024688894,0.7615030024688894,-0.036902284741578154,0.036902284741578154,0.6625103031198909,0.961917632335217,0.663556820707673
22,N3,2,105.0,110.0,XMEAS-2,0.32906633675646835,0.32906633675646835,-0.04507654479022067,0.04507654479022067,1.0490846368021376,1.0255319197344546,1.0541216141052645
22,N3,2,105.0,110.0,XMEAS-3,-0.3041051712165551,0.3041051712165551,0.051662079889901805,0.051662079889901805,1.0802828904769937,1.0075959679823085,1.0855146050577922
22,N3,2,105.0,110.0,XMEAS-4,0.03190685109749879,0.03190685109749879,0.01479068952201307,0.01479068952201307,1.1550414701331975,1.157703198034692,1.1553826184677545
22,N3,2,105.0,110.0,XMEAS-5,0.24697400699807306,0.24697400699807306,0.09783685676850605,0.09783685676850605,1.0009260819634338,1.0304810494595356,0.9929167317581972
22,N3,2,105.0,110.0,XMEAS-6,0.2529718319145861,0.2529718319145861,0.10666453294491202,0.10666453294491202,0.9834610155607384,0.9498441094115617,0.9729036844293132
22,N3,2,105.0,110.0,XMEAS-7,-0.1419207370606428,0.1419207370606428,-0.06532573461306591,0.06532573461306591,1.0093780881688699,1.0549855289379937,1.0049946874952798
22,N3,2,105.0,110.0,XMEAS-8,-0.0583436780925967,0.0583436780925967,-0.01990906153200986,0.01990906153200986,1.0937910049398252,1.0859484825187204,1.0939180188473903
22,N3,2,105.0,110.0,XMEAS-9,-0.03255111630380002,0.03255111630380002,0.03282496023207645,0.03282496023207645,0.9862513903835871,0.9936781061679304,0.9852939064160113
22,N3,2,105.0,110.0,XMEAS-10,0.04738113226447121,0.04738113226447121,-0.32295507838223486,0.32295507838223486,1.2615859108059222,1.0339039158351926,1.1727558706055397
22,N3,2,105.0,110.0,XMEAS-11,0.6870751233026907,0.6870751233026907,0.15446214115260548,0.15446214115260548,0.8410432402173931,0.9851019416919088,0.8263401212885434
22,N3,2,105.0,110.0,XMEAS-12,-0.15364095378472065,0.15364095378472065,0.04811121793454973,0.04811121793454973,0.983222990523022,1.0312364540673498,0.981275629576343
22,N3,2,105.0,110.0,XMEAS-13,-0.11974068567721258,0.11974068567721258,-0.07195441337460483,0.07195441337460483,0.9864909240474776,0.9989333454097458,0.9810180219805853
22,N3,2,105.0,110.0,XMEAS-14,-0.28956567195594224,0.28956567195594224,-0.07289425112672669,0.07289425112672669,0.946426770772012,0.9468628395620302,0.9425600542931666
22,N3,2,105.0,110.0,XMEAS-15,-0.11092946233344292,0.11092946233344292,-0.018231478653345616,0.018231478653345616,0.9893796237142546,0.9981649689049223,0.989670975336707
22,N3,2,105.0,110.0,XMEAS-16,-0.17593465606851147,0.17593465606851147,-0.07352757796705114,0.07352757796705114,0.9880259605201016,0.9596917046946718,0.9823596935109086
22,N3,2,105.0,110.0,XMEAS-17,-0.06680284501470186,0.06680284501470186,0.006106209151440981,0.006106209151440981,0.9605517699708533,0.9939101240474446,0.9613995153695626
22,N3,2,105.0,110.0,XMEAS-18,1.1214191652939638,1.1214191652939638,0.28514606634122885,0.28514606634122885,0.6334113223784746,0.9950536592636063,0.504446941345665
22,N3,2,105.0,110.0,XMEAS-19,-0.0005516362934679495,0.0005516362934679495,-0.0018962812089399043,0.0018962812089399043,0.9095239291291749,0.9359936528005243,0.9096948912211882
22,N3,2,105.0,110.0,XMEAS-20,0.8877121084964141,0.8877121084964141,0.44724384154526,0.44724384154526,0.899206593044264,0.9769630515628656,0.6475640823932185
22,N3,2,105.0,110.0,XMEAS-21,-0.9785739516798293,0.9785739516798293,-0.061738737304392215,0.061738737304392215,1.1147746025190415,1.0560213352354506,1.1303377727675832
22,N3,2,105.0,110.0,XMEAS-22,0.5721578019850357,0.5721578019850357,0.1577323373766021,0.1577323373766021,0.9236541063160728,1.0030329251836567,0.906817759785034
22,N3,2,105.0,110.0,XMEAS-23,0.005735347383826036,0.005735347383826036,0.12308348917389532,0.12308348917389532,0.8773732912049863,0.9183873510239784,0.8599017288942987
22,N3,2,105.0,110.0,XMEAS-24,-0.44990198526738207,0.44990198526738207,-0.10492932351512302,0.10492932351512302,0.947755055597705,0.8145807861153863,0.9435573268015299
22,N3,2,105.0,110.0,XMEAS-25,0.2621171957924656,0.2621171957924656,-0.09225571231616143,0.09225571231616143,1.063751891981332,1.2266852264696377,1.0559492289366803
22,N3,2,105.0,110.0,XMEAS-26,0.09160045753074672,0.09160045753074672,-0.11598051867279548,0.11598051867279548,0.9570449233628595,0.99853957697678,0.9488235589018906
22,N3,2,105.0,110.0,XMEAS-27,-0.2307844509685898,0.2307844509685898,0.08758347455330572,0.08758347455330572,0.9178326127731448,0.8359940150774562,0.9105997431358365
22,N3,2,105.0,110.0,XMEAS-28,-0.583583339486755,0.583583339486755,-0.2325417835891292,0.2325417835891292,0.99939681159231,1.1225880255815017,0.9513666037014961
22,N3,2,105.0,110.0,XMEAS-29,0.3776573697450462,0.3776573697450462,0.30747800079231963,0.30747800079231963,1.126151744682898,1.2126529353000755,1.0412100963162438
22,N3,2,105.0,110.0,XMEAS-30,-0.6082098857120366,0.6082098857120366,-0.019217085293725334,0.019217085293725334,0.8149346226928614,0.8944605529829,0.8226319868644248
22,N3,2,105.0,110.0,XMEAS-31,0.41141245762400735,0.41141245762400735,-0.06181380948157616,0.06181380948157616,1.220807138438615,1.2915364040573531,1.2214960387781564
22,N3,2,105.0,110.0,XMEAS-32,-0.05631405807482241,0.05631405807482241,-0.047328555715568175,0.047328555715568175,0.8502915227952448,0.9449338771986114,0.8480167722570484
22,N3,2,105.0,110.0,XMEAS-33,-0.5284174342713447,0.5284174342713447,0.006523352335082227,0.006523352335082227,0.7031295733374245,0.7392261447718458,0.7044242796674581
22,N3,2,105.0,110.0,XMEAS-34,-0.7095899484457351,0.7095899484457351,-0.06248246078687741,0.06248246078687741,0.8729376661755396,0.9702742630947936,0.8840274468139743
22,N3,2,105.0,110.0,XMEAS-35,0.6644374472892381,0.6644374472892381,-0.2779116740983899,0.2779116740983899,0.7831731094359369,0.7606633856904388,0.6760018526158508
22,N3,2,105.0,110.0,XMEAS-36,-0.023884298078475967,0.023884298078475967,0.006970888407470236,0.006970888407470236,1.023664816117007,1.090148986791513,1.0263900111636006
22,N3,2,105.0,110.0,XMEAS-37,0.10234804469846573,0.10234804469846573,0.0456345079629247,0.0456345079629247,0.8882208719696226,0.9849876358214873,0.8936385336718558
22,N3,2,105.0,110.0,XMEAS-38,-0.16160813591577464,0.16160813591577464,-0.20257736051792372,0.20257736051792372,0.7224482900123488,0.6641046203472505,0.6638284888375363
22,N3,2,105.0,110.0,XMEAS-39,-0.3047785855731474,0.3047785855731474,0.068646195455723,0.068646195455723,1.076928133554496,1.0068853012048709,1.074710740098199
22,N3,2,105.0,110.0,XMEAS-40,-0.08632260857826936,0.08632260857826936,-0.12759369207655977,0.12759369207655977,1.2658046301782573,0.7830877091552766,1.2537675096607301
22,N3,2,105.0,110.0,XMEAS-41,-0.284925423283917,0.284925423283917,0.3181593019346899,0.3181593019346899,0.8312659022667834,0.7158860565646036,0.6977841790487128
23,N3,3,110.0,115.0,XMEAS-1,-0.7662545820522982,0.7662545820522982,-0.46079763869045076,0.46079763869045076,1.011407757537921,0.9982815720858687,0.764676888181895
23,N3,3,110.0,115.0,XMEAS-2,0.4117595429040245,0.4117595429040245,-0.09941639210421208,0.09941639210421208,0.9820403015074378,1.0169419386065024,0.9780179411302802
23,N3,3,110.0,115.0,XMEAS-3,-0.4327698298317487,0.4327698298317487,0.1245735728293313,0.1245735728293313,1.021897140233418,1.0924430758579895,1.0131965871102753
23,N3,3,110.0,115.0,XMEAS-4,0.04515128100743637,0.04515128100743637,0.016760498652383535,0.016760498652383535,0.9939704664531074,0.9853289901032988,0.9941389232942804
23,N3,3,110.0,115.0,XMEAS-5,0.14902218114123325,0.14902218114123325,-0.13055725610125118,0.13055725610125118,0.9796406123097408,1.0197622570513727,0.9632589052331322
23,N3,3,110.0,115.0,XMEAS-6,0.17817610348335278,0.17817610348335278,-0.15164628697868124,0.15164628697868124,0.9352270669307058,0.91272270781136,0.9106705331466344
23,N3,3,110.0,115.0,XMEAS-7,0.10721753439996227,0.10721753439996227,-0.043559287523529285,0.043559287523529285,0.9764541513121028,1.0215151373284952,0.9744647466124948
23,N3,3,110.0,115.0,XMEAS-8,-0.06062336570321206,0.06062336570321206,0.044489745321202305,0.044489745321202305,1.0395050309528118,1.0126134567257978,1.0379930176708627
23,N3,3,110.0,115.0,XMEAS-9,-0.06649079967656077,0.06649079967656077,-0.025989021211908908,0.025989021211908908,1.0179285669599918,1.0449252850674224,1.017425869485471
23,N3,3,110.0,115.0,XMEAS-10,-0.15221112380216972,0.15221112380216972,0.2335668711675419,0.2335668711675419,0.9605968452531404,1.01896192103309,0.8998657639181931
23,N3,3,110.0,115.0,XMEAS-11,0.8164760500921838,0.8164760500921838,-0.24478632003901996,0.24478632003901996,0.8632273279778071,0.9584119176765964,0.8023824616626635
23,N3,3,110.0,115.0,XMEAS-12,0.07466441516794768,0.07466441516794768,0.039199051446821793,0.039199051446821793,0.9337836541228265,0.918429836214669,0.9325528105453748
23,N3,3,110.0,115.0,XMEAS-13,0.11293865291195293,0.11293865291195293,-0.040045724100568295,0.040045724100568295,1.0235019451167724,1.0187159178792888,1.0218918997227373
23,N3,3,110.0,115.0,XMEAS-14,-0.11142474785004755,0.11142474785004755,0.05601240795703029,0.05601240795703029,0.9494253045824578,0.9531921693811473,0.9479963333919154
23,N3,3,110.0,115.0,XMEAS-15,0.10877857457945696,0.10877857457945696,-0.09369939484962723,0.09369939484962723,1.0072452200597368,0.9905318303518175,0.9987421956356197
23,N3,3,110.0,115.0,XMEAS-16,0.07708750180585439,0.07708750180585439,-0.012785212093904574,0.012785212093904574,1.0058726945196081,0.981420080438952,1.005773683494532
23,N3,3,110.0,115.0,XMEAS-17,0.05308449685704699,0.05308449685704699,-0.10172079898761281,0.10172079898761281,0.9947513470260224,0.9691639848480602,0.9847299196134806
23,N3,3,110.0,115.0,XMEAS-18,1.0859299267904592,1.0859299267904592,-0.5284370284994053,0.5284370284994053,0.9430353440084288,0.968014621436499,0.5799076475348542
23,N3,3,110.0,115.0,XMEAS-19,-0.05241082772554231,0.05241082772554231,0.022112955446952173,0.022112955446952173,1.0485790661753078,1.05337913306236,1.04829334529397
23,N3,3,110.0,115.0,XMEAS-20,0.9266558946943517,0.9266558946943517,-0.6558590491268094,0.6558590491268094,1.0942196279295109,0.9686721510145004,0.5658932055645899
23,N3,3,110.0,115.0,XMEAS-21,-0.6725135603721748,0.6725135603721748,0.3030226154660868,0.3030226154660868,0.9681098079942909,1.009645738859124,0.8781807015962685
23,N3,3,110.0,115.0,XMEAS-22,0.5204243998088721,0.5204243998088721,-0.2803876142556803,0.2803876142556803,0.9263301910054458,0.9887210206708946,0.843861805217736
23,N3,3,110.0,115.0,XMEAS-23,0.40871008233593836,0.40871008233593836,-0.32388579878609874,0.32388579878609874,1.1848789882846553,1.345233214835594,1.0893909205971974
23,N3,3,110.0,115.0,XMEAS-24,0.3480091372715702,0.3480091372715702,0.19851915340428403,0.19851915340428403,1.015493468792291,1.0849294696359566,0.9824421832161835
23,N3,3,110.0,115.0,XMEAS-25,-0.11901742694889839,0.11901742694889839,0.0055620361522672815,0.0055620361522672815,0.93884232298071,0.9052904463551285,0.939335091794592
23,N3,3,110.0,115.0,XMEAS-26,0.06340365599939465,0.06340365599939465,0.03543054914910133,0.03543054914910133,1.0224995950449887,1.116687183155986,1.0283502115409613
23,N3,3,110.0,115.0,XMEAS-27,-0.0476437059653588,0.0476437059653588,0.06422597333620075,0.06422597333620075,0.8805328786628824,0.9227488489116615,0.87711024646464
23,N3,3,110.0,115.0,XMEAS-28,-0.23658321462857387,0.23658321462857387,0.0727152380948089,0.0727152380948089,0.9123741083329544,1.077950898571469,0.9161365144353563
23,N3,3,110.0,115.0,XMEAS-29,0.4577996748362373,0.4577996748362373,-0.39818877048489154,0.39818877048489154,1.1141350255669988,1.1279703303706936,0.9598779716341188
23,N3,3,110.0,115.0,XMEAS-30,0.14146297946374597,0.14146297946374597,0.12895334456899588,0.12895334456899588,0.8781897561198255,0.9844835233282199,0.8667810103577829
23,N3,3,110.0,115.0,XMEAS-31,-0.2625281353361194,0.2625281353361194,0.23579351394155637,0.23579351394155637,0.9883085908513192,1.0292503157647188,0.9306720889242819
23,N3,3,110.0,115.0,XMEAS-32,-0.0015416023692125913,0.0015416023692125913,0.19491443360073954,0.19491443360073954,1.200829738873772,1.2892678092334062,1.1679608382600362
23,N3,3,110.0,115.0,XMEAS-33,-0.21200535144021745,0.21200535144021745,0.27307347949491284,0.27307347949491284,1.1622685366516492,1.086615702397494,1.0952710465441742
23,N3,3,110.0,115.0,XMEAS-34,-0.07710798684211637,0.07710798684211637,0.20797184478982206,0.20797184478982206,1.1511287317027732,1.2495461566340418,1.131355616656478
23,N3,3,110.0,115.0,XMEAS-35,0.6911105682049258,0.6911105682049258,-0.153780096152729,0.153780096152729,1.0552590730897946,1.159245141930584,1.0373316138343824
23,N3,3,110.0,115.0,XMEAS-36,0.10753128297783265,0.10753128297783265,-0.07771757522037664,0.07771757522037664,0.8831836313358669,1.0042208212863042,0.8783815247652127
23,N3,3,110.0,115.0,XMEAS-37,0.12806069324429992,0.12806069324429992,0.1110537494539544,0.1110537494539544,0.9324548998144196,0.9016809372304081,0.9266901573114307
23,N3,3,110.0,115.0,XMEAS-38,-0.29667870852865913,0.29667870852865913,0.0158714259750492,0.0158714259750492,0.7382443127801388,0.8237956189736837,0.7416984643588448
23,N3,3,110.0,115.0,XMEAS-39,-0.3659134733771323,0.3659134733771323,-0.12171505799661485,0.12171505799661485,0.7997175749664648,0.8012630938884212,0.7818373539312817
23,N3,3,110.0,115.0,XMEAS-40,0.08199564561144951,0.08199564561144951,0.31007964017220585,0.31007964017220585,0.9429391887586814,0.8615100428962833,0.8305297778921504
23,N3,3,110.0,115.0,XMEAS-41,-0.3665961061834973,0.3665961061834973,-0.19133322196465197,0.19133322196465197,1.1563786561014442,1.1806461536883939,1.1315400505357098
24,N3,4,115.0,120.0,XMEAS-1,0.6562749939250833,0.6562749939250833,0.3585475140964561,0.3585475140964561,0.904562799423898,1.0744447260035106,0.7448833488458964
24,N3,4,115.0,120.0,XMEAS-2,0.11415469262371995,0.11415469262371995,0.04457484871507643,0.04457484871507643,1.0169031501871122,1.0073662083137944,1.021704986678157
24,N3,4,115.0,120.0,XMEAS-3,-0.035023136708783216,0.035023136708783216,-0.07121906082260539,0.07121906082260539,0.9781085997490133,0.9653965789402871,0.9797289209816035
24,N3,4,115.0,120.0,XMEAS-4,-0.0043331615889282155,0.0043331615889282155,-0.055169041814784825,0.055169041814784825,0.9928445362980061,1.0155296809031842,0.990097405754952
24,N3,4,115.0,120.0,XMEAS-5,-0.1788590228043228,0.1788590228043228,0.02748925670492732,0.02748925670492732,1.038741200168562,1.0089462541248881,1.0401133054520075
24,N3,4,115.0,120.0,XMEAS-6,-0.17106988646196614,0.17106988646196614,0.09977872389801515,0.09977872389801515,0.9934681622130441,0.9805476266708728,0.9845668237167706
24,N3,4,115.0,120.0,XMEAS-7,-0.0939813759254859,0.0939813759254859,0.09128126387403332,0.09128126387403332,1.0400150358499933,1.0153444740230788,1.031653881562714
24,N3,4,115.0,120.0,XMEAS-8,-0.01744323922815864,0.01744323922815864,2.408969359554029e-05,2.408969359554029e-05,1.0230824974911659,1.008531296803318,1.023555781480341
24,N3,4,115.0,120.0,XMEAS-9,0.06204097923576027,0.06204097923576027,-0.0722445198163545,0.0722445198163545,0.9940909814192362,1.022663352890109,0.9887741090629005
24,N3,4,115.0,120.0,XMEAS-10,-0.4304295812994668,0.4304295812994668,-0.27633409921453367,0.27633409921453367,1.0378814685440525,1.0181485706958309,0.9585237551043893
24,N3,4,115.0,120.0,XMEAS-11,-0.7858646979740672,0.7858646979740672,0.15127576119719044,0.15127576119719044,0.8351074307288516,0.9761922056826272,0.8213524643127279
24,N3,4,115.0,120.0,XMEAS-12,0.14321494255714992,0.14321494255714992,-0.001474788799385536,0.001474788799385536,0.9828389145912492,1.0056394914210072,0.9833538710660146
24,N3,4,115.0,120.0,XMEAS-13,-0.051409572076607395,0.051409572076607395,0.06112095159386693,0.06112095159386693,1.0061729699910738,0.9719328937621902,1.0023132888288762
24,N3,4,115.0,120.0,XMEAS-14,0.17022152282570688,0.17022152282570688,0.05341894427788771,0.05341894427788771,1.0173487693464194,1.0572700477218726,1.0165909697365825
24,N3,4,115.0,120.0,XMEAS-15,0.019644201397869314,0.019644201397869314,0.18830182945804613,0.18830182945804613,1.0116191144385465,1.0005470020004683,0.9749311949024335
24,N3,4,115.0,120.0,XMEAS-16,-0.049363261650802494,0.049363261650802494,0.06980268130901901,0.06980268130901901,1.0214033940881537,0.9656520416596148,1.016477126343639
24,N3,4,115.0,120.0,XMEAS-17,-0.052870931708089756,0.052870931708089756,0.03037612427747937,0.03037612427747937,0.9739189581068636,1.0366712076997822,0.9738280694453855
24,N3,4,115.0,120.0,XMEAS-18,-0.8842486675609972,0.8842486675609972,0.21383397362945783,0.21383397362945783,0.6627109534854464,0.9932045040842549,0.6148984191344057
24,N3,4,115.0,120.0,XMEAS-19,-0.16934191494631162,0.16934191494631162,-0.029175274205622978,0.029175274205622978,0.9696846945427133,1.0206070873050648,0.9689533292005752
24,N3,4,115.0,120.0,XMEAS-20,-0.6138805467476206,0.6138805467476206,0.3559007715974924,0.3559007715974924,0.8046570285792994,0.9682711245915674,0.6411026123679033
24,N3,4,115.0,120.0,XMEAS-21,-0.24040896963451913,0.24040896963451913,-0.2694022003433682,0.2694022003433682,1.1703176852777681,0.9683378013220904,1.1226131621392252
24,N3,4,115.0,120.0,XMEAS-22,-0.547405568345821,0.547405568345821,0.1359128757000794,0.1359128757000794,0.9158611895168675,1.0329478919887922,0.9062842402702321
24,N3,4,115.0,120.0,XMEAS-23,-0.1917587185334048,0.1917587185334048,0.05682656654524187,0.05682656654524187,0.9216611678549798,0.9475567280560461,0.918808622029022
24,N3,4,115.0,120.0,XMEAS-24,0.15649893735512285,0.15649893735512285,0.23340160943863758,0.23340160943863758,1.0472040946350663,1.046441860182225,0.9998465765982766
24,N3,4,115.0,120.0,XMEAS-25,0.2374564742404514,0.2374564742404514,-0.1249548877980177,0.1249548877980177,1.0493680115771646,0.9824956680199024,1.034280745580829
24,N3,4,115.0,120.0,XMEAS-26,0.11704522756094404,0.11704522756094404,-0.06913559921000649,0.06913559921000649,0.9298949871663929,0.9768807608399384,0.9309661906489425
24,N3,4,115.0,120.0,XMEAS-27,0.04344387544970539,0.04344387544970539,0.056573027548698564,0.056573027548698564,0.7375774378900354,0.7208737602707184,0.7342732955431823
24,N3,4,115.0,120.0,XMEAS-28,-0.07227315339018615,0.07227315339018615,0.1478709853763207,0.1478709853763207,0.9658421609309633,1.0815654901027028,0.952109907412276
24,N3,4,115.0,120.0,XMEAS-29,-0.4055976002386726,0.4055976002386726,0.11791663350343914,0.11791663350343914,0.8153027142104364,0.9363898944800403,0.8022983795326813
24,N3,4,115.0,120.0,XMEAS-30,0.07150004523754457,0.07150004523754457,0.19337353200334695,0.19337353200334695,0.9971632205256041,1.0673207729283254,0.9667716128348802
24,N3,4,115.0,120.0,XMEAS-31,-0.012504192751159663,0.012504192751159663,-0.32114986535821294,0.32114986535821294,0.8827552243527299,0.9163111093173556,0.7532250989663253
24,N3,4,115.0,120.0,XMEAS-32,-0.17157736087527697,0.17157736087527697,-0.021146736875879483,0.021146736875879483,1.0780486662062974,1.1326067869690308,1.0782291870014866
24,N3,4,115.0,120.0,XMEAS-33,0.34295790620431355,0.34295790620431355,-0.12331310483022581,0.12331310483022581,0.7119985076509816,0.7124059661383042,0.6906476277355903
24,N3,4,115.0,120.0,XMEAS-34,-0.02620097264776065,0.02620097264776065,0.014651259834689605,0.014651259834689605,0.86877376653143,1.024595961764198,0.8842968592331512
24,N3,4,115.0,120.0,XMEAS-35,0.07320873142055741,0.07320873142055741,0.027356774609050387,0.027356774609050387,0.8566047443525779,0.8942258895224644,0.8604690145888894
24,N3,4,115.0,120.0,XMEAS-36,-0.24404268387985772,0.24404268387985772,0.21838204358404786,0.21838204358404786,0.8919613207883932,0.9213608881052673,0.836472469119034
24,N3,4,115.0,120.0,XMEAS-37,-0.09164421617795647,0.09164421617795647,-0.18396333846994398,0.18396333846994398,0.790224550416654,0.8167197614379315,0.7507327176845516
24,N3,4,115.0,120.0,XMEAS-38,0.1997614440427923,0.1997614440427923,-0.2023320932248699,0.2023320932248699,0.7306130474077355,0.7604069725828464,0.6729522665757888
24,N3,4,115.0,120.0,XMEAS-39,-0.21868875496511306,0.21868875496511306,-0.07010878604898386,0.07010878604898386,0.9823206910242358,1.0130977743064866,0.9792325308598271
24,N3,4,115.0,120.0,XMEAS-40,0.011752669092419971,0.011752669092419971,-0.2575615078478633,0.2575615078478633,1.145158522325924,0.8984751874668061,1.0842008245958517
24,N3,4,115.0,120.0,XMEAS-41,-0.03704883978070995,0.03704883978070995,0.06562607282869098,0.06562607282869098,0.9261430026228918,0.8745688518285577,0.9284376602922045
25,N3,5,120.0,125.0,XMEAS-1,-0.21510281359568525,0.21510281359568525,-0.05446810470261788,0.05446810470261788,0.6162503620980445,0.9907330322583245,0.6141582882182494
25,N3,5,120.0,125.0,XMEAS-2,0.07422503139375584,0.07422503139375584,-0.06650761641740735,0.06650761641740735,1.0863994236689867,1.063263573784294,1.0894355954992678
25,N3,5,120.0,125.0,XMEAS-3,-0.04704243853046108,0.04704243853046108,0.01144815524671353,0.01144815524671353,0.9625190673802752,0.985994654281214,0.9693572312940852
25,N3,5,120.0,125.0,XMEAS-4,0.016840354860378718,0.016840354860378718,-0.024359389252468507,0.024359389252468507,1.0247750944887029,1.0172731068143024,1.024647856514009
25,N3,5,120.0,125.0,XMEAS-5,-0.07595553716282619,0.07595553716282619,-0.03901925599143442,0.03901925599143442,0.9677755997668461,0.9833759081064208,0.9681150591415008
25,N3,5,120.0,125.0,XMEAS-6,-0.038974075577620414,0.038974075577620414,-0.013250017467452127,0.013250017467452127,0.9408527564803144,0.9665862190752428,0.9422157418003757
25,N3,5,120.0,125.0,XMEAS-7,0.018108828065663687,0.018108828065663687,-0.060862581213529526,0.060862581213529526,0.9632989488436982,1.0278166905718273,0.9593144815154658
25,N3,5,120.0,125.0,XMEAS-8,-0.11073444772384654,0.11073444772384654,0.03015698743873275,0.03015698743873275,1.0162624607295794,0.9989161115306874,1.0157964415335592
25,N3,5,120.0,125.0,XMEAS-9,-0.019575387734118262,0.019575387734118262,-0.030297111685697025,0.030297111685697025,1.016777925348662,1.0219003263304387,1.0160247288316184
25,N3,5,120.0,125.0,XMEAS-10,0.14630781904395507,0.14630781904395507,-0.21475721486690774,0.21475721486690774,0.8516709215077192,1.0104143574686708,0.7935680859509109
25,N3,5,120.0,125.0,XMEAS-11,0.08857573019781728,0.08857573019781728,-0.2163428582138326,0.2163428582138326,0.8407134721572581,0.8921729876628834,0.7952669545797341
25,N3,5,120.0,125.0,XMEAS-12,0.021328103661890068,0.021328103661890068,-0.017992165446526074,0.017992165446526074,0.9870228015422681,0.9938815442215978,0.9871992555245083
25,N3,5,120.0,125.0,XMEAS-13,0.015788617802978716,0.015788617802978716,-0.04909116679386504,0.04909116679386504,0.9299570330507009,0.9366331194876988,0.9272708050718155
25,N3,5,120.0,125.0,XMEAS-14,0.13025521482248212,0.13025521482248212,0.03338333750063589,0.03338333750063589,1.0262526058840087,1.0518824640704094,1.0273179718123537
25,N3,5,120.0,125.0,XMEAS-15,0.154411548822419,0.154411548822419,-0.159369028969491,0.159369028969491,0.976040663144663,0.9420854825130554,0.9490704333620192
25,N3,5,120.0,125.0,XMEAS-16,0.05126443416500934,0.05126443416500934,-0.04564271748802305,0.04564271748802305,0.9573768786770519,0.9845359426056094,0.9551672240696711
25,N3,5,120.0,125.0,XMEAS-17,-0.12285362980105848,0.12285362980105848,-0.043592308370892265,0.043592308370892265,1.0173438350843869,1.0928157771778542,1.016328820012778
25,N3,5,120.0,125.0,XMEAS-18,-0.1494861496228295,0.1494861496228295,-0.2271229887260607,0.2271229887260607,0.5795839755989967,0.9659588185794673,0.500986225974653
25,N3,5,120.0,125.0,XMEAS-19,-0.003946229227838896,0.003946229227838896,-0.033233089232142216,0.033233089232142216,1.0379149447346914,1.092503584686742,1.0370018207432559
25,N3,5,120.0,125.0,XMEAS-20,-0.07733015190360361,0.07733015190360361,-0.17047653620846157,0.17047653620846157,0.6774981566751609,1.1500750432330744,0.6539961525329655
25,N3,5,120.0,125.0,XMEAS-21,0.1477549261103623,0.1477549261103623,0.0026741941416743606,0.0026741941416743606,0.9719101481825043,1.0828918248009094,0.9886453573004441
25,N3,5,120.0,125.0,XMEAS-22,-0.04541037774769093,0.04541037774769093,-0.1251024380451113,0.1251024380451113,0.8328395399232122,0.9966552008624364,0.8236417890075406
25,N3,5,120.0,125.0,XMEAS-23,0.03512027845957363,0.03512027845957363,-0.09306722174087222,0.09306722174087222,1.0357850495549605,0.9635305625354394,1.027921767431104
25,N3,5,120.0,125.0,XMEAS-24,0.620130603717872,0.620130603717872,-0.01602811603139564,0.01602811603139564,0.9564058204884195,1.095863634151402,0.9643241477915135
25,N3,5,120.0,125.0,XMEAS-25,-0.1589244700974781,0.1589244700974781,0.11632470140611494,0.11632470140611494,1.1954038216227283,1.3411089445498592,1.1841788179308035
25,N3,5,120.0,125.0,XMEAS-26,0.18316606824719608,0.18316606824719608,-0.03758390646764526,0.03758390646764526,0.9919772973945157,1.1734034675828617,0.9974077953675493
25,N3,5,120.0,125.0,XMEAS-27,0.2399514596776185,0.2399514596776185,0.08005338944710726,0.08005338944710726,0.8863018610083554,0.9048778840476895,0.8802047221636615
25,N3,5,120.0,125.0,XMEAS-28,0.32560780194469363,0.32560780194469363,0.01059812420695298,0.01059812420695298,0.9473611845107055,1.020711936986338,0.9575213146971304
25,N3,5,120.0,125.0,XMEAS-29,0.06205561582308015,0.06205561582308015,-0.16786159701482284,0.16786159701482284,0.9535420794184455,1.0978311831536547,0.9279456879364699
25,N3,5,120.0,125.0,XMEAS-30,0.45500761237466586,0.45500761237466586,-0.01595071934773605,0.01595071934773605,0.9266928918894075,1.0830885354682414,0.9357001141090026
25,N3,5,120.0,125.0,XMEAS-31,-0.5716121454426103,0.5716121454426103,0.04990751124061929,0.04990751124061929,0.749293288467914,0.7271433978153716,0.7482394513791052
25,N3,5,120.0,125.0,XMEAS-32,0.2172427205559852,0.2172427205559852,-0.030399363781564825,0.030399363781564825,1.0012175338864013,0.9549319489190913,1.0008224597334252
25,N3,5,120.0,125.0,XMEAS-33,0.16159438600183282,0.16159438600183282,0.000655082439507386,0.000655082439507386,0.9656259098841209,1.1023268689168784,0.9674905364925491
25,N3,5,120.0,125.0,XMEAS-34,0.3505599215519138,0.3505599215519138,-0.13246042923916626,0.13246042923916626,0.8944447595117653,0.9592341622649545,0.8895780281965352
25,N3,5,120.0,125.0,XMEAS-35,-0.048182110119822485,0.048182110119822485,-0.09111791403369367,0.09111791403369367,0.9981025834274887,0.9826530575965041,0.9948949388862768
25,N3,5,120.0,125.0,XMEAS-36,0.042673451466827356,0.042673451466827356,0.11680220980667883,0.11680220980667883,0.9205097830691592,0.9558916068821482,0.9073403091700273
25,N3,5,120.0,125.0,XMEAS-37,0.09280547748380256,0.09280547748380256,0.20494314605244884,0.20494314605244884,0.9222730536136745,1.018284674010514,0.8811412465345062
25,N3,5,120.0,125.0,XMEAS-38,0.3063960413374549,0.3063960413374549,0.20272110851879438,0.20272110851879438,1.1225575042394156,1.1199630407584484,1.089217017102853
25,N3,5,120.0,125.0,XMEAS-39,-0.21185808129700504,0.21185808129700504,-0.13958190893506295,0.13958190893506295,0.8630027958672747,0.785384794177741,0.8409270826546423
25,N3,5,120.0,125.0,XMEAS-40,0.14960564769013823,0.14960564769013823,-0.12913900288211336,0.12913900288211336,0.9398139291426375,0.9644008671990617,0.9221677947553043
25,N3,5,120.0,125.0,XMEAS-41,0.026851071262878754,0.026851071262878754,0.4119115597655945,0.4119115597655945,0.8918855889383603,0.7133622283603913,0.6690932423908784
26,N3,6,125.0,130.0,XMEAS-1,0.03348601339486389,0.03348601339486389,-0.19904604771742374,0.19904604771742374,0.9412158406186715,1.0052428695270166,0.9004830025013975
26,N3,6,125.0,130.0,XMEAS-2,-0.012022593940326627,0.012022593940326627,0.035239527583193896,0.035239527583193896,1.0259118056594998,0.9917940165204029,1.0315579244894952
26,N3,6,125.0,130.0,XMEAS-3,0.02722316149543606,0.02722316149543606,-0.03250462428952259,0.03250462428952259,1.005063719774894,1.0117062077776198,1.0112465757687317
26,N3,6,125.0,130.0,XMEAS-4,0.11276403220793994,0.11276403220793994,0.02966111750956311,0.02966111750956311,0.9465612436656365,0.9469732978955658,0.9460307681595405
26,N3,6,125.0,130.0,XMEAS-5,0.08499150163135481,0.08499150163135481,0.058061126952223,0.058061126952223,1.0046708498089203,1.0378157156851253,1.0032148648757162
26,N3,6,125.0,130.0,XMEAS-6,-0.05699931493171941,0.05699931493171941,0.0192947339205995,0.0192947339205995,1.0230225283999799,1.0102403843456254,1.0243359431057353
26,N3,6,125.0,130.0,XMEAS-7,0.1392395253598274,0.1392395253598274,0.1289746135745034,0.1289746135745034,0.9940013770911843,0.9490398225204634,0.976398177929065
26,N3,6,125.0,130.0,XMEAS-8,-0.08774673344433556,0.08774673344433556,-0.010496676389577962,0.010496676389577962,1.0645941058270179,1.0823125129996005,1.0649783717144206
26,N3,6,125.0,130.0,XMEAS-9,0.0009672351272202597,0.0009672351272202597,0.006943859405683528,0.006943859405683528,0.9753090256275737,1.0305326650294717,0.9754404951085023
26,N3,6,125.0,130.0,XMEAS-10,0.21521720214196036,0.21521720214196036,0.09813980505901447,0.09813980505901447,0.8058756756454937,0.9952990927650788,0.7937982562737844
26,N3,6,125.0,130.0,XMEAS-11,-0.10375941190762879,0.10375941190762879,0.06589322220897913,0.06589322220897913,0.7984754676989895,0.9995592179614637,0.8079135733754752
26,N3,6,125.0,130.0,XMEAS-12,-0.013272328782187367,0.013272328782187367,-0.012736444541057679,0.012736444541057679,0.9482712618879087,1.0225597921935727,0.9485914406668022
26,N3,6,125.0,130.0,XMEAS-13,0.10975008068597714,0.10975008068597714,0.09482935665681186,0.09482935665681186,1.0038270108680907,0.9979356780645603,0.9944482979549049
26,N3,6,125.0,130.0,XMEAS-14,0.07562244119544785,0.07562244119544785,0.06005668862701496,0.06005668862701496,0.9548475467989919,0.9749411451442576,0.9529330692797564
26,N3,6,125.0,130.0,XMEAS-15,-0.004506727773325204,0.004506727773325204,0.04806941023836526,0.04806941023836526,1.0254352617067402,1.0377282028584438,1.023742137347834
26,N3,6,125.0,130.0,XMEAS-16,0.1628320861248675,0.1628320861248675,0.11601860777615165,0.11601860777615165,1.010184554281095,0.9187556717669304,0.9962313211897496
26,N3,6,125.0,130.0,XMEAS-17,-0.1288223179359326,0.1288223179359326,-0.01159767319144417,0.01159767319144417,1.0017925564985397,1.04094711030938,1.0025785849066322
26,N3,6,125.0,130.0,XMEAS-18,-0.3813336311881698,0.3813336311881698,0.0798557512378534,0.0798557512378534,0.43917654348060475,0.933128169688558,0.4444881766806715
26,N3,6,125.0,130.0,XMEAS-19,-0.0894254896184052,0.0894254896184052,0.005377001051367607,0.005377001051367607,0.9696542488264969,0.9566378390662715,0.969809750261293
26,N3,6,125.0,130.0,XMEAS-20,-0.15250099984391613,0.15250099984391613,0.16452065545324251,0.16452065545324251,0.6175214276581239,0.969907706685591,0.590571151743032
26,N3,6,125.0,130.0,XMEAS-21,-0.041589541786617557,0.041589541786617557,-0.14798650845597933,0.14798650845597933,0.9621958361678857,1.0162285322398954,0.9542671576096204
26,N3,6,125.0,130.0,XMEAS-22,-0.10921728677023637,0.10921728677023637,0.09264866379638384,0.09264866379638384,0.8929937586684394,0.9661218757334892,0.8944885530566125
26,N3,6,125.0,130.0,XMEAS-23,-0.05305465445224662,0.05305465445224662,0.025100828574112125,0.025100828574112125,1.2473357732299712,1.3739779322759529,1.2479169091995088
26,N3,6,125.0,130.0,XMEAS-24,0.25667480514618285,0.25667480514618285,0.04095970077484255,0.04095970077484255,0.9460435025905262,1.0533780155670316,0.9522849938530242
26,N3,6,125.0,130.0,XMEAS-25,-0.11593067246285609,0.11593067246285609,-0.17354563986573587,0.17354563986573587,0.9869673664036442,0.9689224584185309,0.9550775096751858
26,N3,6,125.0,130.0,XMEAS-26,0.023256047849079656,0.023256047849079656,-0.026749037502711872,0.026749037502711872,0.8022789997720746,0.9134024149999643,0.80694481554072
26,N3,6,125.0,130.0,XMEAS-27,0.07193891469067028,0.07193891469067028,-0.10351487257808321,0.10351487257808321,1.014369309359072,1.0452377183511568,1.004972142718292
26,N3,6,125.0,130.0,XMEAS-28,0.4888581179417334,0.4888581179417334,-0.0662081577788672,0.0662081577788672,0.9128786023540333,0.9400714073374427,0.9177025004173566
26,N3,6,125.0,130.0,XMEAS-29,0.21972004600026257,0.21972004600026257,0.09090324946397368,0.09090324946397368,1.038547307748754,1.091211827468624,1.036683001567651
26,N3,6,125.0,130.0,XMEAS-30,0.3634769545911003,0.3634769545911003,-0.05795483181297134,0.05795483181297134,0.9163701951916227,0.9202642489510002,0.921686432781666
26,N3,6,125.0,130.0,XMEAS-31,-0.4001225443182953,0.4001225443182953,-0.057306762261864465,0.057306762261864465,0.8297628688504916,0.9484987649080768,0.8283043214043372
26,N3,6,125.0,130.0,XMEAS-32,0.18979283719112625,0.18979283719112625,-0.0959416316744741,0.0959416316744741,1.1124630883785673,1.0637790720885874,1.1044105270635296
26,N3,6,125.0,130.0,XMEAS-33,-0.17567065104938054,0.17567065104938054,-0.023486697294604147,0.023486697294604147,0.9683040220502381,0.9285776681725503,0.9695775568858523
26,N3,6,125.0,130.0,XMEAS-34,0.5721770686794545,0.5721770686794545,0.24206063561640168,0.24206063561640168,0.8581357249327313,0.9139773575598509,0.7977679703601278
26,N3,6,125.0,130.0,XMEAS-35,-0.11246953029834254,0.11246953029834254,0.008487027231992243,0.008487027231992243,0.9917478823369352,0.9401400486222906,0.9972091073833532
26,N3,6,125.0,130.0,XMEAS-36,0.06137954730891654,0.06137954730891654,-0.11979627907714073,0.11979627907714073,0.9083514009157553,0.8429270563069429,0.8941034337734816
26,N3,6,125.0,130.0,XMEAS-37,-0.12330965026934106,0.12330965026934106,-0.016414342977909804,0.016414342977909804,1.0467587400331375,1.2063716744267925,1.055789438028314
26,N3,6,125.0,130.0,XMEAS-38,0.30465879592392353,0.30465879592392353,-0.24521167170059174,0.24521167170059174,0.8982557878829461,0.924160609188271,0.8295973498493106
26,N3,6,125.0,130.0,XMEAS-39,-0.04206251265916834,0.04206251265916834,-0.12326730488569763,0.12326730488569763,1.073647843314905,1.1390156170282193,1.0610887469344168
26,N3,6,125.0,130.0,XMEAS-40,0.05667272813574749,0.05667272813574749,-0.052844356628050655,0.052844356628050655,1.105509452727285,1.110650326656132,1.1041670953456384
26,N3,6,125.0,130.0,XMEAS-41,-0.27462572513360306,0.27462572513360306,0.25543651352417235,0.25543651352417235,0.8587389007712964,0.8396637978892306,0.7813035837371767
27,N3,7,130.0,135.0,XMEAS-1,0.25108093710298574,0.25108093710298574,0.2574011658966416,0.2574011658966416,0.8311181690698626,0.9508961266393652,0.7467447815573799
27,N3,7,130.0,135.0,XMEAS-2,0.061697600215877495,0.061697600215877495,0.028404557755473552,0.028404557755473552,1.014346783351258,1.1097800182693112,1.0203520434896318
27,N3,7,130.0,135.0,XMEAS-3,-0.13506311297530785,0.13506311297530785,0.08133277210203672,0.08133277210203672,1.0503554796191308,1.023493410557908,1.0513232933430305
27,N3,7,130.0,135.0,XMEAS-4,0.02775758743637828,0.02775758743637828,-0.03645524175573632,0.03645524175573632,0.9466646591091047,0.9264745087903362,0.9456375365470121
27,N3,7,130.0,135.0,XMEAS-5,0.08229510306001787,0.08229510306001787,0.071455869995756,0.071455869995756,0.9897686682032077,0.9953160345040118,0.9863848517147397
27,N3,7,130.0,135.0,XMEAS-6,-0.029664860532982357,0.029664860532982357,0.10188877092180115,0.10188877092180115,1.075918172398653,1.099479143028638,1.067551407367876
27,N3,7,130.0,135.0,XMEAS-7,-0.051614136097316334,0.051614136097316334,0.15686945281167256,0.15686945281167256,1.1915397772445933,1.0378144434674765,1.169808469239181
27,N3,7,130.0,135.0,XMEAS-8,-0.008430765256940746,0.008430765256940746,0.0010615513663621028,0.0010615513663621028,0.9426258058681096,0.9679453639399995,0.9430606206417341
27,N3,7,130.0,135.0,XMEAS-9,-0.03619916386168329,0.03619916386168329,-0.07541262133980399,0.07541262133980399,1.0162489871421263,0.9831726250087929,1.010573060500008
27,N3,7,130.0,135.0,XMEAS-10,0.34682528584732586,0.34682528584732586,-0.043497524126223104,0.043497524126223104,1.150773344426014,1.0050053537631454,1.1497951619977793
27,N3,7,130.0,135.0,XMEAS-11,0.28000199131392756,0.28000199131392756,0.04005423881261945,0.04005423881261945,0.7780562549890759,0.9486061631514668,0.7907176062639801
27,N3,7,130.0,135.0,XMEAS-12,-0.14176631247226873,0.14176631247226873,0.0515039831442517,0.0515039831442517,0.986137038062894,1.0238899402371207,0.9838391713975817
27,N3,7,130.0,135.0,XMEAS-13,-0.044595619155033475,0.044595619155033475,0.15267267076683286,0.15267267076683286,1.2085960074877438,0.9909557608199709,1.1883020702696032
27,N3,7,130.0,135.0,XMEAS-14,-0.1814054202258856,0.1814054202258856,0.01989199646857756,0.01989199646857756,0.9817053863139447,1.0399061245287728,0.9833908768238195
27,N3,7,130.0,135.0,XMEAS-15,-0.03531395286906037,0.03531395286906037,0.012164792776275232,0.012164792776275232,1.0336677111903139,1.0090885520622617,1.0341895124778027
27,N3,7,130.0,135.0,XMEAS-16,-0.046118394850268245,0.046118394850268245,0.14476079386633195,0.14476079386633195,1.1894558670573852,1.0091067499118398,1.1709804512447184
27,N3,7,130.0,135.0,XMEAS-17,0.06531549913967243,0.06531549913967243,-0.008228326879872,0.008228326879872,0.9703722107856317,0.991676957226308,0.9711966538631149
27,N3,7,130.0,135.0,XMEAS-18,0.4251371040015779,0.4251371040015779,0.14525032552912706,0.14525032552912706,0.5106209759769659,1.0221647987905147,0.4882417552722595
27,N3,7,130.0,135.0,XMEAS-19,-0.061065868252615,0.061065868252615,0.007514506235626475,0.007514506235626475,0.9972792741496344,1.040084349741708,0.9974120722636894
27,N3,7,130.0,135.0,XMEAS-20,0.3400482992997255,0.3400482992997255,0.3515663811452308,0.3515663811452308,0.8008951209676517,0.9899841899741103,0.6414122530355332
27,N3,7,130.0,135.0,XMEAS-21,-0.3586874674302001,0.3586874674302001,-0.10358432223987817,0.10358432223987817,1.0300374799842489,0.9450300063691013,1.0366481435908255
27,N3,7,130.0,135.0,XMEAS-22,0.2762315306634373,0.2762315306634373,0.1354681454547925,0.1354681454547925,0.8518980476333105,0.9371510859369572,0.8399692690167682
27,N3,7,130.0,135.0,XMEAS-23,-0.15281252649998833,0.15281252649998833,0.08786987003101995,0.08786987003101995,1.0511484776148814,1.1503771310457815,1.0443715178244903
27,N3,7,130.0,135.0,XMEAS-24,-0.04319571467460876,0.04319571467460876,-0.17705323061448563,0.17705323061448563,0.9523390952449567,0.8573253310366586,0.925157784681315
27,N3,7,130.0,135.0,XMEAS-25,0.056307892183073346,0.056307892183073346,-0.09254273372326259,0.09254273372326259,1.0583614447126906,1.2221842821581306,1.0504597981021193
27,N3,7,130.0,135.0,XMEAS-26,-0.1140570387532712,0.1140570387532712,0.02792464002187159,0.02792464002187159,0.9047456078161689,0.867022796583737,0.9101589178253503
27,N3,7,130.0,135.0,XMEAS-27,-0.22697432223229774,0.22697432223229774,-0.0006080600024684237,0.0006080600024684237,1.0413700761104987,1.1513577686562937,1.0431383585942167
27,N3,7,130.0,135.0,XMEAS-28,-0.2594209308646007,0.2594209308646007,-0.11465698684170508,0.11465698684170508,1.1357684627316795,1.239041010935983,1.1358050005793145
27,N3,7,130.0,135.0,XMEAS-29,0.07505455865584788,0.07505455865584788,0.004113173800046902,0.004113173800046902,0.7718731061609365,0.7833975529634865,0.7767090015068214
27,N3,7,130.0,135.0,XMEAS-30,-0.3835348248382702,0.3835348248382702,-0.07038316107013316,0.07038316107013316,1.0010082934299698,1.1276211702393277,1.0058133176843596
27,N3,7,130.0,135.0,XMEAS-31,0.3812552063112125,0.3812552063112125,-0.022758284906711175,0.022758284906711175,0.9611154303995028,0.9302908257783397,0.9636797161770092
27,N3,7,130.0,135.0,XMEAS-32,-0.14008842693036058,0.14008842693036058,-0.07084459744295361,0.07084459744295361,0.9148364490228376,0.9095382461310254,0.9096026416968142
27,N3,7,130.0,135.0,XMEAS-33,0.008848817029149386,0.008848817029149386,0.015657253734804488,0.015657253734804488,0.8355352049267498,0.8784006954880522,0.836841731757687
27,N3,7,130.0,135.0,XMEAS-34,-0.3487404666710277,0.3487404666710277,-0.18593344889413738,0.18593344889413738,0.9732670838471068,0.8861914603843353,0.952403303339433
27,N3,7,130.0,135.0,XMEAS-35,-0.0234609765520591,0.0234609765520591,-0.10455019580095948,0.10455019580095948,1.0129782314589721,1.1072595594460035,1.007229740027365
27,N3,7,130.0,135.0,XMEAS-36,-0.1453963717751102,0.1453963717751102,0.1589497883432668,0.1589497883432668,1.0772357183037125,1.045754748225328,1.0552909926508829
27,N3,7,130.0,135.0,XMEAS-37,0.20495134547124566,0.20495134547124566,-0.1964479087479792,0.1964479087479792,0.9567647552779718,0.8112109822031416,0.921755411357649
27,N3,7,130.0,135.0,XMEAS-38,-0.32209283855460863,0.32209283855460863,-0.2592858606734247,0.2592858606734247,1.1833053290664972,1.2508031932518742,1.1281528659660733
27,N3,7,130.0,135.0,XMEAS-39,-0.47198472710346684,0.47198472710346684,0.05360605557364022,0.05360605557364022,0.8443161895713714,0.7847402429569476,0.8426062310323474
27,N3,7,130.0,135.0,XMEAS-40,-0.053778988254830976,0.053778988254830976,0.023111444845565442,0.023111444845565442,1.294790377760571,1.0837090498526312,1.2958858536124587
27,N3,7,130.0,135.0,XMEAS-41,-0.2597169369838234,0.2597169369838234,0.05296868449665411,0.05296868449665411,0.8534651936364888,0.9433133966763594,0.8566357610091235
28,N3,8,135.0,140.0,XMEAS-1,0.15685379287099652,0.15685379287099652,0.43796291125183334,0.43796291125183334,0.8604236332050422,1.028684250898238,0.5853929800235018
28,N3,8,135.0,140.0,XMEAS-2,0.010361523764862353,0.010361523764862353,0.009307248827314981,0.009307248827314981,1.0188855680917854,1.0624341414791263,1.0256692476898819
28,N3,8,135.0,140.0,XMEAS-3,-0.20057378739788553,0.20057378739788553,0.10351030135389577,0.10351030135389577,0.9951760268718484,1.0052172402137138,0.9909956909580026
28,N3,8,135.0,140.0,XMEAS-4,0.00832611580116574,0.00832611580116574,-0.036911488131365584,0.036911488131365584,0.9504399885914834,0.8986918980543778,0.949383589697728
28,N3,8,135.0,140.0,XMEAS-5,0.24646586749804084,0.24646586749804084,0.031543963824708095,0.031543963824708095,0.9876955606236838,0.9660133254698802,0.9886693217551621
28,N3,8,135.0,140.0,XMEAS-6,0.11829237565954909,0.11829237565954909,-0.04368552565069688,0.04368552565069688,0.9260216703739944,0.9564049332627743,0.9253954619912457
28,N3,8,135.0,140.0,XMEAS-7,-0.16783104224577233,0.16783104224577233,0.027528195165834372,0.027528195165834372,1.1039306427795894,0.9188952788684114,1.1032623162496853
28,N3,8,135.0,140.0,XMEAS-8,-0.04908575904749697,0.04908575904749697,-0.0029005654043359097,0.0029005654043359097,1.0539838927261909,1.0554931860441132,1.0544631259257589
28,N3,8,135.0,140.0,XMEAS-9,-0.022517499666524537,0.022517499666524537,0.06610023047473339,0.06610023047473339,0.9545049588469919,0.9725950174201274,0.949887134911503
28,N3,8,135.0,140.0,XMEAS-10,-0.12714710049309505,0.12714710049309505,-0.055675221762040344,0.055675221762040344,1.092461082112527,1.019496577558067,1.0901946120665857
28,N3,8,135.0,140.0,XMEAS-11,0.7504609656719563,0.7504609656719563,-0.16693671594061177,0.16693671594061177,0.8735384175880395,0.9521581652679112,0.8555691015457131
28,N3,8,135.0,140.0,XMEAS-12,-0.06796149301254076,0.06796149301254076,0.03565908818776332,0.03565908818776332,0.894532786398715,0.8989989918570956,0.8935159070851566
28,N3,8,135.0,140.0,XMEAS-13,-0.09299186528591363,0.09299186528591363,0.0053311990680092285,0.0053311990680092285,1.0791320482928946,0.9639869001271569,1.0791349647118913
28,N3,8,135.0,140.0,XMEAS-14,-0.16958000509777485,0.16958000509777485,0.03462699657307376,0.03462699657307376,1.0242755342538654,1.081078737847905,1.0252478666545124
28,N3,8,135.0,140.0,XMEAS-15,-0.024061519071475745,0.024061519071475745,-0.15836952281303301,0.15836952281303301,0.9950929665343421,1.0030355414952294,0.969021584640189
28,N3,8,135.0,140.0,XMEAS-16,-0.15861610732704187,0.15861610732704187,-0.004856833061850775,0.004856833061850775,1.1030861001354684,0.9943002709453796,1.103141454774224
28,N3,8,135.0,140.0,XMEAS-17,0.0465675279552502,0.0465675279552502,-0.0599422593251983,0.0599422593251983,1.107340664869968,1.064787180887022,1.1049651800378597
28,N3,8,135.0,140.0,XMEAS-18,1.2688185320140528,1.2688185320140528,-0.15514901168117284,0.15514901168117284,0.6882279585294531,0.9918390661041739,0.6825234396507822
28,N3,8,135.0,140.0,XMEAS-19,-0.08237138115346239,0.08237138115346239,0.05793672765332697,0.05793672765332697,1.0570755753738093,1.0995999396424094,1.0539544494674142
28,N3,8,135.0,140.0,XMEAS-20,0.8510041210592555,0.8510041210592555,-0.10874810648553807,0.10874810648553807,0.6235451355676348,1.014839575972023,0.6253134898508086
28,N3,8,135.0,140.0,XMEAS-21,-0.5324801372524304,0.5324801372524304,0.11076486835980548,0.11076486835980548,0.9832769312310402,0.9900736841044854,0.9868612333740007
28,N3,8,135.0,140.0,XMEAS-22,0.5791005577400262,0.5791005577400262,-0.11227330978700531,0.11227330978700531,0.8398990038347961,0.9803249830135458,0.8348895967333236
28,N3,8,135.0,140.0,XMEAS-23,0.09453866418125077,0.09453866418125077,-0.145018301906909,0.145018301906909,0.9090085442779324,0.9085027376868866,0.8852852136380177
28,N3,8,135.0,140.0,XMEAS-24,-0.6825535500349942,0.6825535500349942,0.15163594964307633,0.15163594964307633,1.1582828870937347,1.1435357514459177,1.1470994029746375
28,N3,8,135.0,140.0,XMEAS-25,0.18947983141921876,0.18947983141921876,0.13739817678806435,0.13739817678806435,0.9737353213730132,0.9853749324822058,0.9537927228693313
28,N3,8,135.0,140.0,XMEAS-26,-0.3036392906008666,0.3036392906008666,0.0539904454375271,0.0539904454375271,0.984422869722077,1.0731556294408815,0.9881790751548727
28,N3,8,135.0,140.0,XMEAS-27,-0.4364918831756083,0.4364918831756083,0.06994837439611179,0.06994837439611179,0.7567138880611384,0.8309109961248701,0.7511994301823847
28,N3,8,135.0,140.0,XMEAS-28,-0.2746413036385349,0.2746413036385349,-0.04559684560788176,0.04559684560788176,1.1699148886800732,1.2548115427614348,1.1807375377406912
28,N3,8,135.0,140.0,XMEAS-29,0.3546854582996486,0.3546854582996486,-0.0074030055986527045,0.0074030055986527045,0.8638479783719105,0.9139272971645173,0.8692191826296959
28,N3,8,135.0,140.0,XMEAS-30,-0.45748311263105373,0.45748311263105373,0.09217725782390797,0.09217725782390797,0.9443613084406163,0.9988599472139691,0.9442901888399735
28,N3,8,135.0,140.0,XMEAS-31,0.4142801134124546,0.4142801134124546,0.005099414739252243,0.005099414739252243,0.9374557645737052,0.9558305539558577,0.9404791446620161
28,N3,8,135.0,140.0,XMEAS-32,-0.20045078701307398,0.20045078701307398,0.11957304790278529,0.11957304790278529,0.9606314423759176,0.9776449430012578,0.9454864548561676
28,N3,8,135.0,140.0,XMEAS-33,-0.4437284318253899,0.4437284318253899,0.05166472822706687,0.05166472822706687,0.979881675108218,0.9735236659674611,0.9789176390323591
28,N3,8,135.0,140.0,XMEAS-34,-0.6151236825504431,0.6151236825504431,-0.023454853309190234,0.023454853309190234,0.873031650888006,1.0675737030290333,0.8882242778910434
28,N3,8,135.0,140.0,XMEAS-35,0.11180039994759172,0.11180039994759172,-0.15394238876442123,0.15394238876442123,1.0363457892810266,1.1357332941506961,1.0178158969970574
28,N3,8,135.0,140.0,XMEAS-36,0.2530516211902424,0.2530516211902424,-0.11914900965294585,0.11914900965294585,0.9087117060508203,0.9417318743330109,0.8946531413690757
28,N3,8,135.0,140.0,XMEAS-37,-0.19993179459407928,0.19993179459407928,0.045149242507286455,0.045149242507286455,0.7556581670991808,0.8509564835683663,0.7595236725806213
28,N3,8,135.0,140.0,XMEAS-38,-0.22852717464785652,0.22852717464785652,0.0039880240998527265,0.0039880240998527265,0.8588565100115709,0.907596426734702,0.8632726637698359
28,N3,8,135.0,140.0,XMEAS-39,-0.1630372976205768,0.1630372976205768,-0.1550843049910885,0.1550843049910885,1.155656497009234,1.1858186970185658,1.1361976706564465
28,N3,8,135.0,140.0,XMEAS-40,-0.03573103568091831,0.03573103568091831,0.08025901518860865,0.08025901518860865,0.804384632581816,0.6631453719954583,0.7969100122154779
28,N3,8,135.0,140.0,XMEAS-41,-0.23726274999402186,0.23726274999402186,-0.17349821263259488,0.17349821263259488,1.0253771244904746,1.0594043257910049,1.0019572423276568
29,N3,9,140.0,145.0,XMEAS-1,-0.4450608205217929,0.4450608205217929,-0.08904209657657151,0.08904209657657151,0.6910134318635924,0.9954812588421186,0.6822040599766725
29,N3,9,140.0,145.0,XMEAS-2,0.020411227829177987,0.020411227829177987,-0.07330067336601992,0.07330067336601992,0.9752895676327551,0.9623901200455127,0.9760547698126036
29,N3,9,140.0,145.0,XMEAS-3,-0.18285039628980504,0.18285039628980504,0.09871020142630374,0.09871020142630374,0.9335310703479657,0.9614279150544007,0.9292496357752403
29,N3,9,140.0,145.0,XMEAS-4,0.06164067291558372,0.06164067291558372,-0.07654933568480683,0.07654933568480683,0.9150796003038298,0.9675265798493288,0.9087863472347111
29,N3,9,140.0,145.0,XMEAS-5,0.11669265335157673,0.11669265335157673,-0.13728759948915667,0.13728759948915667,1.0092366915470885,1.0373731982081817,0.991558977261195
29,N3,9,140.0,145.0,XMEAS-6,-0.09787991837830616,0.09787991837830616,-0.061244433877360414,0.061244433877360414,1.0246468293527056,1.0757988177298738,1.0225045569638749
29,N3,9,140.0,145.0,XMEAS-7,0.06489561193884714,0.06489561193884714,-0.06365132836976412,0.06365132836976412,1.0377256769512768,1.0126641439960247,1.0336834265330308
29,N3,9,140.0,145.0,XMEAS-8,0.0520983514671085,0.0520983514671085,-0.04846023913715981,0.04846023913715981,1.0559819018131595,1.1013112463591652,1.054142484835509
29,N3,9,140.0,145.0,XMEAS-9,-0.010241941914612133,0.010241941914612133,-0.027772348309426508,0.027772348309426508,0.9567698701096695,0.9519528925243897,0.9561064667682445
29,N3,9,140.0,145.0,XMEAS-10,-0.26883231867182145,0.26883231867182145,0.20443933226692076,0.20443933226692076,0.931058690096738,0.9818180898271737,0.8834661989260363
29,N3,9,140.0,145.0,XMEAS-11,0.250673843618803,0.250673843618803,-0.2326513808441915,0.2326513808441915,0.846192807143516,0.9688476165736567,0.7912982552351893
29,N3,9,140.0,145.0,XMEAS-12,0.061120667889162816,0.061120667889162816,0.06377551858781572,0.06377551858781572,0.9914486939842759,1.0023072684053314,0.987671347896179
29,N3,9,140.0,145.0,XMEAS-13,0.00842277811258272,0.00842277811258272,-0.046407500629218945,0.046407500629218945,1.0456857519825449,0.9660715559626137,1.0435604416932553
29,N3,9,140.0,145.0,XMEAS-14,-0.051180428689181504,0.051180428689181504,0.03201703082903768,0.03201703082903768,1.0034514844647242,1.0001198282552066,1.004535380025876
29,N3,9,140.0,145.0,XMEAS-15,0.015844063645328227,0.015844063645328227,-0.1096694741847827,0.1096694741847827,0.9561151526693537,0.9444382221305101,0.9434887835389117
29,N3,9,140.0,145.0,XMEAS-16,0.03429847540997547,0.03429847540997547,-0.026091627295578044,0.026091627295578044,1.0358776834975418,0.9734690665258311,1.0352635194526383
29,N3,9,140.0,145.0,XMEAS-17,0.01635150161226789,0.01635150161226789,-0.016305906180465988,0.016305906180465988,1.0505485800126941,1.0735077137460134,1.0512553738912889
29,N3,9,140.0,145.0,XMEAS-18,0.3131014997088932,0.3131014997088932,-0.40280487641200224,0.40280487641200224,0.7175867866429528,1.0186206776610205,0.43980072591008573
29,N3,9,140.0,145.0,XMEAS-19,0.016213318357509388,0.016213318357509388,0.0444387165290094,0.0444387165290094,1.0351613216628628,0.9652531625865998,1.033364461372843
29,N3,9,140.0,145.0,XMEAS-20,0.3527656703593821,0.3527656703593821,-0.46784864795161435,0.46784864795161435,0.9206218790462798,1.0740846075057364,0.6471985577536219
29,N3,9,140.0,145.0,XMEAS-21,-0.11367207273061082,0.11367207273061082,0.34693033281758323,0.34693033281758323,1.0618602397426082,1.0485819475239662,0.9520504867771697
29,N3,9,140.0,145.0,XMEAS-22,0.13150626290944006,0.13150626290944006,-0.21634983347349596,0.21634983347349596,0.9322992139605942,0.985434872141405,0.8897979713604748
29,N3,9,140.0,145.0,XMEAS-23,0.1874412563029856,0.1874412563029856,-0.23372019505381472,0.23372019505381472,0.8063733675862168,0.8131325606294448,0.7328099986975665
29,N3,9,140.0,145.0,XMEAS-24,0.32701268719181525,0.32701268719181525,0.07496854464365406,0.07496854464365406,0.8388449355686725,0.9183521021879227,0.8389460889947733
29,N3,9,140.0,145.0,XMEAS-25,-0.03779369077730547,0.03779369077730547,0.1946669933767693,0.1946669933767693,0.9171804568017448,1.019407495537328,0.8734211478249768
29,N3,9,140.0,145.0,XMEAS-26,0.32707657989211025,0.32707657989211025,-0.12892010618662936,0.12892010618662936,1.063638583339227,1.2031189504376658,1.054495860724949
29,N3,9,140.0,145.0,XMEAS-27,-0.1667698373531609,0.1667698373531609,-0.04649044507391853,0.04649044507391853,0.8505395311517019,0.9130217508317554,0.849319532396801
29,N3,9,140.0,145.0,XMEAS-28,0.03440284722896154,0.03440284722896154,-0.10883520442749928,0.10883520442749928,0.8031833524067962,0.7534042232670909,0.7961702571392368
29,N3,9,140.0,145.0,XMEAS-29,0.3397713501176871,0.3397713501176871,-0.18938106703349752,0.18938106703349752,0.9140379561905692,0.9294781209851544,0.8775545494157875
29,N3,9,140.0,145.0,XMEAS-30,0.18118967887857534,0.18118967887857534,0.0902505233838346,0.0902505233838346,0.7864030401399194,0.8646492857456674,0.7832827487610222
29,N3,9,140.0,145.0,XMEAS-31,-0.18493927449737557,0.18493927449737557,0.16597249608758186,0.16597249608758186,1.1116225744136592,1.1163842946898337,1.0889485068647797
29,N3,9,140.0,145.0,XMEAS-32,0.19287255949382148,0.19287255949382148,0.12050099691861595,0.12050099691861595,1.0410011181930505,1.1375575874462067,1.026904287506091
29,N3,9,140.0,145.0,XMEAS-33,-0.07231466846482912,0.07231466846482912,0.21907474684078898,0.21907474684078898,1.0303225709608066,1.1677004934434345,0.9823243793889977
29,N3,9,140.0,145.0,XMEAS-34,-0.03271233206545639,0.03271233206545639,0.16365563808795622,0.16365563808795622,0.8284260584648127,0.9446775126045762,0.8083436897941555
29,N3,9,140.0,145.0,XMEAS-35,0.12243397813855227,0.12243397813855227,-0.07644551786528948,0.07644551786528948,0.7788825671096494,0.7555115693976919,0.7753060548545796
29,N3,9,140.0,145.0,XMEAS-36,-0.09927583803071045,0.09927583803071045,-0.14943305549350872,0.14943305549350872,0.9345863309223127,0.8846499484883571,0.9117366494077079
29,N3,9,140.0,145.0,XMEAS-37,0.1015336471009443,0.1015336471009443,-0.383884468888548,0.383884468888548,1.0202264064869024,0.8616403623629324,0.8636584176977034
29,N3,9,140.0,145.0,XMEAS-38,0.11768871432352424,0.11768871432352424,-0.275921624157616,0.275921624157616,0.9404216351550198,0.9415106329262184,0.8560168460790002
29,N3,9,140.0,145.0,XMEAS-39,0.0007181458013022255,0.0007181458013022255,0.05490161292047111,0.05490161292047111,1.2915833048540137,1.3527628343846,1.2919857464441005
29,N3,9,140.0,145.0,XMEAS-40,0.08216547325087785,0.08216547325087785,0.20708529305786616,0.20708529305786616,1.0107306119301385,0.9445664955508246,0.9665070966095052
29,N3,9,140.0,145.0,XMEAS-41,0.263783182735795,0.263783182735795,-0.04272729662690575,0.04272729662690575,0.9714702818638575,0.9578397148155021,0.9770471164598037
30,N3,10,145.0,150.0,XMEAS-1,0.12037810041599602,0.12037810041599602,0.34254200551922287,0.34254200551922287,1.0413139259343012,1.0266366740332409,0.9204451296132534
30,N3,10,145.0,150.0,XMEAS-2,0.2679888540517756,0.2679888540517756,-0.013759677807060397,0.013759677807060397,0.9379843007385488,0.9930108390965198,0.9440992969810008
30,N3,10,145.0,150.0,XMEAS-3,-0.3027883103873952,0.3027883103873952,-0.0687557665308356,0.0687557665308356,0.9712970230206686,0.9607281913047067,0.9732050786158781
30,N3,10,145.0,150.0,XMEAS-4,-0.01622765413795931,0.01622765413795931,-0.03494998723706726,0.03494998723706726,1.0123259746779685,0.9706279086364114,1.0115360874894863
30,N3,10,145.0,150.0,XMEAS-5,-0.18272237001108696,0.18272237001108696,0.01477752868893034,0.01477752868893034,0.9894821702127867,0.997544225096326,0.9912840600867009
30,N3,10,145.0,150.0,XMEAS-6,0.00450173572118548,0.00450173572118548,0.029670597591842072,0.029670597591842072,1.0155230212680015,1.033101737754435,1.0162971264598826
30,N3,10,145.0,150.0,XMEAS-7,0.039380911215963946,0.039380911215963946,0.023535134384813007,0.023535134384813007,1.0893815961033642,1.021659963816506,1.0888987670867907
30,N3,10,145.0,150.0,XMEAS-8,0.01823615112949137,0.01823615112949137,-0.015310798414742378,0.015310798414742378,1.0609206094798431,1.1264660961215542,1.0611803328090708
30,N3,10,145.0,150.0,XMEAS-9,-0.055659185712748215,0.055659185712748215,-0.013097071590735157,0.013097071590735157,0.9884918582853157,1.0353937365785786,0.988496069857654
30,N3,10,145.0,150.0,XMEAS-10,-0.011865745475012951,0.011865745475012951,-0.18502957746886337,0.18502957746886337,0.8005630106622422,1.0719846754173956,0.7550321186451973
30,N3,10,145.0,150.0,XMEAS-11,-0.24228014113224375,0.24228014113224375,0.18299929190700107,0.18299929190700107,0.7842596204964655,1.0078489279747838,0.7523843784887077
30,N3,10,145.0,150.0,XMEAS-12,0.16311171684309322,0.16311171684309322,-0.0004451587777857133,0.0004451587777857133,1.021689011480155,1.0200446603140922,1.0222265261267058
30,N3,10,145.0,150.0,XMEAS-13,0.04395039817338664,0.04395039817338664,0.013288789826599652,0.013288789826599652,1.1090913179258344,1.0387043793360686,1.1089561805846968
30,N3,10,145.0,150.0,XMEAS-14,-0.05845266603749353,0.05845266603749353,-0.024143391632604903,0.024143391632604903,0.9404262757357431,1.008676531427351,0.9417959715836548
30,N3,10,145.0,150.0,XMEAS-15,0.06458160759664547,0.06458160759664547,0.05885119648330969,0.05885119648330969,0.9884422405717697,1.0490208556908878,0.9854130740984314
30,N3,10,145.0,150.0,XMEAS-16,0.023613004906052462,0.023613004906052462,0.009129760444058627,0.009129760444058627,1.1039296643458518,0.9965463784449997,1.1039285079797692
30,N3,10,145.0,150.0,XMEAS-17,0.06571118895630775,0.06571118895630775,0.05750927753303303,0.05750927753303303,1.0465394095409464,1.086892374168994,1.0441961080225926
30,N3,10,145.0,150.0,XMEAS-18,-0.26661510131627686,0.26661510131627686,0.2942198142282202,0.2942198142282202,0.6648457730593226,0.9738644882709715,0.5359865854555886
30,N3,10,145.0,150.0,XMEAS-19,-0.10487873880695157,0.10487873880695157,-0.07289420654848006,0.07289420654848006,1.0169528847377205,1.0479890789048887,1.0116720290872236
30,N3,10,145.0,150.0,XMEAS-20,-0.3462104586470417,0.3462104586470417,0.1998740971133998,0.1998740971133998,0.6146191589839939,0.8975696295716954,0.5621511606714814
30,N3,10,145.0,150.0,XMEAS-21,-0.37547195727730687,0.37547195727730687,-0.02547030662329485,0.02547030662329485,0.9931564197587404,1.0924711346880636,1.0095707682753712
30,N3,10,145.0,150.0,XMEAS-22,-0.16679659693680216,0.16679659693680216,0.13394547039701454,0.13394547039701454,0.9096860317627012,1.0446900315052805,0.9005104540875255
30,N3,10,145.0,150.0,XMEAS-23,-0.21022344725508305,0.21022344725508305,0.09692131050116563,0.09692131050116563,0.9219450532254618,0.8992376476836105,0.9120445016265519
30,N3,10,145.0,150.0,XMEAS-24,0.12020348277690525,0.12020348277690525,0.09187927348374125,0.09187927348374125,0.9115009456247173,0.9669830436958462,0.90950250498411
30,N3,10,145.0,150.0,XMEAS-25,-0.07003653484348601,0.07003653484348601,0.1564126300360473,0.1564126300360473,1.1955435411297062,0.9933780616511108,1.1746208900880406
30,N3,10,145.0,150.0,XMEAS-26,0.17257224934984913,0.17257224934984913,0.02234846042762781,0.02234846042762781,1.1750578678452734,1.203924412411036,1.1828197792590427
30,N3,10,145.0,150.0,XMEAS-27,-0.04939438044354696,0.04939438044354696,-0.18566685603901723,0.18566685603901723,1.0376290594133295,1.178191561470142,1.004008464248348
30,N3,10,145.0,150.0,XMEAS-28,-0.05834632527240022,0.05834632527240022,0.07289959123424988,0.07289959123424988,0.7377902747694246,0.811633841513016,0.7381512219057839
30,N3,10,145.0,150.0,XMEAS-29,-0.30279619783368444,0.30279619783368444,0.06222914051450403,0.06222914051450403,0.9564132555881014,1.0577466814672611,0.9581660724992693
30,N3,10,145.0,150.0,XMEAS-30,0.2155987736401828,0.2155987736401828,0.0018820335220019236,0.0018820335220019236,0.9219167361419306,0.9997528246200736,0.9311618542953003
30,N3,10,145.0,150.0,XMEAS-31,-0.05867600665939472,0.05867600665939472,-0.14301111896248675,0.14301111896248675,1.0956018649477128,1.2132162222499319,1.0794181290715585
30,N3,10,145.0,150.0,XMEAS-32,0.16702406448454618,0.16702406448454618,0.06744472014210266,0.06744472014210266,0.913035452951697,0.9092150781342435,0.9083309539328647
30,N3,10,145.0,150.0,XMEAS-33,-0.14444778434281436,0.14444778434281436,-0.13198334544465798,0.13198334544465798,1.1119784041413627,1.0765162812473232,1.0975994385289702
30,N3,10,145.0,150.0,XMEAS-34,-0.08097873289877472,0.08097873289877472,0.13756975921936468,0.13756975921936468,0.759595882023363,0.8210833944004401,0.746414459081481
30,N3,10,145.0,150.0,XMEAS-35,0.21968847014254367,0.21968847014254367,-0.03106491510767135,0.03106491510767135,0.9540954459331785,1.1330402446117747,0.9583591597931262
30,N3,10,145.0,150.0,XMEAS-36,0.03753982561254489,0.03753982561254489,0.08090683274095128,0.08090683274095128,0.7667546493773358,0.6990340754828644,0.7598337758706973
30,N3,10,145.0,150.0,XMEAS-37,0.014254943776125562,0.014254943776125562,-0.19829654977172975,0.19829654977172975,1.259956255026849,1.1842715004494346,1.2378084308802453
30,N3,10,145.0,150.0,XMEAS-38,0.10272053665601316,0.10272053665601316,-0.3067456415874303,0.3067456415874303,0.9443702443159215,0.9636070453908497,0.8380654812321604
30,N3,10,145.0,150.0,XMEAS-39,-0.22131231018016126,0.22131231018016126,-0.009349423838504838,0.009349423838504838,1.0792444194489155,1.2335564994436556,1.0815403579529175
30,N3,10,145.0,150.0,XMEAS-40,-0.20807045156121357,0.20807045156121357,0.11172688005985212,0.11172688005985212,1.2079654564943247,1.1691921776908567,1.1985284625415036
30,N3,10,145.0,150.0,XMEAS-41,0.14357564565595296,0.14357564565595296,-0.3381090346550429,0.3381090346550429,0.9313204547963396,0.5898686220682742,0.7988855739514202
31,N4,1,150.0,155.0,XMEAS-1,0.3215594084971104,0.3215594084971104,0.04160370393201148,0.04160370393201148,0.6372184665885888,0.9986740555441559,0.6373157868458886
31,N4,1,150.0,155.0,XMEAS-2,0.2671103887032957,0.2671103887032957,-0.081044552450768,0.081044552450768,0.93829053764286,0.9618738740904392,0.9363283325472802
31,N4,1,150.0,155.0,XMEAS-3,-0.39229907225218064,0.39229907225218064,-0.028789118465801167,0.028789118465801167,0.8986663195901273,0.9611198342407764,0.9037176829925778
31,N4,1,150.0,155.0,XMEAS-4,-0.08216705488903728,0.08216705488903728,-0.05196744097432809,0.05196744097432809,0.9678024712556272,0.9528936071661632,0.9653524671608349
31,N4,1,150.0,155.0,XMEAS-5,0.08409918800173236,0.08409918800173236,0.050960471287451535,0.050960471287451535,0.9598924638474281,0.9802804868170941,0.9586597083525549
31,N4,1,150.0,155.0,XMEAS-6,0.16128964329371767,0.16128964329371767,0.05801905982693356,0.05801905982693356,1.0385106434163305,1.0901409511301625,1.0366252394672433
31,N4,1,150.0,155.0,XMEAS-7,-0.0370964944472431,0.0370964944472431,0.0038757579738061937,0.0038757579738061937,0.9179765060403481,0.9386528136830554,0.9179896610873539
31,N4,1,150.0,155.0,XMEAS-8,-0.07409591041126934,0.07409591041126934,0.07162485803252108,0.07162485803252108,0.9437538555912105,0.9682962465460291,0.9386987699582151
31,N4,1,150.0,155.0,XMEAS-9,-0.035616760953704765,0.035616760953704765,0.01716742728894759,0.01716742728894759,1.0531038239226982,1.028657258215873,1.0530133183881165
31,N4,1,150.0,155.0,XMEAS-10,-0.1539880674949111,0.1539880674949111,-0.32537620803749767,0.32537620803749767,0.788719062205829,0.923202776940607,0.6338601133529531
31,N4,1,150.0,155.0,XMEAS-11,0.5206566337112557,0.5206566337112557,-0.11757985545404329,0.11757985545404329,0.7875774398982587,0.9349143923046555,0.7796460993755719
31,N4,1,150.0,155.0,XMEAS-12,0.03319587098480512,0.03319587098480512,0.02950576013320972,0.02950576013320972,0.9789611430224819,0.9980832970851284,0.9789786501600086
31,N4,1,150.0,155.0,XMEAS-13,-0.049442677865585524,0.049442677865585524,0.025268659995717188,0.025268659995717188,0.9474305065752318,0.9671232441658216,0.9467574500815382
31,N4,1,150.0,155.0,XMEAS-14,-0.09272811175694523,0.09272811175694523,0.01633784123812096,0.01633784123812096,1.0471945408909555,1.018105317181005,1.048402807868873
31,N4,1,150.0,155.0,XMEAS-15,-0.13420928962979917,0.13420928962979917,-0.13928456084628413,0.13928456084628413,1.058463362337643,1.0753490494622744,1.0397657846532422
31,N4,1,150.0,155.0,XMEAS-16,-0.07729560155334768,0.07729560155334768,0.01699874830341121,0.01699874830341121,0.9433743761675641,0.9945164311142476,0.9431028063931806
31,N4,1,150.0,155.0,XMEAS-17,-0.17178821765833419,0.17178821765833419,-0.03290269181005973,0.03290269181005973,0.9749297341705052,0.9783633995205637,0.974432428898646
31,N4,1,150.0,155.0,XMEAS-18,0.7255912374159114,0.7255912374159114,-0.11855995937365332,0.11855995937365332,0.4700939520747091,0.998485273343142,0.45344950676228024
31,N4,1,150.0,155.0,XMEAS-19,0.009354928052018801,0.009354928052018801,0.03047728030196755,0.03047728030196755,1.0129539190083698,1.022424506282213,1.0124680629917806
31,N4,1,150.0,155.0,XMEAS-20,0.5605714542561407,0.5605714542561407,0.14135381034211458,0.14135381034211458,0.6141356907269274,0.9106249360371818,0.5966220387414157
31,N4,1,150.0,155.0,XMEAS-21,-0.5264236095788567,0.5264236095788567,-0.015061954000251131,0.015061954000251131,0.9040288985023468,0.9903914073498662,0.9206671892996133
31,N4,1,150.0,155.0,XMEAS-22,0.3116567491793989,0.3116567491793989,-0.05095500380010446,0.05095500380010446,0.8526964247886718,0.9472255484844342,0.8576902664815238
31,N4,1,150.0,155.0,XMEAS-23,0.19325646252344775,0.19325646252344775,0.08604138990336048,0.08604138990336048,1.0334469954439696,1.0781302128483568,1.0265109159104138
31,N4,1,150.0,155.0,XMEAS-24,0.02804044078563619,0.02804044078563619,0.13210477334160786,0.13210477334160786,1.001860204200894,0.9938559549841498,0.991338852194297
31,N4,1,150.0,155.0,XMEAS-25,0.05788110223340843,0.05788110223340843,-0.016651578216929343,0.016651578216929343,1.0658514861724455,1.235292329111093,1.0659223041267993
31,N4,1,150.0,155.0,XMEAS-26,0.17471011237848744,0.17471011237848744,0.0968416999414333,0.0968416999414333,0.9903847806340424,0.9930067441228856,0.9865428962452
31,N4,1,150.0,155.0,XMEAS-27,0.03306727666510335,0.03306727666510335,-0.05605885720773031,0.05605885720773031,1.170033264655301,1.1739294295090894,1.170326151876156
31,N4,1,150.0,155.0,XMEAS-28,-0.17419839235867202,0.17419839235867202,0.04575398174066673,0.04575398174066673,0.8845783577163753,0.9631402511345696,0.8897535848092984
31,N4,1,150.0,155.0,XMEAS-29,0.08236875466734875,0.08236875466734875,-0.0585129363397267,0.0585129363397267,1.0920453648150314,1.2412541210063992,1.0956006010209296
31,N4,1,150.0,155.0,XMEAS-30,0.15319925636351983,0.15319925636351983,0.11802482383516956,0.11802482383516956,0.9976105111550256,1.0928210928592643,0.9897257747176652
31,N4,1,150.0,155.0,XMEAS-31,0.11460305520957242,0.11460305520957242,-0.10193104479308944,0.10193104479308944,0.9902441296413889,1.0868298275305823,0.9820583836571037
31,N4,1,150.0,155.0,XMEAS-32,0.13522856992614313,0.13522856992614313,0.13642676160192277,0.13642676160192277,0.9523493580361198,0.871500140270973,0.9324939548687844
31,N4,1,150.0,155.0,XMEAS-33,0.06656694051880921,0.06656694051880921,0.11513475184160683,0.11513475184160683,1.1104693206415948,1.1674043870592026,1.1009092326721177
31,N4,1,150.0,155.0,XMEAS-34,0.015678547009402983,0.015678547009402983,0.06905201719457837,0.06905201719457837,1.0069629319110205,1.1158596431649934,1.0157837233422116
31,N4,1,150.0,155.0,XMEAS-35,0.26264495652305286,0.26264495652305286,0.07396861024651666,0.07396861024651666,1.0156639764398325,0.9807514543781596,1.0163144421576944
31,N4,1,150.0,155.0,XMEAS-36,-0.05801971184711176,0.05801971184711176,-0.10131561359534405,0.10131561359534405,0.84562685988316,0.778983984233113,0.8339751639581512
31,N4,1,150.0,155.0,XMEAS-37,0.5112046317186985,0.5112046317186985,0.01068426360408152,0.01068426360408152,0.889365710980827,0.8802597214448529,0.8930249002818637
31,N4,1,150.0,155.0,XMEAS-38,-0.2909513713779075,0.2909513713779075,0.20152100608762594,0.20152100608762594,0.936552307799588,0.7498968335841252,0.8938583944921459
31,N4,1,150.0,155.0,XMEAS-39,0.15570614102214922,0.15570614102214922,0.04179616391511908,0.04179616391511908,1.1479727361107346,1.356751091239388,1.1553124929528513
31,N4,1,150.0,155.0,XMEAS-40,-0.02154405933149782,0.02154405933149782,0.0890727537427337,0.0890727537427337,0.9402130555703108,1.0920506508324472,0.9324271636813433
31,N4,1,150.0,155.0,XMEAS-41,-0.21515063788094835,0.21515063788094835,-0.2850882983618397,0.2850882983618397,0.7367316986237317,0.5141004691169034,0.6167809994278914
32,N4,2,155.0,160.0,XMEAS-1,-0.9503415073423026,0.9503415073423026,-0.13459666471709608,0.13459666471709608,0.8095770416737782,1.0204767642606982,0.7894867280463611
32,N4,2,155.0,160.0,XMEAS-2,0.4040384689618965,0.4040384689618965,0.040711821834134784,0.040711821834134784,1.0267580065472355,1.0527786402297616,1.0309964399666631
32,N4,2,155.0,160.0,XMEAS-3,-0.3454466052640559,0.3454466052640559,0.029803360014680858,0.029803360014680858,0.9659855522719972,1.0004561001998504,0.9714909789875915
32,N4,2,155.0,160.0,XMEAS-4,0.11377424834639926,0.11377424834639926,0.0060824641876259964,0.0060824641876259964,0.9940904023236513,0.9868186282626055,0.9945365616488938
32,N4,2,155.0,160.0,XMEAS-5,-0.08449520098949322,0.08449520098949322,-0.10096951347433898,0.10096951347433898,0.9234328910950222,0.9190553522927479,0.9133448316222536
32,N4,2,155.0,160.0,XMEAS-6,-0.17970592702256272,0.17970592702256272,-0.17768612040069878,0.17768612040069878,1.065269752464114,1.0745838503670533,1.0353360472357738
32,N4,2,155.0,160.0,XMEAS-7,0.0714863341036624,0.0714863341036624,0.004106365577616027,0.004106365577616027,1.2220594896569528,1.039296708944549,1.2220853492738761
32,N4,2,155.0,160.0,XMEAS-8,0.05040342309172767,0.05040342309172767,0.04408346011373934,0.04408346011373934,0.9575610450304789,0.9705470154470932,0.956092876933134
32,N4,2,155.0,160.0,XMEAS-9,-0.027969389918124,0.027969389918124,-0.03192964861793449,0.03192964861793449,0.928708737944881,0.9318683335422575,0.9277387051086038
32,N4,2,155.0,160.0,XMEAS-10,0.25319270546790584,0.25319270546790584,0.3689313934662621,0.3689313934662621,1.113612474165148,0.9317647865515574,0.9787766313798301
32,N4,2,155.0,160.0,XMEAS-11,-0.08640088358828679,0.08640088358828679,-0.2974776237401168,0.2974776237401168,0.9377531778152385,1.0377916188836473,0.84483317242166
32,N4,2,155.0,160.0,XMEAS-12,0.06153376671684395,0.06153376671684395,-0.02631008541254478,0.02631008541254478,1.0838366606347594,1.0916026139358368,1.0842181840402019
32,N4,2,155.0,160.0,XMEAS-13,0.12368418182128653,0.12368418182128653,0.003753362325924882,0.003753362325924882,1.237498995787291,1.0607029061115811,1.2375283501823895
32,N4,2,155.0,160.0,XMEAS-14,-0.05196352233890837,0.05196352233890837,0.0031619166681782947,0.0031619166681782947,0.9813314869896579,1.018391246253246,0.9827031267683128
32,N4,2,155.0,160.0,XMEAS-15,-0.10260510679119444,0.10260510679119444,0.0364974558272573,0.0364974558272573,0.9689331322627238,0.9272828435690875,0.9680864068220322
32,N4,2,155.0,160.0,XMEAS-16,0.09763040101380092,0.09763040101380092,0.008748893154068583,0.008748893154068583,1.2715179568288473,1.0311237695975424,1.2715205808854377
32,N4,2,155.0,160.0,XMEAS-17,-0.06749288189675405,0.06749288189675405,-0.007122445103031714,0.007122445103031714,0.972620655156142,0.9611653653297232,0.9732292577554227
32,N4,2,155.0,160.0,XMEAS-18,-0.46489380915281986,0.46489380915281986,-0.4684932236365654,0.4684932236365654,0.8289936430207295,1.0645097259890894,0.49512374778665963
32,N4,2,155.0,160.0,XMEAS-19,0.03308572627631465,0.03308572627631465,-0.013315563823992115,0.013315563823992115,1.0425533837657115,1.1042460944508168,1.0428627991629384
32,N4,2,155.0,160.0,XMEAS-20,-0.6125985668067414,0.6125985668067414,-0.49251260712207096,0.49251260712207096,0.9299738989383797,1.0568294774009797,0.6162391749624225
32,N4,2,155.0,160.0,XMEAS-21,-0.202148158052539,0.202148158052539,0.09038020210646282,0.09038020210646282,0.9098160388236799,1.044341620722952,0.9172209365120029
32,N4,2,155.0,160.0,XMEAS-22,-0.23279716063194555,0.23279716063194555,-0.21787532306188556,0.21787532306188556,0.9561280728867833,0.9917867627667348,0.9114441961646451
32,N4,2,155.0,160.0,XMEAS-23,-0.07547600685928378,0.07547600685928378,-0.2551382217959226,0.2551382217959226,0.9630053695857179,0.9098515446685568,0.8900582567512783
32,N4,2,155.0,160.0,XMEAS-24,0.3923220091362056,0.3923220091362056,-0.06488031936522311,0.06488031936522311,0.9660098323857851,1.1199883568868152,0.9691214806216525
32,N4,2,155.0,160.0,XMEAS-25,-0.13888237172853918,0.13888237172853918,0.10340028668283352,0.10340028668283352,1.0288573911074064,1.0023593029030178,1.0182660570173796
32,N4,2,155.0,160.0,XMEAS-26,0.2574241342161066,0.2574241342161066,0.13412730136839596,0.13412730136839596,0.885433381988729,1.0131634141996118,0.8693168944396283
32,N4,2,155.0,160.0,XMEAS-27,0.11813094461557755,0.11813094461557755,0.054247990681918414,0.054247990681918414,1.0982206330639204,1.0747451814085132,1.0983289348538103
32,N4,2,155.0,160.0,XMEAS-28,0.46193891918641666,0.46193891918641666,0.15470067776315258,0.15470067776315258,0.9279620061132949,0.9074682897104338,0.9084170366679337
32,N4,2,155.0,160.0,XMEAS-29,-0.38523817341416533,0.38523817341416533,-0.04609588068672358,0.04609588068672358,0.951634887512364,0.9836038859763098,0.9552595118083008
32,N4,2,155.0,160.0,XMEAS-30,0.6932675411921531,0.6932675411921531,0.01851432908245632,0.01851432908245632,0.8753872087320723,1.1039987544215284,0.8810463954070488
32,N4,2,155.0,160.0,XMEAS-31,-0.41397596781649143,0.41397596781649143,0.19631511308738445,0.19631511308738445,0.889983878814449,0.8403592008770656,0.8459599389797781
32,N4,2,155.0,160.0,XMEAS-32,-0.12403261977165517,0.12403261977165517,0.002552834926869368,0.002552834926869368,1.088345187382937,1.1036894742050913,1.0892666074078754
32,N4,2,155.0,160.0,XMEAS-33,0.02028131148335507,0.02028131148335507,-0.15675454794146612,0.15675454794146612,0.9338844117662766,1.015228408074854,0.908432606027031
32,N4,2,155.0,160.0,XMEAS-34,0.6212762992650025,0.6212762992650025,-0.07501803149737214,0.07501803149737214,0.6682529110588846,0.7766226610101278,0.6684620826934469
32,N4,2,155.0,160.0,XMEAS-35,-0.07213352299988843,0.07213352299988843,-0.057821626252834775,0.057821626252834775,0.9639734754766301,1.0867706560281276,0.9663284076290707
32,N4,2,155.0,160.0,XMEAS-36,-0.5066110143330279,0.5066110143330279,-0.05358769577433856,0.05358769577433856,0.8679701555404151,0.9704216013705749,0.8656800708611865
32,N4,2,155.0,160.0,XMEAS-37,-0.06646091043595645,0.06646091043595645,-0.08375187015964904,0.08375187015964904,0.7710633010653902,0.7064405860185338,0.76474474856642
32,N4,2,155.0,160.0,XMEAS-38,0.21158996087159526,0.21158996087159526,0.055173729141635465,0.055173729141635465,0.7626474438139453,0.6578640285781218,0.7616838706986218
32,N4,2,155.0,160.0,XMEAS-39,0.029847334293753663,0.029847334293753663,-0.04521670366475672,0.04521670366475672,0.7396729477475618,0.803091539960994,0.7425185225528643
32,N4,2,155.0,160.0,XMEAS-40,-0.07139267527586135,0.07139267527586135,0.08217056715720679,0.08217056715720679,1.0613142915900904,1.040569173704703,1.0558618085885925
32,N4,2,155.0,160.0,XMEAS-41,-0.5322298181419367,0.5322298181419367,-0.31375051962850103,0.31375051962850103,0.9576363185381569,0.9973693133027112,0.8518636964104
33,N4,3,160.0,165.0,XMEAS-1,1.165715960665507,1.165715960665507,-0.14782126634740372,0.14782126634740372,0.7488957681546118,1.0198983095159295,0.7210827348767529
33,N4,3,160.0,165.0,XMEAS-2,0.28461554820531054,0.28461554820531054,0.0438451694135033,0.0438451694135033,0.9967239431823297,1.0219368388291923,1.0004575079589324
33,N4,3,160.0,165.0,XMEAS-3,-0.16355234907883318,0.16355234907883318,-0.1293761461172874,0.1293761461172874,0.9391783464778158,0.9738747794982343,0.9265308889682804
33,N4,3,160.0,165.0,XMEAS-4,-0.13519800104498475,0.13519800104498475,-0.08774556447669475,0.08774556447669475,1.0128282858226763,1.0422226685915663,1.0053423027092452
33,N4,3,160.0,165.0,XMEAS-5,0.1963228469389836,0.1963228469389836,0.1731368430650717,0.1731368430650717,1.0328076489847429,0.9749129242460715,1.003688455456449
33,N4,3,160.0,165.0,XMEAS-6,0.1409881720700115,0.1409881720700115,0.17104674995433258,0.17104674995433258,1.0770011911647601,1.1036619961453842,1.049752252907474
33,N4,3,160.0,165.0,XMEAS-7,-0.12829418728988715,0.12829418728988715,0.014810755138261404,0.014810755138261404,1.1574558185423374,1.0443019970892355,1.1572958744275341
33,N4,3,160.0,165.0,XMEAS-8,-0.08836681292844474,0.08836681292844474,0.09165537711014833,0.09165537711014833,1.0080635375960378,1.032931544070501,1.0000012758518702
33,N4,3,160.0,165.0,XMEAS-9,0.03315557706669129,0.03315557706669129,-0.011739447231554009,0.011739447231554009,0.9721724928631149,1.0395356783516863,0.9722108474582891
33,N4,3,160.0,165.0,XMEAS-10,0.010020317295658802,0.010020317295658802,-0.23344446362988444,0.23344446362988444,1.0643533418720468,0.9941880780122587,1.0106793138084884
33,N4,3,160.0,165.0,XMEAS-11,0.24788595814212816,0.24788595814212816,0.43947315820863087,0.43947315820863087,1.054023704149637,1.0031903265403617,0.8526144710571176
33,N4,3,160.0,165.0,XMEAS-12,-0.08563197884678173,0.08563197884678173,-0.044906567612524775,0.044906567612524775,0.9872712717911527,1.0076860462166908,0.9860884294164117
33,N4,3,160.0,165.0,XMEAS-13,-0.11981904026913207,0.11981904026913207,0.010178750891823029,0.010178750891823029,1.1046952565465484,1.069020217649896,1.1046340532769123
33,N4,3,160.0,165.0,XMEAS-14,-0.11138860697612267,0.11138860697612267,-0.018845594689520954,0.018845594689520954,1.0007265945096007,0.9926276679806788,1.0017647074191722
33,N4,3,160.0,165.0,XMEAS-15,0.15955087472677468,0.15955087472677468,0.05060856868036931,0.05060856868036931,1.0348442375885145,1.0601793302109483,1.032885031626814
33,N4,3,160.0,165.0,XMEAS-16,-0.1180732932941904,0.1180732932941904,0.00580099186783644,0.00580099186783644,1.1410573163097506,1.0425570413574086,1.141085310944374
33,N4,3,160.0,165.0,XMEAS-17,-0.04130386248274353,0.04130386248274353,0.07320245338958611,0.07320245338958611,1.0229018051782088,1.0264691739661713,1.0181056750793192
33,N4,3,160.0,165.0,XMEAS-18,0.5135435524767303,0.5135435524767303,0.6662986140719694,0.6662986140719694,1.1075100780373315,0.9862980736215013,0.5660604313021772
33,N4,3,160.0,165.0,XMEAS-19,-0.0008881898109286168,0.0008881898109286168,0.027256286624159163,0.027256286624159163,0.9720504123964904,0.9566605653404129,0.9717052529131468
33,N4,3,160.0,165.0,XMEAS-20,0.40922817285280555,0.40922817285280555,0.7468621213669596,0.7468621213669596,1.2629272306602755,0.9763631259442457,0.674775698402304
33,N4,3,160.0,165.0,XMEAS-21,-0.6110947496005649,0.6110947496005649,-0.27156819603071913,0.27156819603071913,0.9001976302271303,1.0076214458378225,0.8252095784684872
33,N4,3,160.0,165.0,XMEAS-22,0.25311824631575336,0.25311824631575336,0.3511467585020634,0.3511467585020634,1.0514584646984206,1.0254847794582767,0.9296428414578407
33,N4,3,160.0,165.0,XMEAS-23,-0.2372478072194378,0.2372478072194378,0.3043757613669122,0.3043757613669122,1.163111429077323,1.1193909387183532,1.0772567012186605
33,N4,3,160.0,165.0,XMEAS-24,-0.06741038399113737,0.06741038399113737,0.0003602846641267919,0.0003602846641267919,1.038043870942201,1.1256139803178866,1.046332049246822
33,N4,3,160.0,165.0,XMEAS-25,0.09937949441968265,0.09937949441968265,-0.0941707648415965,0.0941707648415965,0.7783499338375003,0.7384558805394618,0.7665961251865213
33,N4,3,160.0,165.0,XMEAS-26,-0.10564547541705209,0.10564547541705209,0.09650732830226892,0.09650732830226892,0.99255419839708,1.0816369624397895,0.9888171082461203
33,N4,3,160.0,165.0,XMEAS-27,0.012084703265694496,0.012084703265694496,-0.09292693398534402,0.09292693398534402,0.9981626632306718,1.0421969265591473,0.9917092725863366
33,N4,3,160.0,165.0,XMEAS-28,-0.18553326787945915,0.18553326787945915,-0.11856126717155918,0.11856126717155918,0.9230690394950514,1.0043535162839146,0.91488193175652
33,N4,3,160.0,165.0,XMEAS-29,-0.3524692447171135,0.3524692447171135,0.2701881102850248,0.2701881102850248,1.0532542953008894,0.9795233334828386,0.9842786601304783
33,N4,3,160.0,165.0,XMEAS-30,-0.015651860553454855,0.015651860553454855,0.03597174405233073,0.03597174405233073,0.9130523419971798,1.0019809661356218,0.9178923041472473
33,N4,3,160.0,165.0,XMEAS-31,0.07824810132141889,0.07824810132141889,-0.3412091427947014,0.3412091427947014,1.1136250185966843,1.0254498793718339,1.0012973781626036
33,N4,3,160.0,165.0,XMEAS-32,-0.017025685626155546,0.017025685626155546,0.06363657459317906,0.06363657459317906,1.0312863363525189,1.1238933339831032,1.0280496711007716
33,N4,3,160.0,165.0,XMEAS-33,0.1121468740942804,0.1121468740942804,-0.21007007738204933,0.21007007738204933,0.9921083732400803,1.024728701152434,0.9470461856773552
33,N4,3,160.0,165.0,XMEAS-34,-0.4630998568665308,0.4630998568665308,-0.06995301211971205,0.06995301211971205,0.9461021901127936,0.8804272015691795,0.953619530380974
33,N4,3,160.0,165.0,XMEAS-35,0.40040222096634537,0.40040222096634537,5.675802793184444e-05,5.675802793184444e-05,1.0098908487852796,1.088986459695735,1.0161863453543487
33,N4,3,160.0,165.0,XMEAS-36,0.0030344612554235877,0.0030344612554235877,-0.19547746149075193,0.19547746149075193,1.0446204899706732,1.0875902339066814,1.007030107566459
33,N4,3,160.0,165.0,XMEAS-37,0.42501816672644593,0.42501816672644593,0.13257966363676496,0.13257966363676496,0.9535420469754847,1.0219478528878574,0.9380621966243841
33,N4,3,160.0,165.0,XMEAS-38,0.280322209056905,0.280322209056905,-0.3641650053916582,0.3641650053916582,0.9737039879950962,0.8635360233478697,0.8225586518169267
33,N4,3,160.0,165.0,XMEAS-39,-0.02017492048256186,0.02017492048256186,0.22857353414058945,0.22857353414058945,0.9834384236232647,0.8436734260716157,0.9334682998362026
33,N4,3,160.0,165.0,XMEAS-40,0.06219399844614465,0.06219399844614465,-0.32115138547678523,0.32115138547678523,0.8853977801531009,0.8096989474843665,0.7547547670620467
33,N4,3,160.0,165.0,XMEAS-41,-0.2571364382208324,0.2571364382208324,0.08905166864224281,0.08905166864224281,1.0935863900423561,1.143423735870451,1.09689600443261
34,N4,4,165.0,170.0,XMEAS-1,-0.5248383510628365,0.5248383510628365,0.35299985448349275,0.35299985448349275,1.1660844693010657,0.9873056666604947,1.053331670903082
34,N4,4,165.0,170.0,XMEAS-2,0.05131645377862745,0.05131645377862745,-0.0033061766777592746,0.0033061766777592746,0.9238880275906985,0.8755063613724755,0.929217505742189
34,N4,4,165.0,170.0,XMEAS-3,-0.13974280062131747,0.13974280062131747,0.10503040058859814,0.10503040058859814,1.1025681151523434,1.0876469882770718,1.0993795016771697
34,N4,4,165.0,170.0,XMEAS-4,0.004740266088210932,0.004740266088210932,-0.005011296449038781,0.005011296449038781,1.0376360786025052,1.0240817194659286,1.0381170950483787
34,N4,4,165.0,170.0,XMEAS-5,0.2057131573742179,0.2057131573742179,-0.07441589342053846,0.07441589342053846,0.9802422135902195,0.985197264300351,0.9759478347038414
34,N4,4,165.0,170.0,XMEAS-6,0.12905561307879612,0.12905561307879612,-0.03574114521136791,0.03574114521136791,1.0468831511162522,1.0639543663257776,1.0471301880048947
34,N4,4,165.0,170.0,XMEAS-7,-0.05284121415564324,0.05284121415564324,-0.22348899110430412,0.22348899110430412,1.175652980344228,1.065428269362715,1.1304160179257576
34,N4,4,165.0,170.0,XMEAS-8,-0.009694386342590249,0.009694386342590249,0.06050769357140932,0.06050769357140932,0.9815701177510768,0.994243707245305,0.9783345773162494
34,N4,4,165.0,170.0,XMEAS-9,-0.008718397417085466,0.008718397417085466,0.0958651075588912,0.0958651075588912,0.9761903059030129,0.9375096859205074,0.9664864205045905
34,N4,4,165.0,170.0,XMEAS-10,0.13049965665469318,0.13049965665469318,-0.424511969669688,0.424511969669688,1.2019967579361284,0.9754265313393895,1.034778187988227
34,N4,4,165.0,170.0,XMEAS-11,0.8777114780725567,0.8777114780725567,-0.5433085648728634,0.5433085648728634,1.2246520764413487,1.102475016624093,0.9525426661126637
34,N4,4,165.0,170.0,XMEAS-12,-0.07682221749209059,0.07682221749209059,0.12047422577263235,0.12047422577263235,1.0519805435600205,1.0099220815041265,1.038465651632111
34,N4,4,165.0,170.0,XMEAS-13,-0.047501393020556455,0.047501393020556455,-0.21593308411534273,0.21593308411534273,1.1511396013003103,1.015492011560265,1.108034587980324
34,N4,4,165.0,170.0,XMEAS-14,-0.31190289471014065,0.31190289471014065,0.006227420229950831,0.006227420229950831,0.9401599769215735,1.0118678748822587,0.9414411126214908
34,N4,4,165.0,170.0,XMEAS-15,-0.1357146767867307,0.1357146767867307,-0.2206437081963816,0.2206437081963816,0.9936633156189313,0.9540401491638913,0.9416406103945725
34,N4,4,165.0,170.0,XMEAS-16,-0.10141754352314826,0.10141754352314826,-0.21571766683518945,0.21571766683518945,1.1656933142445978,1.1041708446395664,1.12325497985447
34,N4,4,165.0,170.0,XMEAS-17,-0.1225514284059528,0.1225514284059528,-0.05092369471439308,0.05092369471439308,1.0052093446364432,0.9941510796812563,1.0031930183313564
34,N4,4,165.0,170.0,XMEAS-18,1.2466133625895257,1.2466133625895257,-0.524076985023568,0.524076985023568,0.946983024342671,0.958315876585124,0.5884396389171516
34,N4,4,165.0,170.0,XMEAS-19,-0.012909894158160445,0.012909894158160445,-0.0076853687596947365,0.0076853687596947365,0.9337104620055103,0.9458706363441289,0.9340807028296737
34,N4,4,165.0,170.0,XMEAS-20,0.8343556904805833,0.8343556904805833,-0.4695757519766049,0.4695757519766049,0.9387483121453775,1.0253802525088005,0.667912642991152
34,N4,4,165.0,170.0,XMEAS-21,-0.35900669988670364,0.35900669988670364,0.08898539022257176,0.08898539022257176,1.1227823335142464,1.0494336193751037,1.136245104729247
34,N4,4,165.0,170.0,XMEAS-22,0.6401883828111649,0.6401883828111649,-0.3479018550855492,0.3479018550855492,1.1183061635673397,1.0853304689524985,1.0084246723743018
34,N4,4,165.0,170.0,XMEAS-23,0.27691569695599433,0.27691569695599433,-0.2221946048955598,0.2221946048955598,1.099591661011166,1.038154238331044,1.0522122359401351
34,N4,4,165.0,170.0,XMEAS-24,-0.21392180021075646,0.21392180021075646,-0.08610540567045356,0.08610540567045356,0.9774207567029499,1.0904725257113699,0.9772012344182838
34,N4,4,165.0,170.0,XMEAS-25,0.060304625677330734,0.060304625677330734,0.3498373612177124,0.3498373612177124,1.1558857243082548,0.9710795154629603,1.0396853972274331
34,N4,4,165.0,170.0,XMEAS-26,0.022208874384093472,0.022208874384093472,0.09840905437694072,0.09840905437694072,1.035847044879866,0.9798570259796661,1.0324180536180778
34,N4,4,165.0,170.0,XMEAS-27,-0.3768562933547962,0.3768562933547962,-0.18581203581488137,0.18581203581488137,1.0123478708092497,1.0061490799315365,0.9786479109561136
34,N4,4,165.0,170.0,XMEAS-28,-0.37720205209180685,0.37720205209180685,0.020616953108492462,0.020616953108492462,1.046293112038329,1.2143083947607198,1.0549411915743594
34,N4,4,165.0,170.0,XMEAS-29,0.24846186782194446,0.24846186782194446,-0.3575066975287883,0.3575066975287883,1.0621805920288276,1.007829702622533,0.9337639402362499
34,N4,4,165.0,170.0,XMEAS-30,-0.40999117851715494,0.40999117851715494,0.033165345320143376,0.033165345320143376,0.8718575557426381,0.9844033577506129,0.8765757445328033
34,N4,4,165.0,170.0,XMEAS-31,0.3209058012719247,0.3209058012719247,0.25894155808617764,0.25894155808617764,1.0985474640028847,1.1712615922544343,1.035785421705999
34,N4,4,165.0,170.0,XMEAS-32,0.08653996303287291,0.08653996303287291,-0.05528681853171911,0.05528681853171911,1.097185468383966,1.1366811738426577,1.0952026919980575
34,N4,4,165.0,170.0,XMEAS-33,-0.49842393736714846,0.49842393736714846,0.06553360845774152,0.06553360845774152,1.1109956054755301,1.1092572276542776,1.1099596465819055
34,N4,4,165.0,170.0,XMEAS-34,-0.6448032272051957,0.6448032272051957,-0.21048795160908707,0.21048795160908707,0.8899835371783116,0.9701788171441471,0.8478409407488915
34,N4,4,165.0,170.0,XMEAS-35,0.3629272732315878,0.3629272732315878,-0.22180079635174568,0.22180079635174568,0.9342115503162,0.9782911121499734,0.8829200353400993
34,N4,4,165.0,170.0,XMEAS-36,-0.12840845012153776,0.12840845012153776,-0.055847576941085525,0.055847576941085525,1.0065515960690636,1.008478592904679,1.0046710700361987
34,N4,4,165.0,170.0,XMEAS-37,0.03679887425663654,0.03679887425663654,-0.3338083853209637,0.3338083853209637,1.1700869332198494,0.8743967430311668,1.0704682232306508
34,N4,4,165.0,170.0,XMEAS-38,-0.7504538919037634,0.7504538919037634,0.3645711017482067,0.3645711017482067,1.061598481526115,0.9572804719015034,0.9254149054382953
34,N4,4,165.0,170.0,XMEAS-39,0.09109615125182693,0.09109615125182693,0.41336308914611164,0.41336308914611164,1.2461806318398005,1.1557368860866404,1.1020470214281466
34,N4,4,165.0,170.0,XMEAS-40,0.12256897023850473,0.12256897023850473,-0.09057004533287953,0.09057004533287953,1.3411151291773409,1.2868635091245058,1.33624812758245
34,N4,4,165.0,170.0,XMEAS-41,-0.35852529707045766,0.35852529707045766,0.1602516983590478,0.1602516983590478,1.0479440836747425,1.2557784756262975,1.0322833460594407
35,N4,5,170.0,175.0,XMEAS-1,0.02693988628073526,0.02693988628073526,-0.21538403076126342,0.21538403076126342,0.6889451358005229,1.0155027691856935,0.6174048074665967
35,N4,5,170.0,175.0,XMEAS-2,-0.09164154984301484,0.09164154984301484,-0.1013183511895767,0.1013183511895767,0.979175707708361,0.980609301773969,0.9737546365403996
35,N4,5,170.0,175.0,XMEAS-3,-0.036112549517660505,0.036112549517660505,-0.015268705890347982,0.015268705890347982,0.9744288544232043,0.973334186153189,0.9807070484874624
35,N4,5,170.0,175.0,XMEAS-4,0.016116092298445718,0.016116092298445718,0.055331129993417494,0.055331129993417494,0.9831865700354115,0.9785832358017518,0.9804048832397613
35,N4,5,170.0,175.0,XMEAS-5,0.014847249459488026,0.014847249459488026,-0.006064237091907692,0.006064237091907692,0.9993280052874768,1.041622238105568,1.0009591218877454
35,N4,5,170.0,175.0,XMEAS-6,-0.021111279915288408,0.021111279915288408,-0.020900732833306998,0.020900732833306998,1.0578555587352672,1.1023188167258147,1.0589642103719974
35,N4,5,170.0,175.0,XMEAS-7,0.07817030611762786,0.07817030611762786,-0.17976305098276302,0.17976305098276302,0.8583397500736416,0.9650636253967048,0.8180736092163671
35,N4,5,170.0,175.0,XMEAS-8,-0.022691859366817918,0.022691859366817918,-0.0026687861458719276,0.0026687861458719276,0.9413928711945039,0.9447336610219009,0.9420306012942102
35,N4,5,170.0,175.0,XMEAS-9,-0.0029249609089508463,0.0029249609089508463,0.003603901974546977,0.003603901974546977,0.9723685020066422,0.9990091117670358,0.9725411293383973
35,N4,5,170.0,175.0,XMEAS-10,0.10816962521318729,0.10816962521318729,0.2391120617369579,0.2391120617369579,0.698390396797808,0.9193358819645736,0.6075815048446027
35,N4,5,170.0,175.0,XMEAS-11,0.08744562020954458,0.08744562020954458,0.14596669859923317,0.14596669859923317,0.7594747504749669,0.950682036392662,0.7396537564826033
35,N4,5,170.0,175.0,XMEAS-12,0.1332058573119424,0.1332058573119424,-0.03963236332101807,0.03963236332101807,0.9635752014643265,1.02389074653645,0.9628017470277372
35,N4,5,170.0,175.0,XMEAS-13,0.08546782091096113,0.08546782091096113,-0.17787189589252175,0.17787189589252175,0.848469336266667,1.0136538223493414,0.8085856383566233
35,N4,5,170.0,175.0,XMEAS-14,0.001596050413383708,0.001596050413383708,-0.028538542108711578,0.028538542108711578,1.0004191214937108,0.9903081712792948,1.0009758947073248
35,N4,5,170.0,175.0,XMEAS-15,0.20855060095349046,0.20855060095349046,0.18049728902099293,0.18049728902099293,1.0004806782265814,1.046956817216544,0.9664379067305547
35,N4,5,170.0,175.0,XMEAS-16,0.08417111036522014,0.08417111036522014,-0.17371760471334444,0.17371760471334444,0.8609517370611964,0.9210297264811849,0.8235458780379175
35,N4,5,170.0,175.0,XMEAS-17,-0.02768692888878817,0.02768692888878817,0.03671749778462903,0.03671749778462903,1.0324748702033677,1.0171403867271207,1.0318122877516556
35,N4,5,170.0,175.0,XMEAS-18,0.15554503129095343,0.15554503129095343,0.037986839821126085,0.037986839821126085,0.4377583198280616,1.050838105896001,0.4498971788818975
35,N4,5,170.0,175.0,XMEAS-19,0.016443524654591847,0.016443524654591847,-0.030643205897583292,0.030643205897583292,0.9506219194154262,0.9339692205004594,0.9500327989845829
35,N4,5,170.0,175.0,XMEAS-20,0.28850657297323523,0.28850657297323523,-0.07817684148875328,0.07817684148875328,0.6208771296806422,1.0150348075589677,0.6289371023444197
35,N4,5,170.0,175.0,XMEAS-21,-0.10172088019914871,0.10172088019914871,0.18876570211894397,0.18876570211894397,1.0400592042026051,0.9466610864831001,1.0223819118373445
35,N4,5,170.0,175.0,XMEAS-22,0.12416677330545603,0.12416677330545603,0.053133657037783666,0.053133657037783666,0.862227738417506,1.0238842904366618,0.8670705072883567
35,N4,5,170.0,175.0,XMEAS-23,-0.02983357567192274,0.02983357567192274,-0.055363502344128714,0.055363502344128714,0.9025355473230082,0.8593163648842326,0.899485700830282
35,N4,5,170.0,175.0,XMEAS-24,0.11347444183995777,0.11347444183995777,-0.23738717711204257,0.23738717711204257,1.0834177937661298,1.2078186946249556,1.0358243512262268
35,N4,5,170.0,175.0,XMEAS-25,-0.19358500552820584,0.19358500552820584,-0.13419440601805027,0.13419440601805027,1.0985720394487153,1.1665879252878826,1.0816518773888728
35,N4,5,170.0,175.0,XMEAS-26,0.03424835660420182,0.03424835660420182,0.05463110506366061,0.05463110506366061,0.970705245952593,0.854908886630622,0.9735107173613855
35,N4,5,170.0,175.0,XMEAS-27,-0.1591475743019079,0.1591475743019079,0.1436765210134783,0.1436765210134783,1.1239966595896353,1.2663773650715229,1.107572233649415
35,N4,5,170.0,175.0,XMEAS-28,-0.10488713646841723,0.10488713646841723,-0.10880399918175278,0.10880399918175278,0.877362431159331,0.9070910888849164,0.8706327662269806
35,N4,5,170.0,175.0,XMEAS-29,0.11599053262550048,0.11599053262550048,-0.11374942611242922,0.11374942611242922,0.8889910589552152,1.0051892597745264,0.8791330837279392
35,N4,5,170.0,175.0,XMEAS-30,0.07340027197286425,0.07340027197286425,-0.1355840358478468,0.1355840358478468,0.8554546789667713,0.9209771437364859,0.8384679189913832
35,N4,5,170.0,175.0,XMEAS-31,-0.1692864284714985,0.1692864284714985,-0.007656589490017752,0.007656589490017752,0.9456560170521583,0.9468496215976814,0.9483352110044369
35,N4,5,170.0,175.0,XMEAS-32,-0.03676445856927468,0.03676445856927468,-0.06630106585622358,0.06630106585622358,1.0527495875488515,0.985015129349762,1.049270067279607
35,N4,5,170.0,175.0,XMEAS-33,-0.0768344439630098,0.0768344439630098,-0.09502383339466886,0.09502383339466886,1.029302874197662,1.004458817633386,1.0228684232827054
35,N4,5,170.0,175.0,XMEAS-34,-0.09213346065358241,0.09213346065358241,0.08893286836796836,0.08893286836796836,1.0113954357708135,1.3078701364190273,1.0169875151993728
35,N4,5,170.0,175.0,XMEAS-35,0.20031945635246856,0.20031945635246856,0.0674312794419375,0.0674312794419375,0.8624890872104286,1.0136803685186622,0.8623036432564731
35,N4,5,170.0,175.0,XMEAS-36,-0.09227694307228651,0.09227694307228651,0.10963645681033317,0.10963645681033317,0.9502446394983224,0.9599688475180609,0.9382038824534759
35,N4,5,170.0,175.0,XMEAS-37,0.2717491310105099,0.2717491310105099,0.14320363167090847,0.14320363167090847,1.049504019758176,1.1046979525745115,1.0332684451123002
35,N4,5,170.0,175.0,XMEAS-38,-0.08552369947482398,0.08552369947482398,-0.22198643202575216,0.22198643202575216,0.8290066159958572,0.7451941727662794,0.767605367327237
35,N4,5,170.0,175.0,XMEAS-39,0.3622768093334654,0.3622768093334654,-0.10408687305292737,0.10408687305292737,1.0957713182558921,1.152940607530845,1.0938447722294016
35,N4,5,170.0,175.0,XMEAS-40,0.18918475343790217,0.18918475343790217,-0.06012784175147461,0.06012784175147461,0.8001542068473975,0.7158365761528162,0.7963362101978902
35,N4,5,170.0,175.0,XMEAS-41,0.0904056279284768,0.0904056279284768,-0.003373044171161422,0.003373044171161422,0.7699716613385346,0.7481532981883895,0.777694866439475
36,N4,6,175.0,180.0,XMEAS-1,-0.053553342179754146,0.053553342179754146,0.6652395438875581,0.6652395438875581,1.1400744646216785,1.039320911419716,0.6149919507223627
36,N4,6,175.0,180.0,XMEAS-2,0.02949189581200638,0.02949189581200638,-0.07273138065134899,0.07273138065134899,0.9103329503299966,0.9537148478750267,0.909467664710737
36,N4,6,175.0,180.0,XMEAS-3,-0.17020833314276357,0.17020833314276357,0.05637285801645791,0.05637285801645791,0.9773831595782545,1.0000159226945406,0.9805059673543747
36,N4,6,175.0,180.0,XMEAS-4,-0.08194164990960377,0.08194164990960377,-0.08744907889519525,0.08744907889519525,1.0131622666717872,1.0255559377099621,1.005733130008819
36,N4,6,175.0,180.0,XMEAS-5,0.008511128905735526,0.008511128905735526,0.022719177779795725,0.022719177779795725,1.0346674798641458,1.0747046756238374,1.0358737785858463
36,N4,6,175.0,180.0,XMEAS-6,0.002446199467195597,0.002446199467195597,0.02566615389235598,0.02566615389235598,0.9794080377153382,1.0167723367874861,0.9801304835985497
36,N4,6,175.0,180.0,XMEAS-7,0.03363721845550798,0.03363721845550798,-0.06631827405102916,0.06631827405102916,0.8974686617845842,0.9789456360209153,0.8923615931525729
36,N4,6,175.0,180.0,XMEAS-8,0.044284241836503924,0.044284241836503924,0.019998762534780657,0.019998762534780657,0.9478105174592638,0.9758323971245506,0.9480191361800813
36,N4,6,175.0,180.0,XMEAS-9,-0.043969456334950245,0.043969456334950245,0.03202610228375837,0.03202610228375837,0.9847418458427944,0.9683891447884224,0.983841420481877
36,N4,6,175.0,180.0,XMEAS-10,0.07520087214652557,0.07520087214652557,-0.13415715527584884,0.13415715527584884,0.8151309483012458,1.0165545803330043,0.792703020508153
36,N4,6,175.0,180.0,XMEAS-11,0.047821789348928445,0.047821789348928445,-0.028495299014090616,0.028495299014090616,0.7653493900338052,1.0241041978290353,0.7748074611385125
36,N4,6,175.0,180.0,XMEAS-12,-0.1844176547140761,0.1844176547140761,-0.07988289969506675,0.07988289969506675,0.955114322850023,0.9520142053743729,0.9490242653039939
36,N4,6,175.0,180.0,XMEAS-13,0.009461696924488932,0.009461696924488932,-0.07282712605689429,0.07282712605689429,0.8857199192897988,1.0002113105982373,0.8794685586587573
36,N4,6,175.0,180.0,XMEAS-14,-0.17749003598968596,0.17749003598968596,-0.043068528914752276,0.043068528914752276,0.9883860427334858,0.9653153252382293,0.987812160867691
36,N4,6,175.0,180.0,XMEAS-15,0.07326725559329882,0.07326725559329882,-0.09270984265075381,0.09270984265075381,0.9612127949704261,0.9463267290474546,0.9524029322118875
36,N4,6,175.0,180.0,XMEAS-16,0.006556024253488882,0.006556024253488882,-0.0811569294011581,0.0811569294011581,0.9082454422235298,0.985936177849321,0.9006808019545414
36,N4,6,175.0,180.0,XMEAS-17,0.03512156154227191,0.03512156154227191,-0.07803991152744714,0.07803991152744714,1.0514594198614065,1.0152294873565246,1.046101041522672
36,N4,6,175.0,180.0,XMEAS-18,0.25706828110524893,0.25706828110524893,0.10796817799091615,0.10796817799091615,0.44458754652720384,1.0620135445350036,0.43123349658566074
36,N4,6,175.0,180.0,XMEAS-19,0.024243671745307775,0.024243671745307775,0.015611060827513429,0.015611060827513429,1.0080040207055505,1.0125472063585659,1.0082222978593196
36,N4,6,175.0,180.0,XMEAS-20,0.03443506027081555,0.03443506027081555,0.01996645213200922,0.01996645213200922,0.6607981214879657,1.0644788644230454,0.6801014421079439
36,N4,6,175.0,180.0,XMEAS-21,-0.13267314143884837,0.13267314143884837,0.03408293851331418,0.03408293851331418,0.8303571313571136,1.0404880827425815,0.8443941872343944
36,N4,6,175.0,180.0,XMEAS-22,0.06270104457950333,0.06270104457950333,0.0066764260731870225,0.0066764260731870225,0.8937364497204949,1.0463684045073227,0.9022920053350545
36,N4,6,175.0,180.0,XMEAS-23,-0.19877572280962358,0.19877572280962358,-0.0703291106066232,0.0703291106066232,0.8459049072463801,0.9328957094550502,0.8402447370532499
36,N4,6,175.0,180.0,XMEAS-24,-0.32393787244855654,0.32393787244855654,0.0748621687928649,0.0748621687928649,0.9259755912498341,0.943032707283229,0.9269710874279478
36,N4,6,175.0,180.0,XMEAS-25,0.15989031382429134,0.15989031382429134,0.15831933186336206,0.15831933186336206,0.895867341051701,0.8264125848081886,0.866411059232477
36,N4,6,175.0,180.0,XMEAS-26,-0.029009401546294236,0.029009401546294236,-0.03565012176982729,0.03565012176982729,1.0333532167978472,0.953731169981487,1.0384933327087402
36,N4,6,175.0,180.0,XMEAS-27,-0.31789251816891695,0.31789251816891695,-0.03240574839856797,0.03240574839856797,0.8546457515468596,0.8211474316272593,0.8556294967653137
36,N4,6,175.0,180.0,XMEAS-28,-0.33437044447038633,0.33437044447038633,-0.3438575389417191,0.3438575389417191,1.1914207127392191,1.0681342340050177,1.092135931394862
36,N4,6,175.0,180.0,XMEAS-29,-0.23385116795706387,0.23385116795706387,-0.15587723261950187,0.15587723261950187,0.8685905119201676,0.8965227345994754,0.8441122565644745
36,N4,6,175.0,180.0,XMEAS-30,-0.4666082623969741,0.4666082623969741,-0.15456776581613998,0.15456776581613998,0.8918171680694377,1.051314495598918,0.8693527024718744
36,N4,6,175.0,180.0,XMEAS-31,0.5873051971864633,0.5873051971864633,0.006839800052069716,0.006839800052069716,0.9567706746128584,1.0889276676306547,0.9594958492355239
36,N4,6,175.0,180.0,XMEAS-32,-0.12334201968942597,0.12334201968942597,-0.12588770244588862,0.12588770244588862,1.0258062578207292,1.0848569753143047,1.0103912635767769
36,N4,6,175.0,180.0,XMEAS-33,-0.057429580776774417,0.057429580776774417,0.14549721773580956,0.14549721773580956,0.9939031866321656,1.1439047779411715,0.9740301217567278
36,N4,6,175.0,180.0,XMEAS-34,-0.35530185311081286,0.35530185311081286,-0.11750603862932321,0.11750603862932321,0.8115313770029323,0.8913398212563111,0.8044646440566161
36,N4,6,175.0,180.0,XMEAS-35,0.03676390401914925,0.03676390401914925,0.02522042342752674,0.02522042342752674,0.9365913968480859,0.9967424872231386,0.9417154761344142
36,N4,6,175.0,180.0,XMEAS-36,0.16510061772985932,0.16510061772985932,-0.05566316793001544,0.05566316793001544,0.9155783436118672,0.8619742911705881,0.9132738603284343
36,N4,6,175.0,180.0,XMEAS-37,0.3209461744522767,0.3209461744522767,-0.03853136902134522,0.03853136902134522,1.0472039925582732,0.8928762408349098,1.0501821158057865
36,N4,6,175.0,180.0,XMEAS-38,-0.4251643269485082,0.4251643269485082,0.02243765238413679,0.02243765238413679,0.9951459221927268,1.1884402368358087,0.9988391071454311
36,N4,6,175.0,180.0,XMEAS-39,-0.3877533610240567,0.3877533610240567,-0.20369508809965492,0.20369508809965492,1.080452846296426,1.0935432665054567,1.047641712869874
36,N4,6,175.0,180.0,XMEAS-40,-0.001814570540757405,0.001814570540757405,0.19056783225130003,0.19056783225130003,0.9298907440332599,1.0530384857009711,0.8891616265664083
36,N4,6,175.0,180.0,XMEAS-41,-0.16254767379587043,0.16254767379587043,0.02818496736352199,0.02818496736352199,0.770999204328119,0.7605111225260068,0.7776599021639086
37,N4,7,180.0,185.0,XMEAS-1,0.5447633183337954,0.5447633183337954,-0.27931649872990116,0.27931649872990116,0.9477132902399708,0.9751912358976684,0.8613460630887506
37,N4,7,180.0,185.0,XMEAS-2,0.06308782168977611,0.06308782168977611,0.10798314245422624,0.10798314245422624,1.0218653495682495,1.00871777218308,1.0157080595891312
37,N4,7,180.0,185.0,XMEAS-3,-0.06569034681514348,0.06569034681514348,-0.15125307690100245,0.15125307690100245,1.0574464857670007,0.9992562514493669,1.0415213047960123
37,N4,7,180.0,185.0,XMEAS-4,-0.19040499941816805,0.19040499941816805,0.022530127290019606,0.022530127290019606,0.9865088446461163,0.9782362130953047,0.9864520366522661
37,N4,7,180.0,185.0,XMEAS-5,0.3069152742967451,0.3069152742967451,0.062491975922127255,0.062491975922127255,0.9784225246339042,0.9812524891801339,0.9758697866443453
37,N4,7,180.0,185.0,XMEAS-6,0.26086635853813084,0.26086635853813084,0.043468743605082655,0.043468743605082655,1.0530484713330621,1.0887035783703363,1.0527026805574933
37,N4,7,180.0,185.0,XMEAS-7,0.02178817327260424,0.02178817327260424,-0.026388530737838447,0.026388530737838447,0.8913985024661287,0.9829584712675412,0.8906110278356764
37,N4,7,180.0,185.0,XMEAS-8,-0.1555936323898969,0.1555936323898969,0.0029125415967894176,0.0029125415967894176,1.0840801938134954,1.0918286174131797,1.0848155132625474
37,N4,7,180.0,185.0,XMEAS-9,0.03218694125034057,0.03218694125034057,0.038274278352373854,0.038274278352373854,1.0393063599812409,1.0270244535367121,1.0380313252447535
37,N4,7,180.0,185.0,XMEAS-10,-0.16756772297996303,0.16756772297996303,-0.0867940129090199,0.0867940129090199,0.654453326231278,1.0688007677554687,0.6431095764919801
37,N4,7,180.0,185.0,XMEAS-11,0.7417981889015698,0.7417981889015698,0.24679320951322628,0.24679320951322628,0.8190661277384423,0.9559307761422554,0.7474578567375021
37,N4,7,180.0,185.0,XMEAS-12,0.013512727237197238,0.013512727237197238,0.025543761577946394,0.025543761577946394,0.9644252573286093,0.9526008957101207,0.9646514327847402
37,N4,7,180.0,185.0,XMEAS-13,0.013984889416272371,0.013984889416272371,-0.011297162819708322,0.011297162819708322,0.8745932175535936,0.9942935454889126,0.8744698413041793
37,N4,7,180.0,185.0,XMEAS-14,-0.05063589363538146,0.05063589363538146,-0.026656185888867028,0.026656185888867028,0.9851731749721058,0.9728715535899706,0.9858057358893746
37,N4,7,180.0,185.0,XMEAS-15,0.014895835767699444,0.014895835767699444,0.07276303901888985,0.07276303901888985,0.9737814069392238,0.9757470457108329,0.9686738287194494
37,N4,7,180.0,185.0,XMEAS-16,-0.05674368910732473,0.05674368910732473,-0.04530539193652407,0.04530539193652407,0.8908560529460118,0.9693662737720201,0.8884905330077986
37,N4,7,180.0,185.0,XMEAS-17,-0.026652208049739393,0.026652208049739393,-0.03527687485652563,0.03527687485652563,0.9427047577693886,0.9336147808188906,0.9419658804210357
37,N4,7,180.0,185.0,XMEAS-18,1.1314804158221812,1.1314804158221812,0.2759830752359918,0.2759830752359918,0.643726507933512,0.9088643087519488,0.5232899832243492
37,N4,7,180.0,185.0,XMEAS-19,-0.01642414252101622,0.01642414252101622,-0.023874364726836912,0.023874364726836912,0.9610940066720951,0.9541024171209537,0.9609228739974275
37,N4,7,180.0,185.0,XMEAS-20,1.1425127945346596,1.1425127945346596,0.23700902709067553,0.23700902709067553,0.6859773624837389,1.006930705774959,0.6122059823440884
37,N4,7,180.0,185.0,XMEAS-21,-0.3181400244012502,0.3181400244012502,-0.15366111583324824,0.15366111583324824,0.9613480713529589,0.9318138587396851,0.9528169301892871
37,N4,7,180.0,185.0,XMEAS-22,0.6026085296579522,0.6026085296579522,0.1349356854788921,0.1349356854788921,0.8875299727557019,1.005031058135364,0.8741628921751705
37,N4,7,180.0,185.0,XMEAS-23,0.20719209840925737,0.20719209840925737,0.054882327261350734,0.054882327261350734,0.959422307319136,0.9440561796169219,0.9566742869196001
37,N4,7,180.0,185.0,XMEAS-24,-0.3007901894261535,0.3007901894261535,0.13342917127880743,0.13342917127880743,0.8588633037111288,0.8878653348008084,0.843600713340534
37,N4,7,180.0,185.0,XMEAS-25,-0.03853453168121738,0.03853453168121738,-0.02287971683058456,0.02287971683058456,1.1284943705041885,1.121767156622988,1.1283722712441144
37,N4,7,180.0,185.0,XMEAS-26,0.1288909725800958,0.1288909725800958,0.12444843925145561,0.12444843925145561,0.8865170850367055,0.8611337551499446,0.8734717213825502
37,N4,7,180.0,185.0,XMEAS-27,-0.058279179478783076,0.058279179478783076,-0.3381300951968963,0.3381300951968963,1.1672887899533098,1.0248651921103906,1.062807708437876
37,N4,7,180.0,185.0,XMEAS-28,-0.2228780335754551,0.2228780335754551,0.15058983272447407,0.15058983272447407,1.0795529481835748,1.112250024603716,1.0665431975018311
37,N4,7,180.0,185.0,XMEAS-29,0.5000732450231673,0.5000732450231673,0.16497860065044387,0.16497860065044387,0.9332385352308932,1.0618872828278685,0.9079078809846947
37,N4,7,180.0,185.0,XMEAS-30,-0.21472129074426086,0.21472129074426086,0.04233472018712124,0.04233472018712124,0.8961530152169245,1.0777755290062474,0.9002612674930893
37,N4,7,180.0,185.0,XMEAS-31,-0.29816677996558827,0.29816677996558827,-0.2780051567003163,0.2780051567003163,1.0593990360220782,1.0804077340453222,0.9830358513858672
37,N4,7,180.0,185.0,XMEAS-32,0.13665624010761004,0.13665624010761004,-0.09976066847004113,0.09976066847004113,0.9211339564860871,1.0254581947827381,0.910547378006721
37,N4,7,180.0,185.0,XMEAS-33,-0.0774742303796276,0.0774742303796276,0.023580290199168786,0.023580290199168786,1.005293195713323,1.0442070594594233,1.0074483239462573
37,N4,7,180.0,185.0,XMEAS-34,-0.16036417603402722,0.16036417603402722,0.3297243898506353,0.3297243898506353,1.0563598274334653,1.0952218282283963,0.9556456630202163
37,N4,7,180.0,185.0,XMEAS-35,0.26232595669461406,0.26232595669461406,0.18144721653000376,0.18144721653000376,0.9769280022082131,0.9733440114698246,0.9469135825261172
37,N4,7,180.0,185.0,XMEAS-36,0.3347322807461245,0.3347322807461245,0.023776518890008654,0.023776518890008654,0.9236745946745025,0.9246793075495172,0.9242888613767666
37,N4,7,180.0,185.0,XMEAS-37,0.0716322603293003,0.0716322603293003,-0.3260953538119738,0.3260953538119738,1.0730613574065118,0.9319437557351673,0.9680541371637876
37,N4,7,180.0,185.0,XMEAS-38,0.09445643698748263,0.09445643698748263,0.15970184024411302,0.15970184024411302,1.0022138074973013,1.2801430853888662,0.9793940203291479
37,N4,7,180.0,185.0,XMEAS-39,0.05588539055100225,0.05588539055100225,-0.053761478079186784,0.053761478079186784,0.9904688124621389,1.092987061478881,0.9951070766933733
37,N4,7,180.0,185.0,XMEAS-40,-0.19609869808430988,0.19609869808430988,-0.1907678586450986,0.1907678586450986,1.2394930384391514,1.2896642236590188,1.209812586034561
37,N4,7,180.0,185.0,XMEAS-41,0.41314464499438314,0.41314464499438314,0.05512984617486946,0.05512984617486946,1.2536021882609678,1.3070683499857918,1.2636398989278248
38,N4,8,185.0,190.0,XMEAS-1,-1.1555681390452543,1.1555681390452543,-0.5136944989471695,0.5136944989471695,0.9973482443494722,0.9337843471321657,0.6687579003876499
38,N4,8,185.0,190.0,XMEAS-2,0.26740032421873494,0.26740032421873494,0.01958970830611843,0.01958970830611843,1.0070012015310923,1.0119390226918343,1.0124230038257218
38,N4,8,185.0,190.0,XMEAS-3,-0.2668135854689619,0.2668135854689619,0.05268102364826686,0.05268102364826686,0.9839830731325152,1.0099063009314344,0.9876050613550467
38,N4,8,185.0,190.0,XMEAS-4,0.02924627054146482,0.02924627054146482,0.035614950629610474,0.035614950629610474,1.0425247944986786,1.0070227498178843,1.041760501197323
38,N4,8,185.0,190.0,XMEAS-5,-0.038046081422455774,0.038046081422455774,-0.08203583350959799,0.08203583350959799,1.0562155825474664,1.0783363762776392,1.0512886821589673
38,N4,8,185.0,190.0,XMEAS-6,0.030460427312124002,0.030460427312124002,-0.12880061851004954,0.12880061851004954,1.032753537873824,1.0143772104017363,1.0173059988255688
38,N4,8,185.0,190.0,XMEAS-7,0.04051935222797208,0.04051935222797208,0.02515318428671259,0.02515318428671259,1.0043957706824138,1.0359579371200867,1.0037702923910803
38,N4,8,185.0,190.0,XMEAS-8,0.11845516995915033,0.11845516995915033,0.09074557394901119,0.09074557394901119,0.9952253862302657,0.968718758052896,0.9872163344937626
38,N4,8,185.0,190.0,XMEAS-9,-0.019591965152907592,0.019591965152907592,-0.05921503301371428,0.05921503301371428,1.0038096717517357,0.9538214114900606,1.0003441426373472
38,N4,8,185.0,190.0,XMEAS-10,-0.2516862543981682,0.2516862543981682,-0.004832281791862954,0.004832281791862954,1.0687218841492439,0.9723241077840542,1.0700287151948151
38,N4,8,185.0,190.0,XMEAS-11,0.2805893329970432,0.2805893329970432,-0.5199635818790076,0.5199635818790076,1.1353607457849373,0.9802335376058732,0.8625952721296667
38,N4,8,185.0,190.0,XMEAS-12,0.13542235233799674,0.13542235233799674,0.08967014172220501,0.08967014172220501,1.0060109361508893,0.979743918264379,0.9985888593856126
38,N4,8,185.0,190.0,XMEAS-13,0.03511921314051969,0.03511921314051969,0.00973359630735529,0.00973359630735529,1.0265344519279431,1.0421641087342624,1.0264722043251697
38,N4,8,185.0,190.0,XMEAS-14,-0.10725041368966191,0.10725041368966191,0.046832937154221516,0.046832937154221516,1.0378410679180907,1.049430223815962,1.0370887530926383
38,N4,8,185.0,190.0,XMEAS-15,-0.33154580310009335,0.33154580310009335,-0.126219971163616,0.126219971163616,0.9610320608986582,1.0086631753209803,0.9441237821724374
38,N4,8,185.0,190.0,XMEAS-16,0.018349769218205712,0.018349769218205712,0.044816200890285554,0.044816200890285554,1.006536794809812,0.9255679007873043,1.0045008868822636
38,N4,8,185.0,190.0,XMEAS-17,-0.020021128495045528,0.020021128495045528,9.18464309179634e-05,9.18464309179634e-05,1.0333444291149498,1.026571579699171,1.0340489761730323
38,N4,8,185.0,190.0,XMEAS-18,0.20382696090960542,0.20382696090960542,-0.7729067848523166,0.7729067848523166,1.2886126716970847,1.053851730732197,0.664781332899829
38,N4,8,185.0,190.0,XMEAS-19,0.030847491707148206,0.030847491707148206,-0.000942493789052455,0.000942493789052455,1.0239246019579387,1.0601451362104726,1.0244022458923885
38,N4,8,185.0,190.0,XMEAS-20,0.11039484801076598,0.11039484801076598,-0.792484592797937,0.792484592797937,1.3161432098959631,1.0170329274233176,0.6672232451673076
38,N4,8,185.0,190.0,XMEAS-21,0.06572520346264549,0.06572520346264549,0.20993987187008692,0.20993987187008692,0.9031931567517358,0.9704280426477795,0.8665716743620794
38,N4,8,185.0,190.0,XMEAS-22,0.07030094307375946,0.07030094307375946,-0.4070060669178088,0.4070060669178088,1.0690854776234842,1.0038964877310683,0.9011668410241335
38,N4,8,185.0,190.0,XMEAS-23,0.36465011436920486,0.36465011436920486,-0.05116500691107489,0.05116500691107489,0.9813233843583566,1.0609971458848544,0.9790827184453269
38,N4,8,185.0,190.0,XMEAS-24,0.0970303598961866,0.0970303598961866,0.08424942273042761,0.08424942273042761,1.018723420944657,1.1054257191968861,1.0194908834969165
38,N4,8,185.0,190.0,XMEAS-25,-0.10820433495220215,0.10820433495220215,-0.017636235289484856,0.017636235289484856,0.9506151852984865,0.8602964696224019,0.9505788108536409
38,N4,8,185.0,190.0,XMEAS-26,0.36014272199402025,0.36014272199402025,0.05056976825777232,0.05056976825777232,0.9610014783704733,0.9485197530007666,0.9641827428994858
38,N4,8,185.0,190.0,XMEAS-27,-0.2980775320487736,0.2980775320487736,0.06839658430505731,0.06839658430505731,1.0141517698276494,1.0833135908952267,1.012002796751218
38,N4,8,185.0,190.0,XMEAS-28,0.3700310194877337,0.3700310194877337,-0.05159119757089118,0.05159119757089118,0.9357692047384264,0.8583233968781759,0.9408835625921007
38,N4,8,185.0,190.0,XMEAS-29,0.23046400461460426,0.23046400461460426,-0.2184847620665778,0.2184847620665778,0.9160586442039075,0.8524650962564242,0.8652732680125698
38,N4,8,185.0,190.0,XMEAS-30,0.3258493914388068,0.3258493914388068,0.09023133901244165,0.09023133901244165,0.8658990132752702,0.9708575998588298,0.8619526123956688
38,N4,8,185.0,190.0,XMEAS-31,-0.3074050153765785,0.3074050153765785,0.05761545442056101,0.05761545442056101,0.840422827611582,0.8819095561381319,0.8387112937321161
38,N4,8,185.0,190.0,XMEAS-32,-0.11913764068659391,0.11913764068659391,0.14433533198030593,0.14433533198030593,0.9738817159242019,0.862957196609203,0.952072888781017
38,N4,8,185.0,190.0,XMEAS-33,-0.3229845226312518,0.3229845226312518,0.28748156681722953,0.28748156681722953,1.141789304957447,1.1660277584233119,1.0663452974327694
38,N4,8,185.0,190.0,XMEAS-34,0.39012967438347457,0.39012967438347457,0.12302102709757157,0.12302102709757157,0.9717166358213373,1.0564711509795681,0.9684398767864361
38,N4,8,185.0,190.0,XMEAS-35,0.4116050666517579,0.4116050666517579,-0.1322600078102086,0.1322600078102086,0.9353395934305087,1.0914621568951735,0.9212924146366
38,N4,8,185.0,190.0,XMEAS-36,-0.3354151398021582,0.3354151398021582,-0.15757152688186957,0.15757152688186957,1.1664494871142184,1.254542754931388,1.1455409673065324
38,N4,8,185.0,190.0,XMEAS-37,-0.1493274699811993,0.1493274699811993,0.07958279742318145,0.07958279742318145,1.0234804368495753,1.0643630926863057,1.0213307841555015
38,N4,8,185.0,190.0,XMEAS-38,-0.3952186554487738,0.3952186554487738,0.30736517765055477,0.30736517765055477,0.8383703577038716,0.8412811848951572,0.7139251250310807
38,N4,8,185.0,190.0,XMEAS-39,-0.13413513874252425,0.13413513874252425,0.10782892077359484,0.10782892077359484,0.8125843276744006,0.6760331884642433,0.8037026069838993
38,N4,8,185.0,190.0,XMEAS-40,-0.028207850804380555,0.028207850804380555,0.09799519525305023,0.09799519525305023,1.1520236162651962,1.4730447895404528,1.1445982347160426
38,N4,8,185.0,190.0,XMEAS-41,-0.10626832233177495,0.10626832233177495,-0.0294877155018327,0.0294877155018327,0.8017663966793429,0.8218019746329697,0.8086790935954697
39,N4,9,190.0,195.0,XMEAS-1,0.8521386283133146,0.8521386283133146,0.528920691644449,0.528920691644449,0.9210836280719296,0.9346516802025526,0.5158258915734216
39,N4,9,190.0,195.0,XMEAS-2,0.1311889177960506,0.1311889177960506,-0.010078902072701247,0.010078902072701247,0.9067718129100972,1.003776081441996,0.9118969922395448
39,N4,9,190.0,195.0,XMEAS-3,0.02002376663244789,0.02002376663244789,0.05943408092843058,0.05943408092843058,1.047687772094391,1.0673371459100829,1.0511552397337343
39,N4,9,190.0,195.0,XMEAS-4,-0.07009705947013334,0.07009705947013334,-0.03702817651232772,0.03702817651232772,0.9724863009305069,1.0450547182885344,0.9714854796399468
39,N4,9,190.0,195.0,XMEAS-5,-0.35059111574815893,0.35059111574815893,0.10517829489854996,0.10517829489854996,1.0320434287358062,0.9701975704839645,1.0224845943181862
39,N4,9,190.0,195.0,XMEAS-6,-0.26763098587491974,0.26763098587491974,0.025693387205246124,0.025693387205246124,0.9479231861178125,0.9960965971627653,0.9485748144152412
39,N4,9,190.0,195.0,XMEAS-7,-0.10152843111871694,0.10152843111871694,-0.03704891740379687,0.03704891740379687,0.9669600571468753,1.0092783697827146,0.9655071420728077
39,N4,9,190.0,195.0,XMEAS-8,-0.05913581746840065,0.05913581746840065,-0.03539722295661391,0.03539722295661391,1.0490668353406503,1.0859043177121144,1.0485364529551744
39,N4,9,190.0,195.0,XMEAS-9,0.08320605223867962,0.08320605223867962,-0.02457328819823723,0.02457328819823723,0.9893738613555714,0.9696465072395588,0.9889255049044365
39,N4,9,190.0,195.0,XMEAS-10,-0.2644671518499338,0.2644671518499338,-0.03243731020089181,0.03243731020089181,0.8547320781610627,1.0054659993012238,0.8545063866504045
39,N4,9,190.0,195.0,XMEAS-11,-1.3598894374530506,1.3598894374530506,0.2410883605950509,0.2410883605950509,0.9608418345293174,1.081706832134607,0.9077708153652992
39,N4,9,190.0,195.0,XMEAS-12,0.28637230061335817,0.28637230061335817,0.023924166402638437,0.023924166402638437,0.9950777952895048,1.0236667622145197,0.9954397733457335
39,N4,9,190.0,195.0,XMEAS-13,-0.09539628644388676,0.09539628644388676,-0.04291192193322846,0.04291192193322846,0.9807254556518948,0.9376488940883202,0.9787937387645436
39,N4,9,190.0,195.0,XMEAS-14,0.31625134992099174,0.31625134992099174,0.04427778154080588,0.04427778154080588,1.0018337221065043,1.01471033795649,1.0011946609712903
39,N4,9,190.0,195.0,XMEAS-15,0.014347755688111198,0.014347755688111198,0.15506766186578186,0.15506766186578186,1.009246329019995,1.0107782946664428,0.9846314448800251
39,N4,9,190.0,195.0,XMEAS-16,-0.08082079196200989,0.08082079196200989,-0.056048367301072884,0.056048367301072884,0.9884118922832766,1.066924675214873,0.9851353591272866
39,N4,9,190.0,195.0,XMEAS-17,-0.041794316453346705,0.041794316453346705,-0.017732554975703356,0.017732554975703356,1.0214140719767155,0.9962587986947576,1.0217884758902567
39,N4,9,190.0,195.0,XMEAS-18,-1.9695333234149084,1.9695333234149084,0.3045787965449666,0.3045787965449666,0.684570286577787,1.0421234270681474,0.5429665453583153
39,N4,9,190.0,195.0,XMEAS-19,-0.009982503161872382,0.009982503161872382,0.012457704761826125,0.012457704761826125,0.975937140681993,1.04168974663438,0.9762269730974592
39,N4,9,190.0,195.0,XMEAS-20,-1.7758424329815556,1.7758424329815556,0.37589111591831637,0.37589111591831637,0.8557564771401993,1.0014597470227475,0.6810015064077004
39,N4,9,190.0,195.0,XMEAS-21,0.29338808667693067,0.29338808667693067,0.039079441617251603,0.039079441617251603,0.8850038136783057,0.9865032399104618,0.8997144071267272
39,N4,9,190.0,195.0,XMEAS-22,-1.1530016905839227,1.1530016905839227,0.1823153798024935,0.1823153798024935,0.9885715460741237,0.9831076155914776,0.9619597581252369
39,N4,9,190.0,195.0,XMEAS-23,-0.5055800077235669,0.5055800077235669,0.09138021463123004,0.09138021463123004,0.9113912386038567,0.9366790637587211,0.90227277765135
39,N4,9,190.0,195.0,XMEAS-24,0.4870565815833021,0.4870565815833021,-0.11248246291665259,0.11248246291665259,0.9039264828320897,0.8828219360039848,0.8962769692247553
39,N4,9,190.0,195.0,XMEAS-25,0.2821723160985328,0.2821723160985328,-0.0885467327943072,0.0885467327943072,0.8863346440035664,0.8727379685917741,0.8773227047604281
39,N4,9,190.0,195.0,XMEAS-26,0.15062263867993222,0.15062263867993222,0.03519624691904771,0.03519624691904771,0.8518891988270275,0.9006178135272449,0.8556630137974931
39,N4,9,190.0,195.0,XMEAS-27,0.41094497199091123,0.41094497199091123,0.005588332281238822,0.005588332281238822,1.100250358877157,1.093645149219783,1.103145952784929
39,N4,9,190.0,195.0,XMEAS-28,0.40502940093886536,0.40502940093886536,-0.015268040848622603,0.015268040848622603,1.1006109566708853,1.1550038267711198,1.1099352889338856
39,N4,9,190.0,195.0,XMEAS-29,-0.9173099375708215,0.9173099375708215,0.1782262969693102,0.1782262969693102,0.9078099082373399,0.8741042319987022,0.875938378743618
39,N4,9,190.0,195.0,XMEAS-30,0.8481090722676461,0.8481090722676461,0.038828439262244316,0.038828439262244316,0.9031144250944743,1.0396445369160194,0.9076195608834015
39,N4,9,190.0,195.0,XMEAS-31,-0.08733626712186737,0.08733626712186737,-0.252664856916554,0.252664856916554,0.8361089381727157,0.8693401152054349,0.754270095335233
39,N4,9,190.0,195.0,XMEAS-32,0.004981627274907758,0.004981627274907758,0.05061863608416991,0.05061863608416991,0.9546807288659771,1.0265232013384336,0.9526829271706763
39,N4,9,190.0,195.0,XMEAS-33,0.48734296678494066,0.48734296678494066,0.0931937563483685,0.0931937563483685,0.945029910298502,0.9962415003908119,0.9379202140300869
39,N4,9,190.0,195.0,XMEAS-34,0.5399452640413954,0.5399452640413954,0.05773775033666307,0.05773775033666307,0.8308277528808236,0.9596331904352434,0.8379932946576759
39,N4,9,190.0,195.0,XMEAS-35,-0.5514895130825932,0.5514895130825932,-0.048972603592890365,0.048972603592890365,0.7294498292505037,0.7378012320111837,0.7305312487351086
39,N4,9,190.0,195.0,XMEAS-36,-0.41646005486042587,0.41646005486042587,-0.03378951223049893,0.03378951223049893,1.1533106195295797,1.1412677741592914,1.1538411369332207
39,N4,9,190.0,195.0,XMEAS-37,0.37820999478341927,0.37820999478341927,0.01806468304265345,0.01806468304265345,0.890464062320382,0.9425672787821474,0.8938779331501086
39,N4,9,190.0,195.0,XMEAS-38,0.9260578056541201,0.9260578056541201,0.09271730863110625,0.09271730863110625,0.7463646898238766,0.749468920005792,0.737345024976152
39,N4,9,190.0,195.0,XMEAS-39,0.1377418370546763,0.1377418370546763,-0.2031531293213686,0.2031531293213686,1.0665866429455204,1.1245435716119832,1.0333364809590528
39,N4,9,190.0,195.0,XMEAS-40,0.21307277184601425,0.21307277184601425,0.0743335788054087,0.0743335788054087,0.980418139821203,1.064436005036658,0.9756351603365494
39,N4,9,190.0,195.0,XMEAS-41,-0.0355059886396677,0.0355059886396677,0.20358312021884953,0.20358312021884953,1.1425983942424163,1.3326393250249682,1.1151332141664085
40,N4,10,195.0,200.0,XMEAS-1,-0.7429468275403492,0.7429468275403492,-0.40786348135072586,0.40786348135072586,1.3543099531833411,0.9887295615209593,1.224848569228154
40,N4,10,195.0,200.0,XMEAS-2,0.3421976866376455,0.3421976866376455,-0.043067272134911606,0.043067272134911606,0.9390464794937946,0.9700502697348065,0.942397475441554
40,N4,10,195.0,200.0,XMEAS-3,-0.24456865231451755,0.24456865231451755,-0.0030258289915111865,0.0030258289915111865,0.9978798110707298,1.0900063294468065,1.0045572626078025
40,N4,10,195.0,200.0,XMEAS-4,0.2062521729014257,0.2062521729014257,0.02822199495097771,0.02822199495097771,0.9539573521976695,0.9697065304966757,0.9535494081649617
40,N4,10,195.0,200.0,XMEAS-5,-0.004340304676752184,0.004340304676752184,-0.09815459884483073,0.09815459884483073,0.9820983663811413,1.0019287908498888,0.9734151692521636
40,N4,10,195.0,200.0,XMEAS-6,0.009168693070911855,0.009168693070911855,-0.07413548768098077,0.07413548768098077,1.0570172569914518,1.0967515086051887,1.0531007078015548
40,N4,10,195.0,200.0,XMEAS-7,0.10605358054646626,0.10605358054646626,-0.19523481339736967,0.19523481339736967,1.1467519547768916,0.9967107223380988,1.1115066968681437
40,N4,10,195.0,200.0,XMEAS-8,-0.06342288993804156,0.06342288993804156,0.013831782420328212,0.013831782420328212,0.9087372349393112,0.8936864542004407,0.9091402686865484
40,N4,10,195.0,200.0,XMEAS-9,0.04740022968029388,0.04740022968029388,0.016326558657821615,0.016326558657821615,1.095077042393779,1.0477632019572984,1.095032700192839
40,N4,10,195.0,200.0,XMEAS-10,0.5882016931723815,0.5882016931723815,0.1576113260459981,0.1576113260459981,1.2118001478098244,1.0063087312577068,1.1916632882314446
40,N4,10,195.0,200.0,XMEAS-11,0.18094343007821553,0.18094343007821553,0.1412414928586167,0.1412414928586167,0.9356401758217309,0.955129036751518,0.9257103504049466
40,N4,10,195.0,200.0,XMEAS-12,-0.15295041430478265,0.15295041430478265,-0.1393536960165179,0.1393536960165179,1.0464129715803177,1.020771108561803,1.027828661047187
40,N4,10,195.0,200.0,XMEAS-13,0.11018677634448683,0.11018677634448683,-0.16953643985494432,0.16953643985494432,1.1005563755512648,0.9847059174240743,1.0729496995820669
40,N4,10,195.0,200.0,XMEAS-14,0.012935521073488086,0.012935521073488086,-0.1297442213122222,0.1297442213122222,0.9735319813173491,0.9461608537264918,0.9566349454919412
40,N4,10,195.0,200.0,XMEAS-15,0.2050903348793286,0.2050903348793286,-0.17951723987318677,0.17951723987318677,0.9983577466270572,0.9495359064939601,0.9646201642784237
40,N4,10,195.0,200.0,XMEAS-16,0.10209512594111785,0.10209512594111785,-0.1882825114050737,0.1882825114050737,1.0940934272335618,0.9509126285959417,1.0597429964245684
40,N4,10,195.0,200.0,XMEAS-17,-0.027743845994380765,0.027743845994380765,0.11542579261581518,0.11542579261581518,1.010047587602879,1.0131840574548465,0.9968454182171121
40,N4,10,195.0,200.0,XMEAS-18,-0.20473219573669207,0.20473219573669207,0.2239302800659203,0.2239302800659203,0.7724825550089321,1.020856116979602,0.7265541346549059
40,N4,10,195.0,200.0,XMEAS-19,0.05467205702194208,0.05467205702194208,-0.00571643723251646,0.00571643723251646,1.031063882642579,1.0811609266206015,1.0315126306323374
40,N4,10,195.0,200.0,XMEAS-20,-0.2510000315288159,0.2510000315288159,-0.2076423228659296,0.2076423228659296,0.6658379901057023,0.9616846413208715,0.612266670651646
40,N4,10,195.0,200.0,XMEAS-21,-0.2514258179336558,0.2514258179336558,0.047422175115058515,0.047422175115058515,0.7377187597906486,0.9244770852326994,0.7482616168093865
40,N4,10,195.0,200.0,XMEAS-22,-0.009139412001580957,0.009139412001580957,0.02136089802664186,0.02136089802664186,0.887141784030153,0.9813943611700542,0.8951435578650612
40,N4,10,195.0,200.0,XMEAS-23,-0.0832810031520159,0.0832810031520159,-0.08791236315589421,0.08791236315589421,1.1012386262774472,1.1812250204373234,1.0944955660995932
40,N4,10,195.0,200.0,XMEAS-24,0.43075351064661277,0.43075351064661277,-0.22748618479121063,0.22748618479121063,1.026634726739804,1.1857547516464029,0.980291304497011
40,N4,10,195.0,200.0,XMEAS-25,-0.4494230805041661,0.4494230805041661,0.293467176716807,0.293467176716807,1.2204755307755166,1.0946287075679502,1.1447192292826218
40,N4,10,195.0,200.0,XMEAS-26,0.023000703046003972,0.023000703046003972,0.06283833034758032,0.06283833034758032,1.0949342786729452,0.9669640605784114,1.0979529777601258
40,N4,10,195.0,200.0,XMEAS-27,0.06259622349439674,0.06259622349439674,-0.037621679207838626,0.037621679207838626,0.8577611628316296,1.0188786603616593,0.8583108628861408
40,N4,10,195.0,200.0,XMEAS-28,0.44995374777650676,0.44995374777650676,-0.29519780543385693,0.29519780543385693,0.9071761606565774,0.8986248043371698,0.8074554881357865
40,N4,10,195.0,200.0,XMEAS-29,-0.13661785632358653,0.13661785632358653,-0.5169338312338353,0.5169338312338353,1.167121928075629,0.8732212903862129,0.9020712364029935
40,N4,10,195.0,200.0,XMEAS-30,0.4809495066925347,0.4809495066925347,-0.26668499379970695,0.26668499379970695,0.9278341533796264,0.9939697601693888,0.8497807887033663
40,N4,10,195.0,200.0,XMEAS-31,-0.38084394304747643,0.38084394304747643,0.5341630427698268,0.5341630427698268,1.0961570519603305,0.7485118713416061,0.780165482072578
40,N4,10,195.0,200.0,XMEAS-32,0.06519726157160304,0.06519726157160304,-0.02710733324731479,0.02710733324731479,0.8988490512377543,0.8427513998485022,0.8987596778752831
40,N4,10,195.0,200.0,XMEAS-33,-0.05450876053798446,0.05450876053798446,0.014509337219584147,0.014509337219584147,1.066385407573138,1.1448807607487113,1.069079639804198
40,N4,10,195.0,200.0,XMEAS-34,0.7283568740029454,0.7283568740029454,-0.17705792618286306,0.17705792618286306,0.901663695182533,1.0526353147325977,0.8764540195501773
40,N4,10,195.0,200.0,XMEAS-35,0.2326001625347501,0.2326001625347501,0.23067185164691784,0.23067185164691784,1.0090047784159302,1.021665989928701,0.9582326366975674
40,N4,10,195.0,200.0,XMEAS-36,-0.16143445498276482,0.16143445498276482,0.05384597481157409,0.05384597481157409,0.9865384586755808,1.053860146266601,0.9847983051607238
40,N4,10,195.0,200.0,XMEAS-37,0.3115885079180342,0.3115885079180342,0.0691485376590121,0.0691485376590121,0.5284599014002659,0.568972744854624,0.5211309318825655
40,N4,10,195.0,200.0,XMEAS-38,0.03531939701748391,0.03531939701748391,-0.3877029522340632,0.3877029522340632,1.179897435900059,1.1424281563018288,1.0426562014927845
40,N4,10,195.0,200.0,XMEAS-39,0.0059357002149706415,0.0059357002149706415,-0.1590959435473928,0.1590959435473928,0.9456570390542399,0.9440690530893814,0.9244025184186669
40,N4,10,195.0,200.0,XMEAS-40,-0.224100682545134,0.224100682545134,0.17419746395893415,0.17419746395893415,0.7617073744846872,0.641729566304281,0.7196964975792088
40,N4,10,195.0,200.0,XMEAS-41,0.02978101365426019,0.02978101365426019,-0.4063500230774374,0.4063500230774374,1.185990121624395,1.0760228019507834,1.040609763967357
41,N5,1,200.0,205.0,XMEAS-1,0.9301887563817661,0.9301887563817661,-0.10937009257996277,0.10937009257996277,0.7687151299282547,1.0241745532823439,0.7546252592785639
41,N5,1,200.0,205.0,XMEAS-2,0.08902429180425145,0.08902429180425145,0.042619368089460874,0.042619368089460874,1.0213034777589354,1.0242442560958975,1.0268708414768788
41,N5,1,200.0,205.0,XMEAS-3,0.042115326300985356,0.042115326300985356,0.01577866890933482,0.01577866890933482,0.9318429514834254,0.9510672231126056,0.9382427306136631
41,N5,1,200.0,205.0,XMEAS-4,0.02447587088475629,0.02447587088475629,-0.011973551036112525,0.011973551036112525,0.9841149921159867,1.0051356753555551,0.9844049182061304
41,N5,1,200.0,205.0,XMEAS-5,0.1933182289943053,0.1933182289943053,0.15791035586296304,0.15791035586296304,0.929651510463361,0.9210379635920967,0.9023272375595744
41,N5,1,200.0,205.0,XMEAS-6,0.21634050749106032,0.21634050749106032,0.07894415879564137,0.07894415879564137,0.9207219377901679,0.8894235384056529,0.914473766158006
41,N5,1,200.0,205.0,XMEAS-7,-0.03464277438592458,0.03464277438592458,-0.08099050658280176,0.08099050658280176,1.0168261774516467,1.125195186616242,1.010100881614023
41,N5,1,200.0,205.0,XMEAS-8,0.029788270552962133,0.029788270552962133,-0.02434020757994125,0.02434020757994125,1.0049429360508295,1.0019535209838004,1.004927101059022
41,N5,1,200.0,205.0,XMEAS-9,0.018572133640901874,0.018572133640901874,0.03511710796701743,0.03511710796701743,0.9179966258245712,0.9240800156767803,0.9168101910447536
41,N5,1,200.0,205.0,XMEAS-10,0.17988470764339376,0.17988470764339376,-0.05957520926719028,0.05957520926719028,0.7271112900378369,1.027689154426524,0.7228567764067149
41,N5,1,200.0,205.0,XMEAS-11,0.5120725311347796,0.5120725311347796,0.3410004017379707,0.3410004017379707,0.9935782093583964,1.0878162811974363,0.873846954623663
41,N5,1,200.0,205.0,XMEAS-12,-0.02959618418844758,0.02959618418844758,0.07368684335931783,0.07368684335931783,1.0544390994122523,1.0544536563072742,1.050115060700349
41,N5,1,200.0,205.0,XMEAS-13,-0.03902914539797258,0.03902914539797258,-0.06910819012700646,0.06910819012700646,0.990127399278904,1.0002559037164895,0.985103427887455
41,N5,1,200.0,205.0,XMEAS-14,-0.14144771039871604,0.14144771039871604,0.011968211791289369,0.011968211791289369,0.969845847562613,0.9549216436557011,0.97137269579859
41,N5,1,200.0,205.0,XMEAS-15,-0.20292131162179675,0.20292131162179675,0.12057412791664827,0.12057412791664827,0.995146632029555,1.0132752794245,0.9803051934817052
41,N5,1,200.0,205.0,XMEAS-16,-0.0536297575138484,0.0536297575138484,-0.0731764066814603,0.0731764066814603,0.9877046913307997,1.038004882973892,0.9820794939853239
41,N5,1,200.0,205.0,XMEAS-17,0.016644797416825216,0.016644797416825216,0.012485410775030641,0.012485410775030641,1.0237396533218925,0.9931686728302361,1.024163889272183
41,N5,1,200.0,205.0,XMEAS-18,0.9339289809880119,0.9339289809880119,0.47525227607031956,0.47525227607031956,0.8366536442136465,1.0391559924996125,0.49113387446873885
41,N5,1,200.0,205.0,XMEAS-19,0.02009051225773919,0.02009051225773919,0.055698700744446175,0.055698700744446175,1.0202500280501545,1.0716713207573891,1.017521410100121
41,N5,1,200.0,205.0,XMEAS-20,0.784857246104685,0.784857246104685,0.5802549972490703,0.5802549972490703,1.0288360813658852,0.9597014936574436,0.6076048437330596
41,N5,1,200.0,205.0,XMEAS-21,-0.5551955707431837,0.5551955707431837,-0.17458962925711424,0.17458962925711424,0.8695462766111359,1.0827809205443055,0.8520436093142103
41,N5,1,200.0,205.0,XMEAS-22,0.5143578115137926,0.5143578115137926,0.26248535182630633,0.26248535182630633,1.0085290191585397,1.016461854261762,0.9416833374285499
41,N5,1,200.0,205.0,XMEAS-23,0.04044195440293948,0.04044195440293948,0.15714784810291668,0.15714784810291668,0.7194082140003717,0.7232551712221665,0.6828875234110882
41,N5,1,200.0,205.0,XMEAS-24,-0.376174890973378,0.376174890973378,-0.07553646479731516,0.07553646479731516,0.8761739506241535,0.9053446416481291,0.8744775710522974
41,N5,1,200.0,205.0,XMEAS-25,0.22901696052150536,0.22901696052150536,-0.25483443015551266,0.25483443015551266,0.9222152703673328,0.7897797587532853,0.8456339432431174
41,N5,1,200.0,205.0,XMEAS-26,-0.5857344600424558,0.5857344600424558,-0.021852054889022178,0.021852054889022178,1.1401006105334064,1.2138039797756501,1.1415305718367978
41,N5,1,200.0,205.0,XMEAS-27,-0.24640140786124265,0.24640140786124265,0.020933757601159987,0.020933757601159987,1.011839489130747,1.032391794498115,1.0141985997782128
41,N5,1,200.0,205.0,XMEAS-28,-0.4430631227166861,0.4430631227166861,-0.07894311489688782,0.07894311489688782,0.9374964008946013,1.0206452219337876,0.9333720764129774
41,N5,1,200.0,205.0,XMEAS-29,0.45478703352988875,0.45478703352988875,0.36097823945787827,0.36097823945787827,1.0600738480320602,1.002991078361152,0.9248885409630914
41,N5,1,200.0,205.0,XMEAS-30,-0.28468826956916693,0.28468826956916693,0.11755076983745269,0.11755076983745269,0.7662520208035728,0.8436021026515251,0.749857834804926
41,N5,1,200.0,205.0,XMEAS-31,0.3696123414412433,0.3696123414412433,-0.23916292126268937,0.23916292126268937,1.0471825090196392,1.0790676143170286,0.9909785326785517
41,N5,1,200.0,205.0,XMEAS-32,0.20997611482592962,0.20997611482592962,0.0663145992166114,0.0663145992166114,0.8232859378127942,0.8027294353029848,0.8180005639008979
41,N5,1,200.0,205.0,XMEAS-33,-0.08581082579471735,0.08581082579471735,-0.15537857553644477,0.15537857553644477,0.9704348048946524,0.9316589155029981,0.9454496209942983
41,N5,1,200.0,205.0,XMEAS-34,-0.9197628961342412,0.9197628961342412,-0.11562242842295031,0.11562242842295031,0.850008232549843,1.0995018261302474,0.8395223618538953
41,N5,1,200.0,205.0,XMEAS-35,0.25024334914309865,0.25024334914309865,0.033286627593830775,0.033286627593830775,0.8793246484447729,0.9169689204347024,0.8843433197420023
41,N5,1,200.0,205.0,XMEAS-36,0.028025791564739774,0.028025791564739774,0.08686370297342115,0.08686370297342115,0.9297184837878867,0.9536950225888472,0.923350724367044
41,N5,1,200.0,205.0,XMEAS-37,0.012409357258021699,0.012409357258021699,0.00022074493415023675,0.00022074493415023675,0.7923563817862127,0.8084033254044024,0.7991465765707695
41,N5,1,200.0,205.0,XMEAS-38,-0.36944290351404463,0.36944290351404463,-0.12382358309657518,0.12382358309657518,0.8380428795489665,0.8717543974157042,0.8219127585415595
41,N5,1,200.0,205.0,XMEAS-39,0.015604827029610044,0.015604827029610044,-0.11416884564228054,0.11416884564228054,1.091509480035406,1.2557810107452876,1.0866599572220557
41,N5,1,200.0,205.0,XMEAS-40,0.09928646367872672,0.09928646367872672,-0.062180725288296206,0.062180725288296206,0.8287365405027229,0.9290106362354867,0.8242782727725542
41,N5,1,200.0,205.0,XMEAS-41,-0.022694695178891423,0.022694695178891423,0.13809789314068868,0.13809789314068868,0.8361843984006615,0.844440504035762,0.8201526478779754
42,N5,2,205.0,210.0,XMEAS-1,-0.4876658652296448,0.4876658652296448,-0.08067220673654826,0.08067220673654826,0.6055300965811592,0.9421020425472834,0.5960466305021318
42,N5,2,205.0,210.0,XMEAS-2,-0.06031705993734345,0.06031705993734345,0.008844962719471751,0.008844962719471751,1.0125410130120676,1.0059666859661072,1.0198372409638796
42,N5,2,205.0,210.0,XMEAS-3,0.1496173550487217,0.1496173550487217,-0.017591934752693265,0.017591934752693265,0.9493824013635921,0.9370573418995026,0.9558460193880802
42,N5,2,205.0,210.0,XMEAS-4,0.03260373323478328,0.03260373323478328,0.050474619709245584,0.050474619709245584,1.0375382628185095,1.0816859834089618,1.0354338462544814
42,N5,2,205.0,210.0,XMEAS-5,0.22473375885731256,0.22473375885731256,-0.07173425416968657,0.07173425416968657,0.9426937766279552,1.000290594991405,0.9381618648687584
42,N5,2,205.0,210.0,XMEAS-6,0.12120462084926562,0.12120462084926562,-0.05135869342286759,0.05135869342286759,0.9992924796511955,0.9941168983609431,0.9974609390118525
42,N5,2,205.0,210.0,XMEAS-7,0.054163386722945225,0.054163386722945225,-0.0035045241046095616,0.0035045241046095616,1.2279304646545681,1.0097968474280306,1.2279678006683403
42,N5,2,205.0,210.0,XMEAS-8,0.005329045748610629,0.005329045748610629,0.023922904042351253,0.023922904042351253,1.0252919459504972,1.0062667918465753,1.0253210791962122
42,N5,2,205.0,210.0,XMEAS-9,-0.07700931875962294,0.07700931875962294,-0.08523047873105964,0.08523047873105964,0.9817561169528356,1.013242488670297,0.9742245437960372
42,N5,2,205.0,210.0,XMEAS-10,-0.09120537573398466,0.09120537573398466,0.04780573835840436,0.04780573835840436,1.2599406981047172,1.0187806288628807,1.2595508851603296
42,N5,2,205.0,210.0,XMEAS-11,0.5669969118470962,0.5669969118470962,-0.3180158480235331,0.3180158480235331,0.90929341459214,0.9870262742046169,0.7946817569497362
42,N5,2,205.0,210.0,XMEAS-12,-0.006433015937425993,0.006433015937425993,0.14938013051566051,0.14938013051566051,0.9927526244900506,0.9354982992752223,0.9699658052564933
42,N5,2,205.0,210.0,XMEAS-13,0.09041632519121667,0.09041632519121667,-0.008263660874617863,0.008263660874617863,1.2058134741449704,0.8958907033753782,1.2057912761388192
42,N5,2,205.0,210.0,XMEAS-14,-0.18277904757698787,0.18277904757698787,0.05205659584993169,0.05205659584993169,0.9568110160605753,0.967251890540544,0.9555001179802232
42,N5,2,205.0,210.0,XMEAS-15,-0.01010086682843836,0.01010086682843836,-0.023015074438297672,0.023015074438297672,0.9790621332738582,1.0565721624300326,0.9790418072301248
42,N5,2,205.0,210.0,XMEAS-16,0.03662279602061134,0.03662279602061134,0.011657738933569781,0.011657738933569781,1.209057748668004,0.9743981335622383,1.2090108203305059
42,N5,2,205.0,210.0,XMEAS-17,0.022734293184559475,0.022734293184559475,0.02736881025194552,0.02736881025194552,0.9713448679016352,0.989150997520512,0.9710917361894824
42,N5,2,205.0,210.0,XMEAS-18,0.9055234724598437,0.9055234724598437,-0.4692782693964229,0.4692782693964229,0.8301814778591888,0.9284851381491054,0.49221749359659134
42,N5,2,205.0,210.0,XMEAS-19,0.0777568427692852,0.0777568427692852,0.01003916608894489,0.01003916608894489,0.959193643819261,0.8992803165042854,0.9595122920270979
42,N5,2,205.0,210.0,XMEAS-20,0.9754545737472216,0.9754545737472216,-0.42578881953933556,0.42578881953933556,0.8372647283660377,0.9498691491140728,0.5789547438563217
42,N5,2,205.0,210.0,XMEAS-21,-0.2480708857620783,0.2480708857620783,0.09978876948328512,0.09978876948328512,0.9370520188442346,0.9881706997829376,0.9480665645926439
42,N5,2,205.0,210.0,XMEAS-22,0.5228583679118354,0.5228583679118354,-0.24840956637417974,0.24840956637417974,0.9042108509071641,0.9645900243066144,0.836289681632718
42,N5,2,205.0,210.0,XMEAS-23,0.2604082326565475,0.2604082326565475,-0.3026869973499495,0.3026869973499495,1.1813444147424499,1.2334419457037027,1.0977785534690607
42,N5,2,205.0,210.0,XMEAS-24,-0.3326221437611958,0.3326221437611958,-0.20288995096337661,0.20288995096337661,0.9228810128816397,1.0072725393623674,0.8801924653523606
42,N5,2,205.0,210.0,XMEAS-25,0.0027057619815281726,0.0027057619815281726,0.0036500300582005666,0.0036500300582005666,0.7881392365386495,0.8166163158642047,0.7883198196400767
42,N5,2,205.0,210.0,XMEAS-26,-0.4322880386873607,0.4322880386873607,-0.20869263216613504,0.20869263216613504,1.0644118116902563,1.0358183306410393,1.0224252934208742
42,N5,2,205.0,210.0,XMEAS-27,-0.17489725710443066,0.17489725710443066,0.04735492977108636,0.04735492977108636,0.9914939339168106,1.0654630166517867,0.9918772599633361
42,N5,2,205.0,210.0,XMEAS-28,-0.4430156787446662,0.4430156787446662,-0.03288372162007152,0.03288372162007152,0.9440918708537992,1.079760620122171,0.9457810957224462
42,N5,2,205.0,210.0,XMEAS-29,0.5268449740473821,0.5268449740473821,-0.3200034391012449,0.3200034391012449,1.0877663382261273,1.0145538585238452,0.9868037217870067
42,N5,2,205.0,210.0,XMEAS-30,-0.4312769727972542,0.4312769727972542,0.18112456654943768,0.18112456654943768,0.8991943085005761,0.936044643487583,0.8633170209174643
42,N5,2,205.0,210.0,XMEAS-31,0.014547289470680073,0.014547289470680073,0.09509607140413846,0.09509607140413846,0.9192259296290459,0.9516749936246939,0.9112125585187498
42,N5,2,205.0,210.0,XMEAS-32,-0.04255356454251438,0.04255356454251438,0.0016542304303004,0.0016542304303004,0.9416979211899223,0.9254558612123978,0.9420592108321674
42,N5,2,205.0,210.0,XMEAS-33,-0.13125027912591491,0.13125027912591491,0.07636772775199677,0.07636772775199677,0.8590718320749292,0.9146613966713487,0.8531868202206919
42,N5,2,205.0,210.0,XMEAS-34,-0.4606621397834078,0.4606621397834078,0.1488595472729026,0.1488595472729026,0.8034591746260473,0.8753037246036465,0.7797766764987313
42,N5,2,205.0,210.0,XMEAS-35,0.06753746050300194,0.06753746050300194,-0.12758429180903005,0.12758429180903005,0.8799013979116962,1.0444207333338584,0.8665587700573063
42,N5,2,205.0,210.0,XMEAS-36,0.22339833957575067,0.22339833957575067,-0.09823235500045543,0.09823235500045543,1.005826359260277,0.9366941759521875,0.998076703191263
42,N5,2,205.0,210.0,XMEAS-37,0.08041955501937396,0.08041955501937396,0.29693739450487977,0.29693739450487977,0.9853700475405364,0.9901235294147656,0.8945339783567229
42,N5,2,205.0,210.0,XMEAS-38,-0.08113815226641315,0.08113815226641315,0.024856354786430942,0.024856354786430942,0.579252222175094,0.6956997640816482,0.580406224238091
42,N5,2,205.0,210.0,XMEAS-39,0.387897128395026,0.387897128395026,0.05022244088747404,0.05022244088747404,1.0802043382076563,0.9209406160594263,1.0854560653719973
42,N5,2,205.0,210.0,XMEAS-40,0.10400027647558434,0.10400027647558434,-0.13606781896842707,0.13606781896842707,1.0123766210306584,0.786656990698533,0.9936000976983141
42,N5,2,205.0,210.0,XMEAS-41,0.6088264627047344,0.6088264627047344,-0.11417018714404639,0.11417018714404639,1.0420329004222575,1.204024623904277,1.03920896435042
43,N5,3,210.0,215.0,XMEAS-1,0.31667932325725345,0.31667932325725345,0.12740327378803157,0.12740327378803157,0.6812121048821667,1.012407603942685,0.6578843514803088
43,N5,3,210.0,215.0,XMEAS-2,-0.33891049088541775,0.33891049088541775,-0.0179068968837904,0.0179068968837904,1.002600862162983,1.0391672919060078,1.0095692545462243
43,N5,3,210.0,215.0,XMEAS-3,0.5090079772582609,0.5090079772582609,-0.06993371474132103,0.06993371474132103,1.0041999529247623,0.9299989418842757,1.0062601306115893
43,N5,3,210.0,215.0,XMEAS-4,-0.15398283277582048,0.15398283277582048,-0.09321184540577117,0.09321184540577117,0.9467369908264359,0.9792192223348342,0.9375175303181603
43,N5,3,210.0,215.0,XMEAS-5,-0.013612118093731564,0.013612118093731564,0.07024929148105452,0.07024929148105452,0.9865868847081999,0.9906409572782138,0.9825919635840401
43,N5,3,210.0,215.0,XMEAS-6,0.04672865746847441,0.04672865746847441,0.04029975178895076,0.04029975178895076,0.9596598339085061,0.9506565768868955,0.9587843802092
43,N5,3,210.0,215.0,XMEAS-7,-0.00030017149168373226,0.00030017149168373226,0.06383226191259851,0.06383226191259851,0.9397418591034111,0.9780419309941637,0.9352357364693376
43,N5,3,210.0,215.0,XMEAS-8,0.051831055918905716,0.051831055918905716,0.04320176380822746,0.04320176380822746,0.9961327996196765,0.9849801570233985,0.9947670843703001
43,N5,3,210.0,215.0,XMEAS-9,-0.019296311760471353,0.019296311760471353,-0.007180938280957651,0.007180938280957651,0.9838635124606078,0.9805607678751866,0.9840434192596855
43,N5,3,210.0,215.0,XMEAS-10,-0.15296221262110815,0.15296221262110815,-0.18570520132478632,0.18570520132478632,0.806126349681593,1.0857031254380622,0.7610117210629769
43,N5,3,210.0,215.0,XMEAS-11,-0.2206150679113306,0.2206150679113306,-0.01870625830498547,0.01870625830498547,0.723817919140787,0.9547162999751677,0.7327144232328073
43,N5,3,210.0,215.0,XMEAS-12,0.06737534493470357,0.06737534493470357,-0.03862855862563383,0.03862855862563383,0.9359720666366984,0.9387679456787394,0.9352587945476264
43,N5,3,210.0,215.0,XMEAS-13,-0.0254548389054294,0.0254548389054294,0.05331666029129657,0.05331666029129657,0.906801621300637,0.9492079521459962,0.9035470710364314
43,N5,3,210.0,215.0,XMEAS-14,0.019715773049698595,0.019715773049698595,0.017492285715349755,0.017492285715349755,1.0079920349832947,1.0069544923609286,1.009421801765211
43,N5,3,210.0,215.0,XMEAS-15,0.07384139710595719,0.07384139710595719,0.0008275897869798626,0.0008275897869798626,1.0610250275579907,1.068159435958946,1.0616156225408568
43,N5,3,210.0,215.0,XMEAS-16,-0.023032077239996042,0.023032077239996042,0.06687613167560506,0.06687613167560506,0.9005326945967043,0.9214292903586646,0.8953793099672315
43,N5,3,210.0,215.0,XMEAS-17,0.1656252246147429,0.1656252246147429,0.03588065933819397,0.03588065933819397,0.9552042296614658,1.0171315854268714,0.9543381716697817
43,N5,3,210.0,215.0,XMEAS-18,-0.036102032952546284,0.036102032952546284,-0.018615323341833905,0.018615323341833905,0.356407080339537,0.97872036290555,0.36564657584142585
43,N5,3,210.0,215.0,XMEAS-19,-0.04005665155768958,0.04005665155768958,0.009115840580005983,0.009115840580005983,0.9590234041102955,0.982140156857348,0.9593612418315017
43,N5,3,210.0,215.0,XMEAS-20,0.08102904727774606,0.08102904727774606,0.09802371518840089,0.09802371518840089,0.6078220580142082,1.0200786327057128,0.6030028372051962
43,N5,3,210.0,215.0,XMEAS-21,0.3891318031617263,0.3891318031617263,-0.04596614146260001,0.04596614146260001,0.8900991500714215,1.0345966454710975,0.90888537854741
43,N5,3,210.0,215.0,XMEAS-22,-0.051439668814015474,0.051439668814015474,-0.001596289961287625,0.001596289961287625,0.8080497380293566,0.9574969645286859,0.814340095216648
43,N5,3,210.0,215.0,XMEAS-23,-0.1112054009805763,0.1112054009805763,0.0801932744172784,0.0801932744172784,0.9585093355595592,1.0841482731039558,0.9518873297724878
43,N5,3,210.0,215.0,XMEAS-24,-0.0146515399146133,0.0146515399146133,0.12195486054211623,0.12195486054211623,1.03046470587407,1.067521412467317,1.0212663848589825
43,N5,3,210.0,215.0,XMEAS-25,0.05494592569943951,0.05494592569943951,-0.027094753277257307,0.027094753277257307,0.8755786957362073,0.9513689987313744,0.8749219934976292
43,N5,3,210.0,215.0,XMEAS-26,-0.039626631608632105,0.039626631608632105,0.054458764217712535,0.054458764217712535,1.2000902628776187,1.0903822276183617,1.1994672295715474
43,N5,3,210.0,215.0,XMEAS-27,0.15723835256841967,0.15723835256841967,-0.04101897869420126,0.04101897869420126,1.0925337350673452,1.2040812962352505,1.0939559639639094
43,N5,3,210.0,215.0,XMEAS-28,-0.19765203114574756,0.19765203114574756,0.09923756600363684,0.09923756600363684,0.9011624109107247,1.0125048172166855,0.8923916854248505
43,N5,3,210.0,215.0,XMEAS-29,0.13374082871373547,0.13374082871373547,-0.04477925431649674,0.04477925431649674,0.934425683738182,0.9876294904162769,0.9343873983231622
43,N5,3,210.0,215.0,XMEAS-30,-0.2709102879843736,0.2709102879843736,0.06341787324240052,0.06341787324240052,0.9246249311270204,1.0755402763435646,0.9233813647451147
43,N5,3,210.0,215.0,XMEAS-31,0.30740862477868863,0.30740862477868863,-0.12978707339679352,0.12978707339679352,1.0062410640655406,1.1414438477162276,0.991121230123062
43,N5,3,210.0,215.0,XMEAS-32,-0.2789180358121752,0.2789180358121752,-0.18497723737573332,0.18497723737573332,0.9131248842389802,0.9109390903621507,0.8734213410135726
43,N5,3,210.0,215.0,XMEAS-33,0.11224852831692689,0.11224852831692689,0.09771547737804884,0.09771547737804884,0.8062686880232196,0.760535883830431,0.7949501469115222
43,N5,3,210.0,215.0,XMEAS-34,-0.2598510661195489,0.2598510661195489,-0.016439539088313818,0.016439539088313818,0.9516193610899154,1.1671955765581512,0.9583011705050364
43,N5,3,210.0,215.0,XMEAS-35,-0.4663698359176557,0.4663698359176557,0.003750635544155946,0.003750635544155946,0.8916923934840316,0.9964850852352675,0.8981111500643898
43,N5,3,210.0,215.0,XMEAS-36,-0.04163007695379702,0.04163007695379702,-0.04261152648413167,0.04261152648413167,0.8810588413302073,0.9878182804259332,0.8809567559807696
43,N5,3,210.0,215.0,XMEAS-37,-0.17073674871138567,0.17073674871138567,0.12203080333563501,0.12203080333563501,0.8995463174087375,0.9265474371859556,0.8896340441707096
43,N5,3,210.0,215.0,XMEAS-38,0.015482876541129226,0.015482876541129226,0.014353269633339555,0.014353269633339555,0.7686806973735851,0.8943493326795281,0.7714173729036851
43,N5,3,210.0,215.0,XMEAS-39,-0.22849591908936884,0.22849591908936884,-0.1587763910416962,0.1587763910416962,1.0774661337945521,1.0082104012431528,1.0602447714004004
43,N5,3,210.0,215.0,XMEAS-40,0.23592685802711416,0.23592685802711416,-0.23408395599168694,0.23408395599168694,0.9704355182835714,0.8469259224485376,0.9099867584163831
43,N5,3,210.0,215.0,XMEAS-41,0.2659182176055575,0.2659182176055575,0.3257387457355918,0.3257387457355918,1.2868211459486494,1.0625348891523492,1.2095734808060865
44,N5,4,215.0,220.0,XMEAS-1,-0.6448889145670816,0.6448889145670816,-0.025072751157486764,0.025072751157486764,0.7752374534076438,0.9714920341292325,0.776807627788915
44,N5,4,215.0,220.0,XMEAS-2,-0.2985165275751046,0.2985165275751046,0.06240595812873977,0.06240595812873977,0.9621593529350433,1.013737449727857,0.9648992240209636
44,N5,4,215.0,220.0,XMEAS-3,0.31801222962990555,0.31801222962990555,0.001781850638832343,0.001781850638832343,0.9765454921327769,1.0643376405967724,0.9835436344943578
44,N5,4,215.0,220.0,XMEAS-4,0.06520217665049897,0.06520217665049897,0.001447495195544154,0.001447495195544154,1.057842932917403,1.0651404644242939,1.058316257498301
44,N5,4,215.0,220.0,XMEAS-5,-0.16834663885795462,0.16834663885795462,-0.0007984525583416773,0.0007984525583416773,1.0209418237283945,1.0141244651845347,1.0222383269025654
44,N5,4,215.0,220.0,XMEAS-6,-0.05121845983899742,0.05121845983899742,-0.015031404635895708,0.015031404635895708,0.933746419133661,0.9157875188277053,0.9343656044353312
44,N5,4,215.0,220.0,XMEAS-7,0.014740851231238037,0.014740851231238037,-0.0001420342866619806,0.0001420342866619806,0.9049360817286329,0.9802594097701653,0.9049712776784304
44,N5,4,215.0,220.0,XMEAS-8,0.1195125129988722,0.1195125129988722,-0.0012508851089059402,0.0012508851089059402,0.9824691323864604,0.9606544536493197,0.9830548945734456
44,N5,4,215.0,220.0,XMEAS-9,0.06712601418610724,0.06712601418610724,0.008721952978872806,0.008721952978872806,0.9570199851161298,1.015362470250217,0.957165180086885
44,N5,4,215.0,220.0,XMEAS-10,0.2465367390679343,0.2465367390679343,0.16022407776652348,0.16022407776652348,0.8576633154931173,0.9270299552911382,0.8267771149529172
44,N5,4,215.0,220.0,XMEAS-11,-0.2675791621894789,0.2675791621894789,-0.17810378016287953,0.17810378016287953,0.8020211659762793,0.9819937696415327,0.7694337377710508
44,N5,4,215.0,220.0,XMEAS-12,0.03307785744245489,0.03307785744245489,0.024671833121499752,0.024671833121499752,0.9496380705146957,0.9498377504819749,0.9499373172241473
44,N5,4,215.0,220.0,XMEAS-13,0.040374736447606835,0.040374736447606835,0.02602242376918991,0.02602242376918991,0.8740162785209132,0.8647675723061158,0.8732329445813789
44,N5,4,215.0,220.0,XMEAS-14,0.03210169291966837,0.03210169291966837,-0.016084778191814898,0.016084778191814898,1.0108114009904932,1.0440482014375,1.012295906539398
44,N5,4,215.0,220.0,XMEAS-15,0.029967258436013212,0.029967258436013212,0.002485894213691607,0.002485894213691607,0.9348480429697579,0.9052246265989002,0.935362086605361
44,N5,4,215.0,220.0,XMEAS-16,0.018954274464638925,0.018954274464638925,0.005706394660308868,0.005706394660308868,0.8750362247900753,0.9688498139509476,0.8750483967451329
44,N5,4,215.0,220.0,XMEAS-17,-0.01549048705411264,0.01549048705411264,-0.049071124154442466,0.049071124154442466,0.9859648268428278,0.9675995917382048,0.9839695174877627
44,N5,4,215.0,220.0,XMEAS-18,-0.45069312426330055,0.45069312426330055,-0.22218911263940055,0.22218911263940055,0.6117791448044351,1.0433614651873082,0.5356812244863541
44,N5,4,215.0,220.0,XMEAS-19,0.012462276051982725,0.012462276051982725,-0.031692910455480325,0.031692910455480325,1.0099097514029718,1.0115022500395654,1.0093204486109792
44,N5,4,215.0,220.0,XMEAS-20,-0.43276668797280216,0.43276668797280216,-0.2332238303377449,0.2332238303377449,0.6502798482766168,0.9713988744239908,0.5672536313678879
44,N5,4,215.0,220.0,XMEAS-21,0.764391592980637,0.764391592980637,-0.07613261577634207,0.07613261577634207,0.8574004081755913,1.0293071473778286,0.8706822794440363
44,N5,4,215.0,220.0,XMEAS-22,-0.19415901641831906,0.19415901641831906,-0.12546557087488938,0.12546557087488938,0.8791530911422947,0.9970788072721656,0.8669360526890051
44,N5,4,215.0,220.0,XMEAS-23,0.06585585965612303,0.06585585965612303,-0.16294994515924294,0.16294994515924294,0.9848710024635134,1.0012627464941883,0.9566965370017806
44,N5,4,215.0,220.0,XMEAS-24,-0.20574253222679653,0.20574253222679653,-0.1893626205696692,0.1893626205696692,0.937688841745656,0.857998763727704,0.9021302746551152
44,N5,4,215.0,220.0,XMEAS-25,-0.12065645826216252,0.12065645826216252,0.03707908063380667,0.03707908063380667,0.9609710185488044,0.8846034723722808,0.9597159303152725
44,N5,4,215.0,220.0,XMEAS-26,-0.1335707961474185,0.1335707961474185,0.18514888981012093,0.18514888981012093,0.9070898499618644,0.8755498986754591,0.8681135808972642
44,N5,4,215.0,220.0,XMEAS-27,0.010392055641257244,0.010392055641257244,-0.13877554652387894,0.13877554652387894,0.9226576790399489,0.9201574458577261,0.9030820782785501
44,N5,4,215.0,220.0,XMEAS-28,-0.35912811615414636,0.35912811615414636,0.012381269470341119,0.012381269470341119,0.8674409149761757,0.9037339643465766,0.8699116603993101
44,N5,4,215.0,220.0,XMEAS-29,-0.18223056496186207,0.18223056496186207,-0.2269736666337673,0.2269736666337673,1.0098565466466782,1.0059877038888825,0.9573138460408538
44,N5,4,215.0,220.0,XMEAS-30,-0.30244244682842436,0.30244244682842436,0.10789152163736454,0.10789152163736454,0.9130598560405652,0.9801596512301337,0.902876839797519
44,N5,4,215.0,220.0,XMEAS-31,-0.12814750680297543,0.12814750680297543,0.008865863915233347,0.008865863915233347,0.8807038481468904,0.9838676715206921,0.8828649474303997
44,N5,4,215.0,220.0,XMEAS-32,0.09020884757084441,0.09020884757084441,-0.038899251586919946,0.038899251586919946,0.8466252052740163,0.8493580500095553,0.8450820120847969
44,N5,4,215.0,220.0,XMEAS-33,0.26920117006911465,0.26920117006911465,-0.015561908104316971,0.015561908104316971,1.0080975541050154,1.1062297329236965,1.0093130379613084
44,N5,4,215.0,220.0,XMEAS-34,0.1345850226155653,0.1345850226155653,0.13435642460042324,0.13435642460042324,0.7335639708692546,0.7620353951385771,0.7125668021595614
44,N5,4,215.0,220.0,XMEAS-35,-0.29726725727585857,0.29726725727585857,-0.07598832618298193,0.07598832618298193,0.8305474965206951,0.8072236191892989,0.8291907074103623
44,N5,4,215.0,220.0,XMEAS-36,0.2071180770863987,0.2071180770863987,0.002584677299323241,0.002584677299323241,0.823214649868073,0.883987105166669,0.8251304207011271
44,N5,4,215.0,220.0,XMEAS-37,-0.2758783793338421,0.2758783793338421,-0.06027317115208439,0.06027317115208439,0.970653998906285,0.9863782740752042,0.9750190844773855
44,N5,4,215.0,220.0,XMEAS-38,0.32255269404798115,0.32255269404798115,0.047507222626873895,0.047507222626873895,0.7730588080081173,0.6841893394372387,0.7730246144433095
44,N5,4,215.0,220.0,XMEAS-39,0.254657643051885,0.254657643051885,0.056030833672072296,0.056030833672072296,0.9956230855771692,1.0365785134430778,0.9994069172157424
44,N5,4,215.0,220.0,XMEAS-40,0.019179829770154536,0.019179829770154536,-0.10680068722259412,0.10680068722259412,0.8540339483290028,0.8060075783812093,0.8403998823105853
44,N5,4,215.0,220.0,XMEAS-41,0.4363323372578702,0.4363323372578702,0.037671991415450606,0.037671991415450606,0.9616656854484953,0.9641500612116044,0.9697644051803421
45,N5,5,220.0,225.0,XMEAS-1,0.5551175526459684,0.5551175526459684,0.1519397987249295,0.1519397987249295,0.6454757629750534,0.9915355368924372,0.6088412640011716
45,N5,5,220.0,225.0,XMEAS-2,-0.15892188403309918,0.15892188403309918,0.15350780508139972,0.15350780508139972,1.0171791581247906,1.0192791809234163,0.999904337238588
45,N5,5,220.0,225.0,XMEAS-3,0.12723361001622513,0.12723361001622513,-0.11402706613847555,0.11402706613847555,1.032616767349054,1.0647276207015606,1.0266806008463243
45,N5,5,220.0,225.0,XMEAS-4,-0.07662965865112734,0.07662965865112734,-0.10295472921866355,0.10295472921866355,0.9731107360735326,0.9538259783052798,0.9620912768839481
45,N5,5,220.0,225.0,XMEAS-5,-0.08157561348911087,0.08157561348911087,0.058595553762141844,0.058595553762141844,1.036940514211811,1.0420078663580665,1.0347872151480402
45,N5,5,220.0,225.0,XMEAS-6,0.0692296594958107,0.0692296594958107,0.06174372977725676,0.06174372977725676,0.9472295189367728,0.9570436475384798,0.9438948076680918
45,N5,5,220.0,225.0,XMEAS-7,0.054305248613710215,0.054305248613710215,0.18493655660178382,0.18493655660178382,0.9220647666746477,0.9860746719870733,0.8824813599051381
45,N5,5,220.0,225.0,XMEAS-8,-0.010340722901579471,0.010340722901579471,-0.07357063679012071,0.07357063679012071,1.0206942756246729,1.0381902739641717,1.0157438405479082
45,N5,5,220.0,225.0,XMEAS-9,0.008949622284062049,0.008949622284062049,-0.023918898887645375,0.023918898887645375,1.082393103498787,1.011482356828989,1.082098611003373
45,N5,5,220.0,225.0,XMEAS-10,-0.2539114889282158,0.2539114889282158,-0.043125108623967685,0.043125108623967685,0.850547851367342,1.0257954917942775,0.8492758908852355
45,N5,5,220.0,225.0,XMEAS-11,-0.3608887982859185,0.3608887982859185,0.1582665435353927,0.1582665435353927,0.7949937932488905,0.9298527824919313,0.7712486399705434
45,N5,5,220.0,225.0,XMEAS-12,-0.019673884588144303,0.019673884588144303,0.0038161453687875165,0.0038161453687875165,1.063329154568419,1.0386553150300635,1.0644010458045325
45,N5,5,220.0,225.0,XMEAS-13,0.04740675986697236,0.04740675986697236,0.18306073287127186,0.18306073287127186,0.9600890632239601,1.0331808930573791,0.9229168369496907
45,N5,5,220.0,225.0,XMEAS-14,-0.03450164211210035,0.03450164211210035,0.03870502458654593,0.03870502458654593,0.9645056287363597,0.9985147442333917,0.9645503520047013
45,N5,5,220.0,225.0,XMEAS-15,0.20045271782029236,0.20045271782029236,0.002151110887994292,0.002151110887994292,0.9373483162602582,0.9719337487834976,0.9378655035297984
45,N5,5,220.0,225.0,XMEAS-16,0.05514180153517986,0.05514180153517986,0.18972083367331116,0.18972083367331116,0.891271602688089,1.008085625409152,0.8480634192620636
45,N5,5,220.0,225.0,XMEAS-17,0.11369889973221228,0.11369889973221228,-0.00662873086336673,0.00662873086336673,0.9500670439958386,0.9481985221434365,0.9505601712245305
45,N5,5,220.0,225.0,XMEAS-18,-0.28396694086836666,0.28396694086836666,0.2619474187461694,0.2619474187461694,0.5826383071878417,0.9545527563560792,0.4555428929618494
45,N5,5,220.0,225.0,XMEAS-19,0.08658555314890101,0.08658555314890101,0.04410254858889733,0.04410254858889733,0.9866723938772435,0.995290564361126,0.9850498216734249
45,N5,5,220.0,225.0,XMEAS-20,-0.18351653772490906,0.18351653772490906,0.3824747825763992,0.3824747825763992,0.7768103945493753,1.0175380153768956,0.5565918282954195
45,N5,5,220.0,225.0,XMEAS-21,0.16272528191046823,0.16272528191046823,-0.2854016227199576,0.2854016227199576,0.9347758592129777,1.0276791295130243,0.8588756755725631
45,N5,5,220.0,225.0,XMEAS-22,-0.1733930673471486,0.1733930673471486,0.1507963475700065,0.1507963475700065,0.8316240017976928,0.9294458125799022,0.8087883015832228
45,N5,5,220.0,225.0,XMEAS-23,-0.17297160516217674,0.17297160516217674,0.06151149449765612,0.06151149449765612,0.9155026470767265,1.056209246424407,0.9115713749749875
45,N5,5,220.0,225.0,XMEAS-24,0.008430495685565295,0.008430495685565295,0.16144476010397893,0.16144476010397893,0.9507085996724973,1.0522885070432202,0.9270551569039934
45,N5,5,220.0,225.0,XMEAS-25,0.10999136565224528,0.10999136565224528,-0.11892516441035247,0.11892516441035247,0.8327781412288274,0.8259935600445159,0.8150400618943582
45,N5,5,220.0,225.0,XMEAS-26,-0.25398255862607066,0.25398255862607066,-0.05258654585240845,0.05258654585240845,0.9922649239707453,1.1025216144733159,0.9909693717320689
45,N5,5,220.0,225.0,XMEAS-27,0.16820220188861973,0.16820220188861973,0.056803172442467534,0.056803172442467534,1.01819950952153,0.8795597076418379,1.0177037098705604
45,N5,5,220.0,225.0,XMEAS-28,-0.2967837162167624,0.2967837162167624,0.099999564142084,0.099999564142084,0.8931326482388846,0.8504203530080744,0.8840517531160575
45,N5,5,220.0,225.0,XMEAS-29,-0.019685150969300444,0.019685150969300444,0.1829630105669589,0.1829630105669589,0.928720531957988,0.9508046377135724,0.892360002373887
45,N5,5,220.0,225.0,XMEAS-30,-0.36827475009078076,0.36827475009078076,0.1902837090469392,0.1902837090469392,0.9688717507734053,1.105814640314129,0.9323387948898134
45,N5,5,220.0,225.0,XMEAS-31,0.28349063294429744,0.28349063294429744,-0.26608562515031164,0.26608562515031164,1.0701957260416743,1.0119571374538927,1.0012176818557044
45,N5,5,220.0,225.0,XMEAS-32,-0.19117553004944984,0.19117553004944984,-0.06021639936882356,0.06021639936882356,0.9368556336698626,0.9062810450947913,0.9331626336768586
45,N5,5,220.0,225.0,XMEAS-33,0.16249067860071575,0.16249067860071575,-0.17675996410948255,0.17675996410948255,0.9034127100515056,0.8253881066444101,0.8677744593883601
45,N5,5,220.0,225.0,XMEAS-34,-0.1492137631050199,0.1492137631050199,0.021645642792809606,0.021645642792809606,0.9397732718152267,1.1181435460962414,0.946142190047643
45,N5,5,220.0,225.0,XMEAS-35,-0.22245871987314722,0.22245871987314722,0.10001822151676139,0.10001822151676139,0.9764426822810794,1.049543544776579,0.9726451896855302
45,N5,5,220.0,225.0,XMEAS-36,0.22140908441150786,0.22140908441150786,-0.05489265078846752,0.05489265078846752,0.9946928616371962,1.0481004878198623,0.9938394804996683
45,N5,5,220.0,225.0,XMEAS-37,-0.2429906580728522,0.2429906580728522,-0.14823773693471104,0.14823773693471104,0.9692142603784228,1.116104365218528,0.9533217378719553
45,N5,5,220.0,225.0,XMEAS-38,-0.42055072212656497,0.42055072212656497,-0.07480974140917873,0.07480974140917873,0.8678245503918681,1.034013055041992,0.8644388184762329
45,N5,5,220.0,225.0,XMEAS-39,0.13849486124326524,0.13849486124326524,-0.13194639704693184,0.13194639704693184,0.8724730445518358,0.7792303104320148,0.8574407951723041
45,N5,5,220.0,225.0,XMEAS-40,-0.26068824677939373,0.26068824677939373,-0.16643978929639824,0.16643978929639824,1.0362184247133213,1.022642138557568,1.0084193110643478
45,N5,5,220.0,225.0,XMEAS-41,0.18870361618698522,0.18870361618698522,0.026329711742230977,0.026329711742230977,1.1786086003419007,1.2483042667423672,1.1898240589084963
46,N5,6,225.0,230.0,XMEAS-1,-0.24668200035782772,0.24668200035782772,0.10980671019153986,0.10980671019153986,0.7767036694014285,0.9263828313531005,0.7626800509869015
46,N5,6,225.0,230.0,XMEAS-2,-0.2960879236003138,0.2960879236003138,-0.034383033918719635,0.034383033918719635,0.9748193357618199,1.0002686742180555,0.9806445220432284
46,N5,6,225.0,230.0,XMEAS-3,0.20429342412448384,0.20429342412448384,0.16582095520612877,0.16582095520612877,0.9923846289093915,1.0346119793614472,0.9698954226132065
46,N5,6,225.0,230.0,XMEAS-4,0.05067021750686438,0.05067021750686438,0.007633488755901919,0.007633488755901919,1.0414349471530195,1.0628788024282303,1.0418444636668596
46,N5,6,225.0,230.0,XMEAS-5,0.0475964464421258,0.0475964464421258,-0.06465361688323996,0.06465361688323996,0.9195973183010092,0.9198220923558168,0.915996577126282
46,N5,6,225.0,230.0,XMEAS-6,0.08627861386909293,0.08627861386909293,0.024065455560545648,0.024065455560545648,1.000089544715591,0.9926525841914647,1.0004178961498376
46,N5,6,225.0,230.0,XMEAS-7,-0.09538188573705508,0.09538188573705508,0.03320510509289291,0.03320510509289291,0.8321744455209251,0.9875272870022008,0.8308208814380275
46,N5,6,225.0,230.0,XMEAS-8,0.008439847630185517,0.008439847630185517,0.10966672334386704,0.10966672334386704,0.9866927092662258,0.9573440393749053,0.9744524882543151
46,N5,6,225.0,230.0,XMEAS-9,0.024306750967423216,0.024306750967423216,0.059987214243114165,0.059987214243114165,0.971789248544673,0.9369397324863504,0.9681423307092374
46,N5,6,225.0,230.0,XMEAS-10,0.2543411863270298,0.2543411863270298,-0.032050382147859546,0.032050382147859546,0.7434902250828604,0.9753300242705196,0.7429339392567145
46,N5,6,225.0,230.0,XMEAS-11,0.11279361737691725,0.11279361737691725,-0.32134678315739645,0.32134678315739645,0.8596825606463221,0.9923272889702053,0.7327306906598828
46,N5,6,225.0,230.0,XMEAS-12,-0.1085736895248343,0.1085736895248343,0.06814347774125741,0.06814347774125741,0.9778648677259498,0.9981432175969454,0.9738830478514162
46,N5,6,225.0,230.0,XMEAS-13,-0.07211381992387961,0.07211381992387961,0.041251402427740835,0.041251402427740835,0.8653763010961152,1.02746524392674,0.8633451774190323
46,N5,6,225.0,230.0,XMEAS-14,-0.015509630633717322,0.015509630633717322,-0.008485258621326605,0.008485258621326605,0.9840140662997462,1.000385945117588,0.9856435094575797
46,N5,6,225.0,230.0,XMEAS-15,-0.20054237152397805,0.20054237152397805,-0.08557456497373175,0.08557456497373175,0.9818830712620551,1.0214351246105482,0.974599913449719
46,N5,6,225.0,230.0,XMEAS-16,-0.06887551660955932,0.06887551660955932,0.07285275306125996,0.07285275306125996,0.8257546099472456,0.9956961197650521,0.8190572470730545
46,N5,6,225.0,230.0,XMEAS-17,0.0027126804131227277,0.0027126804131227277,0.02248348915351549,0.02248348915351549,1.0221719599319274,1.0315639202321891,1.022237258602369
46,N5,6,225.0,230.0,XMEAS-18,0.08680187472912679,0.08680187472912679,-0.3843845695697428,0.3843845695697428,0.6871076268822889,1.0165894830741478,0.41573550432301126
46,N5,6,225.0,230.0,XMEAS-19,-0.006096714272605705,0.006096714272605705,0.009946592945610143,0.009946592945610143,0.9829519244668685,0.9620261421854952,0.9832858108562655
46,N5,6,225.0,230.0,XMEAS-20,0.05467573767175519,0.05467573767175519,-0.2599039540963613,0.2599039540963613,0.6821637398596574,0.9869740388258303,0.580835669890524
46,N5,6,225.0,230.0,XMEAS-21,0.4713817253842688,0.4713817253842688,0.11416493388185232,0.11416493388185232,0.8667779440866045,0.9776066955403798,0.8713084039079501
46,N5,6,225.0,230.0,XMEAS-22,0.0681867871149469,0.0681867871149469,-0.19051634713546703,0.19051634713546703,0.8937339704487648,1.0112044492199335,0.8568519926102321
46,N5,6,225.0,230.0,XMEAS-23,0.10108698690590623,0.10108698690590623,-0.2227845687573952,0.2227845687573952,0.945019939111763,0.9359319897268167,0.8888230393715523
46,N5,6,225.0,230.0,XMEAS-24,-0.19890208442530524,0.19890208442530524,-0.07097682273059204,0.07097682273059204,1.004124599779152,1.090498541634679,1.0047689810129155
46,N5,6,225.0,230.0,XMEAS-25,-0.006826686872654456,0.006826686872654456,0.08995864459133385,0.08995864459133385,0.8276052653479491,0.9251417990599319,0.8175273080229655
46,N5,6,225.0,230.0,XMEAS-26,-0.3467333754176237,0.3467333754176237,-0.0032569811961440528,0.0032569811961440528,0.8566771119969446,0.9155643086928906,0.8580681505988944
46,N5,6,225.0,230.0,XMEAS-27,0.046428716196378395,0.046428716196378395,0.19862087004759815,0.19862087004759815,1.2558749214679266,1.3673491795998896,1.2260027933803255
46,N5,6,225.0,230.0,XMEAS-28,-0.23981874880578613,0.23981874880578613,0.09345565513996829,0.09345565513996829,0.9258173645478849,0.9713577898690429,0.9187091060504061
46,N5,6,225.0,230.0,XMEAS-29,0.10322262610138241,0.10322262610138241,-0.12565576213417773,0.12565576213417773,0.8274334879763832,0.9216090250054131,0.8091548156351649
46,N5,6,225.0,230.0,XMEAS-30,0.12210108136520943,0.12210108136520943,-0.19121430702209544,0.19121430702209544,0.9180718981402316,0.9353677180780002,0.8786125483018211
46,N5,6,225.0,230.0,XMEAS-31,-0.19917708067103956,0.19917708067103956,0.2766718174473104,0.2766718174473104,1.1404740759925382,1.3300554696543647,1.070758516031104
46,N5,6,225.0,230.0,XMEAS-32,-0.024387665909397584,0.024387665909397584,-0.16554849702039412,0.16554849702039412,0.9471556395632375,0.9027452243204703,0.9167698537884521
46,N5,6,225.0,230.0,XMEAS-33,-0.14433628291138273,0.14433628291138273,0.20282357165955828,0.20282357165955828,0.8580347717070927,0.7957926922166815,0.8075449547890969
46,N5,6,225.0,230.0,XMEAS-34,-0.0843389125894087,0.0843389125894087,-0.18442739030861144,0.18442739030861144,0.7686037553988695,0.9374906995791173,0.7261585426465078
46,N5,6,225.0,230.0,XMEAS-35,-0.23328264654444125,0.23328264654444125,-0.016198746030448907,0.016198746030448907,1.213267007437818,1.1956814634498183,1.2217954923182013
46,N5,6,225.0,230.0,XMEAS-36,-0.11274903515159582,0.11274903515159582,-0.2082650017781319,0.2082650017781319,1.0231311227862672,0.8723554755445281,0.9801061678941472
46,N5,6,225.0,230.0,XMEAS-37,0.03871491087821211,0.03871491087821211,0.031622952307395,0.031622952307395,1.0999178082865746,1.2502307043843592,1.1083850131325164
46,N5,6,225.0,230.0,XMEAS-38,-0.05659696758654396,0.05659696758654396,0.005252592339883039,0.005252592339883039,0.9434154406336746,1.1385603193504596,0.9470887234195255
46,N5,6,225.0,230.0,XMEAS-39,-0.1237307457841075,0.1237307457841075,-0.17474276903682653,0.17474276903682653,0.7997563736157434,0.8874526970880159,0.7642216699221901
46,N5,6,225.0,230.0,XMEAS-40,0.2771622125543446,0.2771622125543446,-0.025527257935516384,0.025527257935516384,0.6636571127535797,0.6335961789681699,0.662977744757314
46,N5,6,225.0,230.0,XMEAS-41,-0.17928078070649112,0.17928078070649112,-0.1911338501028162,0.1911338501028162,1.109677382554797,1.240451758632394,1.0855124922905381
47,N5,7,230.0,235.0,XMEAS-1,0.3605671748032794,0.3605671748032794,0.3451973639736929,0.3451973639736929,0.8015227572034992,0.9531388457617688,0.6291416026967576
47,N5,7,230.0,235.0,XMEAS-2,-0.12003656717108432,0.12003656717108432,0.01621064698989303,0.01621064698989303,1.0240115533058762,1.0195340401149602,1.031202505058013
47,N5,7,230.0,235.0,XMEAS-3,0.0663140211314954,0.0663140211314954,-0.14336865429365833,0.14336865429365833,1.0118861078795085,1.0277041219152758,0.997529662439025
47,N5,7,230.0,235.0,XMEAS-4,0.07200585561560004,0.07200585561560004,-0.05425435588354197,0.05425435588354197,1.0334621097422683,1.0346252884596352,1.0309441160257367
47,N5,7,230.0,235.0,XMEAS-5,0.042057016741046366,0.042057016741046366,0.08702419160936492,0.08702419160936492,1.0029242847242383,1.0535225436978122,0.9962652068474988
47,N5,7,230.0,235.0,XMEAS-6,0.1443356078938664,0.1443356078938664,0.02480890984687771,0.02480890984687771,0.9189384864852005,0.9338968758324665,0.9190960763903685
47,N5,7,230.0,235.0,XMEAS-7,0.011720156705360363,0.011720156705360363,0.033026384053756325,0.033026384053756325,0.8531467229398411,0.9888790896926454,0.8518426238588671
47,N5,7,230.0,235.0,XMEAS-8,-0.011823197203851818,0.011823197203851818,-0.051619003747316074,0.051619003747316074,1.0703090416108185,1.0491790424940446,1.0683424011149287
47,N5,7,230.0,235.0,XMEAS-9,0.03364956071221233,0.03364956071221233,0.008159106877308583,0.008159106877308583,0.9942242817093752,1.0147159992178334,0.9943914527489509
47,N5,7,230.0,235.0,XMEAS-10,0.0016801445395180868,0.0016801445395180868,0.048828820922280795,0.048828820922280795,0.8488575106413765,0.9363239816392861,0.8469304232279036
47,N5,7,230.0,235.0,XMEAS-11,-0.07207423282470456,0.07207423282470456,0.18125540190064596,0.18125540190064596,0.714773810726112,0.8580332281175459,0.673646726937373
47,N5,7,230.0,235.0,XMEAS-12,-0.02506235871743303,0.02506235871743303,-0.06883191254994615,0.06883191254994615,1.0223728066991427,1.018466459091911,1.018557368447329
47,N5,7,230.0,235.0,XMEAS-13,0.021206301680400177,0.021206301680400177,0.026370016350391278,0.026370016350391278,0.8930640019020148,0.9192819583153325,0.8922772149628342
47,N5,7,230.0,235.0,XMEAS-14,0.014075305962165089,0.014075305962165089,-0.028674370352252433,0.028674370352252433,0.9338995445921838,0.995794441438159,0.9345965022762347
47,N5,7,230.0,235.0,XMEAS-15,0.11153522602119012,0.11153522602119012,0.11138465054135503,0.11138465054135503,1.011459152898226,1.01169617462095,0.9991136693508849
47,N5,7,230.0,235.0,XMEAS-16,0.021153687641140707,0.021153687641140707,0.01785741989657689,0.01785741989657689,0.8608188042038342,1.0155092883994654,0.8604817646495141
47,N5,7,230.0,235.0,XMEAS-17,0.129724084034394,0.129724084034394,-0.022043513535986846,0.022043513535986846,1.0596834928219714,1.0494901587167031,1.0598078333849255
47,N5,7,230.0,235.0,XMEAS-18,0.10155326719457941,0.10155326719457941,0.2745352012314607,0.2745352012314607,0.6071000189836318,1.0062259670089782,0.4726352118238888
47,N5,7,230.0,235.0,XMEAS-19,0.01135559066903036,0.01135559066903036,0.012871938827915912,0.012871938827915912,1.0618820687719581,1.0496004006803121,1.06219330389422
47,N5,7,230.0,235.0,XMEAS-20,0.18422408891266773,0.18422408891266773,0.24246935223376373,0.24246935223376373,0.7272845895256369,1.0181845812632337,0.650087890312511
47,N5,7,230.0,235.0,XMEAS-21,-0.18612332015793645,0.18612332015793645,-0.1640250125269619,0.1640250125269619,0.8818533078588466,1.002622700042759,0.8697232753647045
47,N5,7,230.0,235.0,XMEAS-22,0.07461937674124706,0.07461937674124706,0.13123184105965638,0.13123184105965638,0.7759181432148388,0.905087895091981,0.7582233138751728
47,N5,7,230.0,235.0,XMEAS-23,-0.20489071801103975,0.20489071801103975,-0.11966012513633777,0.11966012513633777,0.9641588834858486,1.0386019784234555,0.9489254621002101
47,N5,7,230.0,235.0,XMEAS-24,0.0524585267767392,0.0524585267767392,0.03325684444995997,0.03325684444995997,0.9378506877521838,0.8451265305488452,0.9421511626521739
47,N5,7,230.0,235.0,XMEAS-25,0.02487465739699302,0.02487465739699302,0.06477663222026207,0.06477663222026207,1.0580056584989614,1.1912831932989298,1.0541176185414327
47,N5,7,230.0,235.0,XMEAS-26,0.15624454829500647,0.15624454829500647,-0.1324250598335235,0.1324250598335235,1.1833485872863347,1.0699820410412468,1.1696714832888986
47,N5,7,230.0,235.0,XMEAS-27,-0.22499410186274735,0.22499410186274735,0.08088755212446916,0.08088755212446916,1.1024692900714903,1.0407434265653717,1.0992969747595351
47,N5,7,230.0,235.0,XMEAS-28,0.12399311570423176,0.12399311570423176,-0.010932552989117876,0.010932552989117876,0.9572414329258376,1.0723680313685702,0.9600415200127762
47,N5,7,230.0,235.0,XMEAS-29,0.10213979479028604,0.10213979479028604,0.0428302511929733,0.0428302511929733,0.9873525014308238,1.068028104874324,0.987742000328384
47,N5,7,230.0,235.0,XMEAS-30,-0.23552343433731543,0.23552343433731543,-0.04183789957406376,0.04183789957406376,0.7920300611842749,0.9266248688244612,0.7925611167031615
47,N5,7,230.0,235.0,XMEAS-31,0.22764835308159234,0.22764835308159234,-0.11983385569895867,0.11983385569895867,0.8009567554717364,0.8789005881347576,0.7839961790732753
47,N5,7,230.0,235.0,XMEAS-32,0.09042716218044752,0.09042716218044752,-0.14649471785573215,0.14649471785573215,0.9750724153989387,1.0351346104873762,0.9521599045513469
47,N5,7,230.0,235.0,XMEAS-33,0.27457014257376305,0.27457014257376305,-0.15032023767213867,0.15032023767213867,1.087115902631078,1.149275837361272,1.0667207431271253
47,N5,7,230.0,235.0,XMEAS-34,-0.42127914039487496,0.42127914039487496,-0.03246271124346875,0.03246271124346875,0.738623085297885,0.8786089367440876,0.7425378411708544
47,N5,7,230.0,235.0,XMEAS-35,0.012472098039132901,0.012472098039132901,0.050255423048979245,0.050255423048979245,0.9379628978566232,0.9806103238294142,0.9418934265524103
47,N5,7,230.0,235.0,XMEAS-36,-0.016481215948043564,0.016481215948043564,-0.0408105056122841,0.0408105056122841,0.9547913559707101,1.0696566522576223,0.9551940848227297
47,N5,7,230.0,235.0,XMEAS-37,0.06328181043248356,0.06328181043248356,-0.1065328966074728,0.1065328966074728,1.021623633761558,0.9659363647184877,1.0186013497707842
47,N5,7,230.0,235.0,XMEAS-38,-0.4234060958335124,0.4234060958335124,0.010157078318872885,0.010157078318872885,0.8687269547304356,1.1617105108013286,0.8720130738355442
47,N5,7,230.0,235.0,XMEAS-39,-0.057095381926443436,0.057095381926443436,0.028756238015408563,0.028756238015408563,0.5749565784373641,0.6358541578668337,0.57754573448215
47,N5,7,230.0,235.0,XMEAS-40,-0.2672852503993432,0.2672852503993432,-0.07207091998663001,0.07207091998663001,0.9248182337438808,1.0955616547704603,0.9194115973243756
47,N5,7,230.0,235.0,XMEAS-41,0.2411911142458267,0.2411911142458267,-0.15996854123768703,0.15996854123768703,0.9543100189770072,1.167796555511595,0.9351586730388025
48,N5,8,235.0,240.0,XMEAS-1,-0.46539999803842463,0.46539999803842463,-0.28377496464947616,0.28377496464947616,0.8332371370907004,1.073922190171408,0.7274940860639697
48,N5,8,235.0,240.0,XMEAS-2,0.07300154805043281,0.07300154805043281,0.09161519199560662,0.09161519199560662,0.9887143814216709,1.0123214895043655,0.9869409000494309
48,N5,8,235.0,240.0,XMEAS-3,0.07087758269072944,0.07087758269072944,-0.087426836678658,0.087426836678658,0.9306784407448662,0.9472811946696457,0.9286658825883564
48,N5,8,235.0,240.0,XMEAS-4,0.08362024575800402,0.08362024575800402,0.07733737058170309,0.07733737058170309,1.0325128647941817,1.0119125366094246,1.026902085724131
48,N5,8,235.0,240.0,XMEAS-5,0.057600879588616635,0.057600879588616635,-0.019748858984243448,0.019748858984243448,0.9148440120113566,0.9208853131914153,0.9155601264689591
48,N5,8,235.0,240.0,XMEAS-6,0.13559251386382562,0.13559251386382562,-0.047040607754753556,0.047040607754753556,0.9718511368676338,0.9602324404361701,0.9703742543181221
48,N5,8,235.0,240.0,XMEAS-7,0.09959231039668179,0.09959231039668179,0.18026072254580128,0.18026072254580128,0.7775263619561521,0.9921255030760033,0.73257605644915
48,N5,8,235.0,240.0,XMEAS-8,0.0767825130237335,0.0767825130237335,0.022430237752684913,0.022430237752684913,1.009366184798808,1.0344126050931128,1.0094483020858542
48,N5,8,235.0,240.0,XMEAS-9,-0.03280738973557609,0.03280738973557609,-0.03082620894950341,0.03082620894950341,1.0007612970607416,0.9827874579186392,1.0000069043019388
48,N5,8,235.0,240.0,XMEAS-10,-0.00992893161927797,0.00992893161927797,0.12750346594688058,0.12750346594688058,0.7998519438533195,1.006888351194698,0.7792520522957268
48,N5,8,235.0,240.0,XMEAS-11,0.49051323792928647,0.49051323792928647,-0.2068458674546438,0.2068458674546438,0.8568603675998947,1.0272200028439642,0.8134173918969178
48,N5,8,235.0,240.0,XMEAS-12,0.013886189895363527,0.013886189895363527,0.08099082737150962,0.08099082737150962,1.0340086066295504,1.0063737481031314,1.0284065641330868
48,N5,8,235.0,240.0,XMEAS-13,0.1042383674533348,0.1042383674533348,0.19645034230684216,0.19645034230684216,0.8377242911436373,1.0192257470077517,0.7881310545190094
48,N5,8,235.0,240.0,XMEAS-14,-0.089827727086497,0.089827727086497,0.0643702555801722,0.0643702555801722,1.0277022311047415,0.9798746899256816,1.0252542000674223
48,N5,8,235.0,240.0,XMEAS-15,0.023544515276779407,0.023544515276779407,-0.002361580993739414,0.002361580993739414,0.9759821424323313,0.9348078019818846,0.9765200455923941
48,N5,8,235.0,240.0,XMEAS-16,0.1008298660251847,0.1008298660251847,0.18618968509775588,0.18618968509775588,0.7777155219380886,0.9483515634861821,0.7296853802363679
48,N5,8,235.0,240.0,XMEAS-17,0.12440646611294277,0.12440646611294277,-0.0011226583167262137,0.0011226583167262137,0.9425076244895134,0.9055721749136599,0.9430434106789056
48,N5,8,235.0,240.0,XMEAS-18,0.6901121619727614,0.6901121619727614,-0.3412284150684249,0.3412284150684249,0.6777396484321381,1.0175628773468013,0.4781115858449349
48,N5,8,235.0,240.0,XMEAS-19,0.051626274829492065,0.051626274829492065,0.07191925167336033,0.07191925167336033,1.079607187800204,1.0402382058884205,1.0750683513677282
48,N5,8,235.0,240.0,XMEAS-20,0.6197235560065206,0.6197235560065206,-0.3005693857606215,0.3005693857606215,0.7263587632837673,1.009369701046122,0.5937795967123993
48,N5,8,235.0,240.0,XMEAS-21,-0.02388525091742445,0.02388525091742445,0.03836571550364399,0.03836571550364399,0.9102820134489912,0.9654344200691968,0.9303637160961901
48,N5,8,235.0,240.0,XMEAS-22,0.40769554177439477,0.40769554177439477,-0.1538670886179254,0.1538670886179254,0.9299450606374284,1.0347369575551395,0.9099781530769059
48,N5,8,235.0,240.0,XMEAS-23,0.3501115591498929,0.3501115591498929,-0.2043250424954725,0.2043250424954725,0.9220156743843412,0.9757297362331385,0.8737927189075967
48,N5,8,235.0,240.0,XMEAS-24,-0.27513314214155316,0.27513314214155316,0.20531121020259072,0.20531121020259072,1.0670144235458516,1.0542611454079582,1.030950000303867
48,N5,8,235.0,240.0,XMEAS-25,-0.09953921932813758,0.09953921932813758,0.01531356982288693,0.01531356982288693,0.9016626662824718,0.941023477245337,0.9016175474093225
48,N5,8,235.0,240.0,XMEAS-26,0.0868088026451766,0.0868088026451766,0.018163911169879574,0.018163911169879574,1.0497468723678478,1.177133069211636,1.0511382251461279
48,N5,8,235.0,240.0,XMEAS-27,-0.3579435333924635,0.3579435333924635,-0.06582904958938728,0.06582904958938728,1.0859199428773458,1.0998377480371808,1.0847486346836188
48,N5,8,235.0,240.0,XMEAS-28,0.055065726887215984,0.055065726887215984,-0.0498362291566679,0.0498362291566679,0.8036633199197953,0.9111696325024415,0.8028777332751664
48,N5,8,235.0,240.0,XMEAS-29,0.2131239054337079,0.2131239054337079,-0.13746888001006147,0.13746888001006147,0.8600720637187627,0.8902724351581714,0.8387743212263488
48,N5,8,235.0,240.0,XMEAS-30,-0.1603264136567011,0.1603264136567011,0.28238835058220807,0.28238835058220807,0.9829850158334853,1.050657227176505,0.8974095833144706
48,N5,8,235.0,240.0,XMEAS-31,0.16348934713596458,0.16348934713596458,0.07639712792281259,0.07639712792281259,0.9994766866272388,0.9438391809679473,0.9958977803148295
48,N5,8,235.0,240.0,XMEAS-32,-0.09279406422527126,0.09279406422527126,0.2671775923765428,0.2671775923765428,1.039195067902818,1.0542185538773639,0.9651085829763419
48,N5,8,235.0,240.0,XMEAS-33,-0.03216019137084045,0.03216019137084045,0.1721638662053964,0.1721638662053964,0.9361629120691785,0.9392524324281214,0.9037789371856227
48,N5,8,235.0,240.0,XMEAS-34,-0.14036680388675588,0.14036680388675588,0.12496837634645107,0.12496837634645107,0.9135836415487697,1.1225680526970017,0.9021089669551249
48,N5,8,235.0,240.0,XMEAS-35,0.08136566461173482,0.08136566461173482,0.015970152628301582,0.015970152628301582,0.8035839274440251,0.8352338157549212,0.8090492357065913
48,N5,8,235.0,240.0,XMEAS-36,-0.2985600443561801,0.2985600443561801,-0.18025555978634095,0.18025555978634095,1.0355157004982796,1.0178070106799266,1.0045278904374857
48,N5,8,235.0,240.0,XMEAS-37,0.2131503086473558,0.2131503086473558,-0.12785401550897735,0.12785401550897735,0.6744494682675368,0.765958941992973,0.6541824799921974
48,N5,8,235.0,240.0,XMEAS-38,-0.29914776056613085,0.29914776056613085,-0.01965101271814479,0.01965101271814479,0.944050729321243,1.0784481305527631,0.9473279034810775
48,N5,8,235.0,240.0,XMEAS-39,0.03863898414682581,0.03863898414682581,-0.015418493830610508,0.015418493830610508,0.9488460670228922,0.9945821689955873,0.9553567938488882
48,N5,8,235.0,240.0,XMEAS-40,0.08298998851100249,0.08298998851100249,0.023742606995813764,0.023742606995813764,0.9719342824899353,0.6668544870601602,0.9718375214703399
48,N5,8,235.0,240.0,XMEAS-41,0.1199703445716577,0.1199703445716577,-0.37060778496799407,0.37060778496799407,1.23797892302531,1.1298936845171759,1.1272240159559888
49,N5,9,240.0,245.0,XMEAS-1,0.03099674742378669,0.03099674742378669,-0.5266914455888784,0.5266914455888784,1.0996528642103172,0.9709381484836743,0.7958153626745498
49,N5,9,240.0,245.0,XMEAS-2,-0.08653397281697746,0.08653397281697746,-0.031026186370388203,0.031026186370388203,0.9927442666167432,1.0490239381103768,0.9989562604283225
49,N5,9,240.0,245.0,XMEAS-3,0.03528667262888336,0.03528667262888336,0.11172624795506218,0.11172624795506218,0.9455417990744743,0.9720769894900625,0.938321647777765
49,N5,9,240.0,245.0,XMEAS-4,-0.05015334891194503,0.05015334891194503,0.09093267459556816,0.09093267459556816,0.9599048575506249,0.9522480539743203,0.9512865855065444
49,N5,9,240.0,245.0,XMEAS-5,-0.17793289676249083,0.17793289676249083,0.04956179612870184,0.04956179612870184,0.9863934780360192,1.0021256145992423,0.9850373226786143
49,N5,9,240.0,245.0,XMEAS-6,0.06051246301063613,0.06051246301063613,-0.020273955297257312,0.020273955297257312,0.9598788241849947,0.9568550797090551,0.9603275261710217
49,N5,9,240.0,245.0,XMEAS-7,-0.09989708544254211,0.09989708544254211,0.2317172846445364,0.2317172846445364,1.1231728580220335,0.9435847651300066,1.0720884539667124
49,N5,9,240.0,245.0,XMEAS-8,0.15677180493104478,0.15677180493104478,0.006298552610010586,0.006298552610010586,1.0496341668771538,1.0663669560767408,1.05022222697727
49,N5,9,240.0,245.0,XMEAS-9,-0.03510136822690339,0.03510136822690339,-0.09461211146763678,0.09461211146763678,0.9871276412520636,0.9565000376978641,0.9778373994351166
49,N5,9,240.0,245.0,XMEAS-10,-0.26675702641540583,0.26675702641540583,0.2358118620884342,0.2358118620884342,1.1424910926293215,1.0456786088542336,1.09174285527692
49,N5,9,240.0,245.0,XMEAS-11,-0.23635083172857094,0.23635083172857094,-0.04196096223924393,0.04196096223924393,0.7556070765266946,0.9429913734444008,0.7629577642525566
49,N5,9,240.0,245.0,XMEAS-12,0.07418179949772662,0.07418179949772662,0.06931014038736814,0.06931014038736814,1.0485982622026448,1.0290447271469079,1.0448655027060274
49,N5,9,240.0,245.0,XMEAS-13,-0.09745952725785174,0.09745952725785174,0.21022519558978556,0.21022519558978556,1.0929506010869188,0.9456513269991014,1.0498712237390035
49,N5,9,240.0,245.0,XMEAS-14,0.10416898036430358,0.10416898036430358,-0.012963396122244505,0.012963396122244505,1.0295037481476277,1.0389237134586105,1.0311177556694189
49,N5,9,240.0,245.0,XMEAS-15,-0.1367637861466942,0.1367637861466942,0.16452176593589618,0.16452176593589618,0.9903261515102737,1.0365550653646498,0.9618720150742873
49,N5,9,240.0,245.0,XMEAS-16,-0.08195277396158027,0.08195277396158027,0.2433829510938194,0.2433829510938194,1.1041006462390044,0.9608052840388609,1.0465887099679572
49,N5,9,240.0,245.0,XMEAS-17,0.027322942529330544,0.027322942529330544,0.050513981589131396,0.050513981589131396,0.9424643152117671,0.9561624415949592,0.940165952039754
49,N5,9,240.0,245.0,XMEAS-18,-0.2874612820467594,0.2874612820467594,-0.21613647045555887,0.21613647045555887,0.610415945149914,0.955752864835988,0.5395007052326715
49,N5,9,240.0,245.0,XMEAS-19,0.009147223325068447,0.009147223325068447,0.009763526147010542,0.009763526147010542,1.0408832874281484,1.0056917855029932,1.0412525377511805
49,N5,9,240.0,245.0,XMEAS-20,-0.23617352094471689,0.23617352094471689,-0.04490794237347425,0.04490794237347425,0.6273216849976484,0.9033403596215502,0.6365501624315826
49,N5,9,240.0,245.0,XMEAS-21,0.17644641010795512,0.17644641010795512,0.1205449289225393,0.1205449289225393,0.9075847025198995,0.9744300212811128,0.9120385130525116
49,N5,9,240.0,245.0,XMEAS-22,-0.20202485538753323,0.20202485538753323,-0.025986090574014523,0.025986090574014523,0.8177355471743292,0.9513958656108799,0.8232344202450512
49,N5,9,240.0,245.0,XMEAS-23,0.04219662080089062,0.04219662080089062,0.10864343114324099,0.10864343114324099,1.0714728115637093,1.0058323064113202,1.0603604107772413
49,N5,9,240.0,245.0,XMEAS-24,-0.03678139784501355,0.03678139784501355,0.0076179564651755365,0.0076179564651755365,0.8574740491123758,0.9318745253205284,0.8624691203086282
49,N5,9,240.0,245.0,XMEAS-25,-0.0011633080097470706,0.0011633080097470706,-0.31801821644068917,0.31801821644068917,1.1250276725942756,1.1409425168607605,1.0270424867987438
49,N5,9,240.0,245.0,XMEAS-26,0.07325635436585427,0.07325635436585427,-0.012993797996505387,0.012993797996505387,0.8717270299100291,1.0081464738924528,0.872952915562922
49,N5,9,240.0,245.0,XMEAS-27,0.30603307500261384,0.30603307500261384,-0.08813737374409744,0.08813737374409744,0.8290353351785152,0.8229482625213317,0.8214611711568406
49,N5,9,240.0,245.0,XMEAS-28,0.20763837499022067,0.20763837499022067,0.1159600607950181,0.1159600607950181,0.9733182629254515,1.0709780815741512,0.9617062548410558
49,N5,9,240.0,245.0,XMEAS-29,0.006667756707424787,0.006667756707424787,0.026879102274783916,0.026879102274783916,1.0608293300203513,1.1489536090189296,1.0626273878362285
49,N5,9,240.0,245.0,XMEAS-30,0.1466696812083505,0.1466696812083505,0.2922545141731411,0.2922545141731411,0.9484022357880295,0.9965251257800183,0.8521342886034423
49,N5,9,240.0,245.0,XMEAS-31,-0.1605718119541333,0.1605718119541333,-0.13882285203140565,0.13882285203140565,1.0398605959784848,0.8491063651504939,1.0229191584934076
49,N5,9,240.0,245.0,XMEAS-32,-0.2012559907610247,0.2012559907610247,0.07097235621504258,0.07097235621504258,0.9438475583500827,0.9261043301579033,0.9386163334873252
49,N5,9,240.0,245.0,XMEAS-33,0.2033739427593509,0.2033739427593509,0.11374293289256511,0.11374293289256511,0.8800300193209563,1.0447077075387634,0.8657867856901578
49,N5,9,240.0,245.0,XMEAS-34,0.24436854405649627,0.24436854405649627,0.3561664306575074,0.3561664306575074,0.9654057804512101,1.057880010885685,0.8225975138595178
49,N5,9,240.0,245.0,XMEAS-35,0.08369148002989239,0.08369148002989239,0.058724381395259935,0.058724381395259935,0.8956811405812376,0.9296265247593823,0.8980831089116713
49,N5,9,240.0,245.0,XMEAS-36,0.08714248728589338,0.08714248728589338,-0.10424271318761533,0.10424271318761533,1.0173393665613615,0.8958620667114138,1.008465757327175
49,N5,9,240.0,245.0,XMEAS-37,-0.2792680581615675,0.2792680581615675,-0.2237925100878672,0.2237925100878672,1.0653759195416017,1.1964155050131653,1.0237545315828818
49,N5,9,240.0,245.0,XMEAS-38,0.04618864273297932,0.04618864273297932,0.26726895681652224,0.26726895681652224,1.1266077188210337,1.2752570477411993,1.062422711687356
49,N5,9,240.0,245.0,XMEAS-39,0.12726397116315505,0.12726397116315505,-0.12294781547833945,0.12294781547833945,1.1661516639436647,1.2213674907579541,1.1607531922613636
49,N5,9,240.0,245.0,XMEAS-40,0.07520056937025456,0.07520056937025456,0.22586086846306158,0.22586086846306158,0.9648006725886148,0.9963971208641125,0.9083357167215547
49,N5,9,240.0,245.0,XMEAS-41,0.33887340088948736,0.33887340088948736,0.14555327003622454,0.14555327003622454,1.0919837552910174,1.1752917219114647,1.082276028055564
50,N5,10,245.0,250.0,XMEAS-1,-0.12572742214448576,0.12572742214448576,0.2276241711697007,0.2276241711697007,0.8338656136336489,0.9506992098260506,0.7685705468078283
50,N5,10,245.0,250.0,XMEAS-2,-0.10539398800370484,0.10539398800370484,0.07306917508279435,0.07306917508279435,0.9681061588258724,1.0092399478768082,0.969336644976241
50,N5,10,245.0,250.0,XMEAS-3,0.15415420786153586,0.15415420786153586,-0.1399745703001824,0.1399745703001824,0.8908983740957936,0.9034619747930722,0.8738295045607312
50,N5,10,245.0,250.0,XMEAS-4,0.13368259492940737,0.13368259492940737,0.012164105462510769,0.012164105462510769,0.9884077633239304,1.0170242899466797,0.9886954138261149
50,N5,10,245.0,250.0,XMEAS-5,-0.19981060969798858,0.19981060969798858,0.021704740596436397,0.021704740596436397,0.99109903522478,1.022872344788162,0.9918607368813412
50,N5,10,245.0,250.0,XMEAS-6,-0.15814368308675933,0.15814368308675933,0.021456829583950086,0.021456829583950086,0.864535814725301,0.8819982926123076,0.8647862354325152
50,N5,10,245.0,250.0,XMEAS-7,-0.04401506256722168,0.04401506256722168,0.02261295956180162,0.02261295956180162,0.7821640262980946,0.9559122901435495,0.7815108742301448
50,N5,10,245.0,250.0,XMEAS-8,-0.021810494264477405,0.021810494264477405,-0.04302229463651707,0.04302229463651707,1.0164323624026594,0.9705007628710869,1.0151339806454496
50,N5,10,245.0,250.0,XMEAS-9,0.09961887855539495,0.09961887855539495,-0.010701748321965077,0.010701748321965077,0.9654505701073215,0.97351857551436,0.9655568584891963
50,N5,10,245.0,250.0,XMEAS-10,0.05781710020127316,0.05781710020127316,-0.13509873713676532,0.13509873713676532,0.604351433898719,0.9838350019179591,0.5726027419545757
50,N5,10,245.0,250.0,XMEAS-11,-0.887414581285,0.887414581285,-0.02051721612180652,0.02051721612180652,0.8220356137296897,1.0061759831945154,0.8321784681952973
50,N5,10,245.0,250.0,XMEAS-12,-0.05651735439320481,0.05651735439320481,0.05228182520012959,0.05228182520012959,0.987442031480784,1.012142238052674,0.9855504171733926
50,N5,10,245.0,250.0,XMEAS-13,-0.05925485828235152,0.05925485828235152,0.012582620645388157,0.012582620645388157,0.8369699274377541,1.0069726635121896,0.8367978761252577
50,N5,10,245.0,250.0,XMEAS-14,0.1227503651159121,0.1227503651159121,0.027116575907333913,0.027116575907333913,1.03773462934619,1.0632073237862885,1.0387917150917498
50,N5,10,245.0,250.0,XMEAS-15,0.12592848941202925,0.12592848941202925,-0.021760506674878357,0.021760506674878357,0.9065165733145341,0.9275479935192906,0.9064753435454102
50,N5,10,245.0,250.0,XMEAS-16,-0.013898297595186286,0.013898297595186286,0.034767679499013875,0.034767679499013875,0.749967248919928,0.9509953824645729,0.7483244763356697
50,N5,10,245.0,250.0,XMEAS-17,0.10006190050410523,0.10006190050410523,-0.012914700491296964,0.012914700491296964,1.0147057428604798,1.0382119381397776,1.0151121726308385
50,N5,10,245.0,250.0,XMEAS-18,-1.2275429161641844,1.2275429161641844,0.091456994473748,0.091456994473748,0.5122231238624027,1.0337091431364225,0.5091447891459004
50,N5,10,245.0,250.0,XMEAS-19,-0.035203773345117866,0.035203773345117866,-0.013061133405317157,0.013061133405317157,0.9914137046012323,1.0404462132572176,0.991676683380684
50,N5,10,245.0,250.0,XMEAS-20,-1.1117461639768647,1.1117461639768647,0.13281690127086224,0.13281690127086224,0.5919310632636168,0.960496262467853,0.5712235442571223
50,N5,10,245.0,250.0,XMEAS-21,0.3734917155217969,0.3734917155217969,-0.28625378918450034,0.28625378918450034,0.954585663916373,0.9639735861109915,0.8808194890605737
50,N5,10,245.0,250.0,XMEAS-22,-0.6416937802553918,0.6416937802553918,0.035729282492559036,0.035729282492559036,0.8689930926365529,0.9743809561095039,0.8742127686816298
50,N5,10,245.0,250.0,XMEAS-23,-0.3159729646342152,0.3159729646342152,-0.0421711724512451,0.0421711724512451,0.957087377722956,1.089903434573077,0.9555610099507168
50,N5,10,245.0,250.0,XMEAS-24,0.1805908118395848,0.1805908118395848,-0.07594209943493675,0.07594209943493675,0.9028768999708324,0.9607624708330066,0.9014710121916292
50,N5,10,245.0,250.0,XMEAS-25,0.0553605004137703,0.0553605004137703,0.0031347295565632973,0.0031347295565632973,0.83199953742563,0.850430936605927,0.832196478123644
50,N5,10,245.0,250.0,XMEAS-26,-0.029329855965109862,0.029329855965109862,0.053446105257511395,0.053446105257511395,1.167232437044739,1.2013969359464696,1.1665807052562314
50,N5,10,245.0,250.0,XMEAS-27,-0.13202787760678955,0.13202787760678955,0.009648330303699049,0.009648330303699049,1.0006475230057659,1.0610324697584783,1.003332017409133
50,N5,10,245.0,250.0,XMEAS-28,-0.0010415433153610637,0.0010415433153610637,0.027202843325343187,0.027202843325343187,1.0910767306760258,1.2260904316583159,1.0937062739592693
50,N5,10,245.0,250.0,XMEAS-29,-0.40170446368282997,0.40170446368282997,-0.03947385172416438,0.03947385172416438,0.9713763691889052,1.1140704244563262,0.9719944196695628
50,N5,10,245.0,250.0,XMEAS-30,0.15792721820152428,0.15792721820152428,-0.12695374437836202,0.12695374437836202,0.9621471153256478,0.9560511706723799,0.9478789894547287
50,N5,10,245.0,250.0,XMEAS-31,0.339534100385638,0.339534100385638,0.004730948669729669,0.004730948669729669,1.1006100667962901,1.3686685512257915,1.1034063459856456
50,N5,10,245.0,250.0,XMEAS-32,-0.04179653859408583,0.04179653859408583,0.0708987472021356,0.0708987472021356,0.9287831978238191,0.8407287679307149,0.9234666480633139
50,N5,10,245.0,250.0,XMEAS-33,0.22457890004432085,0.22457890004432085,-0.1568940436075017,0.1568940436075017,0.9433688874593373,0.8861137338286974,0.9170240939863401
50,N5,10,245.0,250.0,XMEAS-34,0.12894480112979212,0.12894480112979212,-0.10133064350245286,0.10133064350245286,0.8833063402464181,1.0601015163231269,0.8774624954445289
50,N5,10,245.0,250.0,XMEAS-35,-0.5264172548350948,0.5264172548350948,0.023300983231300663,0.023300983231300663,0.9570266235054473,1.001772792452315,0.9633361183395928
50,N5,10,245.0,250.0,XMEAS-36,0.2498308988461547,0.2498308988461547,-0.060582713523415446,0.060582713523415446,0.9586989174876511,0.8949727172871701,0.956920938071867
50,N5,10,245.0,250.0,XMEAS-37,0.003250794779399012,0.003250794779399012,-0.10526011805619084,0.10526011805619084,1.1679065801009059,1.244405153884087,1.1678723926101644
50,N5,10,245.0,250.0,XMEAS-38,0.6464037229582756,0.6464037229582756,-0.04482113496341722,0.04482113496341722,1.0345800787984663,1.0583747230080247,1.0366025633682
50,N5,10,245.0,250.0,XMEAS-39,0.2717526460905573,0.2717526460905573,0.18956721618779843,0.18956721618779843,0.8194029164268073,0.5688499380862581,0.7777215309446334
50,N5,10,245.0,250.0,XMEAS-40,-0.1313956103631943,0.1313956103631943,-0.21266947332920452,0.21266947332920452,0.8907156976757141,0.9871864425876931,0.8364019362650065
50,N5,10,245.0,250.0,XMEAS-41,-0.20922824384154914,0.20922824384154914,0.24849683072182632,0.24849683072182632,0.9052878182279853,0.8800465608277971,0.8392902516765639
